ISO-10303-21;
HEADER;
FILE_DESCRIPTION(('STEP AP242'),'1');
FILE_NAME('0431601302.stp','2026-08-05T00:54:51',('TraceParts'),('TraceParts S.A.S.'),'Spatial InterOp 3D',' ',' ');
FILE_SCHEMA(('AP242_MANAGED_MODEL_BASED_3D_ENGINEERING_MIM_LF  {1 0 10303 442 1 1 4}'));
ENDSEC;
DATA;
#1=PRODUCT_DEFINITION_CONTEXT('',#10,'design');
#2=APPLICATION_PROTOCOL_DEFINITION('INTERNATIONAL STANDARD','ap242_managed_model_based_3d_engineering',2014,#10);
#3=PRODUCT_CATEGORY_RELATIONSHIP('NONE','NONE',#11,#12);
#4=SHAPE_DEFINITION_REPRESENTATION(#13,#14);
#5=SHAPE_DEFINITION_REPRESENTATION(#13,#15);
#6= (GEOMETRIC_REPRESENTATION_CONTEXT(3)GLOBAL_UNCERTAINTY_ASSIGNED_CONTEXT((#18))GLOBAL_UNIT_ASSIGNED_CONTEXT((#20,#21,#22))REPRESENTATION_CONTEXT('NONE','WORKSPACE'));
#10=APPLICATION_CONTEXT('managed model based 3d engineering');
#11=PRODUCT_CATEGORY('part','NONE');
#12=PRODUCT_RELATED_PRODUCT_CATEGORY('detail',' ',(#24));
#13=PRODUCT_DEFINITION_SHAPE('NONE','NONE',#25);
#14=ADVANCED_BREP_SHAPE_REPRESENTATION('1',(#26,#27),#6);
#15=GEOMETRICALLY_BOUNDED_SURFACE_SHAPE_REPRESENTATION('2',(#28,#29),#6);
#18=UNCERTAINTY_MEASURE_WITH_UNIT(LENGTH_MEASURE(1.0E-06),#20,'','');
#20= (CONVERSION_BASED_UNIT('MILLIMETRE',#32)LENGTH_UNIT()NAMED_UNIT(#35));
#21= (NAMED_UNIT(#37)PLANE_ANGLE_UNIT()SI_UNIT($,.RADIAN.));
#22= (NAMED_UNIT(#37)SOLID_ANGLE_UNIT()SI_UNIT($,.STERADIAN.));
#24=PRODUCT('1','','PART--DESC',(#43));
#25=PRODUCT_DEFINITION('','NONE',#44,#1);
#26=MANIFOLD_SOLID_BREP('1',#45);
#27=AXIS2_PLACEMENT_3D('',#46,#47,#48);
#28=GEOMETRIC_SET('2',(#49,#50,#51,#52));
#29=AXIS2_PLACEMENT_3D('',#53,#54,#55);
#32=LENGTH_MEASURE_WITH_UNIT(LENGTH_MEASURE(1.0),#56);
#35=DIMENSIONAL_EXPONENTS(1.0,0.0,0.0,0.0,0.0,0.0,0.0);
#37=DIMENSIONAL_EXPONENTS(0.0,0.0,0.0,0.0,0.0,0.0,0.0);
#43=PRODUCT_CONTEXT('',#10,'mechanical');
#44=PRODUCT_DEFINITION_FORMATION_WITH_SPECIFIED_SOURCE(' ','NONE',#24,.NOT_KNOWN.);
#45=CLOSED_SHELL('',(#57,#58,#59,#60,#61,#62,#63,#64,#65,#66,#67,#68,#69,#70,#71,#72,#73,#74,#75,#76,#77,#78,#79,#80,#81,#82,#83,#84,#85,#86,#87,#88,#89,#90,#91,#92,#93,#94,#95,#96,#97,#98,#99,#100,#101,#102,#103,#104,#105,#106,#107,#108,#109,#110,#111,#112,#113,#114,#115,#116,#117,#118,#119,#120,#121,#122,#123,#124,#125,#126,#127,#128,#129,#130,#131,#132,#133,#134,#135,#136,#137,#138,#139,#140,#141,#142,#143,#144,#145,#146,#147,#148,#149,#150,#151,#152,#153,#154,#155,#156,#157,#158,#159,#160,#161,#162,#163,#164,#165,#166,#167,#168,#169,#170,#171,#172,#173,#174,#175,#176,#177,#178,#179,#180,#181,#182,#183,#184,#185,#186,#187,#188,#189,#190,#191,#192,#193,#194,#195,#196,#197,#198,#199,#200,#201,#202,#203,#204,#205,#206,#207,#208,#209,#210,#211,#212,#213,#214,#215,#216,#217,#218,#219,#220,#221,#222,#223,#224,#225,#226,#227));
#46=CARTESIAN_POINT('',(0.0,0.0,0.0));
#47=DIRECTION('',(0.0,0.0,1.0));
#48=DIRECTION('',(1.0,0.0,0.0));
#49=COMPOSITE_CURVE('',(#228,#229),.U.);
#50=COMPOSITE_CURVE('',(#230,#231),.U.);
#51=COMPOSITE_CURVE('',(#232,#233),.U.);
#52=COMPOSITE_CURVE('',(#234,#235),.U.);
#53=CARTESIAN_POINT('',(0.0,0.0,0.0));
#54=DIRECTION('',(0.0,0.0,1.0));
#55=DIRECTION('',(1.0,0.0,0.0));
#56= (NAMED_UNIT(#35)LENGTH_UNIT()SI_UNIT(.MILLI.,.METRE.));
#57=ADVANCED_FACE('',(#237),#238,.F.);
#58=ADVANCED_FACE('',(#239),#240,.F.);
#59=ADVANCED_FACE('',(#241),#242,.F.);
#60=ADVANCED_FACE('',(#243),#244,.F.);
#61=ADVANCED_FACE('',(#245),#246,.F.);
#62=ADVANCED_FACE('',(#247),#248,.F.);
#63=ADVANCED_FACE('',(#249),#250,.F.);
#64=ADVANCED_FACE('',(#251),#252,.T.);
#65=ADVANCED_FACE('',(#253),#254,.T.);
#66=ADVANCED_FACE('',(#255),#256,.T.);
#67=ADVANCED_FACE('',(#257),#258,.T.);
#68=ADVANCED_FACE('',(#259),#260,.T.);
#69=ADVANCED_FACE('',(#261),#262,.T.);
#70=ADVANCED_FACE('',(#263),#264,.T.);
#71=ADVANCED_FACE('',(#265),#266,.F.);
#72=ADVANCED_FACE('',(#267,#268,#269,#270,#271),#272,.T.);
#73=ADVANCED_FACE('',(#273),#274,.F.);
#74=ADVANCED_FACE('',(#275),#276,.F.);
#75=ADVANCED_FACE('',(#277),#278,.F.);
#76=ADVANCED_FACE('',(#279),#280,.F.);
#77=ADVANCED_FACE('',(#281),#282,.F.);
#78=ADVANCED_FACE('',(#283),#284,.F.);
#79=ADVANCED_FACE('',(#285,#286),#287,.T.);
#80=ADVANCED_FACE('',(#288,#289),#290,.T.);
#81=ADVANCED_FACE('',(#291),#292,.F.);
#82=ADVANCED_FACE('',(#293),#294,.F.);
#83=ADVANCED_FACE('',(#295),#296,.F.);
#84=ADVANCED_FACE('',(#297),#298,.F.);
#85=ADVANCED_FACE('',(#299),#300,.F.);
#86=ADVANCED_FACE('',(#301),#302,.F.);
#87=ADVANCED_FACE('',(#303),#304,.T.);
#88=ADVANCED_FACE('',(#305),#306,.T.);
#89=ADVANCED_FACE('',(#307),#308,.T.);
#90=ADVANCED_FACE('',(#309),#310,.T.);
#91=ADVANCED_FACE('',(#311),#312,.F.);
#92=ADVANCED_FACE('',(#313),#314,.T.);
#93=ADVANCED_FACE('',(#315),#316,.F.);
#94=ADVANCED_FACE('',(#317),#318,.F.);
#95=ADVANCED_FACE('',(#319),#320,.F.);
#96=ADVANCED_FACE('',(#321),#322,.T.);
#97=ADVANCED_FACE('',(#323),#324,.T.);
#98=ADVANCED_FACE('',(#325),#326,.T.);
#99=ADVANCED_FACE('',(#327),#328,.T.);
#100=ADVANCED_FACE('',(#329),#330,.F.);
#101=ADVANCED_FACE('',(#331),#332,.T.);
#102=ADVANCED_FACE('',(#333),#334,.F.);
#103=ADVANCED_FACE('',(#335),#336,.F.);
#104=ADVANCED_FACE('',(#337),#338,.F.);
#105=ADVANCED_FACE('',(#339),#340,.F.);
#106=ADVANCED_FACE('',(#341),#342,.F.);
#107=ADVANCED_FACE('',(#343),#344,.F.);
#108=ADVANCED_FACE('',(#345),#346,.F.);
#109=ADVANCED_FACE('',(#347),#348,.F.);
#110=ADVANCED_FACE('',(#349),#350,.F.);
#111=ADVANCED_FACE('',(#351),#352,.T.);
#112=ADVANCED_FACE('',(#353),#354,.T.);
#113=ADVANCED_FACE('',(#355),#356,.F.);
#114=ADVANCED_FACE('',(#357),#358,.T.);
#115=ADVANCED_FACE('',(#359),#360,.F.);
#116=ADVANCED_FACE('',(#361,#362,#363),#364,.F.);
#117=ADVANCED_FACE('',(#365),#366,.F.);
#118=ADVANCED_FACE('',(#367),#368,.T.);
#119=ADVANCED_FACE('',(#369),#370,.T.);
#120=ADVANCED_FACE('',(#371),#372,.T.);
#121=ADVANCED_FACE('',(#373),#374,.T.);
#122=ADVANCED_FACE('',(#375),#376,.T.);
#123=ADVANCED_FACE('',(#377),#378,.T.);
#124=ADVANCED_FACE('',(#379),#380,.T.);
#125=ADVANCED_FACE('',(#381),#382,.T.);
#126=ADVANCED_FACE('',(#383),#384,.T.);
#127=ADVANCED_FACE('',(#385),#386,.F.);
#128=ADVANCED_FACE('',(#387),#388,.T.);
#129=ADVANCED_FACE('',(#389),#390,.F.);
#130=ADVANCED_FACE('',(#391),#392,.T.);
#131=ADVANCED_FACE('',(#393),#394,.T.);
#132=ADVANCED_FACE('',(#395),#396,.T.);
#133=ADVANCED_FACE('',(#397),#398,.T.);
#134=ADVANCED_FACE('',(#399),#400,.T.);
#135=ADVANCED_FACE('',(#401),#402,.T.);
#136=ADVANCED_FACE('',(#403),#404,.T.);
#137=ADVANCED_FACE('',(#405),#406,.T.);
#138=ADVANCED_FACE('',(#407),#408,.T.);
#139=ADVANCED_FACE('',(#409),#410,.T.);
#140=ADVANCED_FACE('',(#411),#412,.T.);
#141=ADVANCED_FACE('',(#413),#414,.F.);
#142=ADVANCED_FACE('',(#415),#416,.T.);
#143=ADVANCED_FACE('',(#417),#418,.T.);
#144=ADVANCED_FACE('',(#419),#420,.T.);
#145=ADVANCED_FACE('',(#421),#422,.T.);
#146=ADVANCED_FACE('',(#423),#424,.T.);
#147=ADVANCED_FACE('',(#425),#426,.T.);
#148=ADVANCED_FACE('',(#427),#428,.T.);
#149=ADVANCED_FACE('',(#429),#430,.T.);
#150=ADVANCED_FACE('',(#431),#432,.T.);
#151=ADVANCED_FACE('',(#433),#434,.F.);
#152=ADVANCED_FACE('',(#435),#436,.T.);
#153=ADVANCED_FACE('',(#437),#438,.F.);
#154=ADVANCED_FACE('',(#439),#440,.T.);
#155=ADVANCED_FACE('',(#441),#442,.T.);
#156=ADVANCED_FACE('',(#443),#444,.T.);
#157=ADVANCED_FACE('',(#445),#446,.T.);
#158=ADVANCED_FACE('',(#447),#448,.T.);
#159=ADVANCED_FACE('',(#449),#450,.T.);
#160=ADVANCED_FACE('',(#451),#452,.T.);
#161=ADVANCED_FACE('',(#453),#454,.T.);
#162=ADVANCED_FACE('',(#455),#456,.T.);
#163=ADVANCED_FACE('',(#457),#458,.T.);
#164=ADVANCED_FACE('',(#459),#460,.T.);
#165=ADVANCED_FACE('',(#461),#462,.T.);
#166=ADVANCED_FACE('',(#463),#464,.T.);
#167=ADVANCED_FACE('',(#465),#466,.F.);
#168=ADVANCED_FACE('',(#467),#468,.F.);
#169=ADVANCED_FACE('',(#469),#470,.F.);
#170=ADVANCED_FACE('',(#471),#472,.F.);
#171=ADVANCED_FACE('',(#473),#474,.T.);
#172=ADVANCED_FACE('',(#475),#476,.T.);
#173=ADVANCED_FACE('',(#477),#478,.T.);
#174=ADVANCED_FACE('',(#479),#480,.T.);
#175=ADVANCED_FACE('',(#481),#482,.T.);
#176=ADVANCED_FACE('',(#483),#484,.T.);
#177=ADVANCED_FACE('',(#485),#486,.T.);
#178=ADVANCED_FACE('',(#487),#488,.F.);
#179=ADVANCED_FACE('',(#489),#490,.T.);
#180=ADVANCED_FACE('',(#491),#492,.F.);
#181=ADVANCED_FACE('',(#493),#494,.T.);
#182=ADVANCED_FACE('',(#495),#496,.T.);
#183=ADVANCED_FACE('',(#497),#498,.T.);
#184=ADVANCED_FACE('',(#499),#500,.F.);
#185=ADVANCED_FACE('',(#501),#502,.F.);
#186=ADVANCED_FACE('',(#503),#504,.F.);
#187=ADVANCED_FACE('',(#505),#506,.T.);
#188=ADVANCED_FACE('',(#507),#508,.T.);
#189=ADVANCED_FACE('',(#509),#510,.T.);
#190=ADVANCED_FACE('',(#511),#512,.T.);
#191=ADVANCED_FACE('',(#513),#514,.F.);
#192=ADVANCED_FACE('',(#515),#516,.T.);
#193=ADVANCED_FACE('',(#517),#518,.T.);
#194=ADVANCED_FACE('',(#519),#520,.F.);
#195=ADVANCED_FACE('',(#521),#522,.T.);
#196=ADVANCED_FACE('',(#523),#524,.F.);
#197=ADVANCED_FACE('',(#525),#526,.T.);
#198=ADVANCED_FACE('',(#527),#528,.T.);
#199=ADVANCED_FACE('',(#529),#530,.F.);
#200=ADVANCED_FACE('',(#531),#532,.F.);
#201=ADVANCED_FACE('',(#533),#534,.F.);
#202=ADVANCED_FACE('',(#535),#536,.T.);
#203=ADVANCED_FACE('',(#537),#538,.F.);
#204=ADVANCED_FACE('',(#539),#540,.T.);
#205=ADVANCED_FACE('',(#541),#542,.F.);
#206=ADVANCED_FACE('',(#543),#544,.T.);
#207=ADVANCED_FACE('',(#545),#546,.F.);
#208=ADVANCED_FACE('',(#547),#548,.F.);
#209=ADVANCED_FACE('',(#549),#550,.T.);
#210=ADVANCED_FACE('',(#551),#552,.F.);
#211=ADVANCED_FACE('',(#553),#554,.T.);
#212=ADVANCED_FACE('',(#555),#556,.T.);
#213=ADVANCED_FACE('',(#557),#558,.F.);
#214=ADVANCED_FACE('',(#559),#560,.F.);
#215=ADVANCED_FACE('',(#561),#562,.F.);
#216=ADVANCED_FACE('',(#563),#564,.T.);
#217=ADVANCED_FACE('',(#565),#566,.T.);
#218=ADVANCED_FACE('',(#567),#568,.F.);
#219=ADVANCED_FACE('',(#569),#570,.F.);
#220=ADVANCED_FACE('',(#571),#572,.F.);
#221=ADVANCED_FACE('',(#573),#574,.F.);
#222=ADVANCED_FACE('',(#575),#576,.F.);
#223=ADVANCED_FACE('',(#577),#578,.F.);
#224=ADVANCED_FACE('',(#579),#580,.F.);
#225=ADVANCED_FACE('',(#581),#582,.F.);
#226=ADVANCED_FACE('',(#583),#584,.F.);
#227=ADVANCED_FACE('',(#585),#586,.F.);
#228=COMPOSITE_CURVE_SEGMENT(.CONTINUOUS.,.T.,#587);
#229=COMPOSITE_CURVE_SEGMENT(.CONTINUOUS.,.T.,#588);
#230=COMPOSITE_CURVE_SEGMENT(.CONTINUOUS.,.T.,#589);
#231=COMPOSITE_CURVE_SEGMENT(.CONTINUOUS.,.T.,#590);
#232=COMPOSITE_CURVE_SEGMENT(.CONTINUOUS.,.T.,#591);
#233=COMPOSITE_CURVE_SEGMENT(.CONTINUOUS.,.T.,#592);
#234=COMPOSITE_CURVE_SEGMENT(.CONTINUOUS.,.T.,#593);
#235=COMPOSITE_CURVE_SEGMENT(.CONTINUOUS.,.T.,#594);
#237=FACE_OUTER_BOUND('',#595,.T.);
#238=PLANE('',#596);
#239=FACE_OUTER_BOUND('',#597,.T.);
#240=PLANE('',#598);
#241=FACE_OUTER_BOUND('',#599,.T.);
#242=PLANE('',#600);
#243=FACE_OUTER_BOUND('',#601,.T.);
#244=PLANE('',#602);
#245=FACE_OUTER_BOUND('',#603,.T.);
#246=PLANE('',#604);
#247=FACE_OUTER_BOUND('',#605,.T.);
#248=PLANE('',#606);
#249=FACE_OUTER_BOUND('',#607,.T.);
#250=PLANE('',#608);
#251=FACE_OUTER_BOUND('',#609,.T.);
#252=PLANE('',#610);
#253=FACE_OUTER_BOUND('',#611,.T.);
#254=PLANE('',#612);
#255=FACE_OUTER_BOUND('',#613,.T.);
#256=PLANE('',#614);
#257=FACE_OUTER_BOUND('',#615,.T.);
#258=PLANE('',#616);
#259=FACE_OUTER_BOUND('',#617,.T.);
#260=PLANE('',#618);
#261=FACE_OUTER_BOUND('',#619,.T.);
#262=PLANE('',#620);
#263=FACE_OUTER_BOUND('',#621,.T.);
#264=PLANE('',#622);
#265=FACE_OUTER_BOUND('',#623,.T.);
#266=PLANE('',#624);
#267=FACE_OUTER_BOUND('',#625,.T.);
#268=FACE_BOUND('',#626,.T.);
#269=FACE_BOUND('',#627,.T.);
#270=FACE_BOUND('',#628,.T.);
#271=FACE_BOUND('',#629,.T.);
#272=PLANE('',#630);
#273=FACE_OUTER_BOUND('',#631,.T.);
#274=PLANE('',#632);
#275=FACE_OUTER_BOUND('',#633,.T.);
#276=PLANE('',#634);
#277=FACE_OUTER_BOUND('',#635,.T.);
#278=PLANE('',#636);
#279=FACE_OUTER_BOUND('',#637,.T.);
#280=PLANE('',#638);
#281=FACE_OUTER_BOUND('',#639,.T.);
#282=PLANE('',#640);
#283=FACE_OUTER_BOUND('',#641,.T.);
#284=PLANE('',#642);
#285=FACE_OUTER_BOUND('',#643,.T.);
#286=FACE_BOUND('',#644,.T.);
#287=PLANE('',#645);
#288=FACE_OUTER_BOUND('',#646,.T.);
#289=FACE_BOUND('',#647,.T.);
#290=PLANE('',#648);
#291=FACE_OUTER_BOUND('',#649,.T.);
#292=PLANE('',#650);
#293=FACE_OUTER_BOUND('',#651,.T.);
#294=PLANE('',#652);
#295=FACE_OUTER_BOUND('',#653,.T.);
#296=PLANE('',#654);
#297=FACE_OUTER_BOUND('',#655,.T.);
#298=PLANE('',#656);
#299=FACE_OUTER_BOUND('',#657,.T.);
#300=PLANE('',#658);
#301=FACE_OUTER_BOUND('',#659,.T.);
#302=PLANE('',#660);
#303=FACE_OUTER_BOUND('',#661,.T.);
#304=PLANE('',#662);
#305=FACE_OUTER_BOUND('',#663,.T.);
#306=PLANE('',#664);
#307=FACE_OUTER_BOUND('',#665,.T.);
#308=PLANE('',#666);
#309=FACE_OUTER_BOUND('',#667,.T.);
#310=PLANE('',#668);
#311=FACE_OUTER_BOUND('',#669,.T.);
#312=PLANE('',#670);
#313=FACE_OUTER_BOUND('',#671,.T.);
#314=PLANE('',#672);
#315=FACE_OUTER_BOUND('',#673,.T.);
#316=PLANE('',#674);
#317=FACE_OUTER_BOUND('',#675,.T.);
#318=PLANE('',#676);
#319=FACE_OUTER_BOUND('',#677,.T.);
#320=PLANE('',#678);
#321=FACE_OUTER_BOUND('',#679,.T.);
#322=PLANE('',#680);
#323=FACE_OUTER_BOUND('',#681,.T.);
#324=PLANE('',#682);
#325=FACE_OUTER_BOUND('',#683,.T.);
#326=PLANE('',#684);
#327=FACE_OUTER_BOUND('',#685,.T.);
#328=PLANE('',#686);
#329=FACE_OUTER_BOUND('',#687,.T.);
#330=PLANE('',#688);
#331=FACE_OUTER_BOUND('',#689,.T.);
#332=PLANE('',#690);
#333=FACE_OUTER_BOUND('',#691,.T.);
#334=PLANE('',#692);
#335=FACE_OUTER_BOUND('',#693,.T.);
#336=PLANE('',#694);
#337=FACE_OUTER_BOUND('',#695,.T.);
#338=PLANE('',#696);
#339=FACE_OUTER_BOUND('',#697,.T.);
#340=PLANE('',#698);
#341=FACE_OUTER_BOUND('',#699,.T.);
#342=PLANE('',#700);
#343=FACE_OUTER_BOUND('',#701,.T.);
#344=PLANE('',#702);
#345=FACE_OUTER_BOUND('',#703,.T.);
#346=PLANE('',#704);
#347=FACE_OUTER_BOUND('',#705,.T.);
#348=PLANE('',#706);
#349=FACE_OUTER_BOUND('',#707,.T.);
#350=PLANE('',#708);
#351=FACE_OUTER_BOUND('',#709,.T.);
#352=PLANE('',#710);
#353=FACE_OUTER_BOUND('',#711,.T.);
#354=PLANE('',#712);
#355=FACE_OUTER_BOUND('',#713,.T.);
#356=PLANE('',#714);
#357=FACE_OUTER_BOUND('',#715,.T.);
#358=PLANE('',#716);
#359=FACE_OUTER_BOUND('',#717,.T.);
#360=PLANE('',#718);
#361=FACE_OUTER_BOUND('',#719,.T.);
#362=FACE_BOUND('',#720,.T.);
#363=FACE_BOUND('',#721,.T.);
#364=PLANE('',#722);
#365=FACE_OUTER_BOUND('',#723,.T.);
#366=PLANE('',#724);
#367=FACE_OUTER_BOUND('',#725,.T.);
#368=PLANE('',#726);
#369=FACE_OUTER_BOUND('',#727,.T.);
#370=PLANE('',#728);
#371=FACE_OUTER_BOUND('',#729,.T.);
#372=PLANE('',#730);
#373=FACE_OUTER_BOUND('',#731,.T.);
#374=PLANE('',#732);
#375=FACE_OUTER_BOUND('',#733,.T.);
#376=PLANE('',#734);
#377=FACE_OUTER_BOUND('',#735,.T.);
#378=PLANE('',#736);
#379=FACE_OUTER_BOUND('',#737,.T.);
#380=PLANE('',#738);
#381=FACE_OUTER_BOUND('',#739,.T.);
#382=PLANE('',#740);
#383=FACE_OUTER_BOUND('',#741,.T.);
#384=PLANE('',#742);
#385=FACE_OUTER_BOUND('',#743,.T.);
#386=CYLINDRICAL_SURFACE('',#744,0.4445);
#387=FACE_OUTER_BOUND('',#745,.T.);
#388=PLANE('',#746);
#389=FACE_OUTER_BOUND('',#747,.T.);
#390=CYLINDRICAL_SURFACE('',#748,0.4445);
#391=FACE_OUTER_BOUND('',#749,.T.);
#392=PLANE('',#750);
#393=FACE_OUTER_BOUND('',#751,.T.);
#394=PLANE('',#752);
#395=FACE_OUTER_BOUND('',#753,.T.);
#396=PLANE('',#754);
#397=FACE_OUTER_BOUND('',#755,.T.);
#398=PLANE('',#756);
#399=FACE_OUTER_BOUND('',#757,.T.);
#400=PLANE('',#758);
#401=FACE_OUTER_BOUND('',#759,.T.);
#402=PLANE('',#760);
#403=FACE_OUTER_BOUND('',#761,.T.);
#404=PLANE('',#762);
#405=FACE_OUTER_BOUND('',#763,.T.);
#406=PLANE('',#764);
#407=FACE_OUTER_BOUND('',#765,.T.);
#408=PLANE('',#766);
#409=FACE_OUTER_BOUND('',#767,.T.);
#410=PLANE('',#768);
#411=FACE_OUTER_BOUND('',#769,.T.);
#412=PLANE('',#770);
#413=FACE_OUTER_BOUND('',#771,.T.);
#414=PLANE('',#772);
#415=FACE_OUTER_BOUND('',#773,.T.);
#416=PLANE('',#774);
#417=FACE_OUTER_BOUND('',#775,.T.);
#418=PLANE('',#776);
#419=FACE_OUTER_BOUND('',#777,.T.);
#420=PLANE('',#778);
#421=FACE_OUTER_BOUND('',#779,.T.);
#422=PLANE('',#780);
#423=FACE_OUTER_BOUND('',#781,.T.);
#424=PLANE('',#782);
#425=FACE_OUTER_BOUND('',#783,.T.);
#426=PLANE('',#784);
#427=FACE_OUTER_BOUND('',#785,.T.);
#428=PLANE('',#786);
#429=FACE_OUTER_BOUND('',#787,.T.);
#430=PLANE('',#788);
#431=FACE_OUTER_BOUND('',#789,.T.);
#432=PLANE('',#790);
#433=FACE_OUTER_BOUND('',#791,.T.);
#434=CYLINDRICAL_SURFACE('',#792,0.4445);
#435=FACE_OUTER_BOUND('',#793,.T.);
#436=PLANE('',#794);
#437=FACE_OUTER_BOUND('',#795,.T.);
#438=CYLINDRICAL_SURFACE('',#796,0.4445);
#439=FACE_OUTER_BOUND('',#797,.T.);
#440=PLANE('',#798);
#441=FACE_OUTER_BOUND('',#799,.T.);
#442=PLANE('',#800);
#443=FACE_OUTER_BOUND('',#801,.T.);
#444=PLANE('',#802);
#445=FACE_OUTER_BOUND('',#803,.T.);
#446=PLANE('',#804);
#447=FACE_OUTER_BOUND('',#805,.T.);
#448=PLANE('',#806);
#449=FACE_OUTER_BOUND('',#807,.T.);
#450=PLANE('',#808);
#451=FACE_OUTER_BOUND('',#809,.T.);
#452=PLANE('',#810);
#453=FACE_OUTER_BOUND('',#811,.T.);
#454=PLANE('',#812);
#455=FACE_OUTER_BOUND('',#813,.T.);
#456=PLANE('',#814);
#457=FACE_OUTER_BOUND('',#815,.T.);
#458=PLANE('',#816);
#459=FACE_OUTER_BOUND('',#817,.T.);
#460=PLANE('',#818);
#461=FACE_OUTER_BOUND('',#819,.T.);
#462=PLANE('',#820);
#463=FACE_OUTER_BOUND('',#821,.T.);
#464=PLANE('',#822);
#465=FACE_OUTER_BOUND('',#823,.T.);
#466=PLANE('',#824);
#467=FACE_OUTER_BOUND('',#825,.T.);
#468=PLANE('',#826);
#469=FACE_OUTER_BOUND('',#827,.T.);
#470=PLANE('',#828);
#471=FACE_OUTER_BOUND('',#829,.T.);
#472=PLANE('',#830);
#473=FACE_OUTER_BOUND('',#831,.T.);
#474=PLANE('',#832);
#475=FACE_OUTER_BOUND('',#833,.T.);
#476=PLANE('',#834);
#477=FACE_OUTER_BOUND('',#835,.T.);
#478=PLANE('',#836);
#479=FACE_OUTER_BOUND('',#837,.T.);
#480=PLANE('',#838);
#481=FACE_OUTER_BOUND('',#839,.T.);
#482=PLANE('',#840);
#483=FACE_OUTER_BOUND('',#841,.T.);
#484=PLANE('',#842);
#485=FACE_OUTER_BOUND('',#843,.T.);
#486=PLANE('',#844);
#487=FACE_OUTER_BOUND('',#845,.T.);
#488=PLANE('',#846);
#489=FACE_OUTER_BOUND('',#847,.T.);
#490=PLANE('',#848);
#491=FACE_OUTER_BOUND('',#849,.T.);
#492=PLANE('',#850);
#493=FACE_OUTER_BOUND('',#851,.T.);
#494=PLANE('',#852);
#495=FACE_OUTER_BOUND('',#853,.T.);
#496=PLANE('',#854);
#497=FACE_OUTER_BOUND('',#855,.T.);
#498=PLANE('',#856);
#499=FACE_OUTER_BOUND('',#857,.T.);
#500=PLANE('',#858);
#501=FACE_OUTER_BOUND('',#859,.T.);
#502=PLANE('',#860);
#503=FACE_OUTER_BOUND('',#861,.T.);
#504=PLANE('',#862);
#505=FACE_OUTER_BOUND('',#863,.T.);
#506=PLANE('',#864);
#507=FACE_OUTER_BOUND('',#865,.T.);
#508=PLANE('',#866);
#509=FACE_OUTER_BOUND('',#867,.T.);
#510=PLANE('',#868);
#511=FACE_OUTER_BOUND('',#869,.T.);
#512=PLANE('',#870);
#513=FACE_OUTER_BOUND('',#871,.T.);
#514=PLANE('',#872);
#515=FACE_OUTER_BOUND('',#873,.T.);
#516=PLANE('',#874);
#517=FACE_OUTER_BOUND('',#875,.T.);
#518=PLANE('',#876);
#519=FACE_OUTER_BOUND('',#877,.T.);
#520=PLANE('',#878);
#521=FACE_OUTER_BOUND('',#879,.T.);
#522=PLANE('',#880);
#523=FACE_OUTER_BOUND('',#881,.T.);
#524=PLANE('',#882);
#525=FACE_OUTER_BOUND('',#883,.T.);
#526=PLANE('',#884);
#527=FACE_OUTER_BOUND('',#885,.T.);
#528=PLANE('',#886);
#529=FACE_OUTER_BOUND('',#887,.T.);
#530=PLANE('',#888);
#531=FACE_OUTER_BOUND('',#889,.T.);
#532=PLANE('',#890);
#533=FACE_OUTER_BOUND('',#891,.T.);
#534=PLANE('',#892);
#535=FACE_OUTER_BOUND('',#893,.T.);
#536=PLANE('',#894);
#537=FACE_OUTER_BOUND('',#895,.T.);
#538=PLANE('',#896);
#539=FACE_OUTER_BOUND('',#897,.T.);
#540=PLANE('',#898);
#541=FACE_OUTER_BOUND('',#899,.T.);
#542=CYLINDRICAL_SURFACE('',#900,0.635);
#543=FACE_OUTER_BOUND('',#901,.T.);
#544=PLANE('',#902);
#545=FACE_OUTER_BOUND('',#903,.T.);
#546=PLANE('',#904);
#547=FACE_OUTER_BOUND('',#905,.T.);
#548=PLANE('',#906);
#549=FACE_OUTER_BOUND('',#907,.T.);
#550=PLANE('',#908);
#551=FACE_OUTER_BOUND('',#909,.T.);
#552=CYLINDRICAL_SURFACE('',#910,0.635);
#553=FACE_OUTER_BOUND('',#911,.T.);
#554=PLANE('',#912);
#555=FACE_OUTER_BOUND('',#913,.T.);
#556=PLANE('',#914);
#557=FACE_OUTER_BOUND('',#915,.T.);
#558=PLANE('',#916);
#559=FACE_OUTER_BOUND('',#917,.T.);
#560=CYLINDRICAL_SURFACE('',#918,0.635);
#561=FACE_OUTER_BOUND('',#919,.T.);
#562=PLANE('',#920);
#563=FACE_OUTER_BOUND('',#921,.T.);
#564=PLANE('',#922);
#565=FACE_OUTER_BOUND('',#923,.T.);
#566=PLANE('',#924);
#567=FACE_OUTER_BOUND('',#925,.T.);
#568=PLANE('',#926);
#569=FACE_OUTER_BOUND('',#927,.T.);
#570=CYLINDRICAL_SURFACE('',#928,0.635);
#571=FACE_OUTER_BOUND('',#929,.T.);
#572=PLANE('',#930);
#573=FACE_OUTER_BOUND('',#931,.T.);
#574=PLANE('',#932);
#575=FACE_OUTER_BOUND('',#933,.T.);
#576=PLANE('',#934);
#577=FACE_OUTER_BOUND('',#935,.T.);
#578=PLANE('',#936);
#579=FACE_OUTER_BOUND('',#937,.T.);
#580=PLANE('',#938);
#581=FACE_OUTER_BOUND('',#939,.T.);
#582=PLANE('',#940);
#583=FACE_OUTER_BOUND('',#941,.T.);
#584=PLANE('',#942);
#585=FACE_OUTER_BOUND('',#943,.T.);
#586=PLANE('',#944);
#587=TRIMMED_CURVE('',#945,(PARAMETER_VALUE(0.0)),(PARAMETER_VALUE(3.1415926535892)),.T.,.UNSPECIFIED.);
#588=TRIMMED_CURVE('',#946,(PARAMETER_VALUE(0.0)),(PARAMETER_VALUE(3.1415926535892)),.T.,.UNSPECIFIED.);
#589=TRIMMED_CURVE('',#947,(PARAMETER_VALUE(0.0)),(PARAMETER_VALUE(3.1415926535892)),.T.,.UNSPECIFIED.);
#590=TRIMMED_CURVE('',#948,(PARAMETER_VALUE(0.0)),(PARAMETER_VALUE(3.1415926535892)),.T.,.UNSPECIFIED.);
#591=TRIMMED_CURVE('',#949,(PARAMETER_VALUE(0.0)),(PARAMETER_VALUE(3.1415926535892)),.T.,.UNSPECIFIED.);
#592=TRIMMED_CURVE('',#950,(PARAMETER_VALUE(0.0)),(PARAMETER_VALUE(3.1415926535892)),.T.,.UNSPECIFIED.);
#593=TRIMMED_CURVE('',#951,(PARAMETER_VALUE(0.0)),(PARAMETER_VALUE(3.1415926535892)),.T.,.UNSPECIFIED.);
#594=TRIMMED_CURVE('',#952,(PARAMETER_VALUE(0.0)),(PARAMETER_VALUE(3.1415926535892)),.T.,.UNSPECIFIED.);
#595=EDGE_LOOP('',(#953,#954,#955,#956,#957));
#596=AXIS2_PLACEMENT_3D('',#958,#959,#960);
#597=EDGE_LOOP('',(#961,#962,#963,#964));
#598=AXIS2_PLACEMENT_3D('',#965,#966,#967);
#599=EDGE_LOOP('',(#968,#969,#970,#971,#972));
#600=AXIS2_PLACEMENT_3D('',#973,#974,#975);
#601=EDGE_LOOP('',(#976,#977,#978,#979));
#602=AXIS2_PLACEMENT_3D('',#980,#981,#982);
#603=EDGE_LOOP('',(#983,#984,#985,#986,#987));
#604=AXIS2_PLACEMENT_3D('',#988,#989,#990);
#605=EDGE_LOOP('',(#991,#992,#993,#994));
#606=AXIS2_PLACEMENT_3D('',#995,#996,#997);
#607=EDGE_LOOP('',(#998,#999,#1000,#1001,#1002,#1003,#1004,#1005));
#608=AXIS2_PLACEMENT_3D('',#1006,#1007,#1008);
#609=EDGE_LOOP('',(#1009,#1010,#1011,#1012,#1013,#1014,#1015,#1016,#1017,#1018,#1019,#1020,#1021,#1022,#1023,#1024));
#610=AXIS2_PLACEMENT_3D('',#1025,#1026,#1027);
#611=EDGE_LOOP('',(#1028,#1029,#1030,#1031));
#612=AXIS2_PLACEMENT_3D('',#1032,#1033,#1034);
#613=EDGE_LOOP('',(#1035,#1036,#1037,#1038));
#614=AXIS2_PLACEMENT_3D('',#1039,#1040,#1041);
#615=EDGE_LOOP('',(#1042,#1043,#1044,#1045));
#616=AXIS2_PLACEMENT_3D('',#1046,#1047,#1048);
#617=EDGE_LOOP('',(#1049,#1050,#1051,#1052));
#618=AXIS2_PLACEMENT_3D('',#1053,#1054,#1055);
#619=EDGE_LOOP('',(#1056,#1057,#1058,#1059));
#620=AXIS2_PLACEMENT_3D('',#1060,#1061,#1062);
#621=EDGE_LOOP('',(#1063,#1064,#1065,#1066));
#622=AXIS2_PLACEMENT_3D('',#1067,#1068,#1069);
#623=EDGE_LOOP('',(#1070,#1071,#1072,#1073));
#624=AXIS2_PLACEMENT_3D('',#1074,#1075,#1076);
#625=EDGE_LOOP('',(#1077,#1078,#1079,#1080,#1081,#1082,#1083,#1084,#1085,#1086,#1087,#1088,#1089,#1090,#1091,#1092,#1093,#1094,#1095,#1096,#1097,#1098,#1099,#1100));
#626=EDGE_LOOP('',(#1101,#1102,#1103,#1104,#1105,#1106));
#627=EDGE_LOOP('',(#1107,#1108,#1109,#1110,#1111,#1112));
#628=EDGE_LOOP('',(#1113,#1114,#1115,#1116));
#629=EDGE_LOOP('',(#1117,#1118,#1119,#1120));
#630=AXIS2_PLACEMENT_3D('',#1121,#1122,#1123);
#631=EDGE_LOOP('',(#1124,#1125,#1126,#1127));
#632=AXIS2_PLACEMENT_3D('',#1128,#1129,#1130);
#633=EDGE_LOOP('',(#1131,#1132,#1133,#1134));
#634=AXIS2_PLACEMENT_3D('',#1135,#1136,#1137);
#635=EDGE_LOOP('',(#1138,#1139,#1140,#1141));
#636=AXIS2_PLACEMENT_3D('',#1142,#1143,#1144);
#637=EDGE_LOOP('',(#1145,#1146,#1147,#1148));
#638=AXIS2_PLACEMENT_3D('',#1149,#1150,#1151);
#639=EDGE_LOOP('',(#1152,#1153,#1154,#1155));
#640=AXIS2_PLACEMENT_3D('',#1156,#1157,#1158);
#641=EDGE_LOOP('',(#1159,#1160,#1161,#1162));
#642=AXIS2_PLACEMENT_3D('',#1163,#1164,#1165);
#643=EDGE_LOOP('',(#1166,#1167,#1168,#1169,#1170,#1171));
#644=EDGE_LOOP('',(#1172,#1173,#1174,#1175));
#645=AXIS2_PLACEMENT_3D('',#1176,#1177,#1178);
#646=EDGE_LOOP('',(#1179,#1180,#1181,#1182,#1183,#1184));
#647=EDGE_LOOP('',(#1185,#1186,#1187,#1188));
#648=AXIS2_PLACEMENT_3D('',#1189,#1190,#1191);
#649=EDGE_LOOP('',(#1192,#1193,#1194,#1195));
#650=AXIS2_PLACEMENT_3D('',#1196,#1197,#1198);
#651=EDGE_LOOP('',(#1199,#1200,#1201,#1202));
#652=AXIS2_PLACEMENT_3D('',#1203,#1204,#1205);
#653=EDGE_LOOP('',(#1206,#1207,#1208,#1209));
#654=AXIS2_PLACEMENT_3D('',#1210,#1211,#1212);
#655=EDGE_LOOP('',(#1213,#1214,#1215,#1216));
#656=AXIS2_PLACEMENT_3D('',#1217,#1218,#1219);
#657=EDGE_LOOP('',(#1220,#1221,#1222,#1223));
#658=AXIS2_PLACEMENT_3D('',#1224,#1225,#1226);
#659=EDGE_LOOP('',(#1227,#1228,#1229,#1230));
#660=AXIS2_PLACEMENT_3D('',#1231,#1232,#1233);
#661=EDGE_LOOP('',(#1234,#1235,#1236,#1237));
#662=AXIS2_PLACEMENT_3D('',#1238,#1239,#1240);
#663=EDGE_LOOP('',(#1241,#1242,#1243,#1244));
#664=AXIS2_PLACEMENT_3D('',#1245,#1246,#1247);
#665=EDGE_LOOP('',(#1248,#1249,#1250,#1251));
#666=AXIS2_PLACEMENT_3D('',#1252,#1253,#1254);
#667=EDGE_LOOP('',(#1255,#1256,#1257,#1258));
#668=AXIS2_PLACEMENT_3D('',#1259,#1260,#1261);
#669=EDGE_LOOP('',(#1262,#1263,#1264,#1265));
#670=AXIS2_PLACEMENT_3D('',#1266,#1267,#1268);
#671=EDGE_LOOP('',(#1269,#1270,#1271,#1272));
#672=AXIS2_PLACEMENT_3D('',#1273,#1274,#1275);
#673=EDGE_LOOP('',(#1276,#1277,#1278,#1279));
#674=AXIS2_PLACEMENT_3D('',#1280,#1281,#1282);
#675=EDGE_LOOP('',(#1283,#1284,#1285,#1286));
#676=AXIS2_PLACEMENT_3D('',#1287,#1288,#1289);
#677=EDGE_LOOP('',(#1290,#1291,#1292,#1293));
#678=AXIS2_PLACEMENT_3D('',#1294,#1295,#1296);
#679=EDGE_LOOP('',(#1297,#1298,#1299,#1300));
#680=AXIS2_PLACEMENT_3D('',#1301,#1302,#1303);
#681=EDGE_LOOP('',(#1304,#1305,#1306,#1307));
#682=AXIS2_PLACEMENT_3D('',#1308,#1309,#1310);
#683=EDGE_LOOP('',(#1311,#1312,#1313,#1314));
#684=AXIS2_PLACEMENT_3D('',#1315,#1316,#1317);
#685=EDGE_LOOP('',(#1318,#1319,#1320,#1321));
#686=AXIS2_PLACEMENT_3D('',#1322,#1323,#1324);
#687=EDGE_LOOP('',(#1325,#1326,#1327,#1328));
#688=AXIS2_PLACEMENT_3D('',#1329,#1330,#1331);
#689=EDGE_LOOP('',(#1332,#1333,#1334,#1335));
#690=AXIS2_PLACEMENT_3D('',#1336,#1337,#1338);
#691=EDGE_LOOP('',(#1339,#1340,#1341,#1342));
#692=AXIS2_PLACEMENT_3D('',#1343,#1344,#1345);
#693=EDGE_LOOP('',(#1346,#1347,#1348,#1349));
#694=AXIS2_PLACEMENT_3D('',#1350,#1351,#1352);
#695=EDGE_LOOP('',(#1353,#1354,#1355,#1356));
#696=AXIS2_PLACEMENT_3D('',#1357,#1358,#1359);
#697=EDGE_LOOP('',(#1360,#1361,#1362,#1363));
#698=AXIS2_PLACEMENT_3D('',#1364,#1365,#1366);
#699=EDGE_LOOP('',(#1367,#1368,#1369,#1370));
#700=AXIS2_PLACEMENT_3D('',#1371,#1372,#1373);
#701=EDGE_LOOP('',(#1374,#1375,#1376,#1377));
#702=AXIS2_PLACEMENT_3D('',#1378,#1379,#1380);
#703=EDGE_LOOP('',(#1381,#1382,#1383,#1384));
#704=AXIS2_PLACEMENT_3D('',#1385,#1386,#1387);
#705=EDGE_LOOP('',(#1388,#1389,#1390,#1391));
#706=AXIS2_PLACEMENT_3D('',#1392,#1393,#1394);
#707=EDGE_LOOP('',(#1395,#1396,#1397,#1398));
#708=AXIS2_PLACEMENT_3D('',#1399,#1400,#1401);
#709=EDGE_LOOP('',(#1402,#1403,#1404,#1405));
#710=AXIS2_PLACEMENT_3D('',#1406,#1407,#1408);
#711=EDGE_LOOP('',(#1409,#1410,#1411,#1412,#1413,#1414,#1415,#1416));
#712=AXIS2_PLACEMENT_3D('',#1417,#1418,#1419);
#713=EDGE_LOOP('',(#1420,#1421,#1422,#1423));
#714=AXIS2_PLACEMENT_3D('',#1424,#1425,#1426);
#715=EDGE_LOOP('',(#1427,#1428,#1429,#1430,#1431,#1432,#1433,#1434,#1435,#1436,#1437,#1438));
#716=AXIS2_PLACEMENT_3D('',#1439,#1440,#1441);
#717=EDGE_LOOP('',(#1442,#1443,#1444,#1445));
#718=AXIS2_PLACEMENT_3D('',#1446,#1447,#1448);
#719=EDGE_LOOP('',(#1449,#1450,#1451,#1452,#1453,#1454,#1455,#1456,#1457,#1458,#1459,#1460,#1461,#1462,#1463,#1464,#1465,#1466,#1467,#1468,#1469,#1470,#1471,#1472,#1473,#1474,#1475,#1476,#1477,#1478,#1479,#1480,#1481,#1482,#1483,#1484));
#720=EDGE_LOOP('',(#1485,#1486,#1487,#1488));
#721=EDGE_LOOP('',(#1489,#1490,#1491,#1492));
#722=AXIS2_PLACEMENT_3D('',#1493,#1494,#1495);
#723=EDGE_LOOP('',(#1496,#1497,#1498,#1499,#1500,#1501,#1502,#1503,#1504,#1505,#1506,#1507,#1508,#1509,#1510,#1511,#1512,#1513,#1514,#1515,#1516,#1517,#1518));
#724=AXIS2_PLACEMENT_3D('',#1519,#1520,#1521);
#725=EDGE_LOOP('',(#1522,#1523,#1524,#1525));
#726=AXIS2_PLACEMENT_3D('',#1526,#1527,#1528);
#727=EDGE_LOOP('',(#1529,#1530,#1531,#1532,#1533,#1534,#1535,#1536,#1537,#1538,#1539,#1540,#1541,#1542,#1543,#1544,#1545,#1546,#1547,#1548,#1549,#1550,#1551));
#728=AXIS2_PLACEMENT_3D('',#1552,#1553,#1554);
#729=EDGE_LOOP('',(#1555,#1556,#1557,#1558));
#730=AXIS2_PLACEMENT_3D('',#1559,#1560,#1561);
#731=EDGE_LOOP('',(#1562,#1563,#1564,#1565));
#732=AXIS2_PLACEMENT_3D('',#1566,#1567,#1568);
#733=EDGE_LOOP('',(#1569,#1570,#1571,#1572));
#734=AXIS2_PLACEMENT_3D('',#1573,#1574,#1575);
#735=EDGE_LOOP('',(#1576,#1577,#1578,#1579));
#736=AXIS2_PLACEMENT_3D('',#1580,#1581,#1582);
#737=EDGE_LOOP('',(#1583,#1584,#1585,#1586));
#738=AXIS2_PLACEMENT_3D('',#1587,#1588,#1589);
#739=EDGE_LOOP('',(#1590,#1591,#1592,#1593));
#740=AXIS2_PLACEMENT_3D('',#1594,#1595,#1596);
#741=EDGE_LOOP('',(#1597,#1598,#1599,#1600));
#742=AXIS2_PLACEMENT_3D('',#1601,#1602,#1603);
#743=EDGE_LOOP('',(#1604,#1605,#1606,#1607));
#744=AXIS2_PLACEMENT_3D('',#1608,#1609,#1610);
#745=EDGE_LOOP('',(#1611,#1612,#1613,#1614));
#746=AXIS2_PLACEMENT_3D('',#1615,#1616,#1617);
#747=EDGE_LOOP('',(#1618,#1619,#1620,#1621));
#748=AXIS2_PLACEMENT_3D('',#1622,#1623,#1624);
#749=EDGE_LOOP('',(#1625,#1626,#1627,#1628));
#750=AXIS2_PLACEMENT_3D('',#1629,#1630,#1631);
#751=EDGE_LOOP('',(#1632,#1633,#1634,#1635));
#752=AXIS2_PLACEMENT_3D('',#1636,#1637,#1638);
#753=EDGE_LOOP('',(#1639,#1640,#1641,#1642));
#754=AXIS2_PLACEMENT_3D('',#1643,#1644,#1645);
#755=EDGE_LOOP('',(#1646,#1647,#1648,#1649));
#756=AXIS2_PLACEMENT_3D('',#1650,#1651,#1652);
#757=EDGE_LOOP('',(#1653,#1654,#1655,#1656));
#758=AXIS2_PLACEMENT_3D('',#1657,#1658,#1659);
#759=EDGE_LOOP('',(#1660,#1661,#1662,#1663));
#760=AXIS2_PLACEMENT_3D('',#1664,#1665,#1666);
#761=EDGE_LOOP('',(#1667,#1668,#1669,#1670));
#762=AXIS2_PLACEMENT_3D('',#1671,#1672,#1673);
#763=EDGE_LOOP('',(#1674,#1675,#1676,#1677));
#764=AXIS2_PLACEMENT_3D('',#1678,#1679,#1680);
#765=EDGE_LOOP('',(#1681,#1682,#1683,#1684));
#766=AXIS2_PLACEMENT_3D('',#1685,#1686,#1687);
#767=EDGE_LOOP('',(#1688,#1689,#1690,#1691));
#768=AXIS2_PLACEMENT_3D('',#1692,#1693,#1694);
#769=EDGE_LOOP('',(#1695,#1696,#1697,#1698));
#770=AXIS2_PLACEMENT_3D('',#1699,#1700,#1701);
#771=EDGE_LOOP('',(#1702,#1703,#1704,#1705,#1706,#1707,#1708,#1709,#1710,#1711,#1712,#1713,#1714,#1715,#1716,#1717,#1718,#1719,#1720,#1721,#1722,#1723,#1724));
#772=AXIS2_PLACEMENT_3D('',#1725,#1726,#1727);
#773=EDGE_LOOP('',(#1728,#1729,#1730,#1731));
#774=AXIS2_PLACEMENT_3D('',#1732,#1733,#1734);
#775=EDGE_LOOP('',(#1735,#1736,#1737,#1738,#1739,#1740,#1741,#1742,#1743,#1744,#1745,#1746,#1747,#1748,#1749,#1750,#1751,#1752,#1753,#1754,#1755,#1756,#1757));
#776=AXIS2_PLACEMENT_3D('',#1758,#1759,#1760);
#777=EDGE_LOOP('',(#1761,#1762,#1763,#1764));
#778=AXIS2_PLACEMENT_3D('',#1765,#1766,#1767);
#779=EDGE_LOOP('',(#1768,#1769,#1770,#1771));
#780=AXIS2_PLACEMENT_3D('',#1772,#1773,#1774);
#781=EDGE_LOOP('',(#1775,#1776,#1777,#1778));
#782=AXIS2_PLACEMENT_3D('',#1779,#1780,#1781);
#783=EDGE_LOOP('',(#1782,#1783,#1784,#1785));
#784=AXIS2_PLACEMENT_3D('',#1786,#1787,#1788);
#785=EDGE_LOOP('',(#1789,#1790,#1791,#1792));
#786=AXIS2_PLACEMENT_3D('',#1793,#1794,#1795);
#787=EDGE_LOOP('',(#1796,#1797,#1798,#1799));
#788=AXIS2_PLACEMENT_3D('',#1800,#1801,#1802);
#789=EDGE_LOOP('',(#1803,#1804,#1805,#1806));
#790=AXIS2_PLACEMENT_3D('',#1807,#1808,#1809);
#791=EDGE_LOOP('',(#1810,#1811,#1812,#1813));
#792=AXIS2_PLACEMENT_3D('',#1814,#1815,#1816);
#793=EDGE_LOOP('',(#1817,#1818,#1819,#1820));
#794=AXIS2_PLACEMENT_3D('',#1821,#1822,#1823);
#795=EDGE_LOOP('',(#1824,#1825,#1826,#1827));
#796=AXIS2_PLACEMENT_3D('',#1828,#1829,#1830);
#797=EDGE_LOOP('',(#1831,#1832,#1833,#1834));
#798=AXIS2_PLACEMENT_3D('',#1835,#1836,#1837);
#799=EDGE_LOOP('',(#1838,#1839,#1840,#1841));
#800=AXIS2_PLACEMENT_3D('',#1842,#1843,#1844);
#801=EDGE_LOOP('',(#1845,#1846,#1847,#1848));
#802=AXIS2_PLACEMENT_3D('',#1849,#1850,#1851);
#803=EDGE_LOOP('',(#1852,#1853,#1854,#1855));
#804=AXIS2_PLACEMENT_3D('',#1856,#1857,#1858);
#805=EDGE_LOOP('',(#1859,#1860,#1861,#1862));
#806=AXIS2_PLACEMENT_3D('',#1863,#1864,#1865);
#807=EDGE_LOOP('',(#1866,#1867,#1868,#1869));
#808=AXIS2_PLACEMENT_3D('',#1870,#1871,#1872);
#809=EDGE_LOOP('',(#1873,#1874,#1875,#1876));
#810=AXIS2_PLACEMENT_3D('',#1877,#1878,#1879);
#811=EDGE_LOOP('',(#1880,#1881,#1882,#1883));
#812=AXIS2_PLACEMENT_3D('',#1884,#1885,#1886);
#813=EDGE_LOOP('',(#1887,#1888,#1889,#1890));
#814=AXIS2_PLACEMENT_3D('',#1891,#1892,#1893);
#815=EDGE_LOOP('',(#1894,#1895,#1896,#1897));
#816=AXIS2_PLACEMENT_3D('',#1898,#1899,#1900);
#817=EDGE_LOOP('',(#1901,#1902,#1903,#1904));
#818=AXIS2_PLACEMENT_3D('',#1905,#1906,#1907);
#819=EDGE_LOOP('',(#1908,#1909,#1910,#1911));
#820=AXIS2_PLACEMENT_3D('',#1912,#1913,#1914);
#821=EDGE_LOOP('',(#1915,#1916,#1917,#1918));
#822=AXIS2_PLACEMENT_3D('',#1919,#1920,#1921);
#823=EDGE_LOOP('',(#1922,#1923,#1924,#1925,#1926,#1927));
#824=AXIS2_PLACEMENT_3D('',#1928,#1929,#1930);
#825=EDGE_LOOP('',(#1931,#1932,#1933,#1934));
#826=AXIS2_PLACEMENT_3D('',#1935,#1936,#1937);
#827=EDGE_LOOP('',(#1938,#1939,#1940,#1941));
#828=AXIS2_PLACEMENT_3D('',#1942,#1943,#1944);
#829=EDGE_LOOP('',(#1945,#1946,#1947,#1948,#1949,#1950,#1951,#1952));
#830=AXIS2_PLACEMENT_3D('',#1953,#1954,#1955);
#831=EDGE_LOOP('',(#1956,#1957,#1958,#1959,#1960));
#832=AXIS2_PLACEMENT_3D('',#1961,#1962,#1963);
#833=EDGE_LOOP('',(#1964,#1965,#1966,#1967,#1968,#1969,#1970,#1971));
#834=AXIS2_PLACEMENT_3D('',#1972,#1973,#1974);
#835=EDGE_LOOP('',(#1975,#1976,#1977,#1978));
#836=AXIS2_PLACEMENT_3D('',#1979,#1980,#1981);
#837=EDGE_LOOP('',(#1982,#1983,#1984,#1985,#1986,#1987,#1988,#1989,#1990,#1991));
#838=AXIS2_PLACEMENT_3D('',#1992,#1993,#1994);
#839=EDGE_LOOP('',(#1995,#1996,#1997,#1998));
#840=AXIS2_PLACEMENT_3D('',#1999,#2000,#2001);
#841=EDGE_LOOP('',(#2002,#2003,#2004,#2005));
#842=AXIS2_PLACEMENT_3D('',#2006,#2007,#2008);
#843=EDGE_LOOP('',(#2009,#2010,#2011,#2012,#2013,#2014,#2015,#2016,#2017,#2018));
#844=AXIS2_PLACEMENT_3D('',#2019,#2020,#2021);
#845=EDGE_LOOP('',(#2022,#2023,#2024,#2025,#2026));
#846=AXIS2_PLACEMENT_3D('',#2027,#2028,#2029);
#847=EDGE_LOOP('',(#2030,#2031,#2032,#2033));
#848=AXIS2_PLACEMENT_3D('',#2034,#2035,#2036);
#849=EDGE_LOOP('',(#2037,#2038,#2039,#2040,#2041));
#850=AXIS2_PLACEMENT_3D('',#2042,#2043,#2044);
#851=EDGE_LOOP('',(#2045,#2046,#2047,#2048));
#852=AXIS2_PLACEMENT_3D('',#2049,#2050,#2051);
#853=EDGE_LOOP('',(#2052,#2053,#2054,#2055));
#854=AXIS2_PLACEMENT_3D('',#2056,#2057,#2058);
#855=EDGE_LOOP('',(#2059,#2060,#2061,#2062));
#856=AXIS2_PLACEMENT_3D('',#2063,#2064,#2065);
#857=EDGE_LOOP('',(#2066,#2067,#2068,#2069));
#858=AXIS2_PLACEMENT_3D('',#2070,#2071,#2072);
#859=EDGE_LOOP('',(#2073,#2074,#2075,#2076));
#860=AXIS2_PLACEMENT_3D('',#2077,#2078,#2079);
#861=EDGE_LOOP('',(#2080,#2081,#2082,#2083,#2084,#2085));
#862=AXIS2_PLACEMENT_3D('',#2086,#2087,#2088);
#863=EDGE_LOOP('',(#2089,#2090,#2091,#2092,#2093));
#864=AXIS2_PLACEMENT_3D('',#2094,#2095,#2096);
#865=EDGE_LOOP('',(#2097,#2098,#2099,#2100));
#866=AXIS2_PLACEMENT_3D('',#2101,#2102,#2103);
#867=EDGE_LOOP('',(#2104,#2105,#2106,#2107));
#868=AXIS2_PLACEMENT_3D('',#2108,#2109,#2110);
#869=EDGE_LOOP('',(#2111,#2112,#2113,#2114));
#870=AXIS2_PLACEMENT_3D('',#2115,#2116,#2117);
#871=EDGE_LOOP('',(#2118,#2119,#2120,#2121));
#872=AXIS2_PLACEMENT_3D('',#2122,#2123,#2124);
#873=EDGE_LOOP('',(#2125,#2126,#2127,#2128,#2129));
#874=AXIS2_PLACEMENT_3D('',#2130,#2131,#2132);
#875=EDGE_LOOP('',(#2133,#2134,#2135,#2136));
#876=AXIS2_PLACEMENT_3D('',#2137,#2138,#2139);
#877=EDGE_LOOP('',(#2140,#2141,#2142,#2143));
#878=AXIS2_PLACEMENT_3D('',#2144,#2145,#2146);
#879=EDGE_LOOP('',(#2147,#2148,#2149,#2150,#2151));
#880=AXIS2_PLACEMENT_3D('',#2152,#2153,#2154);
#881=EDGE_LOOP('',(#2155,#2156,#2157,#2158));
#882=AXIS2_PLACEMENT_3D('',#2159,#2160,#2161);
#883=EDGE_LOOP('',(#2162,#2163,#2164,#2165,#2166));
#884=AXIS2_PLACEMENT_3D('',#2167,#2168,#2169);
#885=EDGE_LOOP('',(#2170,#2171,#2172,#2173));
#886=AXIS2_PLACEMENT_3D('',#2174,#2175,#2176);
#887=EDGE_LOOP('',(#2177,#2178,#2179,#2180));
#888=AXIS2_PLACEMENT_3D('',#2181,#2182,#2183);
#889=EDGE_LOOP('',(#2184,#2185,#2186,#2187,#2188,#2189));
#890=AXIS2_PLACEMENT_3D('',#2190,#2191,#2192);
#891=EDGE_LOOP('',(#2193,#2194,#2195,#2196));
#892=AXIS2_PLACEMENT_3D('',#2197,#2198,#2199);
#893=EDGE_LOOP('',(#2200,#2201,#2202,#2203,#2204));
#894=AXIS2_PLACEMENT_3D('',#2205,#2206,#2207);
#895=EDGE_LOOP('',(#2208,#2209,#2210,#2211,#2212,#2213,#2214,#2215,#2216,#2217,#2218,#2219));
#896=AXIS2_PLACEMENT_3D('',#2220,#2221,#2222);
#897=EDGE_LOOP('',(#2223,#2224,#2225,#2226));
#898=AXIS2_PLACEMENT_3D('',#2227,#2228,#2229);
#899=EDGE_LOOP('',(#2230,#2231,#2232,#2233));
#900=AXIS2_PLACEMENT_3D('',#2234,#2235,#2236);
#901=EDGE_LOOP('',(#2237,#2238,#2239,#2240));
#902=AXIS2_PLACEMENT_3D('',#2241,#2242,#2243);
#903=EDGE_LOOP('',(#2244,#2245,#2246,#2247));
#904=AXIS2_PLACEMENT_3D('',#2248,#2249,#2250);
#905=EDGE_LOOP('',(#2251,#2252,#2253,#2254));
#906=AXIS2_PLACEMENT_3D('',#2255,#2256,#2257);
#907=EDGE_LOOP('',(#2258,#2259,#2260,#2261));
#908=AXIS2_PLACEMENT_3D('',#2262,#2263,#2264);
#909=EDGE_LOOP('',(#2265,#2266,#2267,#2268));
#910=AXIS2_PLACEMENT_3D('',#2269,#2270,#2271);
#911=EDGE_LOOP('',(#2272,#2273,#2274,#2275));
#912=AXIS2_PLACEMENT_3D('',#2276,#2277,#2278);
#913=EDGE_LOOP('',(#2279,#2280,#2281,#2282));
#914=AXIS2_PLACEMENT_3D('',#2283,#2284,#2285);
#915=EDGE_LOOP('',(#2286,#2287,#2288,#2289));
#916=AXIS2_PLACEMENT_3D('',#2290,#2291,#2292);
#917=EDGE_LOOP('',(#2293,#2294,#2295,#2296));
#918=AXIS2_PLACEMENT_3D('',#2297,#2298,#2299);
#919=EDGE_LOOP('',(#2300,#2301,#2302,#2303));
#920=AXIS2_PLACEMENT_3D('',#2304,#2305,#2306);
#921=EDGE_LOOP('',(#2307,#2308,#2309,#2310));
#922=AXIS2_PLACEMENT_3D('',#2311,#2312,#2313);
#923=EDGE_LOOP('',(#2314,#2315,#2316,#2317));
#924=AXIS2_PLACEMENT_3D('',#2318,#2319,#2320);
#925=EDGE_LOOP('',(#2321,#2322,#2323,#2324));
#926=AXIS2_PLACEMENT_3D('',#2325,#2326,#2327);
#927=EDGE_LOOP('',(#2328,#2329,#2330,#2331));
#928=AXIS2_PLACEMENT_3D('',#2332,#2333,#2334);
#929=EDGE_LOOP('',(#2335,#2336,#2337,#2338,#2339));
#930=AXIS2_PLACEMENT_3D('',#2340,#2341,#2342);
#931=EDGE_LOOP('',(#2343,#2344,#2345,#2346));
#932=AXIS2_PLACEMENT_3D('',#2347,#2348,#2349);
#933=EDGE_LOOP('',(#2350,#2351,#2352,#2353));
#934=AXIS2_PLACEMENT_3D('',#2354,#2355,#2356);
#935=EDGE_LOOP('',(#2357,#2358,#2359,#2360));
#936=AXIS2_PLACEMENT_3D('',#2361,#2362,#2363);
#937=EDGE_LOOP('',(#2364,#2365,#2366,#2367));
#938=AXIS2_PLACEMENT_3D('',#2368,#2369,#2370);
#939=EDGE_LOOP('',(#2371,#2372,#2373,#2374));
#940=AXIS2_PLACEMENT_3D('',#2375,#2376,#2377);
#941=EDGE_LOOP('',(#2378,#2379,#2380,#2381));
#942=AXIS2_PLACEMENT_3D('',#2382,#2383,#2384);
#943=EDGE_LOOP('',(#2385,#2386,#2387,#2388));
#944=AXIS2_PLACEMENT_3D('',#2389,#2390,#2391);
#945=CIRCLE('',#2392,0.889);
#946=CIRCLE('',#2393,0.889);
#947=CIRCLE('',#2394,0.889);
#948=CIRCLE('',#2395,0.889);
#949=CIRCLE('',#2396,0.889);
#950=CIRCLE('',#2397,0.889);
#951=CIRCLE('',#2398,0.889);
#952=CIRCLE('',#2399,0.889);
#953=ORIENTED_EDGE('',*,*,#2400,.T.);
#954=ORIENTED_EDGE('',*,*,#2401,.F.);
#955=ORIENTED_EDGE('',*,*,#2402,.F.);
#956=ORIENTED_EDGE('',*,*,#2403,.F.);
#957=ORIENTED_EDGE('',*,*,#2404,.T.);
#958=CARTESIAN_POINT('',(0.0,0.0,-7.3787));
#959=DIRECTION('',(0.0,0.0,1.0));
#960=DIRECTION('',(1.0,0.0,0.0));
#961=ORIENTED_EDGE('',*,*,#2405,.F.);
#962=ORIENTED_EDGE('',*,*,#2406,.F.);
#963=ORIENTED_EDGE('',*,*,#2407,.T.);
#964=ORIENTED_EDGE('',*,*,#2408,.F.);
#965=CARTESIAN_POINT('',(0.0,0.0,-7.3787));
#966=DIRECTION('',(0.0,0.0,1.0));
#967=DIRECTION('',(1.0,0.0,0.0));
#968=ORIENTED_EDGE('',*,*,#2409,.F.);
#969=ORIENTED_EDGE('',*,*,#2410,.F.);
#970=ORIENTED_EDGE('',*,*,#2411,.F.);
#971=ORIENTED_EDGE('',*,*,#2412,.F.);
#972=ORIENTED_EDGE('',*,*,#2413,.F.);
#973=CARTESIAN_POINT('',(0.0,0.0,-7.3787));
#974=DIRECTION('',(0.0,0.0,1.0));
#975=DIRECTION('',(1.0,0.0,0.0));
#976=ORIENTED_EDGE('',*,*,#2414,.F.);
#977=ORIENTED_EDGE('',*,*,#2415,.F.);
#978=ORIENTED_EDGE('',*,*,#2416,.F.);
#979=ORIENTED_EDGE('',*,*,#2417,.T.);
#980=CARTESIAN_POINT('',(0.0,0.0,-7.3787));
#981=DIRECTION('',(0.0,0.0,1.0));
#982=DIRECTION('',(1.0,0.0,0.0));
#983=ORIENTED_EDGE('',*,*,#2418,.T.);
#984=ORIENTED_EDGE('',*,*,#2419,.T.);
#985=ORIENTED_EDGE('',*,*,#2420,.F.);
#986=ORIENTED_EDGE('',*,*,#2421,.F.);
#987=ORIENTED_EDGE('',*,*,#2404,.F.);
#988=CARTESIAN_POINT('',(-10.541,-4.1148,-7.3787));
#989=DIRECTION('',(0.0,-1.0,0.0));
#990=DIRECTION('',(0.0,0.0,-1.0));
#991=ORIENTED_EDGE('',*,*,#2422,.T.);
#992=ORIENTED_EDGE('',*,*,#2423,.F.);
#993=ORIENTED_EDGE('',*,*,#2400,.F.);
#994=ORIENTED_EDGE('',*,*,#2421,.T.);
#995=CARTESIAN_POINT('',(-9.0043,5.7658,-7.3787));
#996=DIRECTION('',(-1.0,0.0,0.0));
#997=DIRECTION('',(0.0,0.0,1.0));
#998=ORIENTED_EDGE('',*,*,#2424,.T.);
#999=ORIENTED_EDGE('',*,*,#2425,.F.);
#1000=ORIENTED_EDGE('',*,*,#2407,.F.);
#1001=ORIENTED_EDGE('',*,*,#2426,.F.);
#1002=ORIENTED_EDGE('',*,*,#2427,.F.);
#1003=ORIENTED_EDGE('',*,*,#2428,.T.);
#1004=ORIENTED_EDGE('',*,*,#2429,.F.);
#1005=ORIENTED_EDGE('',*,*,#2430,.F.);
#1006=CARTESIAN_POINT('',(-9.0043,5.7658,-7.3787));
#1007=DIRECTION('',(-1.0,0.0,0.0));
#1008=DIRECTION('',(0.0,0.0,1.0));
#1009=ORIENTED_EDGE('',*,*,#2431,.F.);
#1010=ORIENTED_EDGE('',*,*,#2432,.F.);
#1011=ORIENTED_EDGE('',*,*,#2433,.T.);
#1012=ORIENTED_EDGE('',*,*,#2434,.T.);
#1013=ORIENTED_EDGE('',*,*,#2435,.F.);
#1014=ORIENTED_EDGE('',*,*,#2436,.F.);
#1015=ORIENTED_EDGE('',*,*,#2437,.F.);
#1016=ORIENTED_EDGE('',*,*,#2401,.T.);
#1017=ORIENTED_EDGE('',*,*,#2423,.T.);
#1018=ORIENTED_EDGE('',*,*,#2438,.T.);
#1019=ORIENTED_EDGE('',*,*,#2439,.F.);
#1020=ORIENTED_EDGE('',*,*,#2411,.T.);
#1021=ORIENTED_EDGE('',*,*,#2440,.T.);
#1022=ORIENTED_EDGE('',*,*,#2441,.F.);
#1023=ORIENTED_EDGE('',*,*,#2442,.T.);
#1024=ORIENTED_EDGE('',*,*,#2443,.T.);
#1025=CARTESIAN_POINT('',(-9.271,-5.7658,-7.3787));
#1026=DIRECTION('',(0.0,-1.0,0.0));
#1027=DIRECTION('',(0.0,0.0,-1.0));
#1028=ORIENTED_EDGE('',*,*,#2444,.T.);
#1029=ORIENTED_EDGE('',*,*,#2445,.T.);
#1030=ORIENTED_EDGE('',*,*,#2446,.T.);
#1031=ORIENTED_EDGE('',*,*,#2447,.T.);
#1032=CARTESIAN_POINT('',(0.0,0.0,6.8707));
#1033=DIRECTION('',(0.0,0.0,1.0));
#1034=DIRECTION('',(1.0,0.0,0.0));
#1035=ORIENTED_EDGE('',*,*,#2448,.T.);
#1036=ORIENTED_EDGE('',*,*,#2449,.T.);
#1037=ORIENTED_EDGE('',*,*,#2450,.T.);
#1038=ORIENTED_EDGE('',*,*,#2451,.T.);
#1039=CARTESIAN_POINT('',(0.0,0.0,6.8707));
#1040=DIRECTION('',(0.0,0.0,1.0));
#1041=DIRECTION('',(1.0,0.0,0.0));
#1042=ORIENTED_EDGE('',*,*,#2452,.T.);
#1043=ORIENTED_EDGE('',*,*,#2453,.T.);
#1044=ORIENTED_EDGE('',*,*,#2454,.T.);
#1045=ORIENTED_EDGE('',*,*,#2455,.T.);
#1046=CARTESIAN_POINT('',(0.0,0.0,6.8707));
#1047=DIRECTION('',(0.0,0.0,1.0));
#1048=DIRECTION('',(1.0,0.0,0.0));
#1049=ORIENTED_EDGE('',*,*,#2429,.T.);
#1050=ORIENTED_EDGE('',*,*,#2456,.T.);
#1051=ORIENTED_EDGE('',*,*,#2457,.T.);
#1052=ORIENTED_EDGE('',*,*,#2458,.T.);
#1053=CARTESIAN_POINT('',(0.0,0.0,6.8707));
#1054=DIRECTION('',(0.0,0.0,1.0));
#1055=DIRECTION('',(1.0,0.0,0.0));
#1056=ORIENTED_EDGE('',*,*,#2459,.T.);
#1057=ORIENTED_EDGE('',*,*,#2460,.T.);
#1058=ORIENTED_EDGE('',*,*,#2443,.F.);
#1059=ORIENTED_EDGE('',*,*,#2461,.T.);
#1060=CARTESIAN_POINT('',(0.0,0.0,6.8707));
#1061=DIRECTION('',(0.0,0.0,1.0));
#1062=DIRECTION('',(1.0,0.0,0.0));
#1063=ORIENTED_EDGE('',*,*,#2462,.T.);
#1064=ORIENTED_EDGE('',*,*,#2463,.T.);
#1065=ORIENTED_EDGE('',*,*,#2434,.F.);
#1066=ORIENTED_EDGE('',*,*,#2464,.T.);
#1067=CARTESIAN_POINT('',(0.0,0.0,6.8707));
#1068=DIRECTION('',(0.0,0.0,1.0));
#1069=DIRECTION('',(1.0,0.0,0.0));
#1070=ORIENTED_EDGE('',*,*,#2465,.T.);
#1071=ORIENTED_EDGE('',*,*,#2447,.F.);
#1072=ORIENTED_EDGE('',*,*,#2466,.F.);
#1073=ORIENTED_EDGE('',*,*,#2467,.T.);
#1074=CARTESIAN_POINT('',(9.0043,-1.8542,7.3787));
#1075=DIRECTION('',(1.0,0.0,0.0));
#1076=DIRECTION('',(0.0,1.0,0.0));
#1077=ORIENTED_EDGE('',*,*,#2441,.T.);
#1078=ORIENTED_EDGE('',*,*,#2468,.T.);
#1079=ORIENTED_EDGE('',*,*,#2469,.T.);
#1080=ORIENTED_EDGE('',*,*,#2470,.T.);
#1081=ORIENTED_EDGE('',*,*,#2471,.T.);
#1082=ORIENTED_EDGE('',*,*,#2472,.F.);
#1083=ORIENTED_EDGE('',*,*,#2473,.T.);
#1084=ORIENTED_EDGE('',*,*,#2474,.T.);
#1085=ORIENTED_EDGE('',*,*,#2475,.F.);
#1086=ORIENTED_EDGE('',*,*,#2476,.T.);
#1087=ORIENTED_EDGE('',*,*,#2477,.T.);
#1088=ORIENTED_EDGE('',*,*,#2478,.F.);
#1089=ORIENTED_EDGE('',*,*,#2427,.T.);
#1090=ORIENTED_EDGE('',*,*,#2479,.T.);
#1091=ORIENTED_EDGE('',*,*,#2480,.T.);
#1092=ORIENTED_EDGE('',*,*,#2481,.T.);
#1093=ORIENTED_EDGE('',*,*,#2436,.T.);
#1094=ORIENTED_EDGE('',*,*,#2482,.T.);
#1095=ORIENTED_EDGE('',*,*,#2483,.F.);
#1096=ORIENTED_EDGE('',*,*,#2484,.F.);
#1097=ORIENTED_EDGE('',*,*,#2432,.T.);
#1098=ORIENTED_EDGE('',*,*,#2485,.T.);
#1099=ORIENTED_EDGE('',*,*,#2486,.F.);
#1100=ORIENTED_EDGE('',*,*,#2487,.F.);
#1101=ORIENTED_EDGE('',*,*,#2488,.F.);
#1102=ORIENTED_EDGE('',*,*,#2489,.F.);
#1103=ORIENTED_EDGE('',*,*,#2490,.F.);
#1104=ORIENTED_EDGE('',*,*,#2491,.F.);
#1105=ORIENTED_EDGE('',*,*,#2492,.F.);
#1106=ORIENTED_EDGE('',*,*,#2493,.F.);
#1107=ORIENTED_EDGE('',*,*,#2494,.F.);
#1108=ORIENTED_EDGE('',*,*,#2495,.F.);
#1109=ORIENTED_EDGE('',*,*,#2496,.F.);
#1110=ORIENTED_EDGE('',*,*,#2497,.F.);
#1111=ORIENTED_EDGE('',*,*,#2498,.F.);
#1112=ORIENTED_EDGE('',*,*,#2499,.F.);
#1113=ORIENTED_EDGE('',*,*,#2500,.F.);
#1114=ORIENTED_EDGE('',*,*,#2501,.F.);
#1115=ORIENTED_EDGE('',*,*,#2502,.F.);
#1116=ORIENTED_EDGE('',*,*,#2467,.F.);
#1117=ORIENTED_EDGE('',*,*,#2503,.F.);
#1118=ORIENTED_EDGE('',*,*,#2504,.F.);
#1119=ORIENTED_EDGE('',*,*,#2505,.F.);
#1120=ORIENTED_EDGE('',*,*,#2506,.F.);
#1121=CARTESIAN_POINT('',(0.0,0.0,7.3787));
#1122=DIRECTION('',(0.0,0.0,1.0));
#1123=DIRECTION('',(1.0,0.0,0.0));
#1124=ORIENTED_EDGE('',*,*,#2507,.T.);
#1125=ORIENTED_EDGE('',*,*,#2508,.F.);
#1126=ORIENTED_EDGE('',*,*,#2509,.F.);
#1127=ORIENTED_EDGE('',*,*,#2499,.T.);
#1128=CARTESIAN_POINT('',(-0.4572,-1.651,7.3787));
#1129=DIRECTION('',(1.0,0.0,0.0));
#1130=DIRECTION('',(0.0,1.0,0.0));
#1131=ORIENTED_EDGE('',*,*,#2509,.T.);
#1132=ORIENTED_EDGE('',*,*,#2510,.F.);
#1133=ORIENTED_EDGE('',*,*,#2511,.F.);
#1134=ORIENTED_EDGE('',*,*,#2494,.T.);
#1135=CARTESIAN_POINT('',(-2.1082,-3.302,7.3787));
#1136=DIRECTION('',(0.707106781186547,-0.707106781186547,0.0));
#1137=DIRECTION('',(0.0,0.0,-1.0));
#1138=ORIENTED_EDGE('',*,*,#2511,.T.);
#1139=ORIENTED_EDGE('',*,*,#2512,.F.);
#1140=ORIENTED_EDGE('',*,*,#2513,.F.);
#1141=ORIENTED_EDGE('',*,*,#2495,.T.);
#1142=CARTESIAN_POINT('',(-5.4102,-3.302,7.3787));
#1143=DIRECTION('',(0.0,-1.0,0.0));
#1144=DIRECTION('',(0.0,0.0,-1.0));
#1145=ORIENTED_EDGE('',*,*,#2513,.T.);
#1146=ORIENTED_EDGE('',*,*,#2514,.F.);
#1147=ORIENTED_EDGE('',*,*,#2515,.F.);
#1148=ORIENTED_EDGE('',*,*,#2496,.T.);
#1149=CARTESIAN_POINT('',(-7.0612,-1.651,7.3787));
#1150=DIRECTION('',(-0.707106781186547,-0.707106781186547,0.0));
#1151=DIRECTION('',(-0.707106781186548,0.707106781186548,0.0));
#1152=ORIENTED_EDGE('',*,*,#2515,.T.);
#1153=ORIENTED_EDGE('',*,*,#2516,.F.);
#1154=ORIENTED_EDGE('',*,*,#2517,.F.);
#1155=ORIENTED_EDGE('',*,*,#2497,.T.);
#1156=CARTESIAN_POINT('',(-7.0612,3.302,7.3787));
#1157=DIRECTION('',(-1.0,0.0,0.0));
#1158=DIRECTION('',(0.0,0.0,1.0));
#1159=ORIENTED_EDGE('',*,*,#2517,.T.);
#1160=ORIENTED_EDGE('',*,*,#2518,.F.);
#1161=ORIENTED_EDGE('',*,*,#2507,.F.);
#1162=ORIENTED_EDGE('',*,*,#2498,.T.);
#1163=CARTESIAN_POINT('',(-0.4572,3.302,7.3787));
#1164=DIRECTION('',(-0.0,1.0,0.0));
#1165=DIRECTION('',(1.0,0.0,0.0));
#1166=ORIENTED_EDGE('',*,*,#2518,.T.);
#1167=ORIENTED_EDGE('',*,*,#2516,.T.);
#1168=ORIENTED_EDGE('',*,*,#2514,.T.);
#1169=ORIENTED_EDGE('',*,*,#2512,.T.);
#1170=ORIENTED_EDGE('',*,*,#2510,.T.);
#1171=ORIENTED_EDGE('',*,*,#2508,.T.);
#1172=ORIENTED_EDGE('',*,*,#2519,.F.);
#1173=ORIENTED_EDGE('',*,*,#2520,.F.);
#1174=ORIENTED_EDGE('',*,*,#2521,.F.);
#1175=ORIENTED_EDGE('',*,*,#2522,.F.);
#1176=CARTESIAN_POINT('',(0.0,0.0,-4.1529));
#1177=DIRECTION('',(0.0,0.0,1.0));
#1178=DIRECTION('',(1.0,0.0,0.0));
#1179=ORIENTED_EDGE('',*,*,#2523,.T.);
#1180=ORIENTED_EDGE('',*,*,#2524,.T.);
#1181=ORIENTED_EDGE('',*,*,#2525,.T.);
#1182=ORIENTED_EDGE('',*,*,#2526,.T.);
#1183=ORIENTED_EDGE('',*,*,#2527,.T.);
#1184=ORIENTED_EDGE('',*,*,#2528,.T.);
#1185=ORIENTED_EDGE('',*,*,#2529,.F.);
#1186=ORIENTED_EDGE('',*,*,#2530,.F.);
#1187=ORIENTED_EDGE('',*,*,#2531,.F.);
#1188=ORIENTED_EDGE('',*,*,#2532,.F.);
#1189=CARTESIAN_POINT('',(0.0,0.0,-4.1529));
#1190=DIRECTION('',(0.0,0.0,1.0));
#1191=DIRECTION('',(1.0,0.0,0.0));
#1192=ORIENTED_EDGE('',*,*,#2533,.T.);
#1193=ORIENTED_EDGE('',*,*,#2528,.F.);
#1194=ORIENTED_EDGE('',*,*,#2534,.F.);
#1195=ORIENTED_EDGE('',*,*,#2493,.T.);
#1196=CARTESIAN_POINT('',(0.4318,-1.651,7.3787));
#1197=DIRECTION('',(-0.707106781186547,-0.707106781186547,0.0));
#1198=DIRECTION('',(-0.707106781186548,0.707106781186548,0.0));
#1199=ORIENTED_EDGE('',*,*,#2534,.T.);
#1200=ORIENTED_EDGE('',*,*,#2527,.F.);
#1201=ORIENTED_EDGE('',*,*,#2535,.F.);
#1202=ORIENTED_EDGE('',*,*,#2488,.T.);
#1203=CARTESIAN_POINT('',(0.4318,3.302,7.3787));
#1204=DIRECTION('',(-1.0,0.0,0.0));
#1205=DIRECTION('',(0.0,0.0,1.0));
#1206=ORIENTED_EDGE('',*,*,#2535,.T.);
#1207=ORIENTED_EDGE('',*,*,#2526,.F.);
#1208=ORIENTED_EDGE('',*,*,#2536,.F.);
#1209=ORIENTED_EDGE('',*,*,#2489,.T.);
#1210=CARTESIAN_POINT('',(7.0358,3.302,7.3787));
#1211=DIRECTION('',(-0.0,1.0,0.0));
#1212=DIRECTION('',(1.0,0.0,0.0));
#1213=ORIENTED_EDGE('',*,*,#2536,.T.);
#1214=ORIENTED_EDGE('',*,*,#2525,.F.);
#1215=ORIENTED_EDGE('',*,*,#2537,.F.);
#1216=ORIENTED_EDGE('',*,*,#2490,.T.);
#1217=CARTESIAN_POINT('',(7.0358,-1.651,7.3787));
#1218=DIRECTION('',(1.0,0.0,0.0));
#1219=DIRECTION('',(0.0,1.0,0.0));
#1220=ORIENTED_EDGE('',*,*,#2537,.T.);
#1221=ORIENTED_EDGE('',*,*,#2524,.F.);
#1222=ORIENTED_EDGE('',*,*,#2538,.F.);
#1223=ORIENTED_EDGE('',*,*,#2491,.T.);
#1224=CARTESIAN_POINT('',(5.3848,-3.302,7.3787));
#1225=DIRECTION('',(0.707106781186547,-0.707106781186547,0.0));
#1226=DIRECTION('',(0.0,0.0,-1.0));
#1227=ORIENTED_EDGE('',*,*,#2538,.T.);
#1228=ORIENTED_EDGE('',*,*,#2523,.F.);
#1229=ORIENTED_EDGE('',*,*,#2533,.F.);
#1230=ORIENTED_EDGE('',*,*,#2492,.T.);
#1231=CARTESIAN_POINT('',(2.0828,-3.302,7.3787));
#1232=DIRECTION('',(0.0,-1.0,0.0));
#1233=DIRECTION('',(0.0,0.0,-1.0));
#1234=ORIENTED_EDGE('',*,*,#2539,.T.);
#1235=ORIENTED_EDGE('',*,*,#2540,.F.);
#1236=ORIENTED_EDGE('',*,*,#2541,.F.);
#1237=ORIENTED_EDGE('',*,*,#2522,.T.);
#1238=CARTESIAN_POINT('',(-3.5052,-1.5875,-4.1529));
#1239=DIRECTION('',(1.0,0.0,0.0));
#1240=DIRECTION('',(0.0,1.0,0.0));
#1241=ORIENTED_EDGE('',*,*,#2541,.T.);
#1242=ORIENTED_EDGE('',*,*,#2542,.F.);
#1243=ORIENTED_EDGE('',*,*,#2543,.F.);
#1244=ORIENTED_EDGE('',*,*,#2519,.T.);
#1245=CARTESIAN_POINT('',(-4.0132,-1.5875,-4.1529));
#1246=DIRECTION('',(0.0,-1.0,0.0));
#1247=DIRECTION('',(0.0,0.0,-1.0));
#1248=ORIENTED_EDGE('',*,*,#2543,.T.);
#1249=ORIENTED_EDGE('',*,*,#2544,.F.);
#1250=ORIENTED_EDGE('',*,*,#2545,.F.);
#1251=ORIENTED_EDGE('',*,*,#2520,.T.);
#1252=CARTESIAN_POINT('',(-4.0132,1.5875,-4.1529));
#1253=DIRECTION('',(-1.0,0.0,0.0));
#1254=DIRECTION('',(0.0,0.0,1.0));
#1255=ORIENTED_EDGE('',*,*,#2545,.T.);
#1256=ORIENTED_EDGE('',*,*,#2546,.F.);
#1257=ORIENTED_EDGE('',*,*,#2539,.F.);
#1258=ORIENTED_EDGE('',*,*,#2521,.T.);
#1259=CARTESIAN_POINT('',(-3.5052,1.5875,-4.1529));
#1260=DIRECTION('',(-0.0,1.0,0.0));
#1261=DIRECTION('',(1.0,0.0,0.0));
#1262=ORIENTED_EDGE('',*,*,#2547,.T.);
#1263=ORIENTED_EDGE('',*,*,#2546,.T.);
#1264=ORIENTED_EDGE('',*,*,#2548,.F.);
#1265=ORIENTED_EDGE('',*,*,#2549,.F.);
#1266=CARTESIAN_POINT('',(-3.5052,1.397,0.9271));
#1267=DIRECTION('',(0.0,-0.707106781186547,-0.707106781186547));
#1268=DIRECTION('',(0.0,-0.707106781186548,0.707106781186548));
#1269=ORIENTED_EDGE('',*,*,#2549,.T.);
#1270=ORIENTED_EDGE('',*,*,#2550,.T.);
#1271=ORIENTED_EDGE('',*,*,#2551,.T.);
#1272=ORIENTED_EDGE('',*,*,#2552,.T.);
#1273=CARTESIAN_POINT('',(0.0,0.0,0.9271));
#1274=DIRECTION('',(0.0,0.0,1.0));
#1275=DIRECTION('',(1.0,0.0,0.0));
#1276=ORIENTED_EDGE('',*,*,#2553,.T.);
#1277=ORIENTED_EDGE('',*,*,#2540,.T.);
#1278=ORIENTED_EDGE('',*,*,#2547,.F.);
#1279=ORIENTED_EDGE('',*,*,#2552,.F.);
#1280=CARTESIAN_POINT('',(-3.6957,-1.5875,0.9271));
#1281=DIRECTION('',(-0.707106781186547,0.0,-0.707106781186547));
#1282=DIRECTION('',(-0.707106781186548,0.0,0.707106781186548));
#1283=ORIENTED_EDGE('',*,*,#2554,.T.);
#1284=ORIENTED_EDGE('',*,*,#2542,.T.);
#1285=ORIENTED_EDGE('',*,*,#2553,.F.);
#1286=ORIENTED_EDGE('',*,*,#2551,.F.);
#1287=CARTESIAN_POINT('',(-4.0132,-1.397,0.9271));
#1288=DIRECTION('',(0.0,0.707106781186547,-0.707106781186547));
#1289=DIRECTION('',(-1.0,0.0,0.0));
#1290=ORIENTED_EDGE('',*,*,#2548,.T.);
#1291=ORIENTED_EDGE('',*,*,#2544,.T.);
#1292=ORIENTED_EDGE('',*,*,#2554,.F.);
#1293=ORIENTED_EDGE('',*,*,#2550,.F.);
#1294=CARTESIAN_POINT('',(-3.8227,1.5875,0.9271));
#1295=DIRECTION('',(0.707106781186547,0.0,-0.707106781186547));
#1296=DIRECTION('',(0.0,-1.0,0.0));
#1297=ORIENTED_EDGE('',*,*,#2532,.T.);
#1298=ORIENTED_EDGE('',*,*,#2555,.T.);
#1299=ORIENTED_EDGE('',*,*,#2556,.F.);
#1300=ORIENTED_EDGE('',*,*,#2557,.F.);
#1301=CARTESIAN_POINT('',(3.9878,-1.5875,-4.1529));
#1302=DIRECTION('',(1.0,0.0,0.0));
#1303=DIRECTION('',(0.0,1.0,0.0));
#1304=ORIENTED_EDGE('',*,*,#2558,.F.);
#1305=ORIENTED_EDGE('',*,*,#2559,.F.);
#1306=ORIENTED_EDGE('',*,*,#2529,.T.);
#1307=ORIENTED_EDGE('',*,*,#2557,.T.);
#1308=CARTESIAN_POINT('',(3.4798,-1.5875,-4.1529));
#1309=DIRECTION('',(0.0,-1.0,0.0));
#1310=DIRECTION('',(0.0,0.0,-1.0));
#1311=ORIENTED_EDGE('',*,*,#2530,.T.);
#1312=ORIENTED_EDGE('',*,*,#2559,.T.);
#1313=ORIENTED_EDGE('',*,*,#2560,.F.);
#1314=ORIENTED_EDGE('',*,*,#2561,.F.);
#1315=CARTESIAN_POINT('',(3.4798,1.5875,-4.1529));
#1316=DIRECTION('',(-1.0,0.0,0.0));
#1317=DIRECTION('',(0.0,0.0,1.0));
#1318=ORIENTED_EDGE('',*,*,#2531,.T.);
#1319=ORIENTED_EDGE('',*,*,#2561,.T.);
#1320=ORIENTED_EDGE('',*,*,#2562,.F.);
#1321=ORIENTED_EDGE('',*,*,#2555,.F.);
#1322=CARTESIAN_POINT('',(3.9878,1.5875,-4.1529));
#1323=DIRECTION('',(-0.0,1.0,0.0));
#1324=DIRECTION('',(1.0,0.0,0.0));
#1325=ORIENTED_EDGE('',*,*,#2563,.T.);
#1326=ORIENTED_EDGE('',*,*,#2562,.T.);
#1327=ORIENTED_EDGE('',*,*,#2564,.F.);
#1328=ORIENTED_EDGE('',*,*,#2565,.F.);
#1329=CARTESIAN_POINT('',(3.9878,1.397,0.9271));
#1330=DIRECTION('',(0.0,-0.707106781186547,-0.707106781186547));
#1331=DIRECTION('',(0.0,-0.707106781186548,0.707106781186548));
#1332=ORIENTED_EDGE('',*,*,#2565,.T.);
#1333=ORIENTED_EDGE('',*,*,#2566,.T.);
#1334=ORIENTED_EDGE('',*,*,#2567,.T.);
#1335=ORIENTED_EDGE('',*,*,#2568,.T.);
#1336=CARTESIAN_POINT('',(0.0,0.0,0.9271));
#1337=DIRECTION('',(0.0,0.0,1.0));
#1338=DIRECTION('',(1.0,0.0,0.0));
#1339=ORIENTED_EDGE('',*,*,#2569,.T.);
#1340=ORIENTED_EDGE('',*,*,#2556,.T.);
#1341=ORIENTED_EDGE('',*,*,#2563,.F.);
#1342=ORIENTED_EDGE('',*,*,#2568,.F.);
#1343=CARTESIAN_POINT('',(3.7973,-1.5875,0.9271));
#1344=DIRECTION('',(-0.707106781186547,0.0,-0.707106781186547));
#1345=DIRECTION('',(-0.707106781186548,0.0,0.707106781186548));
#1346=ORIENTED_EDGE('',*,*,#2570,.T.);
#1347=ORIENTED_EDGE('',*,*,#2558,.T.);
#1348=ORIENTED_EDGE('',*,*,#2569,.F.);
#1349=ORIENTED_EDGE('',*,*,#2567,.F.);
#1350=CARTESIAN_POINT('',(3.4798,-1.397,0.9271));
#1351=DIRECTION('',(0.0,0.707106781186547,-0.707106781186547));
#1352=DIRECTION('',(-1.0,0.0,0.0));
#1353=ORIENTED_EDGE('',*,*,#2564,.T.);
#1354=ORIENTED_EDGE('',*,*,#2560,.T.);
#1355=ORIENTED_EDGE('',*,*,#2570,.F.);
#1356=ORIENTED_EDGE('',*,*,#2566,.F.);
#1357=CARTESIAN_POINT('',(3.6703,1.5875,0.9271));
#1358=DIRECTION('',(0.707106781186547,0.0,-0.707106781186547));
#1359=DIRECTION('',(0.0,-1.0,0.0));
#1360=ORIENTED_EDGE('',*,*,#2571,.T.);
#1361=ORIENTED_EDGE('',*,*,#2461,.F.);
#1362=ORIENTED_EDGE('',*,*,#2442,.F.);
#1363=ORIENTED_EDGE('',*,*,#2487,.T.);
#1364=CARTESIAN_POINT('',(9.0043,-5.7658,7.3787));
#1365=DIRECTION('',(1.0,0.0,0.0));
#1366=DIRECTION('',(0.0,1.0,0.0));
#1367=ORIENTED_EDGE('',*,*,#2572,.T.);
#1368=ORIENTED_EDGE('',*,*,#2459,.F.);
#1369=ORIENTED_EDGE('',*,*,#2571,.F.);
#1370=ORIENTED_EDGE('',*,*,#2486,.T.);
#1371=CARTESIAN_POINT('',(9.0043,-4.4958,7.3787));
#1372=DIRECTION('',(-0.0,1.0,0.0));
#1373=DIRECTION('',(1.0,0.0,0.0));
#1374=ORIENTED_EDGE('',*,*,#2431,.T.);
#1375=ORIENTED_EDGE('',*,*,#2460,.F.);
#1376=ORIENTED_EDGE('',*,*,#2572,.F.);
#1377=ORIENTED_EDGE('',*,*,#2485,.F.);
#1378=CARTESIAN_POINT('',(7.9883,-4.4958,7.3787));
#1379=DIRECTION('',(-1.0,0.0,0.0));
#1380=DIRECTION('',(0.0,0.0,1.0));
#1381=ORIENTED_EDGE('',*,*,#2573,.T.);
#1382=ORIENTED_EDGE('',*,*,#2464,.F.);
#1383=ORIENTED_EDGE('',*,*,#2433,.F.);
#1384=ORIENTED_EDGE('',*,*,#2484,.T.);
#1385=CARTESIAN_POINT('',(-7.9883,-5.7658,7.3787));
#1386=DIRECTION('',(1.0,0.0,0.0));
#1387=DIRECTION('',(0.0,1.0,0.0));
#1388=ORIENTED_EDGE('',*,*,#2574,.T.);
#1389=ORIENTED_EDGE('',*,*,#2462,.F.);
#1390=ORIENTED_EDGE('',*,*,#2573,.F.);
#1391=ORIENTED_EDGE('',*,*,#2483,.T.);
#1392=CARTESIAN_POINT('',(-7.9883,-4.4958,7.3787));
#1393=DIRECTION('',(-0.0,1.0,0.0));
#1394=DIRECTION('',(1.0,0.0,0.0));
#1395=ORIENTED_EDGE('',*,*,#2435,.T.);
#1396=ORIENTED_EDGE('',*,*,#2463,.F.);
#1397=ORIENTED_EDGE('',*,*,#2574,.F.);
#1398=ORIENTED_EDGE('',*,*,#2482,.F.);
#1399=CARTESIAN_POINT('',(-9.0043,-4.4958,7.3787));
#1400=DIRECTION('',(-1.0,0.0,0.0));
#1401=DIRECTION('',(0.0,0.0,1.0));
#1402=ORIENTED_EDGE('',*,*,#2437,.T.);
#1403=ORIENTED_EDGE('',*,*,#2481,.F.);
#1404=ORIENTED_EDGE('',*,*,#2575,.F.);
#1405=ORIENTED_EDGE('',*,*,#2402,.T.);
#1406=CARTESIAN_POINT('',(-10.541,-4.4958,-7.3787));
#1407=DIRECTION('',(-0.707106781186547,-0.707106781186547,0.0));
#1408=DIRECTION('',(-0.707106781186548,0.707106781186548,0.0));
#1409=ORIENTED_EDGE('',*,*,#2403,.T.);
#1410=ORIENTED_EDGE('',*,*,#2575,.T.);
#1411=ORIENTED_EDGE('',*,*,#2480,.F.);
#1412=ORIENTED_EDGE('',*,*,#2576,.F.);
#1413=ORIENTED_EDGE('',*,*,#2405,.T.);
#1414=ORIENTED_EDGE('',*,*,#2577,.T.);
#1415=ORIENTED_EDGE('',*,*,#2578,.F.);
#1416=ORIENTED_EDGE('',*,*,#2418,.F.);
#1417=CARTESIAN_POINT('',(-10.541,5.7658,-7.3787));
#1418=DIRECTION('',(-1.0,0.0,0.0));
#1419=DIRECTION('',(0.0,0.0,1.0));
#1420=ORIENTED_EDGE('',*,*,#2579,.T.);
#1421=ORIENTED_EDGE('',*,*,#2580,.F.);
#1422=ORIENTED_EDGE('',*,*,#2419,.F.);
#1423=ORIENTED_EDGE('',*,*,#2578,.T.);
#1424=CARTESIAN_POINT('',(-10.541,-4.1148,6.3627));
#1425=DIRECTION('',(0.0,0.0,1.0));
#1426=DIRECTION('',(1.0,0.0,0.0));
#1427=ORIENTED_EDGE('',*,*,#2581,.T.);
#1428=ORIENTED_EDGE('',*,*,#2420,.T.);
#1429=ORIENTED_EDGE('',*,*,#2580,.T.);
#1430=ORIENTED_EDGE('',*,*,#2582,.T.);
#1431=ORIENTED_EDGE('',*,*,#2583,.T.);
#1432=ORIENTED_EDGE('',*,*,#2584,.T.);
#1433=ORIENTED_EDGE('',*,*,#2585,.F.);
#1434=ORIENTED_EDGE('',*,*,#2586,.F.);
#1435=ORIENTED_EDGE('',*,*,#2587,.T.);
#1436=ORIENTED_EDGE('',*,*,#2588,.T.);
#1437=ORIENTED_EDGE('',*,*,#2589,.F.);
#1438=ORIENTED_EDGE('',*,*,#2590,.F.);
#1439=CARTESIAN_POINT('',(-9.0043,5.7658,-7.3787));
#1440=DIRECTION('',(-1.0,0.0,0.0));
#1441=DIRECTION('',(0.0,0.0,1.0));
#1442=ORIENTED_EDGE('',*,*,#2590,.T.);
#1443=ORIENTED_EDGE('',*,*,#2591,.T.);
#1444=ORIENTED_EDGE('',*,*,#2592,.F.);
#1445=ORIENTED_EDGE('',*,*,#2593,.F.);
#1446=CARTESIAN_POINT('',(-9.0043,-3.8608,-6.7437));
#1447=DIRECTION('',(0.0,-1.0,0.0));
#1448=DIRECTION('',(0.0,0.0,-1.0));
#1449=ORIENTED_EDGE('',*,*,#2594,.F.);
#1450=ORIENTED_EDGE('',*,*,#2595,.T.);
#1451=ORIENTED_EDGE('',*,*,#2596,.T.);
#1452=ORIENTED_EDGE('',*,*,#2597,.F.);
#1453=ORIENTED_EDGE('',*,*,#2598,.F.);
#1454=ORIENTED_EDGE('',*,*,#2599,.F.);
#1455=ORIENTED_EDGE('',*,*,#2600,.F.);
#1456=ORIENTED_EDGE('',*,*,#2601,.F.);
#1457=ORIENTED_EDGE('',*,*,#2602,.F.);
#1458=ORIENTED_EDGE('',*,*,#2603,.T.);
#1459=ORIENTED_EDGE('',*,*,#2604,.T.);
#1460=ORIENTED_EDGE('',*,*,#2605,.T.);
#1461=ORIENTED_EDGE('',*,*,#2606,.T.);
#1462=ORIENTED_EDGE('',*,*,#2607,.T.);
#1463=ORIENTED_EDGE('',*,*,#2608,.T.);
#1464=ORIENTED_EDGE('',*,*,#2609,.T.);
#1465=ORIENTED_EDGE('',*,*,#2610,.F.);
#1466=ORIENTED_EDGE('',*,*,#2611,.T.);
#1467=ORIENTED_EDGE('',*,*,#2612,.T.);
#1468=ORIENTED_EDGE('',*,*,#2613,.T.);
#1469=ORIENTED_EDGE('',*,*,#2614,.F.);
#1470=ORIENTED_EDGE('',*,*,#2615,.T.);
#1471=ORIENTED_EDGE('',*,*,#2616,.T.);
#1472=ORIENTED_EDGE('',*,*,#2438,.F.);
#1473=ORIENTED_EDGE('',*,*,#2422,.F.);
#1474=ORIENTED_EDGE('',*,*,#2581,.F.);
#1475=ORIENTED_EDGE('',*,*,#2593,.T.);
#1476=ORIENTED_EDGE('',*,*,#2617,.F.);
#1477=ORIENTED_EDGE('',*,*,#2618,.F.);
#1478=ORIENTED_EDGE('',*,*,#2587,.F.);
#1479=ORIENTED_EDGE('',*,*,#2619,.T.);
#1480=ORIENTED_EDGE('',*,*,#2620,.F.);
#1481=ORIENTED_EDGE('',*,*,#2621,.F.);
#1482=ORIENTED_EDGE('',*,*,#2583,.F.);
#1483=ORIENTED_EDGE('',*,*,#2424,.F.);
#1484=ORIENTED_EDGE('',*,*,#2622,.T.);
#1485=ORIENTED_EDGE('',*,*,#2623,.T.);
#1486=ORIENTED_EDGE('',*,*,#2624,.T.);
#1487=ORIENTED_EDGE('',*,*,#2625,.F.);
#1488=ORIENTED_EDGE('',*,*,#2626,.F.);
#1489=ORIENTED_EDGE('',*,*,#2627,.T.);
#1490=ORIENTED_EDGE('',*,*,#2628,.T.);
#1491=ORIENTED_EDGE('',*,*,#2629,.F.);
#1492=ORIENTED_EDGE('',*,*,#2630,.F.);
#1493=CARTESIAN_POINT('',(-9.0043,5.7658,-6.7437));
#1494=DIRECTION('',(0.0,0.0,1.0));
#1495=DIRECTION('',(1.0,0.0,0.0));
#1496=ORIENTED_EDGE('',*,*,#2631,.F.);
#1497=ORIENTED_EDGE('',*,*,#2632,.F.);
#1498=ORIENTED_EDGE('',*,*,#2633,.F.);
#1499=ORIENTED_EDGE('',*,*,#2634,.F.);
#1500=ORIENTED_EDGE('',*,*,#2635,.F.);
#1501=ORIENTED_EDGE('',*,*,#2636,.F.);
#1502=ORIENTED_EDGE('',*,*,#2637,.F.);
#1503=ORIENTED_EDGE('',*,*,#2638,.F.);
#1504=ORIENTED_EDGE('',*,*,#2639,.F.);
#1505=ORIENTED_EDGE('',*,*,#2640,.F.);
#1506=ORIENTED_EDGE('',*,*,#2641,.F.);
#1507=ORIENTED_EDGE('',*,*,#2642,.F.);
#1508=ORIENTED_EDGE('',*,*,#2643,.F.);
#1509=ORIENTED_EDGE('',*,*,#2644,.F.);
#1510=ORIENTED_EDGE('',*,*,#2645,.F.);
#1511=ORIENTED_EDGE('',*,*,#2646,.F.);
#1512=ORIENTED_EDGE('',*,*,#2647,.F.);
#1513=ORIENTED_EDGE('',*,*,#2648,.F.);
#1514=ORIENTED_EDGE('',*,*,#2649,.F.);
#1515=ORIENTED_EDGE('',*,*,#2650,.F.);
#1516=ORIENTED_EDGE('',*,*,#2651,.F.);
#1517=ORIENTED_EDGE('',*,*,#2652,.F.);
#1518=ORIENTED_EDGE('',*,*,#2630,.T.);
#1519=CARTESIAN_POINT('',(3.2258,5.7658,-7.3787));
#1520=DIRECTION('',(1.0,0.0,0.0));
#1521=DIRECTION('',(0.0,1.0,0.0));
#1522=ORIENTED_EDGE('',*,*,#2652,.T.);
#1523=ORIENTED_EDGE('',*,*,#2653,.T.);
#1524=ORIENTED_EDGE('',*,*,#2654,.F.);
#1525=ORIENTED_EDGE('',*,*,#2627,.F.);
#1526=CARTESIAN_POINT('',(3.2258,-2.58826,-6.7437));
#1527=DIRECTION('',(0.0,-1.0,0.0));
#1528=DIRECTION('',(0.0,0.0,-1.0));
#1529=ORIENTED_EDGE('',*,*,#2654,.T.);
#1530=ORIENTED_EDGE('',*,*,#2655,.T.);
#1531=ORIENTED_EDGE('',*,*,#2656,.T.);
#1532=ORIENTED_EDGE('',*,*,#2657,.T.);
#1533=ORIENTED_EDGE('',*,*,#2658,.T.);
#1534=ORIENTED_EDGE('',*,*,#2659,.T.);
#1535=ORIENTED_EDGE('',*,*,#2660,.T.);
#1536=ORIENTED_EDGE('',*,*,#2661,.T.);
#1537=ORIENTED_EDGE('',*,*,#2662,.T.);
#1538=ORIENTED_EDGE('',*,*,#2663,.T.);
#1539=ORIENTED_EDGE('',*,*,#2664,.T.);
#1540=ORIENTED_EDGE('',*,*,#2665,.T.);
#1541=ORIENTED_EDGE('',*,*,#2666,.T.);
#1542=ORIENTED_EDGE('',*,*,#2667,.T.);
#1543=ORIENTED_EDGE('',*,*,#2668,.T.);
#1544=ORIENTED_EDGE('',*,*,#2669,.T.);
#1545=ORIENTED_EDGE('',*,*,#2670,.T.);
#1546=ORIENTED_EDGE('',*,*,#2671,.T.);
#1547=ORIENTED_EDGE('',*,*,#2672,.T.);
#1548=ORIENTED_EDGE('',*,*,#2673,.T.);
#1549=ORIENTED_EDGE('',*,*,#2674,.T.);
#1550=ORIENTED_EDGE('',*,*,#2675,.T.);
#1551=ORIENTED_EDGE('',*,*,#2628,.F.);
#1552=CARTESIAN_POINT('',(4.2418,5.7658,-7.3787));
#1553=DIRECTION('',(1.0,0.0,0.0));
#1554=DIRECTION('',(0.0,1.0,0.0));
#1555=ORIENTED_EDGE('',*,*,#2675,.F.);
#1556=ORIENTED_EDGE('',*,*,#2676,.F.);
#1557=ORIENTED_EDGE('',*,*,#2631,.T.);
#1558=ORIENTED_EDGE('',*,*,#2629,.T.);
#1559=CARTESIAN_POINT('',(3.2258,1.6129,-11.8999));
#1560=DIRECTION('',(-0.0,1.0,0.0));
#1561=DIRECTION('',(1.0,0.0,0.0));
#1562=ORIENTED_EDGE('',*,*,#2676,.T.);
#1563=ORIENTED_EDGE('',*,*,#2674,.F.);
#1564=ORIENTED_EDGE('',*,*,#2677,.F.);
#1565=ORIENTED_EDGE('',*,*,#2632,.T.);
#1566=CARTESIAN_POINT('',(3.2258,1.41295448195991,-12.4079));
#1567=DIRECTION('',(0.0,0.930518098673624,-0.366245911978309));
#1568=DIRECTION('',(-1.0,0.0,0.0));
#1569=ORIENTED_EDGE('',*,*,#2677,.T.);
#1570=ORIENTED_EDGE('',*,*,#2673,.F.);
#1571=ORIENTED_EDGE('',*,*,#2678,.F.);
#1572=ORIENTED_EDGE('',*,*,#2633,.T.);
#1573=CARTESIAN_POINT('',(3.2258,0.814427240979954,-12.4079));
#1574=DIRECTION('',(0.0,0.0,-1.0));
#1575=DIRECTION('',(0.0,-1.0,0.0));
#1576=ORIENTED_EDGE('',*,*,#2678,.T.);
#1577=ORIENTED_EDGE('',*,*,#2672,.F.);
#1578=ORIENTED_EDGE('',*,*,#2679,.F.);
#1579=ORIENTED_EDGE('',*,*,#2634,.T.);
#1580=CARTESIAN_POINT('',(3.2258,0.542190861470058,-11.3919));
#1581=DIRECTION('',(0.0,-0.965925826289076,-0.258819045102493));
#1582=DIRECTION('',(0.0,0.258819045102493,-0.965925826289076));
#1583=ORIENTED_EDGE('',*,*,#2679,.T.);
#1584=ORIENTED_EDGE('',*,*,#2671,.F.);
#1585=ORIENTED_EDGE('',*,*,#2680,.F.);
#1586=ORIENTED_EDGE('',*,*,#2635,.T.);
#1587=CARTESIAN_POINT('',(3.2258,-0.056336379510023,-11.3919));
#1588=DIRECTION('',(0.0,0.0,-1.0));
#1589=DIRECTION('',(0.0,-1.0,0.0));
#1590=ORIENTED_EDGE('',*,*,#2680,.T.);
#1591=ORIENTED_EDGE('',*,*,#2670,.F.);
#1592=ORIENTED_EDGE('',*,*,#2681,.F.);
#1593=ORIENTED_EDGE('',*,*,#2636,.T.);
#1594=CARTESIAN_POINT('',(3.2258,-0.328572759020046,-12.4079));
#1595=DIRECTION('',(0.0,0.965925826289076,-0.258819045102493));
#1596=DIRECTION('',(-1.0,0.0,0.0));
#1597=ORIENTED_EDGE('',*,*,#2681,.T.);
#1598=ORIENTED_EDGE('',*,*,#2669,.F.);
#1599=ORIENTED_EDGE('',*,*,#2682,.F.);
#1600=ORIENTED_EDGE('',*,*,#2637,.T.);
#1601=CARTESIAN_POINT('',(3.2258,-0.9271,-12.4079));
#1602=DIRECTION('',(0.0,0.0,-1.0));
#1603=DIRECTION('',(0.0,-1.0,0.0));
#1604=ORIENTED_EDGE('',*,*,#2682,.T.);
#1605=ORIENTED_EDGE('',*,*,#2668,.F.);
#1606=ORIENTED_EDGE('',*,*,#2683,.F.);
#1607=ORIENTED_EDGE('',*,*,#2638,.T.);
#1608=CARTESIAN_POINT('',(3.2258,-1.3716,-12.4079));
#1609=DIRECTION('',(-1.0,0.0,0.0));
#1610=DIRECTION('',(0.0,1.0,0.0));
#1611=ORIENTED_EDGE('',*,*,#2683,.T.);
#1612=ORIENTED_EDGE('',*,*,#2667,.F.);
#1613=ORIENTED_EDGE('',*,*,#2684,.F.);
#1614=ORIENTED_EDGE('',*,*,#2639,.T.);
#1615=CARTESIAN_POINT('',(3.2258,-3.04320926284032,-12.2174));
#1616=DIRECTION('',(0.0,0.0,-1.0));
#1617=DIRECTION('',(0.0,-1.0,0.0));
#1618=ORIENTED_EDGE('',*,*,#2684,.T.);
#1619=ORIENTED_EDGE('',*,*,#2666,.F.);
#1620=ORIENTED_EDGE('',*,*,#2685,.F.);
#1621=ORIENTED_EDGE('',*,*,#2640,.T.);
#1622=CARTESIAN_POINT('',(3.2258,-3.44481852568318,-12.4079));
#1623=DIRECTION('',(-1.0,0.0,0.0));
#1624=DIRECTION('',(0.0,1.0,0.0));
#1625=ORIENTED_EDGE('',*,*,#2685,.T.);
#1626=ORIENTED_EDGE('',*,*,#2665,.F.);
#1627=ORIENTED_EDGE('',*,*,#2686,.F.);
#1628=ORIENTED_EDGE('',*,*,#2641,.T.);
#1629=CARTESIAN_POINT('',(3.2258,-10.5918,-12.4079));
#1630=DIRECTION('',(0.0,0.0,-1.0));
#1631=DIRECTION('',(0.0,-1.0,0.0));
#1632=ORIENTED_EDGE('',*,*,#2686,.T.);
#1633=ORIENTED_EDGE('',*,*,#2664,.F.);
#1634=ORIENTED_EDGE('',*,*,#2687,.F.);
#1635=ORIENTED_EDGE('',*,*,#2642,.T.);
#1636=CARTESIAN_POINT('',(3.2258,-11.0998,-12.2079544819594));
#1637=DIRECTION('',(0.0,-0.366245911978309,-0.930518098673624));
#1638=DIRECTION('',(0.0,-0.930518098673624,0.366245911978309));
#1639=ORIENTED_EDGE('',*,*,#2687,.T.);
#1640=ORIENTED_EDGE('',*,*,#2663,.F.);
#1641=ORIENTED_EDGE('',*,*,#2688,.F.);
#1642=ORIENTED_EDGE('',*,*,#2643,.T.);
#1643=CARTESIAN_POINT('',(3.2258,-11.0998,-11.5918455180406));
#1644=DIRECTION('',(0.0,-1.0,0.0));
#1645=DIRECTION('',(0.0,0.0,-1.0));
#1646=ORIENTED_EDGE('',*,*,#2688,.T.);
#1647=ORIENTED_EDGE('',*,*,#2662,.F.);
#1648=ORIENTED_EDGE('',*,*,#2689,.F.);
#1649=ORIENTED_EDGE('',*,*,#2644,.T.);
#1650=CARTESIAN_POINT('',(3.2258,-10.5918,-11.3919));
#1651=DIRECTION('',(0.0,-0.366245911978309,0.930518098673624));
#1652=DIRECTION('',(-1.0,0.0,0.0));
#1653=ORIENTED_EDGE('',*,*,#2689,.T.);
#1654=ORIENTED_EDGE('',*,*,#2661,.F.);
#1655=ORIENTED_EDGE('',*,*,#2690,.F.);
#1656=ORIENTED_EDGE('',*,*,#2645,.T.);
#1657=CARTESIAN_POINT('',(3.2258,-5.7658,-11.3919));
#1658=DIRECTION('',(0.0,0.0,1.0));
#1659=DIRECTION('',(1.0,0.0,0.0));
#1660=ORIENTED_EDGE('',*,*,#2690,.T.);
#1661=ORIENTED_EDGE('',*,*,#2660,.F.);
#1662=ORIENTED_EDGE('',*,*,#2691,.F.);
#1663=ORIENTED_EDGE('',*,*,#2646,.T.);
#1664=CARTESIAN_POINT('',(3.2258,-5.7658,-9.2329));
#1665=DIRECTION('',(0.0,-1.0,0.0));
#1666=DIRECTION('',(0.0,0.0,-1.0));
#1667=ORIENTED_EDGE('',*,*,#2691,.T.);
#1668=ORIENTED_EDGE('',*,*,#2659,.F.);
#1669=ORIENTED_EDGE('',*,*,#2692,.F.);
#1670=ORIENTED_EDGE('',*,*,#2647,.T.);
#1671=CARTESIAN_POINT('',(3.2258,-10.5918,-9.2329));
#1672=DIRECTION('',(0.0,0.0,-1.0));
#1673=DIRECTION('',(0.0,-1.0,0.0));
#1674=ORIENTED_EDGE('',*,*,#2692,.T.);
#1675=ORIENTED_EDGE('',*,*,#2658,.F.);
#1676=ORIENTED_EDGE('',*,*,#2693,.F.);
#1677=ORIENTED_EDGE('',*,*,#2648,.T.);
#1678=CARTESIAN_POINT('',(3.2258,-11.0998,-9.0329544819594));
#1679=DIRECTION('',(0.0,-0.366245911978309,-0.930518098673624));
#1680=DIRECTION('',(0.0,-0.930518098673624,0.366245911978309));
#1681=ORIENTED_EDGE('',*,*,#2693,.T.);
#1682=ORIENTED_EDGE('',*,*,#2657,.F.);
#1683=ORIENTED_EDGE('',*,*,#2694,.F.);
#1684=ORIENTED_EDGE('',*,*,#2649,.T.);
#1685=CARTESIAN_POINT('',(3.2258,-11.0998,-8.4168455180406));
#1686=DIRECTION('',(0.0,-1.0,0.0));
#1687=DIRECTION('',(0.0,0.0,-1.0));
#1688=ORIENTED_EDGE('',*,*,#2694,.T.);
#1689=ORIENTED_EDGE('',*,*,#2656,.F.);
#1690=ORIENTED_EDGE('',*,*,#2695,.F.);
#1691=ORIENTED_EDGE('',*,*,#2650,.T.);
#1692=CARTESIAN_POINT('',(3.2258,-10.5918,-8.2169));
#1693=DIRECTION('',(0.0,-0.366245911978309,0.930518098673624));
#1694=DIRECTION('',(-1.0,0.0,0.0));
#1695=ORIENTED_EDGE('',*,*,#2695,.T.);
#1696=ORIENTED_EDGE('',*,*,#2655,.F.);
#1697=ORIENTED_EDGE('',*,*,#2653,.F.);
#1698=ORIENTED_EDGE('',*,*,#2651,.T.);
#1699=CARTESIAN_POINT('',(3.2258,-2.58826,-8.2169));
#1700=DIRECTION('',(0.0,0.0,1.0));
#1701=DIRECTION('',(1.0,0.0,0.0));
#1702=ORIENTED_EDGE('',*,*,#2696,.F.);
#1703=ORIENTED_EDGE('',*,*,#2697,.F.);
#1704=ORIENTED_EDGE('',*,*,#2698,.F.);
#1705=ORIENTED_EDGE('',*,*,#2699,.F.);
#1706=ORIENTED_EDGE('',*,*,#2700,.F.);
#1707=ORIENTED_EDGE('',*,*,#2701,.F.);
#1708=ORIENTED_EDGE('',*,*,#2702,.F.);
#1709=ORIENTED_EDGE('',*,*,#2703,.F.);
#1710=ORIENTED_EDGE('',*,*,#2704,.F.);
#1711=ORIENTED_EDGE('',*,*,#2705,.F.);
#1712=ORIENTED_EDGE('',*,*,#2706,.F.);
#1713=ORIENTED_EDGE('',*,*,#2707,.F.);
#1714=ORIENTED_EDGE('',*,*,#2708,.F.);
#1715=ORIENTED_EDGE('',*,*,#2709,.F.);
#1716=ORIENTED_EDGE('',*,*,#2710,.F.);
#1717=ORIENTED_EDGE('',*,*,#2711,.F.);
#1718=ORIENTED_EDGE('',*,*,#2712,.F.);
#1719=ORIENTED_EDGE('',*,*,#2713,.F.);
#1720=ORIENTED_EDGE('',*,*,#2714,.F.);
#1721=ORIENTED_EDGE('',*,*,#2715,.F.);
#1722=ORIENTED_EDGE('',*,*,#2716,.F.);
#1723=ORIENTED_EDGE('',*,*,#2717,.F.);
#1724=ORIENTED_EDGE('',*,*,#2626,.T.);
#1725=CARTESIAN_POINT('',(-4.2672,5.7658,-7.3787));
#1726=DIRECTION('',(1.0,0.0,0.0));
#1727=DIRECTION('',(0.0,1.0,0.0));
#1728=ORIENTED_EDGE('',*,*,#2717,.T.);
#1729=ORIENTED_EDGE('',*,*,#2718,.T.);
#1730=ORIENTED_EDGE('',*,*,#2719,.F.);
#1731=ORIENTED_EDGE('',*,*,#2623,.F.);
#1732=CARTESIAN_POINT('',(-4.2672,-2.58826,-6.7437));
#1733=DIRECTION('',(0.0,-1.0,0.0));
#1734=DIRECTION('',(0.0,0.0,-1.0));
#1735=ORIENTED_EDGE('',*,*,#2719,.T.);
#1736=ORIENTED_EDGE('',*,*,#2720,.T.);
#1737=ORIENTED_EDGE('',*,*,#2721,.T.);
#1738=ORIENTED_EDGE('',*,*,#2722,.T.);
#1739=ORIENTED_EDGE('',*,*,#2723,.T.);
#1740=ORIENTED_EDGE('',*,*,#2724,.T.);
#1741=ORIENTED_EDGE('',*,*,#2725,.T.);
#1742=ORIENTED_EDGE('',*,*,#2726,.T.);
#1743=ORIENTED_EDGE('',*,*,#2727,.T.);
#1744=ORIENTED_EDGE('',*,*,#2728,.T.);
#1745=ORIENTED_EDGE('',*,*,#2729,.T.);
#1746=ORIENTED_EDGE('',*,*,#2730,.T.);
#1747=ORIENTED_EDGE('',*,*,#2731,.T.);
#1748=ORIENTED_EDGE('',*,*,#2732,.T.);
#1749=ORIENTED_EDGE('',*,*,#2733,.T.);
#1750=ORIENTED_EDGE('',*,*,#2734,.T.);
#1751=ORIENTED_EDGE('',*,*,#2735,.T.);
#1752=ORIENTED_EDGE('',*,*,#2736,.T.);
#1753=ORIENTED_EDGE('',*,*,#2737,.T.);
#1754=ORIENTED_EDGE('',*,*,#2738,.T.);
#1755=ORIENTED_EDGE('',*,*,#2739,.T.);
#1756=ORIENTED_EDGE('',*,*,#2740,.T.);
#1757=ORIENTED_EDGE('',*,*,#2624,.F.);
#1758=CARTESIAN_POINT('',(-3.2512,5.7658,-7.3787));
#1759=DIRECTION('',(1.0,0.0,0.0));
#1760=DIRECTION('',(0.0,1.0,0.0));
#1761=ORIENTED_EDGE('',*,*,#2740,.F.);
#1762=ORIENTED_EDGE('',*,*,#2741,.F.);
#1763=ORIENTED_EDGE('',*,*,#2696,.T.);
#1764=ORIENTED_EDGE('',*,*,#2625,.T.);
#1765=CARTESIAN_POINT('',(-4.2672,1.6129,-11.8999));
#1766=DIRECTION('',(-0.0,1.0,0.0));
#1767=DIRECTION('',(1.0,0.0,0.0));
#1768=ORIENTED_EDGE('',*,*,#2741,.T.);
#1769=ORIENTED_EDGE('',*,*,#2739,.F.);
#1770=ORIENTED_EDGE('',*,*,#2742,.F.);
#1771=ORIENTED_EDGE('',*,*,#2697,.T.);
#1772=CARTESIAN_POINT('',(-4.2672,1.41295448195991,-12.4079));
#1773=DIRECTION('',(0.0,0.930518098673624,-0.366245911978309));
#1774=DIRECTION('',(-1.0,0.0,0.0));
#1775=ORIENTED_EDGE('',*,*,#2742,.T.);
#1776=ORIENTED_EDGE('',*,*,#2738,.F.);
#1777=ORIENTED_EDGE('',*,*,#2743,.F.);
#1778=ORIENTED_EDGE('',*,*,#2698,.T.);
#1779=CARTESIAN_POINT('',(-4.2672,0.814427240979954,-12.4079));
#1780=DIRECTION('',(0.0,0.0,-1.0));
#1781=DIRECTION('',(0.0,-1.0,0.0));
#1782=ORIENTED_EDGE('',*,*,#2743,.T.);
#1783=ORIENTED_EDGE('',*,*,#2737,.F.);
#1784=ORIENTED_EDGE('',*,*,#2744,.F.);
#1785=ORIENTED_EDGE('',*,*,#2699,.T.);
#1786=CARTESIAN_POINT('',(-4.2672,0.542190861470058,-11.3919));
#1787=DIRECTION('',(0.0,-0.965925826289076,-0.258819045102493));
#1788=DIRECTION('',(0.0,0.258819045102493,-0.965925826289076));
#1789=ORIENTED_EDGE('',*,*,#2744,.T.);
#1790=ORIENTED_EDGE('',*,*,#2736,.F.);
#1791=ORIENTED_EDGE('',*,*,#2745,.F.);
#1792=ORIENTED_EDGE('',*,*,#2700,.T.);
#1793=CARTESIAN_POINT('',(-4.2672,-0.056336379510023,-11.3919));
#1794=DIRECTION('',(0.0,0.0,-1.0));
#1795=DIRECTION('',(0.0,-1.0,0.0));
#1796=ORIENTED_EDGE('',*,*,#2745,.T.);
#1797=ORIENTED_EDGE('',*,*,#2735,.F.);
#1798=ORIENTED_EDGE('',*,*,#2746,.F.);
#1799=ORIENTED_EDGE('',*,*,#2701,.T.);
#1800=CARTESIAN_POINT('',(-4.2672,-0.328572759020046,-12.4079));
#1801=DIRECTION('',(0.0,0.965925826289076,-0.258819045102493));
#1802=DIRECTION('',(-1.0,0.0,0.0));
#1803=ORIENTED_EDGE('',*,*,#2746,.T.);
#1804=ORIENTED_EDGE('',*,*,#2734,.F.);
#1805=ORIENTED_EDGE('',*,*,#2747,.F.);
#1806=ORIENTED_EDGE('',*,*,#2702,.T.);
#1807=CARTESIAN_POINT('',(-4.2672,-0.9271,-12.4079));
#1808=DIRECTION('',(0.0,0.0,-1.0));
#1809=DIRECTION('',(0.0,-1.0,0.0));
#1810=ORIENTED_EDGE('',*,*,#2747,.T.);
#1811=ORIENTED_EDGE('',*,*,#2733,.F.);
#1812=ORIENTED_EDGE('',*,*,#2748,.F.);
#1813=ORIENTED_EDGE('',*,*,#2703,.T.);
#1814=CARTESIAN_POINT('',(-4.2672,-1.3716,-12.4079));
#1815=DIRECTION('',(-1.0,0.0,0.0));
#1816=DIRECTION('',(0.0,1.0,0.0));
#1817=ORIENTED_EDGE('',*,*,#2748,.T.);
#1818=ORIENTED_EDGE('',*,*,#2732,.F.);
#1819=ORIENTED_EDGE('',*,*,#2749,.F.);
#1820=ORIENTED_EDGE('',*,*,#2704,.T.);
#1821=CARTESIAN_POINT('',(-4.2672,-3.04320926284032,-12.2174));
#1822=DIRECTION('',(0.0,0.0,-1.0));
#1823=DIRECTION('',(0.0,-1.0,0.0));
#1824=ORIENTED_EDGE('',*,*,#2749,.T.);
#1825=ORIENTED_EDGE('',*,*,#2731,.F.);
#1826=ORIENTED_EDGE('',*,*,#2750,.F.);
#1827=ORIENTED_EDGE('',*,*,#2705,.T.);
#1828=CARTESIAN_POINT('',(-4.2672,-3.44481852568318,-12.4079));
#1829=DIRECTION('',(-1.0,0.0,0.0));
#1830=DIRECTION('',(0.0,1.0,0.0));
#1831=ORIENTED_EDGE('',*,*,#2750,.T.);
#1832=ORIENTED_EDGE('',*,*,#2730,.F.);
#1833=ORIENTED_EDGE('',*,*,#2751,.F.);
#1834=ORIENTED_EDGE('',*,*,#2706,.T.);
#1835=CARTESIAN_POINT('',(-4.2672,-10.5918,-12.4079));
#1836=DIRECTION('',(0.0,0.0,-1.0));
#1837=DIRECTION('',(0.0,-1.0,0.0));
#1838=ORIENTED_EDGE('',*,*,#2751,.T.);
#1839=ORIENTED_EDGE('',*,*,#2729,.F.);
#1840=ORIENTED_EDGE('',*,*,#2752,.F.);
#1841=ORIENTED_EDGE('',*,*,#2707,.T.);
#1842=CARTESIAN_POINT('',(-4.2672,-11.0998,-12.2079544819594));
#1843=DIRECTION('',(0.0,-0.366245911978309,-0.930518098673624));
#1844=DIRECTION('',(0.0,-0.930518098673624,0.366245911978309));
#1845=ORIENTED_EDGE('',*,*,#2752,.T.);
#1846=ORIENTED_EDGE('',*,*,#2728,.F.);
#1847=ORIENTED_EDGE('',*,*,#2753,.F.);
#1848=ORIENTED_EDGE('',*,*,#2708,.T.);
#1849=CARTESIAN_POINT('',(-4.2672,-11.0998,-11.5918455180406));
#1850=DIRECTION('',(0.0,-1.0,0.0));
#1851=DIRECTION('',(0.0,0.0,-1.0));
#1852=ORIENTED_EDGE('',*,*,#2753,.T.);
#1853=ORIENTED_EDGE('',*,*,#2727,.F.);
#1854=ORIENTED_EDGE('',*,*,#2754,.F.);
#1855=ORIENTED_EDGE('',*,*,#2709,.T.);
#1856=CARTESIAN_POINT('',(-4.2672,-10.5918,-11.3919));
#1857=DIRECTION('',(0.0,-0.366245911978309,0.930518098673624));
#1858=DIRECTION('',(-1.0,0.0,0.0));
#1859=ORIENTED_EDGE('',*,*,#2754,.T.);
#1860=ORIENTED_EDGE('',*,*,#2726,.F.);
#1861=ORIENTED_EDGE('',*,*,#2755,.F.);
#1862=ORIENTED_EDGE('',*,*,#2710,.T.);
#1863=CARTESIAN_POINT('',(-4.2672,-5.7658,-11.3919));
#1864=DIRECTION('',(0.0,0.0,1.0));
#1865=DIRECTION('',(1.0,0.0,0.0));
#1866=ORIENTED_EDGE('',*,*,#2755,.T.);
#1867=ORIENTED_EDGE('',*,*,#2725,.F.);
#1868=ORIENTED_EDGE('',*,*,#2756,.F.);
#1869=ORIENTED_EDGE('',*,*,#2711,.T.);
#1870=CARTESIAN_POINT('',(-4.2672,-5.7658,-9.2329));
#1871=DIRECTION('',(0.0,-1.0,0.0));
#1872=DIRECTION('',(0.0,0.0,-1.0));
#1873=ORIENTED_EDGE('',*,*,#2756,.T.);
#1874=ORIENTED_EDGE('',*,*,#2724,.F.);
#1875=ORIENTED_EDGE('',*,*,#2757,.F.);
#1876=ORIENTED_EDGE('',*,*,#2712,.T.);
#1877=CARTESIAN_POINT('',(-4.2672,-10.5918,-9.2329));
#1878=DIRECTION('',(0.0,0.0,-1.0));
#1879=DIRECTION('',(0.0,-1.0,0.0));
#1880=ORIENTED_EDGE('',*,*,#2757,.T.);
#1881=ORIENTED_EDGE('',*,*,#2723,.F.);
#1882=ORIENTED_EDGE('',*,*,#2758,.F.);
#1883=ORIENTED_EDGE('',*,*,#2713,.T.);
#1884=CARTESIAN_POINT('',(-4.2672,-11.0998,-9.0329544819594));
#1885=DIRECTION('',(0.0,-0.366245911978309,-0.930518098673624));
#1886=DIRECTION('',(0.0,-0.930518098673624,0.366245911978309));
#1887=ORIENTED_EDGE('',*,*,#2758,.T.);
#1888=ORIENTED_EDGE('',*,*,#2722,.F.);
#1889=ORIENTED_EDGE('',*,*,#2759,.F.);
#1890=ORIENTED_EDGE('',*,*,#2714,.T.);
#1891=CARTESIAN_POINT('',(-4.2672,-11.0998,-8.4168455180406));
#1892=DIRECTION('',(0.0,-1.0,0.0));
#1893=DIRECTION('',(0.0,0.0,-1.0));
#1894=ORIENTED_EDGE('',*,*,#2759,.T.);
#1895=ORIENTED_EDGE('',*,*,#2721,.F.);
#1896=ORIENTED_EDGE('',*,*,#2760,.F.);
#1897=ORIENTED_EDGE('',*,*,#2715,.T.);
#1898=CARTESIAN_POINT('',(-4.2672,-10.5918,-8.2169));
#1899=DIRECTION('',(0.0,-0.366245911978309,0.930518098673624));
#1900=DIRECTION('',(-1.0,0.0,0.0));
#1901=ORIENTED_EDGE('',*,*,#2760,.T.);
#1902=ORIENTED_EDGE('',*,*,#2720,.F.);
#1903=ORIENTED_EDGE('',*,*,#2718,.F.);
#1904=ORIENTED_EDGE('',*,*,#2716,.T.);
#1905=CARTESIAN_POINT('',(-4.2672,-2.58826,-8.2169));
#1906=DIRECTION('',(0.0,0.0,1.0));
#1907=DIRECTION('',(1.0,0.0,0.0));
#1908=ORIENTED_EDGE('',*,*,#2761,.T.);
#1909=ORIENTED_EDGE('',*,*,#2605,.F.);
#1910=ORIENTED_EDGE('',*,*,#2762,.T.);
#1911=ORIENTED_EDGE('',*,*,#2455,.F.);
#1912=CARTESIAN_POINT('',(10.541,5.5118,-7.3787));
#1913=DIRECTION('',(-0.0,1.0,0.0));
#1914=DIRECTION('',(1.0,0.0,0.0));
#1915=ORIENTED_EDGE('',*,*,#2763,.T.);
#1916=ORIENTED_EDGE('',*,*,#2622,.F.);
#1917=ORIENTED_EDGE('',*,*,#2430,.T.);
#1918=ORIENTED_EDGE('',*,*,#2458,.F.);
#1919=CARTESIAN_POINT('',(10.541,5.5118,-7.3787));
#1920=DIRECTION('',(-0.0,1.0,0.0));
#1921=DIRECTION('',(1.0,0.0,0.0));
#1922=ORIENTED_EDGE('',*,*,#2604,.F.);
#1923=ORIENTED_EDGE('',*,*,#2764,.F.);
#1924=ORIENTED_EDGE('',*,*,#2473,.F.);
#1925=ORIENTED_EDGE('',*,*,#2765,.T.);
#1926=ORIENTED_EDGE('',*,*,#2452,.F.);
#1927=ORIENTED_EDGE('',*,*,#2762,.F.);
#1928=CARTESIAN_POINT('',(7.9883,5.7658,-6.7437));
#1929=DIRECTION('',(-1.0,0.0,0.0));
#1930=DIRECTION('',(0.0,0.0,1.0));
#1931=ORIENTED_EDGE('',*,*,#2766,.T.);
#1932=ORIENTED_EDGE('',*,*,#2453,.F.);
#1933=ORIENTED_EDGE('',*,*,#2765,.F.);
#1934=ORIENTED_EDGE('',*,*,#2472,.T.);
#1935=CARTESIAN_POINT('',(7.9883,3.7338,7.3787));
#1936=DIRECTION('',(0.0,-1.0,0.0));
#1937=DIRECTION('',(0.0,0.0,-1.0));
#1938=ORIENTED_EDGE('',*,*,#2412,.T.);
#1939=ORIENTED_EDGE('',*,*,#2439,.T.);
#1940=ORIENTED_EDGE('',*,*,#2616,.F.);
#1941=ORIENTED_EDGE('',*,*,#2767,.T.);
#1942=CARTESIAN_POINT('',(9.0043,5.7658,-6.7437));
#1943=DIRECTION('',(1.0,0.0,0.0));
#1944=DIRECTION('',(0.0,1.0,0.0));
#1945=ORIENTED_EDGE('',*,*,#2768,.F.);
#1946=ORIENTED_EDGE('',*,*,#2414,.T.);
#1947=ORIENTED_EDGE('',*,*,#2769,.F.);
#1948=ORIENTED_EDGE('',*,*,#2606,.F.);
#1949=ORIENTED_EDGE('',*,*,#2761,.F.);
#1950=ORIENTED_EDGE('',*,*,#2454,.F.);
#1951=ORIENTED_EDGE('',*,*,#2766,.F.);
#1952=ORIENTED_EDGE('',*,*,#2471,.F.);
#1953=CARTESIAN_POINT('',(9.0043,5.7658,-6.7437));
#1954=DIRECTION('',(1.0,0.0,0.0));
#1955=DIRECTION('',(0.0,1.0,0.0));
#1956=ORIENTED_EDGE('',*,*,#2767,.F.);
#1957=ORIENTED_EDGE('',*,*,#2770,.T.);
#1958=ORIENTED_EDGE('',*,*,#2771,.F.);
#1959=ORIENTED_EDGE('',*,*,#2772,.F.);
#1960=ORIENTED_EDGE('',*,*,#2413,.T.);
#1961=CARTESIAN_POINT('',(10.541,-4.1148,-7.3787));
#1962=DIRECTION('',(-0.0,1.0,0.0));
#1963=DIRECTION('',(1.0,0.0,0.0));
#1964=ORIENTED_EDGE('',*,*,#2773,.T.);
#1965=ORIENTED_EDGE('',*,*,#2774,.F.);
#1966=ORIENTED_EDGE('',*,*,#2416,.T.);
#1967=ORIENTED_EDGE('',*,*,#2775,.T.);
#1968=ORIENTED_EDGE('',*,*,#2469,.F.);
#1969=ORIENTED_EDGE('',*,*,#2776,.F.);
#1970=ORIENTED_EDGE('',*,*,#2409,.T.);
#1971=ORIENTED_EDGE('',*,*,#2772,.T.);
#1972=CARTESIAN_POINT('',(10.541,-4.4958,-7.3787));
#1973=DIRECTION('',(1.0,0.0,0.0));
#1974=DIRECTION('',(0.0,1.0,0.0));
#1975=ORIENTED_EDGE('',*,*,#2776,.T.);
#1976=ORIENTED_EDGE('',*,*,#2468,.F.);
#1977=ORIENTED_EDGE('',*,*,#2440,.F.);
#1978=ORIENTED_EDGE('',*,*,#2410,.T.);
#1979=CARTESIAN_POINT('',(9.271,-5.7658,-7.3787));
#1980=DIRECTION('',(0.707106781186547,-0.707106781186547,0.0));
#1981=DIRECTION('',(0.0,0.0,-1.0));
#1982=ORIENTED_EDGE('',*,*,#2603,.F.);
#1983=ORIENTED_EDGE('',*,*,#2777,.F.);
#1984=ORIENTED_EDGE('',*,*,#2778,.F.);
#1985=ORIENTED_EDGE('',*,*,#2779,.T.);
#1986=ORIENTED_EDGE('',*,*,#2780,.T.);
#1987=ORIENTED_EDGE('',*,*,#2781,.T.);
#1988=ORIENTED_EDGE('',*,*,#2782,.F.);
#1989=ORIENTED_EDGE('',*,*,#2783,.T.);
#1990=ORIENTED_EDGE('',*,*,#2474,.F.);
#1991=ORIENTED_EDGE('',*,*,#2764,.T.);
#1992=CARTESIAN_POINT('',(10.541,5.7658,-7.3787));
#1993=DIRECTION('',(-0.0,1.0,0.0));
#1994=DIRECTION('',(1.0,0.0,0.0));
#1995=ORIENTED_EDGE('',*,*,#2470,.F.);
#1996=ORIENTED_EDGE('',*,*,#2775,.F.);
#1997=ORIENTED_EDGE('',*,*,#2415,.T.);
#1998=ORIENTED_EDGE('',*,*,#2768,.T.);
#1999=CARTESIAN_POINT('',(10.541,5.7658,-7.3787));
#2000=DIRECTION('',(-0.0,1.0,0.0));
#2001=DIRECTION('',(1.0,0.0,0.0));
#2002=ORIENTED_EDGE('',*,*,#2406,.T.);
#2003=ORIENTED_EDGE('',*,*,#2576,.T.);
#2004=ORIENTED_EDGE('',*,*,#2479,.F.);
#2005=ORIENTED_EDGE('',*,*,#2426,.T.);
#2006=CARTESIAN_POINT('',(10.541,5.7658,-7.3787));
#2007=DIRECTION('',(-0.0,1.0,0.0));
#2008=DIRECTION('',(1.0,0.0,0.0));
#2009=ORIENTED_EDGE('',*,*,#2476,.F.);
#2010=ORIENTED_EDGE('',*,*,#2784,.T.);
#2011=ORIENTED_EDGE('',*,*,#2785,.F.);
#2012=ORIENTED_EDGE('',*,*,#2786,.T.);
#2013=ORIENTED_EDGE('',*,*,#2787,.T.);
#2014=ORIENTED_EDGE('',*,*,#2788,.T.);
#2015=ORIENTED_EDGE('',*,*,#2789,.F.);
#2016=ORIENTED_EDGE('',*,*,#2790,.F.);
#2017=ORIENTED_EDGE('',*,*,#2595,.F.);
#2018=ORIENTED_EDGE('',*,*,#2791,.T.);
#2019=CARTESIAN_POINT('',(10.541,5.7658,-7.3787));
#2020=DIRECTION('',(-0.0,1.0,0.0));
#2021=DIRECTION('',(1.0,0.0,0.0));
#2022=ORIENTED_EDGE('',*,*,#2792,.T.);
#2023=ORIENTED_EDGE('',*,*,#2793,.F.);
#2024=ORIENTED_EDGE('',*,*,#2794,.T.);
#2025=ORIENTED_EDGE('',*,*,#2783,.F.);
#2026=ORIENTED_EDGE('',*,*,#2795,.F.);
#2027=CARTESIAN_POINT('',(1.524,7.62,3.5941));
#2028=DIRECTION('',(-0.997755429024646,0.0,0.066963451612393));
#2029=DIRECTION('',(0.0,1.0,0.0));
#2030=ORIENTED_EDGE('',*,*,#2796,.T.);
#2031=ORIENTED_EDGE('',*,*,#2795,.T.);
#2032=ORIENTED_EDGE('',*,*,#2797,.T.);
#2033=ORIENTED_EDGE('',*,*,#2798,.F.);
#2034=CARTESIAN_POINT('',(-1.778,5.7658,7.3787));
#2035=DIRECTION('',(0.0,-1.0,0.0));
#2036=DIRECTION('',(0.0,0.0,-1.0));
#2037=ORIENTED_EDGE('',*,*,#2784,.F.);
#2038=ORIENTED_EDGE('',*,*,#2799,.F.);
#2039=ORIENTED_EDGE('',*,*,#2800,.T.);
#2040=ORIENTED_EDGE('',*,*,#2801,.F.);
#2041=ORIENTED_EDGE('',*,*,#2798,.T.);
#2042=CARTESIAN_POINT('',(-1.778,7.62,7.3787));
#2043=DIRECTION('',(0.997755429024646,0.0,0.066963451612393));
#2044=DIRECTION('',(0.0,-1.0,0.0));
#2045=ORIENTED_EDGE('',*,*,#2802,.T.);
#2046=ORIENTED_EDGE('',*,*,#2792,.F.);
#2047=ORIENTED_EDGE('',*,*,#2796,.F.);
#2048=ORIENTED_EDGE('',*,*,#2801,.T.);
#2049=CARTESIAN_POINT('',(-1.778,5.7658,3.92104548762918));
#2050=DIRECTION('',(0.0,-0.173648177666902,-0.984807753012213));
#2051=DIRECTION('',(0.0,-0.984807753012213,0.173648177666902));
#2052=ORIENTED_EDGE('',*,*,#2803,.T.);
#2053=ORIENTED_EDGE('',*,*,#2793,.T.);
#2054=ORIENTED_EDGE('',*,*,#2802,.F.);
#2055=ORIENTED_EDGE('',*,*,#2800,.F.);
#2056=CARTESIAN_POINT('',(-1.778,7.62,3.5941));
#2057=DIRECTION('',(-0.0,1.0,0.0));
#2058=DIRECTION('',(1.0,0.0,0.0));
#2059=ORIENTED_EDGE('',*,*,#2475,.T.);
#2060=ORIENTED_EDGE('',*,*,#2794,.F.);
#2061=ORIENTED_EDGE('',*,*,#2803,.F.);
#2062=ORIENTED_EDGE('',*,*,#2799,.T.);
#2063=CARTESIAN_POINT('',(-1.778,7.62,5.1181));
#2064=DIRECTION('',(0.0,0.773182592118269,0.634183474434074));
#2065=DIRECTION('',(1.0,0.0,-0.0));
#2066=ORIENTED_EDGE('',*,*,#2804,.F.);
#2067=ORIENTED_EDGE('',*,*,#2805,.F.);
#2068=ORIENTED_EDGE('',*,*,#2789,.T.);
#2069=ORIENTED_EDGE('',*,*,#2806,.F.);
#2070=CARTESIAN_POINT('',(-7.239,5.7658,6.1087));
#2071=DIRECTION('',(0.0,0.0,1.0));
#2072=DIRECTION('',(1.0,0.0,0.0));
#2073=ORIENTED_EDGE('',*,*,#2778,.T.);
#2074=ORIENTED_EDGE('',*,*,#2807,.T.);
#2075=ORIENTED_EDGE('',*,*,#2808,.F.);
#2076=ORIENTED_EDGE('',*,*,#2809,.T.);
#2077=CARTESIAN_POINT('',(-7.239,5.7658,6.1087));
#2078=DIRECTION('',(0.0,0.0,1.0));
#2079=DIRECTION('',(1.0,0.0,0.0));
#2080=ORIENTED_EDGE('',*,*,#2782,.T.);
#2081=ORIENTED_EDGE('',*,*,#2810,.F.);
#2082=ORIENTED_EDGE('',*,*,#2811,.F.);
#2083=ORIENTED_EDGE('',*,*,#2812,.T.);
#2084=ORIENTED_EDGE('',*,*,#2785,.T.);
#2085=ORIENTED_EDGE('',*,*,#2797,.F.);
#2086=CARTESIAN_POINT('',(-7.239,5.7658,6.1087));
#2087=DIRECTION('',(0.0,0.0,1.0));
#2088=DIRECTION('',(1.0,0.0,0.0));
#2089=ORIENTED_EDGE('',*,*,#2806,.T.);
#2090=ORIENTED_EDGE('',*,*,#2788,.F.);
#2091=ORIENTED_EDGE('',*,*,#2813,.F.);
#2092=ORIENTED_EDGE('',*,*,#2814,.T.);
#2093=ORIENTED_EDGE('',*,*,#2815,.T.);
#2094=CARTESIAN_POINT('',(-4.2672,4.4958,-7.3787));
#2095=DIRECTION('',(-0.999822717665855,0.0,-0.0188290530633892));
#2096=DIRECTION('',(-0.0188290530633892,0.0,0.999822717665855));
#2097=ORIENTED_EDGE('',*,*,#2597,.T.);
#2098=ORIENTED_EDGE('',*,*,#2816,.T.);
#2099=ORIENTED_EDGE('',*,*,#2804,.T.);
#2100=ORIENTED_EDGE('',*,*,#2815,.F.);
#2101=CARTESIAN_POINT('',(10.541,4.4958,-7.3787));
#2102=DIRECTION('',(-0.0,1.0,0.0));
#2103=DIRECTION('',(1.0,0.0,0.0));
#2104=ORIENTED_EDGE('',*,*,#2808,.T.);
#2105=ORIENTED_EDGE('',*,*,#2817,.T.);
#2106=ORIENTED_EDGE('',*,*,#2601,.T.);
#2107=ORIENTED_EDGE('',*,*,#2818,.T.);
#2108=CARTESIAN_POINT('',(10.541,4.4958,-7.3787));
#2109=DIRECTION('',(-0.0,1.0,0.0));
#2110=DIRECTION('',(1.0,0.0,0.0));
#2111=ORIENTED_EDGE('',*,*,#2599,.T.);
#2112=ORIENTED_EDGE('',*,*,#2819,.T.);
#2113=ORIENTED_EDGE('',*,*,#2811,.T.);
#2114=ORIENTED_EDGE('',*,*,#2820,.F.);
#2115=CARTESIAN_POINT('',(10.541,4.4958,-7.3787));
#2116=DIRECTION('',(-0.0,1.0,0.0));
#2117=DIRECTION('',(1.0,0.0,0.0));
#2118=ORIENTED_EDGE('',*,*,#2805,.T.);
#2119=ORIENTED_EDGE('',*,*,#2816,.F.);
#2120=ORIENTED_EDGE('',*,*,#2596,.F.);
#2121=ORIENTED_EDGE('',*,*,#2790,.T.);
#2122=CARTESIAN_POINT('',(-7.493,5.7658,-6.7437));
#2123=DIRECTION('',(-0.999804772147715,0.0,0.0197589875918503));
#2124=DIRECTION('',(0.0,1.0,0.0));
#2125=ORIENTED_EDGE('',*,*,#2821,.T.);
#2126=ORIENTED_EDGE('',*,*,#2822,.T.);
#2127=ORIENTED_EDGE('',*,*,#2779,.F.);
#2128=ORIENTED_EDGE('',*,*,#2809,.F.);
#2129=ORIENTED_EDGE('',*,*,#2818,.F.);
#2130=CARTESIAN_POINT('',(4.4958,4.4958,6.1087));
#2131=DIRECTION('',(0.999822717665855,0.0,-0.0188290530633891));
#2132=DIRECTION('',(0.0,-1.0,0.0));
#2133=ORIENTED_EDGE('',*,*,#2823,.T.);
#2134=ORIENTED_EDGE('',*,*,#2780,.F.);
#2135=ORIENTED_EDGE('',*,*,#2822,.F.);
#2136=ORIENTED_EDGE('',*,*,#2824,.T.);
#2137=CARTESIAN_POINT('',(4.2418,4.4958,-7.3787));
#2138=DIRECTION('',(0.0,0.0,-1.0));
#2139=DIRECTION('',(0.0,-1.0,0.0));
#2140=ORIENTED_EDGE('',*,*,#2825,.F.);
#2141=ORIENTED_EDGE('',*,*,#2824,.F.);
#2142=ORIENTED_EDGE('',*,*,#2821,.F.);
#2143=ORIENTED_EDGE('',*,*,#2600,.T.);
#2144=CARTESIAN_POINT('',(10.541,4.4958,-7.3787));
#2145=DIRECTION('',(-0.0,1.0,0.0));
#2146=DIRECTION('',(1.0,0.0,0.0));
#2147=ORIENTED_EDGE('',*,*,#2810,.T.);
#2148=ORIENTED_EDGE('',*,*,#2781,.F.);
#2149=ORIENTED_EDGE('',*,*,#2823,.F.);
#2150=ORIENTED_EDGE('',*,*,#2825,.T.);
#2151=ORIENTED_EDGE('',*,*,#2820,.T.);
#2152=CARTESIAN_POINT('',(3.2258,4.4958,-7.3787));
#2153=DIRECTION('',(-0.999822717665855,0.0,-0.0188290530633892));
#2154=DIRECTION('',(-0.0188290530633892,0.0,0.999822717665855));
#2155=ORIENTED_EDGE('',*,*,#2602,.T.);
#2156=ORIENTED_EDGE('',*,*,#2817,.F.);
#2157=ORIENTED_EDGE('',*,*,#2807,.F.);
#2158=ORIENTED_EDGE('',*,*,#2777,.T.);
#2159=CARTESIAN_POINT('',(7.239,5.7658,6.1087));
#2160=DIRECTION('',(0.999804772147715,0.0,0.0197589875918503));
#2161=DIRECTION('',(0.0,-1.0,0.0));
#2162=ORIENTED_EDGE('',*,*,#2826,.T.);
#2163=ORIENTED_EDGE('',*,*,#2827,.T.);
#2164=ORIENTED_EDGE('',*,*,#2786,.F.);
#2165=ORIENTED_EDGE('',*,*,#2812,.F.);
#2166=ORIENTED_EDGE('',*,*,#2819,.F.);
#2167=CARTESIAN_POINT('',(-2.9972,4.4958,6.1087));
#2168=DIRECTION('',(0.999822717665855,0.0,-0.0188290530633891));
#2169=DIRECTION('',(0.0,-1.0,0.0));
#2170=ORIENTED_EDGE('',*,*,#2813,.T.);
#2171=ORIENTED_EDGE('',*,*,#2787,.F.);
#2172=ORIENTED_EDGE('',*,*,#2827,.F.);
#2173=ORIENTED_EDGE('',*,*,#2828,.T.);
#2174=CARTESIAN_POINT('',(-3.2512,4.4958,-7.3787));
#2175=DIRECTION('',(0.0,0.0,-1.0));
#2176=DIRECTION('',(0.0,-1.0,0.0));
#2177=ORIENTED_EDGE('',*,*,#2814,.F.);
#2178=ORIENTED_EDGE('',*,*,#2828,.F.);
#2179=ORIENTED_EDGE('',*,*,#2826,.F.);
#2180=ORIENTED_EDGE('',*,*,#2598,.T.);
#2181=CARTESIAN_POINT('',(10.541,4.4958,-7.3787));
#2182=DIRECTION('',(-0.0,1.0,0.0));
#2183=DIRECTION('',(1.0,0.0,0.0));
#2184=ORIENTED_EDGE('',*,*,#2791,.F.);
#2185=ORIENTED_EDGE('',*,*,#2594,.T.);
#2186=ORIENTED_EDGE('',*,*,#2763,.F.);
#2187=ORIENTED_EDGE('',*,*,#2457,.F.);
#2188=ORIENTED_EDGE('',*,*,#2829,.F.);
#2189=ORIENTED_EDGE('',*,*,#2477,.F.);
#2190=CARTESIAN_POINT('',(-7.9883,5.7658,2.1463));
#2191=DIRECTION('',(1.0,0.0,0.0));
#2192=DIRECTION('',(0.0,1.0,0.0));
#2193=ORIENTED_EDGE('',*,*,#2829,.T.);
#2194=ORIENTED_EDGE('',*,*,#2456,.F.);
#2195=ORIENTED_EDGE('',*,*,#2428,.F.);
#2196=ORIENTED_EDGE('',*,*,#2478,.T.);
#2197=CARTESIAN_POINT('',(-9.0043,3.7338,7.3787));
#2198=DIRECTION('',(0.0,-1.0,0.0));
#2199=DIRECTION('',(0.0,0.0,-1.0));
#2200=ORIENTED_EDGE('',*,*,#2774,.T.);
#2201=ORIENTED_EDGE('',*,*,#2830,.T.);
#2202=ORIENTED_EDGE('',*,*,#2831,.T.);
#2203=ORIENTED_EDGE('',*,*,#2769,.T.);
#2204=ORIENTED_EDGE('',*,*,#2417,.F.);
#2205=CARTESIAN_POINT('',(10.541,4.7498,6.3627));
#2206=DIRECTION('',(0.0,-1.0,0.0));
#2207=DIRECTION('',(0.0,0.0,-1.0));
#2208=ORIENTED_EDGE('',*,*,#2832,.T.);
#2209=ORIENTED_EDGE('',*,*,#2833,.F.);
#2210=ORIENTED_EDGE('',*,*,#2611,.F.);
#2211=ORIENTED_EDGE('',*,*,#2834,.T.);
#2212=ORIENTED_EDGE('',*,*,#2835,.T.);
#2213=ORIENTED_EDGE('',*,*,#2836,.F.);
#2214=ORIENTED_EDGE('',*,*,#2607,.F.);
#2215=ORIENTED_EDGE('',*,*,#2831,.F.);
#2216=ORIENTED_EDGE('',*,*,#2837,.F.);
#2217=ORIENTED_EDGE('',*,*,#2770,.F.);
#2218=ORIENTED_EDGE('',*,*,#2615,.F.);
#2219=ORIENTED_EDGE('',*,*,#2838,.T.);
#2220=CARTESIAN_POINT('',(9.0043,5.7658,-7.3787));
#2221=DIRECTION('',(-1.0,0.0,0.0));
#2222=DIRECTION('',(0.0,0.0,1.0));
#2223=ORIENTED_EDGE('',*,*,#2839,.T.);
#2224=ORIENTED_EDGE('',*,*,#2840,.F.);
#2225=ORIENTED_EDGE('',*,*,#2838,.F.);
#2226=ORIENTED_EDGE('',*,*,#2614,.T.);
#2227=CARTESIAN_POINT('',(9.0043,-3.8608,-6.7437));
#2228=DIRECTION('',(-0.0,1.0,0.0));
#2229=DIRECTION('',(1.0,0.0,0.0));
#2230=ORIENTED_EDGE('',*,*,#2840,.T.);
#2231=ORIENTED_EDGE('',*,*,#2841,.T.);
#2232=ORIENTED_EDGE('',*,*,#2842,.F.);
#2233=ORIENTED_EDGE('',*,*,#2832,.F.);
#2234=CARTESIAN_POINT('',(9.0043,-3.2258,0.2413));
#2235=DIRECTION('',(1.0,0.0,0.0));
#2236=DIRECTION('',(0.0,-1.0,0.0));
#2237=ORIENTED_EDGE('',*,*,#2833,.T.);
#2238=ORIENTED_EDGE('',*,*,#2842,.T.);
#2239=ORIENTED_EDGE('',*,*,#2843,.T.);
#2240=ORIENTED_EDGE('',*,*,#2612,.F.);
#2241=CARTESIAN_POINT('',(9.0043,-2.5908,0.2413));
#2242=DIRECTION('',(0.0,-1.0,0.0));
#2243=DIRECTION('',(0.0,0.0,-1.0));
#2244=ORIENTED_EDGE('',*,*,#2844,.F.);
#2245=ORIENTED_EDGE('',*,*,#2845,.F.);
#2246=ORIENTED_EDGE('',*,*,#2846,.F.);
#2247=ORIENTED_EDGE('',*,*,#2609,.F.);
#2248=CARTESIAN_POINT('',(8.3693,5.7658,-7.3787));
#2249=DIRECTION('',(-1.0,0.0,0.0));
#2250=DIRECTION('',(0.0,0.0,1.0));
#2251=ORIENTED_EDGE('',*,*,#2843,.F.);
#2252=ORIENTED_EDGE('',*,*,#2841,.F.);
#2253=ORIENTED_EDGE('',*,*,#2839,.F.);
#2254=ORIENTED_EDGE('',*,*,#2613,.F.);
#2255=CARTESIAN_POINT('',(8.3693,5.7658,-7.3787));
#2256=DIRECTION('',(-1.0,0.0,0.0));
#2257=DIRECTION('',(0.0,0.0,1.0));
#2258=ORIENTED_EDGE('',*,*,#2846,.T.);
#2259=ORIENTED_EDGE('',*,*,#2847,.F.);
#2260=ORIENTED_EDGE('',*,*,#2834,.F.);
#2261=ORIENTED_EDGE('',*,*,#2610,.T.);
#2262=CARTESIAN_POINT('',(9.0043,0.5842,-6.7437));
#2263=DIRECTION('',(-0.0,1.0,0.0));
#2264=DIRECTION('',(1.0,0.0,0.0));
#2265=ORIENTED_EDGE('',*,*,#2847,.T.);
#2266=ORIENTED_EDGE('',*,*,#2845,.T.);
#2267=ORIENTED_EDGE('',*,*,#2848,.F.);
#2268=ORIENTED_EDGE('',*,*,#2835,.F.);
#2269=CARTESIAN_POINT('',(9.0043,1.2192,0.2413));
#2270=DIRECTION('',(1.0,0.0,0.0));
#2271=DIRECTION('',(0.0,-1.0,0.0));
#2272=ORIENTED_EDGE('',*,*,#2836,.T.);
#2273=ORIENTED_EDGE('',*,*,#2848,.T.);
#2274=ORIENTED_EDGE('',*,*,#2844,.T.);
#2275=ORIENTED_EDGE('',*,*,#2608,.F.);
#2276=CARTESIAN_POINT('',(9.0043,1.8542,0.2413));
#2277=DIRECTION('',(0.0,-1.0,0.0));
#2278=DIRECTION('',(0.0,0.0,-1.0));
#2279=ORIENTED_EDGE('',*,*,#2771,.T.);
#2280=ORIENTED_EDGE('',*,*,#2837,.T.);
#2281=ORIENTED_EDGE('',*,*,#2830,.F.);
#2282=ORIENTED_EDGE('',*,*,#2773,.F.);
#2283=CARTESIAN_POINT('',(10.541,-4.1148,6.3627));
#2284=DIRECTION('',(0.0,0.0,-1.0));
#2285=DIRECTION('',(0.0,-1.0,0.0));
#2286=ORIENTED_EDGE('',*,*,#2849,.F.);
#2287=ORIENTED_EDGE('',*,*,#2850,.F.);
#2288=ORIENTED_EDGE('',*,*,#2584,.F.);
#2289=ORIENTED_EDGE('',*,*,#2621,.T.);
#2290=CARTESIAN_POINT('',(-9.0043,1.8542,0.2413));
#2291=DIRECTION('',(-0.0,1.0,0.0));
#2292=DIRECTION('',(1.0,0.0,0.0));
#2293=ORIENTED_EDGE('',*,*,#2850,.T.);
#2294=ORIENTED_EDGE('',*,*,#2851,.F.);
#2295=ORIENTED_EDGE('',*,*,#2852,.F.);
#2296=ORIENTED_EDGE('',*,*,#2585,.T.);
#2297=CARTESIAN_POINT('',(-9.0043,1.2192,0.2413));
#2298=DIRECTION('',(1.0,0.0,0.0));
#2299=DIRECTION('',(0.0,-1.0,0.0));
#2300=ORIENTED_EDGE('',*,*,#2586,.T.);
#2301=ORIENTED_EDGE('',*,*,#2852,.T.);
#2302=ORIENTED_EDGE('',*,*,#2853,.F.);
#2303=ORIENTED_EDGE('',*,*,#2619,.F.);
#2304=CARTESIAN_POINT('',(-9.0043,0.5842,-6.7437));
#2305=DIRECTION('',(0.0,-1.0,0.0));
#2306=DIRECTION('',(0.0,0.0,-1.0));
#2307=ORIENTED_EDGE('',*,*,#2853,.T.);
#2308=ORIENTED_EDGE('',*,*,#2851,.T.);
#2309=ORIENTED_EDGE('',*,*,#2849,.T.);
#2310=ORIENTED_EDGE('',*,*,#2620,.T.);
#2311=CARTESIAN_POINT('',(-8.3693,5.7658,-7.3787));
#2312=DIRECTION('',(-1.0,0.0,0.0));
#2313=DIRECTION('',(0.0,0.0,1.0));
#2314=ORIENTED_EDGE('',*,*,#2592,.T.);
#2315=ORIENTED_EDGE('',*,*,#2854,.T.);
#2316=ORIENTED_EDGE('',*,*,#2855,.T.);
#2317=ORIENTED_EDGE('',*,*,#2617,.T.);
#2318=CARTESIAN_POINT('',(-8.3693,5.7658,-7.3787));
#2319=DIRECTION('',(-1.0,0.0,0.0));
#2320=DIRECTION('',(0.0,0.0,1.0));
#2321=ORIENTED_EDGE('',*,*,#2855,.F.);
#2322=ORIENTED_EDGE('',*,*,#2856,.F.);
#2323=ORIENTED_EDGE('',*,*,#2588,.F.);
#2324=ORIENTED_EDGE('',*,*,#2618,.T.);
#2325=CARTESIAN_POINT('',(-9.0043,-2.5908,0.2413));
#2326=DIRECTION('',(-0.0,1.0,0.0));
#2327=DIRECTION('',(1.0,0.0,0.0));
#2328=ORIENTED_EDGE('',*,*,#2856,.T.);
#2329=ORIENTED_EDGE('',*,*,#2854,.F.);
#2330=ORIENTED_EDGE('',*,*,#2591,.F.);
#2331=ORIENTED_EDGE('',*,*,#2589,.T.);
#2332=CARTESIAN_POINT('',(-9.0043,-3.2258,0.2413));
#2333=DIRECTION('',(1.0,0.0,0.0));
#2334=DIRECTION('',(0.0,-1.0,0.0));
#2335=ORIENTED_EDGE('',*,*,#2425,.T.);
#2336=ORIENTED_EDGE('',*,*,#2582,.F.);
#2337=ORIENTED_EDGE('',*,*,#2579,.F.);
#2338=ORIENTED_EDGE('',*,*,#2577,.F.);
#2339=ORIENTED_EDGE('',*,*,#2408,.T.);
#2340=CARTESIAN_POINT('',(-10.541,4.7498,6.3627));
#2341=DIRECTION('',(-0.0,1.0,0.0));
#2342=DIRECTION('',(1.0,0.0,0.0));
#2343=ORIENTED_EDGE('',*,*,#2857,.T.);
#2344=ORIENTED_EDGE('',*,*,#2444,.F.);
#2345=ORIENTED_EDGE('',*,*,#2465,.F.);
#2346=ORIENTED_EDGE('',*,*,#2502,.T.);
#2347=CARTESIAN_POINT('',(9.0043,0.6858,7.3787));
#2348=DIRECTION('',(-0.0,1.0,0.0));
#2349=DIRECTION('',(1.0,0.0,0.0));
#2350=ORIENTED_EDGE('',*,*,#2858,.T.);
#2351=ORIENTED_EDGE('',*,*,#2445,.F.);
#2352=ORIENTED_EDGE('',*,*,#2857,.F.);
#2353=ORIENTED_EDGE('',*,*,#2501,.T.);
#2354=CARTESIAN_POINT('',(7.9883,0.6858,7.3787));
#2355=DIRECTION('',(-1.0,0.0,0.0));
#2356=DIRECTION('',(0.0,0.0,1.0));
#2357=ORIENTED_EDGE('',*,*,#2466,.T.);
#2358=ORIENTED_EDGE('',*,*,#2446,.F.);
#2359=ORIENTED_EDGE('',*,*,#2858,.F.);
#2360=ORIENTED_EDGE('',*,*,#2500,.T.);
#2361=CARTESIAN_POINT('',(7.9883,-1.8542,7.3787));
#2362=DIRECTION('',(0.0,-1.0,0.0));
#2363=DIRECTION('',(0.0,0.0,-1.0));
#2364=ORIENTED_EDGE('',*,*,#2859,.T.);
#2365=ORIENTED_EDGE('',*,*,#2451,.F.);
#2366=ORIENTED_EDGE('',*,*,#2860,.F.);
#2367=ORIENTED_EDGE('',*,*,#2506,.T.);
#2368=CARTESIAN_POINT('',(-9.0043,-1.8542,7.3787));
#2369=DIRECTION('',(0.0,-1.0,0.0));
#2370=DIRECTION('',(0.0,0.0,-1.0));
#2371=ORIENTED_EDGE('',*,*,#2860,.T.);
#2372=ORIENTED_EDGE('',*,*,#2450,.F.);
#2373=ORIENTED_EDGE('',*,*,#2861,.F.);
#2374=ORIENTED_EDGE('',*,*,#2503,.T.);
#2375=CARTESIAN_POINT('',(-9.0043,0.6858,7.3787));
#2376=DIRECTION('',(-1.0,0.0,0.0));
#2377=DIRECTION('',(0.0,0.0,1.0));
#2378=ORIENTED_EDGE('',*,*,#2861,.T.);
#2379=ORIENTED_EDGE('',*,*,#2449,.F.);
#2380=ORIENTED_EDGE('',*,*,#2862,.F.);
#2381=ORIENTED_EDGE('',*,*,#2504,.T.);
#2382=CARTESIAN_POINT('',(-7.9883,0.6858,7.3787));
#2383=DIRECTION('',(-0.0,1.0,0.0));
#2384=DIRECTION('',(1.0,0.0,0.0));
#2385=ORIENTED_EDGE('',*,*,#2862,.T.);
#2386=ORIENTED_EDGE('',*,*,#2448,.F.);
#2387=ORIENTED_EDGE('',*,*,#2859,.F.);
#2388=ORIENTED_EDGE('',*,*,#2505,.T.);
#2389=CARTESIAN_POINT('',(-7.9883,-1.8542,7.3787));
#2390=DIRECTION('',(1.0,0.0,0.0));
#2391=DIRECTION('',(0.0,1.0,0.0));
#2392=AXIS2_PLACEMENT_3D('',#2863,#2864,#2865);
#2393=AXIS2_PLACEMENT_3D('',#2866,#2867,#2868);
#2394=AXIS2_PLACEMENT_3D('',#2869,#2870,#2871);
#2395=AXIS2_PLACEMENT_3D('',#2872,#2873,#2874);
#2396=AXIS2_PLACEMENT_3D('',#2875,#2876,#2877);
#2397=AXIS2_PLACEMENT_3D('',#2878,#2879,#2880);
#2398=AXIS2_PLACEMENT_3D('',#2881,#2882,#2883);
#2399=AXIS2_PLACEMENT_3D('',#2884,#2885,#2886);
#2400=EDGE_CURVE('',#2887,#2888,#2889,.T.);
#2401=EDGE_CURVE('',#2890,#2888,#2891,.T.);
#2402=EDGE_CURVE('',#2892,#2890,#2893,.T.);
#2403=EDGE_CURVE('',#2894,#2892,#2895,.T.);
#2404=EDGE_CURVE('',#2894,#2887,#2896,.T.);
#2405=EDGE_CURVE('',#2897,#2898,#2899,.T.);
#2406=EDGE_CURVE('',#2900,#2897,#2901,.T.);
#2407=EDGE_CURVE('',#2900,#2902,#2903,.T.);
#2408=EDGE_CURVE('',#2898,#2902,#2904,.T.);
#2409=EDGE_CURVE('',#2905,#2906,#2907,.T.);
#2410=EDGE_CURVE('',#2908,#2905,#2909,.T.);
#2411=EDGE_CURVE('',#2910,#2908,#2911,.T.);
#2412=EDGE_CURVE('',#2912,#2910,#2913,.T.);
#2413=EDGE_CURVE('',#2906,#2912,#2914,.T.);
#2414=EDGE_CURVE('',#2915,#2916,#2917,.T.);
#2415=EDGE_CURVE('',#2918,#2915,#2919,.T.);
#2416=EDGE_CURVE('',#2920,#2918,#2921,.T.);
#2417=EDGE_CURVE('',#2920,#2916,#2922,.T.);
#2418=EDGE_CURVE('',#2894,#2923,#2924,.T.);
#2419=EDGE_CURVE('',#2923,#2925,#2926,.T.);
#2420=EDGE_CURVE('',#2927,#2925,#2928,.T.);
#2421=EDGE_CURVE('',#2887,#2927,#2929,.T.);
#2422=EDGE_CURVE('',#2927,#2930,#2931,.T.);
#2423=EDGE_CURVE('',#2888,#2930,#2932,.T.);
#2424=EDGE_CURVE('',#2933,#2934,#2935,.T.);
#2425=EDGE_CURVE('',#2902,#2934,#2936,.T.);
#2426=EDGE_CURVE('',#2937,#2900,#2938,.T.);
#2427=EDGE_CURVE('',#2939,#2937,#2940,.T.);
#2428=EDGE_CURVE('',#2939,#2941,#2942,.T.);
#2429=EDGE_CURVE('',#2943,#2941,#2944,.T.);
#2430=EDGE_CURVE('',#2933,#2943,#2945,.T.);
#2431=EDGE_CURVE('',#2946,#2947,#2948,.T.);
#2432=EDGE_CURVE('',#2949,#2946,#2950,.T.);
#2433=EDGE_CURVE('',#2949,#2951,#2952,.T.);
#2434=EDGE_CURVE('',#2951,#2953,#2954,.T.);
#2435=EDGE_CURVE('',#2955,#2953,#2956,.T.);
#2436=EDGE_CURVE('',#2957,#2955,#2958,.T.);
#2437=EDGE_CURVE('',#2890,#2957,#2959,.T.);
#2438=EDGE_CURVE('',#2930,#2960,#2961,.T.);
#2439=EDGE_CURVE('',#2910,#2960,#2962,.T.);
#2440=EDGE_CURVE('',#2908,#2963,#2964,.T.);
#2441=EDGE_CURVE('',#2965,#2963,#2966,.T.);
#2442=EDGE_CURVE('',#2965,#2967,#2968,.T.);
#2443=EDGE_CURVE('',#2967,#2947,#2969,.T.);
#2444=EDGE_CURVE('',#2970,#2971,#2972,.T.);
#2445=EDGE_CURVE('',#2971,#2973,#2974,.T.);
#2446=EDGE_CURVE('',#2973,#2975,#2976,.T.);
#2447=EDGE_CURVE('',#2975,#2970,#2977,.T.);
#2448=EDGE_CURVE('',#2978,#2979,#2980,.T.);
#2449=EDGE_CURVE('',#2979,#2981,#2982,.T.);
#2450=EDGE_CURVE('',#2981,#2983,#2984,.T.);
#2451=EDGE_CURVE('',#2983,#2978,#2985,.T.);
#2452=EDGE_CURVE('',#2986,#2987,#2988,.T.);
#2453=EDGE_CURVE('',#2987,#2989,#2990,.T.);
#2454=EDGE_CURVE('',#2989,#2991,#2992,.T.);
#2455=EDGE_CURVE('',#2991,#2986,#2993,.T.);
#2456=EDGE_CURVE('',#2941,#2994,#2995,.T.);
#2457=EDGE_CURVE('',#2994,#2996,#2997,.T.);
#2458=EDGE_CURVE('',#2996,#2943,#2998,.T.);
#2459=EDGE_CURVE('',#2999,#3000,#3001,.T.);
#2460=EDGE_CURVE('',#3000,#2947,#3002,.T.);
#2461=EDGE_CURVE('',#2967,#2999,#3003,.T.);
#2462=EDGE_CURVE('',#3004,#3005,#3006,.T.);
#2463=EDGE_CURVE('',#3005,#2953,#3007,.T.);
#2464=EDGE_CURVE('',#2951,#3004,#3008,.T.);
#2465=EDGE_CURVE('',#3009,#2970,#3010,.T.);
#2466=EDGE_CURVE('',#3011,#2975,#3012,.T.);
#2467=EDGE_CURVE('',#3011,#3009,#3013,.T.);
#2468=EDGE_CURVE('',#2963,#3014,#3015,.T.);
#2469=EDGE_CURVE('',#3014,#3016,#3017,.T.);
#2470=EDGE_CURVE('',#3016,#3018,#3019,.T.);
#2471=EDGE_CURVE('',#3018,#3020,#3021,.T.);
#2472=EDGE_CURVE('',#3022,#3020,#3023,.T.);
#2473=EDGE_CURVE('',#3022,#3024,#3025,.T.);
#2474=EDGE_CURVE('',#3024,#3026,#3027,.T.);
#2475=EDGE_CURVE('',#3028,#3026,#3029,.T.);
#2476=EDGE_CURVE('',#3028,#3030,#3031,.T.);
#2477=EDGE_CURVE('',#3030,#3032,#3033,.T.);
#2478=EDGE_CURVE('',#2939,#3032,#3034,.T.);
#2479=EDGE_CURVE('',#2937,#3035,#3036,.T.);
#2480=EDGE_CURVE('',#3035,#3037,#3038,.T.);
#2481=EDGE_CURVE('',#3037,#2957,#3039,.T.);
#2482=EDGE_CURVE('',#2955,#3040,#3041,.T.);
#2483=EDGE_CURVE('',#3042,#3040,#3043,.T.);
#2484=EDGE_CURVE('',#2949,#3042,#3044,.T.);
#2485=EDGE_CURVE('',#2946,#3045,#3046,.T.);
#2486=EDGE_CURVE('',#3047,#3045,#3048,.T.);
#2487=EDGE_CURVE('',#2965,#3047,#3049,.T.);
#2488=EDGE_CURVE('',#3050,#3051,#3052,.T.);
#2489=EDGE_CURVE('',#3053,#3050,#3054,.T.);
#2490=EDGE_CURVE('',#3055,#3053,#3056,.T.);
#2491=EDGE_CURVE('',#3057,#3055,#3058,.T.);
#2492=EDGE_CURVE('',#3059,#3057,#3060,.T.);
#2493=EDGE_CURVE('',#3051,#3059,#3061,.T.);
#2494=EDGE_CURVE('',#3062,#3063,#3064,.T.);
#2495=EDGE_CURVE('',#3065,#3062,#3066,.T.);
#2496=EDGE_CURVE('',#3067,#3065,#3068,.T.);
#2497=EDGE_CURVE('',#3069,#3067,#3070,.T.);
#2498=EDGE_CURVE('',#3071,#3069,#3072,.T.);
#2499=EDGE_CURVE('',#3063,#3071,#3073,.T.);
#2500=EDGE_CURVE('',#3074,#3011,#3075,.T.);
#2501=EDGE_CURVE('',#3076,#3074,#3077,.T.);
#2502=EDGE_CURVE('',#3009,#3076,#3078,.T.);
#2503=EDGE_CURVE('',#3079,#3080,#3081,.T.);
#2504=EDGE_CURVE('',#3082,#3079,#3083,.T.);
#2505=EDGE_CURVE('',#3084,#3082,#3085,.T.);
#2506=EDGE_CURVE('',#3080,#3084,#3086,.T.);
#2507=EDGE_CURVE('',#3071,#3087,#3088,.T.);
#2508=EDGE_CURVE('',#3089,#3087,#3090,.T.);
#2509=EDGE_CURVE('',#3063,#3089,#3091,.T.);
#2510=EDGE_CURVE('',#3092,#3089,#3093,.T.);
#2511=EDGE_CURVE('',#3062,#3092,#3094,.T.);
#2512=EDGE_CURVE('',#3095,#3092,#3096,.T.);
#2513=EDGE_CURVE('',#3065,#3095,#3097,.T.);
#2514=EDGE_CURVE('',#3098,#3095,#3099,.T.);
#2515=EDGE_CURVE('',#3067,#3098,#3100,.T.);
#2516=EDGE_CURVE('',#3101,#3098,#3102,.T.);
#2517=EDGE_CURVE('',#3069,#3101,#3103,.T.);
#2518=EDGE_CURVE('',#3087,#3101,#3104,.T.);
#2519=EDGE_CURVE('',#3105,#3106,#3107,.T.);
#2520=EDGE_CURVE('',#3108,#3105,#3109,.T.);
#2521=EDGE_CURVE('',#3110,#3108,#3111,.T.);
#2522=EDGE_CURVE('',#3106,#3110,#3112,.T.);
#2523=EDGE_CURVE('',#3113,#3114,#3115,.T.);
#2524=EDGE_CURVE('',#3114,#3116,#3117,.T.);
#2525=EDGE_CURVE('',#3116,#3118,#3119,.T.);
#2526=EDGE_CURVE('',#3118,#3120,#3121,.T.);
#2527=EDGE_CURVE('',#3120,#3122,#3123,.T.);
#2528=EDGE_CURVE('',#3122,#3113,#3124,.T.);
#2529=EDGE_CURVE('',#3125,#3126,#3127,.T.);
#2530=EDGE_CURVE('',#3128,#3125,#3129,.T.);
#2531=EDGE_CURVE('',#3130,#3128,#3131,.T.);
#2532=EDGE_CURVE('',#3126,#3130,#3132,.T.);
#2533=EDGE_CURVE('',#3059,#3113,#3133,.T.);
#2534=EDGE_CURVE('',#3051,#3122,#3134,.T.);
#2535=EDGE_CURVE('',#3050,#3120,#3135,.T.);
#2536=EDGE_CURVE('',#3053,#3118,#3136,.T.);
#2537=EDGE_CURVE('',#3055,#3116,#3137,.T.);
#2538=EDGE_CURVE('',#3057,#3114,#3138,.T.);
#2539=EDGE_CURVE('',#3110,#3139,#3140,.T.);
#2540=EDGE_CURVE('',#3141,#3139,#3142,.T.);
#2541=EDGE_CURVE('',#3106,#3141,#3143,.T.);
#2542=EDGE_CURVE('',#3144,#3141,#3145,.T.);
#2543=EDGE_CURVE('',#3105,#3144,#3146,.T.);
#2544=EDGE_CURVE('',#3147,#3144,#3148,.T.);
#2545=EDGE_CURVE('',#3108,#3147,#3149,.T.);
#2546=EDGE_CURVE('',#3139,#3147,#3150,.T.);
#2547=EDGE_CURVE('',#3151,#3139,#3152,.T.);
#2548=EDGE_CURVE('',#3153,#3147,#3154,.T.);
#2549=EDGE_CURVE('',#3151,#3153,#3155,.T.);
#2550=EDGE_CURVE('',#3153,#3156,#3157,.T.);
#2551=EDGE_CURVE('',#3156,#3158,#3159,.T.);
#2552=EDGE_CURVE('',#3158,#3151,#3160,.T.);
#2553=EDGE_CURVE('',#3158,#3141,#3161,.T.);
#2554=EDGE_CURVE('',#3156,#3144,#3162,.T.);
#2555=EDGE_CURVE('',#3130,#3163,#3164,.T.);
#2556=EDGE_CURVE('',#3165,#3163,#3166,.T.);
#2557=EDGE_CURVE('',#3126,#3165,#3167,.T.);
#2558=EDGE_CURVE('',#3168,#3165,#3169,.T.);
#2559=EDGE_CURVE('',#3125,#3168,#3170,.T.);
#2560=EDGE_CURVE('',#3171,#3168,#3172,.T.);
#2561=EDGE_CURVE('',#3128,#3171,#3173,.T.);
#2562=EDGE_CURVE('',#3163,#3171,#3174,.T.);
#2563=EDGE_CURVE('',#3175,#3163,#3176,.T.);
#2564=EDGE_CURVE('',#3177,#3171,#3178,.T.);
#2565=EDGE_CURVE('',#3175,#3177,#3179,.T.);
#2566=EDGE_CURVE('',#3177,#3180,#3181,.T.);
#2567=EDGE_CURVE('',#3180,#3182,#3183,.T.);
#2568=EDGE_CURVE('',#3182,#3175,#3184,.T.);
#2569=EDGE_CURVE('',#3182,#3165,#3185,.T.);
#2570=EDGE_CURVE('',#3180,#3168,#3186,.T.);
#2571=EDGE_CURVE('',#3047,#2999,#3187,.T.);
#2572=EDGE_CURVE('',#3045,#3000,#3188,.T.);
#2573=EDGE_CURVE('',#3042,#3004,#3189,.T.);
#2574=EDGE_CURVE('',#3040,#3005,#3190,.T.);
#2575=EDGE_CURVE('',#2892,#3037,#3191,.T.);
#2576=EDGE_CURVE('',#2897,#3035,#3192,.T.);
#2577=EDGE_CURVE('',#2898,#3193,#3194,.T.);
#2578=EDGE_CURVE('',#2923,#3193,#3195,.T.);
#2579=EDGE_CURVE('',#3193,#3196,#3197,.T.);
#2580=EDGE_CURVE('',#2925,#3196,#3198,.T.);
#2581=EDGE_CURVE('',#3199,#2927,#3200,.T.);
#2582=EDGE_CURVE('',#3196,#2934,#3201,.T.);
#2583=EDGE_CURVE('',#2934,#3202,#3203,.T.);
#2584=EDGE_CURVE('',#3202,#3204,#3205,.T.);
#2585=EDGE_CURVE('',#3206,#3204,#3207,.T.);
#2586=EDGE_CURVE('',#3208,#3206,#3209,.T.);
#2587=EDGE_CURVE('',#3208,#3210,#3211,.T.);
#2588=EDGE_CURVE('',#3210,#3212,#3213,.T.);
#2589=EDGE_CURVE('',#3214,#3212,#3215,.T.);
#2590=EDGE_CURVE('',#3199,#3214,#3216,.T.);
#2591=EDGE_CURVE('',#3214,#3217,#3218,.T.);
#2592=EDGE_CURVE('',#3219,#3217,#3220,.T.);
#2593=EDGE_CURVE('',#3199,#3219,#3221,.T.);
#2594=EDGE_CURVE('',#3222,#3223,#3224,.T.);
#2595=EDGE_CURVE('',#3222,#3225,#3226,.T.);
#2596=EDGE_CURVE('',#3225,#3227,#3228,.T.);
#2597=EDGE_CURVE('',#3229,#3227,#3230,.T.);
#2598=EDGE_CURVE('',#3231,#3229,#3232,.T.);
#2599=EDGE_CURVE('',#3233,#3231,#3234,.T.);
#2600=EDGE_CURVE('',#3235,#3233,#3236,.T.);
#2601=EDGE_CURVE('',#3237,#3235,#3238,.T.);
#2602=EDGE_CURVE('',#3239,#3237,#3240,.T.);
#2603=EDGE_CURVE('',#3239,#3241,#3242,.T.);
#2604=EDGE_CURVE('',#3241,#3243,#3244,.T.);
#2605=EDGE_CURVE('',#3243,#3245,#3246,.T.);
#2606=EDGE_CURVE('',#3245,#3247,#3248,.T.);
#2607=EDGE_CURVE('',#3247,#3249,#3250,.T.);
#2608=EDGE_CURVE('',#3249,#3251,#3252,.T.);
#2609=EDGE_CURVE('',#3251,#3253,#3254,.T.);
#2610=EDGE_CURVE('',#3255,#3253,#3256,.T.);
#2611=EDGE_CURVE('',#3255,#3257,#3258,.T.);
#2612=EDGE_CURVE('',#3257,#3259,#3260,.T.);
#2613=EDGE_CURVE('',#3259,#3261,#3262,.T.);
#2614=EDGE_CURVE('',#3263,#3261,#3264,.T.);
#2615=EDGE_CURVE('',#3263,#3265,#3266,.T.);
#2616=EDGE_CURVE('',#3265,#2960,#3267,.T.);
#2617=EDGE_CURVE('',#3268,#3219,#3269,.T.);
#2618=EDGE_CURVE('',#3210,#3268,#3270,.T.);
#2619=EDGE_CURVE('',#3208,#3271,#3272,.T.);
#2620=EDGE_CURVE('',#3273,#3271,#3274,.T.);
#2621=EDGE_CURVE('',#3202,#3273,#3275,.T.);
#2622=EDGE_CURVE('',#2933,#3223,#3276,.T.);
#2623=EDGE_CURVE('',#3277,#3278,#3279,.T.);
#2624=EDGE_CURVE('',#3278,#3280,#3281,.T.);
#2625=EDGE_CURVE('',#3282,#3280,#3283,.T.);
#2626=EDGE_CURVE('',#3277,#3282,#3284,.T.);
#2627=EDGE_CURVE('',#3285,#3286,#3287,.T.);
#2628=EDGE_CURVE('',#3286,#3288,#3289,.T.);
#2629=EDGE_CURVE('',#3290,#3288,#3291,.T.);
#2630=EDGE_CURVE('',#3285,#3290,#3292,.T.);
#2631=EDGE_CURVE('',#3293,#3290,#3294,.T.);
#2632=EDGE_CURVE('',#3295,#3293,#3296,.T.);
#2633=EDGE_CURVE('',#3297,#3295,#3298,.T.);
#2634=EDGE_CURVE('',#3299,#3297,#3300,.T.);
#2635=EDGE_CURVE('',#3301,#3299,#3302,.T.);
#2636=EDGE_CURVE('',#3303,#3301,#3304,.T.);
#2637=EDGE_CURVE('',#3305,#3303,#3306,.T.);
#2638=EDGE_CURVE('',#3307,#3305,#3308,.T.);
#2639=EDGE_CURVE('',#3309,#3307,#3310,.T.);
#2640=EDGE_CURVE('',#3311,#3309,#3312,.T.);
#2641=EDGE_CURVE('',#3313,#3311,#3314,.T.);
#2642=EDGE_CURVE('',#3315,#3313,#3316,.T.);
#2643=EDGE_CURVE('',#3317,#3315,#3318,.T.);
#2644=EDGE_CURVE('',#3319,#3317,#3320,.T.);
#2645=EDGE_CURVE('',#3321,#3319,#3322,.T.);
#2646=EDGE_CURVE('',#3323,#3321,#3324,.T.);
#2647=EDGE_CURVE('',#3325,#3323,#3326,.T.);
#2648=EDGE_CURVE('',#3327,#3325,#3328,.T.);
#2649=EDGE_CURVE('',#3329,#3327,#3330,.T.);
#2650=EDGE_CURVE('',#3331,#3329,#3332,.T.);
#2651=EDGE_CURVE('',#3333,#3331,#3334,.T.);
#2652=EDGE_CURVE('',#3285,#3333,#3335,.T.);
#2653=EDGE_CURVE('',#3333,#3336,#3337,.T.);
#2654=EDGE_CURVE('',#3286,#3336,#3338,.T.);
#2655=EDGE_CURVE('',#3336,#3339,#3340,.T.);
#2656=EDGE_CURVE('',#3339,#3341,#3342,.T.);
#2657=EDGE_CURVE('',#3341,#3343,#3344,.T.);
#2658=EDGE_CURVE('',#3343,#3345,#3346,.T.);
#2659=EDGE_CURVE('',#3345,#3347,#3348,.T.);
#2660=EDGE_CURVE('',#3347,#3349,#3350,.T.);
#2661=EDGE_CURVE('',#3349,#3351,#3352,.T.);
#2662=EDGE_CURVE('',#3351,#3353,#3354,.T.);
#2663=EDGE_CURVE('',#3353,#3355,#3356,.T.);
#2664=EDGE_CURVE('',#3355,#3357,#3358,.T.);
#2665=EDGE_CURVE('',#3357,#3359,#3360,.T.);
#2666=EDGE_CURVE('',#3359,#3361,#3362,.T.);
#2667=EDGE_CURVE('',#3361,#3363,#3364,.T.);
#2668=EDGE_CURVE('',#3363,#3365,#3366,.T.);
#2669=EDGE_CURVE('',#3365,#3367,#3368,.T.);
#2670=EDGE_CURVE('',#3367,#3369,#3370,.T.);
#2671=EDGE_CURVE('',#3369,#3371,#3372,.T.);
#2672=EDGE_CURVE('',#3371,#3373,#3374,.T.);
#2673=EDGE_CURVE('',#3373,#3375,#3376,.T.);
#2674=EDGE_CURVE('',#3375,#3377,#3378,.T.);
#2675=EDGE_CURVE('',#3377,#3288,#3379,.T.);
#2676=EDGE_CURVE('',#3293,#3377,#3380,.T.);
#2677=EDGE_CURVE('',#3295,#3375,#3381,.T.);
#2678=EDGE_CURVE('',#3297,#3373,#3382,.T.);
#2679=EDGE_CURVE('',#3299,#3371,#3383,.T.);
#2680=EDGE_CURVE('',#3301,#3369,#3384,.T.);
#2681=EDGE_CURVE('',#3303,#3367,#3385,.T.);
#2682=EDGE_CURVE('',#3305,#3365,#3386,.T.);
#2683=EDGE_CURVE('',#3307,#3363,#3387,.T.);
#2684=EDGE_CURVE('',#3309,#3361,#3388,.T.);
#2685=EDGE_CURVE('',#3311,#3359,#3389,.T.);
#2686=EDGE_CURVE('',#3313,#3357,#3390,.T.);
#2687=EDGE_CURVE('',#3315,#3355,#3391,.T.);
#2688=EDGE_CURVE('',#3317,#3353,#3392,.T.);
#2689=EDGE_CURVE('',#3319,#3351,#3393,.T.);
#2690=EDGE_CURVE('',#3321,#3349,#3394,.T.);
#2691=EDGE_CURVE('',#3323,#3347,#3395,.T.);
#2692=EDGE_CURVE('',#3325,#3345,#3396,.T.);
#2693=EDGE_CURVE('',#3327,#3343,#3397,.T.);
#2694=EDGE_CURVE('',#3329,#3341,#3398,.T.);
#2695=EDGE_CURVE('',#3331,#3339,#3399,.T.);
#2696=EDGE_CURVE('',#3400,#3282,#3401,.T.);
#2697=EDGE_CURVE('',#3402,#3400,#3403,.T.);
#2698=EDGE_CURVE('',#3404,#3402,#3405,.T.);
#2699=EDGE_CURVE('',#3406,#3404,#3407,.T.);
#2700=EDGE_CURVE('',#3408,#3406,#3409,.T.);
#2701=EDGE_CURVE('',#3410,#3408,#3411,.T.);
#2702=EDGE_CURVE('',#3412,#3410,#3413,.T.);
#2703=EDGE_CURVE('',#3414,#3412,#3415,.T.);
#2704=EDGE_CURVE('',#3416,#3414,#3417,.T.);
#2705=EDGE_CURVE('',#3418,#3416,#3419,.T.);
#2706=EDGE_CURVE('',#3420,#3418,#3421,.T.);
#2707=EDGE_CURVE('',#3422,#3420,#3423,.T.);
#2708=EDGE_CURVE('',#3424,#3422,#3425,.T.);
#2709=EDGE_CURVE('',#3426,#3424,#3427,.T.);
#2710=EDGE_CURVE('',#3428,#3426,#3429,.T.);
#2711=EDGE_CURVE('',#3430,#3428,#3431,.T.);
#2712=EDGE_CURVE('',#3432,#3430,#3433,.T.);
#2713=EDGE_CURVE('',#3434,#3432,#3435,.T.);
#2714=EDGE_CURVE('',#3436,#3434,#3437,.T.);
#2715=EDGE_CURVE('',#3438,#3436,#3439,.T.);
#2716=EDGE_CURVE('',#3440,#3438,#3441,.T.);
#2717=EDGE_CURVE('',#3277,#3440,#3442,.T.);
#2718=EDGE_CURVE('',#3440,#3443,#3444,.T.);
#2719=EDGE_CURVE('',#3278,#3443,#3445,.T.);
#2720=EDGE_CURVE('',#3443,#3446,#3447,.T.);
#2721=EDGE_CURVE('',#3446,#3448,#3449,.T.);
#2722=EDGE_CURVE('',#3448,#3450,#3451,.T.);
#2723=EDGE_CURVE('',#3450,#3452,#3453,.T.);
#2724=EDGE_CURVE('',#3452,#3454,#3455,.T.);
#2725=EDGE_CURVE('',#3454,#3456,#3457,.T.);
#2726=EDGE_CURVE('',#3456,#3458,#3459,.T.);
#2727=EDGE_CURVE('',#3458,#3460,#3461,.T.);
#2728=EDGE_CURVE('',#3460,#3462,#3463,.T.);
#2729=EDGE_CURVE('',#3462,#3464,#3465,.T.);
#2730=EDGE_CURVE('',#3464,#3466,#3467,.T.);
#2731=EDGE_CURVE('',#3466,#3468,#3469,.T.);
#2732=EDGE_CURVE('',#3468,#3470,#3471,.T.);
#2733=EDGE_CURVE('',#3470,#3472,#3473,.T.);
#2734=EDGE_CURVE('',#3472,#3474,#3475,.T.);
#2735=EDGE_CURVE('',#3474,#3476,#3477,.T.);
#2736=EDGE_CURVE('',#3476,#3478,#3479,.T.);
#2737=EDGE_CURVE('',#3478,#3480,#3481,.T.);
#2738=EDGE_CURVE('',#3480,#3482,#3483,.T.);
#2739=EDGE_CURVE('',#3482,#3484,#3485,.T.);
#2740=EDGE_CURVE('',#3484,#3280,#3486,.T.);
#2741=EDGE_CURVE('',#3400,#3484,#3487,.T.);
#2742=EDGE_CURVE('',#3402,#3482,#3488,.T.);
#2743=EDGE_CURVE('',#3404,#3480,#3489,.T.);
#2744=EDGE_CURVE('',#3406,#3478,#3490,.T.);
#2745=EDGE_CURVE('',#3408,#3476,#3491,.T.);
#2746=EDGE_CURVE('',#3410,#3474,#3492,.T.);
#2747=EDGE_CURVE('',#3412,#3472,#3493,.T.);
#2748=EDGE_CURVE('',#3414,#3470,#3494,.T.);
#2749=EDGE_CURVE('',#3416,#3468,#3495,.T.);
#2750=EDGE_CURVE('',#3418,#3466,#3496,.T.);
#2751=EDGE_CURVE('',#3420,#3464,#3497,.T.);
#2752=EDGE_CURVE('',#3422,#3462,#3498,.T.);
#2753=EDGE_CURVE('',#3424,#3460,#3499,.T.);
#2754=EDGE_CURVE('',#3426,#3458,#3500,.T.);
#2755=EDGE_CURVE('',#3428,#3456,#3501,.T.);
#2756=EDGE_CURVE('',#3430,#3454,#3502,.T.);
#2757=EDGE_CURVE('',#3432,#3452,#3503,.T.);
#2758=EDGE_CURVE('',#3434,#3450,#3504,.T.);
#2759=EDGE_CURVE('',#3436,#3448,#3505,.T.);
#2760=EDGE_CURVE('',#3438,#3446,#3506,.T.);
#2761=EDGE_CURVE('',#2991,#3245,#3507,.T.);
#2762=EDGE_CURVE('',#3243,#2986,#3508,.T.);
#2763=EDGE_CURVE('',#2996,#3223,#3509,.T.);
#2764=EDGE_CURVE('',#3024,#3241,#3510,.T.);
#2765=EDGE_CURVE('',#3022,#2987,#3511,.T.);
#2766=EDGE_CURVE('',#3020,#2989,#3512,.T.);
#2767=EDGE_CURVE('',#3265,#2912,#3513,.T.);
#2768=EDGE_CURVE('',#2915,#3018,#3514,.T.);
#2769=EDGE_CURVE('',#3247,#2916,#3515,.T.);
#2770=EDGE_CURVE('',#3265,#3516,#3517,.T.);
#2771=EDGE_CURVE('',#3518,#3516,#3519,.T.);
#2772=EDGE_CURVE('',#2906,#3518,#3520,.T.);
#2773=EDGE_CURVE('',#3518,#3521,#3522,.T.);
#2774=EDGE_CURVE('',#2920,#3521,#3523,.T.);
#2775=EDGE_CURVE('',#2918,#3016,#3524,.T.);
#2776=EDGE_CURVE('',#2905,#3014,#3525,.T.);
#2777=EDGE_CURVE('',#3526,#3239,#3527,.T.);
#2778=EDGE_CURVE('',#3528,#3526,#3529,.T.);
#2779=EDGE_CURVE('',#3528,#3530,#3531,.T.);
#2780=EDGE_CURVE('',#3530,#3532,#3533,.T.);
#2781=EDGE_CURVE('',#3532,#3534,#3535,.T.);
#2782=EDGE_CURVE('',#3536,#3534,#3537,.T.);
#2783=EDGE_CURVE('',#3536,#3026,#3538,.T.);
#2784=EDGE_CURVE('',#3028,#3539,#3540,.T.);
#2785=EDGE_CURVE('',#3541,#3539,#3542,.T.);
#2786=EDGE_CURVE('',#3541,#3543,#3544,.T.);
#2787=EDGE_CURVE('',#3543,#3545,#3546,.T.);
#2788=EDGE_CURVE('',#3545,#3547,#3548,.T.);
#2789=EDGE_CURVE('',#3549,#3547,#3550,.T.);
#2790=EDGE_CURVE('',#3225,#3549,#3551,.T.);
#2791=EDGE_CURVE('',#3222,#3030,#3552,.T.);
#2792=EDGE_CURVE('',#3553,#3554,#3555,.T.);
#2793=EDGE_CURVE('',#3556,#3554,#3557,.T.);
#2794=EDGE_CURVE('',#3556,#3026,#3558,.T.);
#2795=EDGE_CURVE('',#3553,#3536,#3559,.T.);
#2796=EDGE_CURVE('',#3560,#3553,#3561,.T.);
#2797=EDGE_CURVE('',#3536,#3539,#3562,.T.);
#2798=EDGE_CURVE('',#3560,#3539,#3563,.T.);
#2799=EDGE_CURVE('',#3564,#3028,#3565,.T.);
#2800=EDGE_CURVE('',#3564,#3566,#3567,.T.);
#2801=EDGE_CURVE('',#3560,#3566,#3568,.T.);
#2802=EDGE_CURVE('',#3566,#3554,#3569,.T.);
#2803=EDGE_CURVE('',#3564,#3556,#3570,.T.);
#2804=EDGE_CURVE('',#3571,#3572,#3573,.T.);
#2805=EDGE_CURVE('',#3549,#3571,#3574,.T.);
#2806=EDGE_CURVE('',#3572,#3547,#3575,.T.);
#2807=EDGE_CURVE('',#3526,#3576,#3577,.T.);
#2808=EDGE_CURVE('',#3578,#3576,#3579,.T.);
#2809=EDGE_CURVE('',#3578,#3528,#3580,.T.);
#2810=EDGE_CURVE('',#3581,#3534,#3582,.T.);
#2811=EDGE_CURVE('',#3583,#3581,#3584,.T.);
#2812=EDGE_CURVE('',#3583,#3541,#3585,.T.);
#2813=EDGE_CURVE('',#3586,#3545,#3587,.T.);
#2814=EDGE_CURVE('',#3586,#3229,#3588,.T.);
#2815=EDGE_CURVE('',#3229,#3572,#3589,.T.);
#2816=EDGE_CURVE('',#3227,#3571,#3590,.T.);
#2817=EDGE_CURVE('',#3576,#3237,#3591,.T.);
#2818=EDGE_CURVE('',#3235,#3578,#3592,.T.);
#2819=EDGE_CURVE('',#3231,#3583,#3593,.T.);
#2820=EDGE_CURVE('',#3233,#3581,#3594,.T.);
#2821=EDGE_CURVE('',#3235,#3595,#3596,.T.);
#2822=EDGE_CURVE('',#3595,#3530,#3597,.T.);
#2823=EDGE_CURVE('',#3598,#3532,#3599,.T.);
#2824=EDGE_CURVE('',#3595,#3598,#3600,.T.);
#2825=EDGE_CURVE('',#3598,#3233,#3601,.T.);
#2826=EDGE_CURVE('',#3231,#3602,#3603,.T.);
#2827=EDGE_CURVE('',#3602,#3543,#3604,.T.);
#2828=EDGE_CURVE('',#3602,#3586,#3605,.T.);
#2829=EDGE_CURVE('',#3032,#2994,#3606,.T.);
#2830=EDGE_CURVE('',#3521,#3607,#3608,.T.);
#2831=EDGE_CURVE('',#3607,#3247,#3609,.T.);
#2832=EDGE_CURVE('',#3610,#3611,#3612,.T.);
#2833=EDGE_CURVE('',#3257,#3611,#3613,.T.);
#2834=EDGE_CURVE('',#3255,#3614,#3615,.T.);
#2835=EDGE_CURVE('',#3614,#3616,#3617,.T.);
#2836=EDGE_CURVE('',#3249,#3616,#3618,.T.);
#2837=EDGE_CURVE('',#3516,#3607,#3619,.T.);
#2838=EDGE_CURVE('',#3263,#3610,#3620,.T.);
#2839=EDGE_CURVE('',#3261,#3621,#3622,.T.);
#2840=EDGE_CURVE('',#3610,#3621,#3623,.T.);
#2841=EDGE_CURVE('',#3621,#3624,#3625,.T.);
#2842=EDGE_CURVE('',#3611,#3624,#3626,.T.);
#2843=EDGE_CURVE('',#3624,#3259,#3627,.T.);
#2844=EDGE_CURVE('',#3628,#3251,#3629,.T.);
#2845=EDGE_CURVE('',#3630,#3628,#3631,.T.);
#2846=EDGE_CURVE('',#3253,#3630,#3632,.T.);
#2847=EDGE_CURVE('',#3614,#3630,#3633,.T.);
#2848=EDGE_CURVE('',#3616,#3628,#3634,.T.);
#2849=EDGE_CURVE('',#3635,#3273,#3636,.T.);
#2850=EDGE_CURVE('',#3204,#3635,#3637,.T.);
#2851=EDGE_CURVE('',#3638,#3635,#3639,.T.);
#2852=EDGE_CURVE('',#3206,#3638,#3640,.T.);
#2853=EDGE_CURVE('',#3271,#3638,#3641,.T.);
#2854=EDGE_CURVE('',#3217,#3642,#3643,.T.);
#2855=EDGE_CURVE('',#3642,#3268,#3644,.T.);
#2856=EDGE_CURVE('',#3212,#3642,#3645,.T.);
#2857=EDGE_CURVE('',#3076,#2971,#3646,.T.);
#2858=EDGE_CURVE('',#3074,#2973,#3647,.T.);
#2859=EDGE_CURVE('',#3084,#2978,#3648,.T.);
#2860=EDGE_CURVE('',#3080,#2983,#3649,.T.);
#2861=EDGE_CURVE('',#3079,#2981,#3650,.T.);
#2862=EDGE_CURVE('',#3082,#2979,#3651,.T.);
#2863=CARTESIAN_POINT('',(-3.7592,-5.7658,-8.7249));
#2864=DIRECTION('',(0.0,-1.0,0.0));
#2865=DIRECTION('',(1.0,0.0,0.0));
#2866=CARTESIAN_POINT('',(-3.7592,-5.7658,-8.7249));
#2867=DIRECTION('',(0.0,-1.0,0.0));
#2868=DIRECTION('',(-1.0,0.0,0.0));
#2869=CARTESIAN_POINT('',(-3.7592,-5.7658,-11.8999));
#2870=DIRECTION('',(0.0,-1.0,0.0));
#2871=DIRECTION('',(1.0,0.0,0.0));
#2872=CARTESIAN_POINT('',(-3.7592,-5.7658,-11.8999));
#2873=DIRECTION('',(0.0,-1.0,0.0));
#2874=DIRECTION('',(-1.0,0.0,0.0));
#2875=CARTESIAN_POINT('',(3.7338,-5.7658,-8.7249));
#2876=DIRECTION('',(0.0,-1.0,0.0));
#2877=DIRECTION('',(1.0,0.0,0.0));
#2878=CARTESIAN_POINT('',(3.7338,-5.7658,-8.7249));
#2879=DIRECTION('',(0.0,-1.0,0.0));
#2880=DIRECTION('',(-1.0,0.0,0.0));
#2881=CARTESIAN_POINT('',(3.7338,-5.7658,-11.8999));
#2882=DIRECTION('',(0.0,-1.0,0.0));
#2883=DIRECTION('',(1.0,0.0,0.0));
#2884=CARTESIAN_POINT('',(3.7338,-5.7658,-11.8999));
#2885=DIRECTION('',(0.0,-1.0,0.0));
#2886=DIRECTION('',(-1.0,0.0,0.0));
#2887=VERTEX_POINT('',#3652);
#2888=VERTEX_POINT('',#3653);
#2889=LINE('',#3654,#3655);
#2890=VERTEX_POINT('',#3656);
#2891=LINE('',#3657,#3658);
#2892=VERTEX_POINT('',#3659);
#2893=LINE('',#3660,#3661);
#2894=VERTEX_POINT('',#3662);
#2895=LINE('',#3663,#3664);
#2896=LINE('',#3665,#3666);
#2897=VERTEX_POINT('',#3667);
#2898=VERTEX_POINT('',#3668);
#2899=LINE('',#3669,#3670);
#2900=VERTEX_POINT('',#3671);
#2901=LINE('',#3672,#3673);
#2902=VERTEX_POINT('',#3674);
#2903=LINE('',#3675,#3676);
#2904=LINE('',#3677,#3678);
#2905=VERTEX_POINT('',#3679);
#2906=VERTEX_POINT('',#3680);
#2907=LINE('',#3681,#3682);
#2908=VERTEX_POINT('',#3683);
#2909=LINE('',#3684,#3685);
#2910=VERTEX_POINT('',#3686);
#2911=LINE('',#3687,#3688);
#2912=VERTEX_POINT('',#3689);
#2913=LINE('',#3690,#3691);
#2914=LINE('',#3692,#3693);
#2915=VERTEX_POINT('',#3694);
#2916=VERTEX_POINT('',#3695);
#2917=LINE('',#3696,#3697);
#2918=VERTEX_POINT('',#3698);
#2919=LINE('',#3699,#3700);
#2920=VERTEX_POINT('',#3701);
#2921=LINE('',#3702,#3703);
#2922=LINE('',#3704,#3705);
#2923=VERTEX_POINT('',#3706);
#2924=LINE('',#3707,#3708);
#2925=VERTEX_POINT('',#3709);
#2926=LINE('',#3710,#3711);
#2927=VERTEX_POINT('',#3712);
#2928=LINE('',#3713,#3714);
#2929=LINE('',#3715,#3716);
#2930=VERTEX_POINT('',#3717);
#2931=LINE('',#3718,#3719);
#2932=LINE('',#3720,#3721);
#2933=VERTEX_POINT('',#3722);
#2934=VERTEX_POINT('',#3723);
#2935=LINE('',#3724,#3725);
#2936=LINE('',#3726,#3727);
#2937=VERTEX_POINT('',#3728);
#2938=LINE('',#3729,#3730);
#2939=VERTEX_POINT('',#3731);
#2940=LINE('',#3732,#3733);
#2941=VERTEX_POINT('',#3734);
#2942=LINE('',#3735,#3736);
#2943=VERTEX_POINT('',#3737);
#2944=LINE('',#3738,#3739);
#2945=LINE('',#3740,#3741);
#2946=VERTEX_POINT('',#3742);
#2947=VERTEX_POINT('',#3743);
#2948=LINE('',#3744,#3745);
#2949=VERTEX_POINT('',#3746);
#2950=LINE('',#3747,#3748);
#2951=VERTEX_POINT('',#3749);
#2952=LINE('',#3750,#3751);
#2953=VERTEX_POINT('',#3752);
#2954=LINE('',#3753,#3754);
#2955=VERTEX_POINT('',#3755);
#2956=LINE('',#3756,#3757);
#2957=VERTEX_POINT('',#3758);
#2958=LINE('',#3759,#3760);
#2959=LINE('',#3761,#3762);
#2960=VERTEX_POINT('',#3763);
#2961=LINE('',#3764,#3765);
#2962=LINE('',#3766,#3767);
#2963=VERTEX_POINT('',#3768);
#2964=LINE('',#3769,#3770);
#2965=VERTEX_POINT('',#3771);
#2966=LINE('',#3772,#3773);
#2967=VERTEX_POINT('',#3774);
#2968=LINE('',#3775,#3776);
#2969=LINE('',#3777,#3778);
#2970=VERTEX_POINT('',#3779);
#2971=VERTEX_POINT('',#3780);
#2972=LINE('',#3781,#3782);
#2973=VERTEX_POINT('',#3783);
#2974=LINE('',#3784,#3785);
#2975=VERTEX_POINT('',#3786);
#2976=LINE('',#3787,#3788);
#2977=LINE('',#3789,#3790);
#2978=VERTEX_POINT('',#3791);
#2979=VERTEX_POINT('',#3792);
#2980=LINE('',#3793,#3794);
#2981=VERTEX_POINT('',#3795);
#2982=LINE('',#3796,#3797);
#2983=VERTEX_POINT('',#3798);
#2984=LINE('',#3799,#3800);
#2985=LINE('',#3801,#3802);
#2986=VERTEX_POINT('',#3803);
#2987=VERTEX_POINT('',#3804);
#2988=LINE('',#3805,#3806);
#2989=VERTEX_POINT('',#3807);
#2990=LINE('',#3808,#3809);
#2991=VERTEX_POINT('',#3810);
#2992=LINE('',#3811,#3812);
#2993=LINE('',#3813,#3814);
#2994=VERTEX_POINT('',#3815);
#2995=LINE('',#3816,#3817);
#2996=VERTEX_POINT('',#3818);
#2997=LINE('',#3819,#3820);
#2998=LINE('',#3821,#3822);
#2999=VERTEX_POINT('',#3823);
#3000=VERTEX_POINT('',#3824);
#3001=LINE('',#3825,#3826);
#3002=LINE('',#3827,#3828);
#3003=LINE('',#3829,#3830);
#3004=VERTEX_POINT('',#3831);
#3005=VERTEX_POINT('',#3832);
#3006=LINE('',#3833,#3834);
#3007=LINE('',#3835,#3836);
#3008=LINE('',#3837,#3838);
#3009=VERTEX_POINT('',#3839);
#3010=LINE('',#3840,#3841);
#3011=VERTEX_POINT('',#3842);
#3012=LINE('',#3843,#3844);
#3013=LINE('',#3845,#3846);
#3014=VERTEX_POINT('',#3847);
#3015=LINE('',#3848,#3849);
#3016=VERTEX_POINT('',#3850);
#3017=LINE('',#3851,#3852);
#3018=VERTEX_POINT('',#3853);
#3019=LINE('',#3854,#3855);
#3020=VERTEX_POINT('',#3856);
#3021=LINE('',#3857,#3858);
#3022=VERTEX_POINT('',#3859);
#3023=LINE('',#3860,#3861);
#3024=VERTEX_POINT('',#3862);
#3025=LINE('',#3863,#3864);
#3026=VERTEX_POINT('',#3865);
#3027=LINE('',#3866,#3867);
#3028=VERTEX_POINT('',#3868);
#3029=LINE('',#3869,#3870);
#3030=VERTEX_POINT('',#3871);
#3031=LINE('',#3872,#3873);
#3032=VERTEX_POINT('',#3874);
#3033=LINE('',#3875,#3876);
#3034=LINE('',#3877,#3878);
#3035=VERTEX_POINT('',#3879);
#3036=LINE('',#3880,#3881);
#3037=VERTEX_POINT('',#3882);
#3038=LINE('',#3883,#3884);
#3039=LINE('',#3885,#3886);
#3040=VERTEX_POINT('',#3887);
#3041=LINE('',#3888,#3889);
#3042=VERTEX_POINT('',#3890);
#3043=LINE('',#3891,#3892);
#3044=LINE('',#3893,#3894);
#3045=VERTEX_POINT('',#3895);
#3046=LINE('',#3896,#3897);
#3047=VERTEX_POINT('',#3898);
#3048=LINE('',#3899,#3900);
#3049=LINE('',#3901,#3902);
#3050=VERTEX_POINT('',#3903);
#3051=VERTEX_POINT('',#3904);
#3052=LINE('',#3905,#3906);
#3053=VERTEX_POINT('',#3907);
#3054=LINE('',#3908,#3909);
#3055=VERTEX_POINT('',#3910);
#3056=LINE('',#3911,#3912);
#3057=VERTEX_POINT('',#3913);
#3058=LINE('',#3914,#3915);
#3059=VERTEX_POINT('',#3916);
#3060=LINE('',#3917,#3918);
#3061=LINE('',#3919,#3920);
#3062=VERTEX_POINT('',#3921);
#3063=VERTEX_POINT('',#3922);
#3064=LINE('',#3923,#3924);
#3065=VERTEX_POINT('',#3925);
#3066=LINE('',#3926,#3927);
#3067=VERTEX_POINT('',#3928);
#3068=LINE('',#3929,#3930);
#3069=VERTEX_POINT('',#3931);
#3070=LINE('',#3932,#3933);
#3071=VERTEX_POINT('',#3934);
#3072=LINE('',#3935,#3936);
#3073=LINE('',#3937,#3938);
#3074=VERTEX_POINT('',#3939);
#3075=LINE('',#3940,#3941);
#3076=VERTEX_POINT('',#3942);
#3077=LINE('',#3943,#3944);
#3078=LINE('',#3945,#3946);
#3079=VERTEX_POINT('',#3947);
#3080=VERTEX_POINT('',#3948);
#3081=LINE('',#3949,#3950);
#3082=VERTEX_POINT('',#3951);
#3083=LINE('',#3952,#3953);
#3084=VERTEX_POINT('',#3954);
#3085=LINE('',#3955,#3956);
#3086=LINE('',#3957,#3958);
#3087=VERTEX_POINT('',#3959);
#3088=LINE('',#3960,#3961);
#3089=VERTEX_POINT('',#3962);
#3090=LINE('',#3963,#3964);
#3091=LINE('',#3965,#3966);
#3092=VERTEX_POINT('',#3967);
#3093=LINE('',#3968,#3969);
#3094=LINE('',#3970,#3971);
#3095=VERTEX_POINT('',#3972);
#3096=LINE('',#3973,#3974);
#3097=LINE('',#3975,#3976);
#3098=VERTEX_POINT('',#3977);
#3099=LINE('',#3978,#3979);
#3100=LINE('',#3980,#3981);
#3101=VERTEX_POINT('',#3982);
#3102=LINE('',#3983,#3984);
#3103=LINE('',#3985,#3986);
#3104=LINE('',#3987,#3988);
#3105=VERTEX_POINT('',#3989);
#3106=VERTEX_POINT('',#3990);
#3107=LINE('',#3991,#3992);
#3108=VERTEX_POINT('',#3993);
#3109=LINE('',#3994,#3995);
#3110=VERTEX_POINT('',#3996);
#3111=LINE('',#3997,#3998);
#3112=LINE('',#3999,#4000);
#3113=VERTEX_POINT('',#4001);
#3114=VERTEX_POINT('',#4002);
#3115=LINE('',#4003,#4004);
#3116=VERTEX_POINT('',#4005);
#3117=LINE('',#4006,#4007);
#3118=VERTEX_POINT('',#4008);
#3119=LINE('',#4009,#4010);
#3120=VERTEX_POINT('',#4011);
#3121=LINE('',#4012,#4013);
#3122=VERTEX_POINT('',#4014);
#3123=LINE('',#4015,#4016);
#3124=LINE('',#4017,#4018);
#3125=VERTEX_POINT('',#4019);
#3126=VERTEX_POINT('',#4020);
#3127=LINE('',#4021,#4022);
#3128=VERTEX_POINT('',#4023);
#3129=LINE('',#4024,#4025);
#3130=VERTEX_POINT('',#4026);
#3131=LINE('',#4027,#4028);
#3132=LINE('',#4029,#4030);
#3133=LINE('',#4031,#4032);
#3134=LINE('',#4033,#4034);
#3135=LINE('',#4035,#4036);
#3136=LINE('',#4037,#4038);
#3137=LINE('',#4039,#4040);
#3138=LINE('',#4041,#4042);
#3139=VERTEX_POINT('',#4043);
#3140=LINE('',#4044,#4045);
#3141=VERTEX_POINT('',#4046);
#3142=LINE('',#4047,#4048);
#3143=LINE('',#4049,#4050);
#3144=VERTEX_POINT('',#4051);
#3145=LINE('',#4052,#4053);
#3146=LINE('',#4054,#4055);
#3147=VERTEX_POINT('',#4056);
#3148=LINE('',#4057,#4058);
#3149=LINE('',#4059,#4060);
#3150=LINE('',#4061,#4062);
#3151=VERTEX_POINT('',#4063);
#3152=LINE('',#4064,#4065);
#3153=VERTEX_POINT('',#4066);
#3154=LINE('',#4067,#4068);
#3155=LINE('',#4069,#4070);
#3156=VERTEX_POINT('',#4071);
#3157=LINE('',#4072,#4073);
#3158=VERTEX_POINT('',#4074);
#3159=LINE('',#4075,#4076);
#3160=LINE('',#4077,#4078);
#3161=LINE('',#4079,#4080);
#3162=LINE('',#4081,#4082);
#3163=VERTEX_POINT('',#4083);
#3164=LINE('',#4084,#4085);
#3165=VERTEX_POINT('',#4086);
#3166=LINE('',#4087,#4088);
#3167=LINE('',#4089,#4090);
#3168=VERTEX_POINT('',#4091);
#3169=LINE('',#4092,#4093);
#3170=LINE('',#4094,#4095);
#3171=VERTEX_POINT('',#4096);
#3172=LINE('',#4097,#4098);
#3173=LINE('',#4099,#4100);
#3174=LINE('',#4101,#4102);
#3175=VERTEX_POINT('',#4103);
#3176=LINE('',#4104,#4105);
#3177=VERTEX_POINT('',#4106);
#3178=LINE('',#4107,#4108);
#3179=LINE('',#4109,#4110);
#3180=VERTEX_POINT('',#4111);
#3181=LINE('',#4112,#4113);
#3182=VERTEX_POINT('',#4114);
#3183=LINE('',#4115,#4116);
#3184=LINE('',#4117,#4118);
#3185=LINE('',#4119,#4120);
#3186=LINE('',#4121,#4122);
#3187=LINE('',#4123,#4124);
#3188=LINE('',#4125,#4126);
#3189=LINE('',#4127,#4128);
#3190=LINE('',#4129,#4130);
#3191=LINE('',#4131,#4132);
#3192=LINE('',#4133,#4134);
#3193=VERTEX_POINT('',#4135);
#3194=LINE('',#4136,#4137);
#3195=LINE('',#4138,#4139);
#3196=VERTEX_POINT('',#4140);
#3197=LINE('',#4141,#4142);
#3198=LINE('',#4143,#4144);
#3199=VERTEX_POINT('',#4145);
#3200=LINE('',#4146,#4147);
#3201=LINE('',#4148,#4149);
#3202=VERTEX_POINT('',#4150);
#3203=LINE('',#4151,#4152);
#3204=VERTEX_POINT('',#4153);
#3205=LINE('',#4154,#4155);
#3206=VERTEX_POINT('',#4156);
#3207=CIRCLE('',#4157,0.635);
#3208=VERTEX_POINT('',#4158);
#3209=LINE('',#4159,#4160);
#3210=VERTEX_POINT('',#4161);
#3211=LINE('',#4162,#4163);
#3212=VERTEX_POINT('',#4164);
#3213=LINE('',#4165,#4166);
#3214=VERTEX_POINT('',#4167);
#3215=CIRCLE('',#4168,0.635);
#3216=LINE('',#4169,#4170);
#3217=VERTEX_POINT('',#4171);
#3218=LINE('',#4172,#4173);
#3219=VERTEX_POINT('',#4174);
#3220=LINE('',#4175,#4176);
#3221=LINE('',#4177,#4178);
#3222=VERTEX_POINT('',#4179);
#3223=VERTEX_POINT('',#4180);
#3224=LINE('',#4181,#4182);
#3225=VERTEX_POINT('',#4183);
#3226=LINE('',#4184,#4185);
#3227=VERTEX_POINT('',#4186);
#3228=LINE('',#4187,#4188);
#3229=VERTEX_POINT('',#4189);
#3230=LINE('',#4190,#4191);
#3231=VERTEX_POINT('',#4192);
#3232=LINE('',#4193,#4194);
#3233=VERTEX_POINT('',#4195);
#3234=LINE('',#4196,#4197);
#3235=VERTEX_POINT('',#4198);
#3236=LINE('',#4199,#4200);
#3237=VERTEX_POINT('',#4201);
#3238=LINE('',#4202,#4203);
#3239=VERTEX_POINT('',#4204);
#3240=LINE('',#4205,#4206);
#3241=VERTEX_POINT('',#4207);
#3242=LINE('',#4208,#4209);
#3243=VERTEX_POINT('',#4210);
#3244=LINE('',#4211,#4212);
#3245=VERTEX_POINT('',#4213);
#3246=LINE('',#4214,#4215);
#3247=VERTEX_POINT('',#4216);
#3248=LINE('',#4217,#4218);
#3249=VERTEX_POINT('',#4219);
#3250=LINE('',#4220,#4221);
#3251=VERTEX_POINT('',#4222);
#3252=LINE('',#4223,#4224);
#3253=VERTEX_POINT('',#4225);
#3254=LINE('',#4226,#4227);
#3255=VERTEX_POINT('',#4228);
#3256=LINE('',#4229,#4230);
#3257=VERTEX_POINT('',#4231);
#3258=LINE('',#4232,#4233);
#3259=VERTEX_POINT('',#4234);
#3260=LINE('',#4235,#4236);
#3261=VERTEX_POINT('',#4237);
#3262=LINE('',#4238,#4239);
#3263=VERTEX_POINT('',#4240);
#3264=LINE('',#4241,#4242);
#3265=VERTEX_POINT('',#4243);
#3266=LINE('',#4244,#4245);
#3267=LINE('',#4246,#4247);
#3268=VERTEX_POINT('',#4248);
#3269=LINE('',#4249,#4250);
#3270=LINE('',#4251,#4252);
#3271=VERTEX_POINT('',#4253);
#3272=LINE('',#4254,#4255);
#3273=VERTEX_POINT('',#4256);
#3274=LINE('',#4257,#4258);
#3275=LINE('',#4259,#4260);
#3276=LINE('',#4261,#4262);
#3277=VERTEX_POINT('',#4263);
#3278=VERTEX_POINT('',#4264);
#3279=LINE('',#4265,#4266);
#3280=VERTEX_POINT('',#4267);
#3281=LINE('',#4268,#4269);
#3282=VERTEX_POINT('',#4270);
#3283=LINE('',#4271,#4272);
#3284=LINE('',#4273,#4274);
#3285=VERTEX_POINT('',#4275);
#3286=VERTEX_POINT('',#4276);
#3287=LINE('',#4277,#4278);
#3288=VERTEX_POINT('',#4279);
#3289=LINE('',#4280,#4281);
#3290=VERTEX_POINT('',#4282);
#3291=LINE('',#4283,#4284);
#3292=LINE('',#4285,#4286);
#3293=VERTEX_POINT('',#4287);
#3294=LINE('',#4288,#4289);
#3295=VERTEX_POINT('',#4290);
#3296=LINE('',#4291,#4292);
#3297=VERTEX_POINT('',#4293);
#3298=LINE('',#4294,#4295);
#3299=VERTEX_POINT('',#4296);
#3300=LINE('',#4297,#4298);
#3301=VERTEX_POINT('',#4299);
#3302=LINE('',#4300,#4301);
#3303=VERTEX_POINT('',#4302);
#3304=LINE('',#4303,#4304);
#3305=VERTEX_POINT('',#4305);
#3306=LINE('',#4306,#4307);
#3307=VERTEX_POINT('',#4308);
#3308=CIRCLE('',#4309,0.4445);
#3309=VERTEX_POINT('',#4310);
#3310=LINE('',#4311,#4312);
#3311=VERTEX_POINT('',#4313);
#3312=CIRCLE('',#4314,0.4445);
#3313=VERTEX_POINT('',#4315);
#3314=LINE('',#4316,#4317);
#3315=VERTEX_POINT('',#4318);
#3316=LINE('',#4319,#4320);
#3317=VERTEX_POINT('',#4321);
#3318=LINE('',#4322,#4323);
#3319=VERTEX_POINT('',#4324);
#3320=LINE('',#4325,#4326);
#3321=VERTEX_POINT('',#4327);
#3322=LINE('',#4328,#4329);
#3323=VERTEX_POINT('',#4330);
#3324=LINE('',#4331,#4332);
#3325=VERTEX_POINT('',#4333);
#3326=LINE('',#4334,#4335);
#3327=VERTEX_POINT('',#4336);
#3328=LINE('',#4337,#4338);
#3329=VERTEX_POINT('',#4339);
#3330=LINE('',#4340,#4341);
#3331=VERTEX_POINT('',#4342);
#3332=LINE('',#4343,#4344);
#3333=VERTEX_POINT('',#4345);
#3334=LINE('',#4346,#4347);
#3335=LINE('',#4348,#4349);
#3336=VERTEX_POINT('',#4350);
#3337=LINE('',#4351,#4352);
#3338=LINE('',#4353,#4354);
#3339=VERTEX_POINT('',#4355);
#3340=LINE('',#4356,#4357);
#3341=VERTEX_POINT('',#4358);
#3342=LINE('',#4359,#4360);
#3343=VERTEX_POINT('',#4361);
#3344=LINE('',#4362,#4363);
#3345=VERTEX_POINT('',#4364);
#3346=LINE('',#4365,#4366);
#3347=VERTEX_POINT('',#4367);
#3348=LINE('',#4368,#4369);
#3349=VERTEX_POINT('',#4370);
#3350=LINE('',#4371,#4372);
#3351=VERTEX_POINT('',#4373);
#3352=LINE('',#4374,#4375);
#3353=VERTEX_POINT('',#4376);
#3354=LINE('',#4377,#4378);
#3355=VERTEX_POINT('',#4379);
#3356=LINE('',#4380,#4381);
#3357=VERTEX_POINT('',#4382);
#3358=LINE('',#4383,#4384);
#3359=VERTEX_POINT('',#4385);
#3360=LINE('',#4386,#4387);
#3361=VERTEX_POINT('',#4388);
#3362=CIRCLE('',#4389,0.4445);
#3363=VERTEX_POINT('',#4390);
#3364=LINE('',#4391,#4392);
#3365=VERTEX_POINT('',#4393);
#3366=CIRCLE('',#4394,0.4445);
#3367=VERTEX_POINT('',#4395);
#3368=LINE('',#4396,#4397);
#3369=VERTEX_POINT('',#4398);
#3370=LINE('',#4399,#4400);
#3371=VERTEX_POINT('',#4401);
#3372=LINE('',#4402,#4403);
#3373=VERTEX_POINT('',#4404);
#3374=LINE('',#4405,#4406);
#3375=VERTEX_POINT('',#4407);
#3376=LINE('',#4408,#4409);
#3377=VERTEX_POINT('',#4410);
#3378=LINE('',#4411,#4412);
#3379=LINE('',#4413,#4414);
#3380=LINE('',#4415,#4416);
#3381=LINE('',#4417,#4418);
#3382=LINE('',#4419,#4420);
#3383=LINE('',#4421,#4422);
#3384=LINE('',#4423,#4424);
#3385=LINE('',#4425,#4426);
#3386=LINE('',#4427,#4428);
#3387=LINE('',#4429,#4430);
#3388=LINE('',#4431,#4432);
#3389=LINE('',#4433,#4434);
#3390=LINE('',#4435,#4436);
#3391=LINE('',#4437,#4438);
#3392=LINE('',#4439,#4440);
#3393=LINE('',#4441,#4442);
#3394=LINE('',#4443,#4444);
#3395=LINE('',#4445,#4446);
#3396=LINE('',#4447,#4448);
#3397=LINE('',#4449,#4450);
#3398=LINE('',#4451,#4452);
#3399=LINE('',#4453,#4454);
#3400=VERTEX_POINT('',#4455);
#3401=LINE('',#4456,#4457);
#3402=VERTEX_POINT('',#4458);
#3403=LINE('',#4459,#4460);
#3404=VERTEX_POINT('',#4461);
#3405=LINE('',#4462,#4463);
#3406=VERTEX_POINT('',#4464);
#3407=LINE('',#4465,#4466);
#3408=VERTEX_POINT('',#4467);
#3409=LINE('',#4468,#4469);
#3410=VERTEX_POINT('',#4470);
#3411=LINE('',#4471,#4472);
#3412=VERTEX_POINT('',#4473);
#3413=LINE('',#4474,#4475);
#3414=VERTEX_POINT('',#4476);
#3415=CIRCLE('',#4477,0.4445);
#3416=VERTEX_POINT('',#4478);
#3417=LINE('',#4479,#4480);
#3418=VERTEX_POINT('',#4481);
#3419=CIRCLE('',#4482,0.4445);
#3420=VERTEX_POINT('',#4483);
#3421=LINE('',#4484,#4485);
#3422=VERTEX_POINT('',#4486);
#3423=LINE('',#4487,#4488);
#3424=VERTEX_POINT('',#4489);
#3425=LINE('',#4490,#4491);
#3426=VERTEX_POINT('',#4492);
#3427=LINE('',#4493,#4494);
#3428=VERTEX_POINT('',#4495);
#3429=LINE('',#4496,#4497);
#3430=VERTEX_POINT('',#4498);
#3431=LINE('',#4499,#4500);
#3432=VERTEX_POINT('',#4501);
#3433=LINE('',#4502,#4503);
#3434=VERTEX_POINT('',#4504);
#3435=LINE('',#4505,#4506);
#3436=VERTEX_POINT('',#4507);
#3437=LINE('',#4508,#4509);
#3438=VERTEX_POINT('',#4510);
#3439=LINE('',#4511,#4512);
#3440=VERTEX_POINT('',#4513);
#3441=LINE('',#4514,#4515);
#3442=LINE('',#4516,#4517);
#3443=VERTEX_POINT('',#4518);
#3444=LINE('',#4519,#4520);
#3445=LINE('',#4521,#4522);
#3446=VERTEX_POINT('',#4523);
#3447=LINE('',#4524,#4525);
#3448=VERTEX_POINT('',#4526);
#3449=LINE('',#4527,#4528);
#3450=VERTEX_POINT('',#4529);
#3451=LINE('',#4530,#4531);
#3452=VERTEX_POINT('',#4532);
#3453=LINE('',#4533,#4534);
#3454=VERTEX_POINT('',#4535);
#3455=LINE('',#4536,#4537);
#3456=VERTEX_POINT('',#4538);
#3457=LINE('',#4539,#4540);
#3458=VERTEX_POINT('',#4541);
#3459=LINE('',#4542,#4543);
#3460=VERTEX_POINT('',#4544);
#3461=LINE('',#4545,#4546);
#3462=VERTEX_POINT('',#4547);
#3463=LINE('',#4548,#4549);
#3464=VERTEX_POINT('',#4550);
#3465=LINE('',#4551,#4552);
#3466=VERTEX_POINT('',#4553);
#3467=LINE('',#4554,#4555);
#3468=VERTEX_POINT('',#4556);
#3469=CIRCLE('',#4557,0.4445);
#3470=VERTEX_POINT('',#4558);
#3471=LINE('',#4559,#4560);
#3472=VERTEX_POINT('',#4561);
#3473=CIRCLE('',#4562,0.4445);
#3474=VERTEX_POINT('',#4563);
#3475=LINE('',#4564,#4565);
#3476=VERTEX_POINT('',#4566);
#3477=LINE('',#4567,#4568);
#3478=VERTEX_POINT('',#4569);
#3479=LINE('',#4570,#4571);
#3480=VERTEX_POINT('',#4572);
#3481=LINE('',#4573,#4574);
#3482=VERTEX_POINT('',#4575);
#3483=LINE('',#4576,#4577);
#3484=VERTEX_POINT('',#4578);
#3485=LINE('',#4579,#4580);
#3486=LINE('',#4581,#4582);
#3487=LINE('',#4583,#4584);
#3488=LINE('',#4585,#4586);
#3489=LINE('',#4587,#4588);
#3490=LINE('',#4589,#4590);
#3491=LINE('',#4591,#4592);
#3492=LINE('',#4593,#4594);
#3493=LINE('',#4595,#4596);
#3494=LINE('',#4597,#4598);
#3495=LINE('',#4599,#4600);
#3496=LINE('',#4601,#4602);
#3497=LINE('',#4603,#4604);
#3498=LINE('',#4605,#4606);
#3499=LINE('',#4607,#4608);
#3500=LINE('',#4609,#4610);
#3501=LINE('',#4611,#4612);
#3502=LINE('',#4613,#4614);
#3503=LINE('',#4615,#4616);
#3504=LINE('',#4617,#4618);
#3505=LINE('',#4619,#4620);
#3506=LINE('',#4621,#4622);
#3507=LINE('',#4623,#4624);
#3508=LINE('',#4625,#4626);
#3509=LINE('',#4627,#4628);
#3510=LINE('',#4629,#4630);
#3511=LINE('',#4631,#4632);
#3512=LINE('',#4633,#4634);
#3513=LINE('',#4635,#4636);
#3514=LINE('',#4637,#4638);
#3515=LINE('',#4639,#4640);
#3516=VERTEX_POINT('',#4641);
#3517=LINE('',#4642,#4643);
#3518=VERTEX_POINT('',#4644);
#3519=LINE('',#4645,#4646);
#3520=LINE('',#4647,#4648);
#3521=VERTEX_POINT('',#4649);
#3522=LINE('',#4650,#4651);
#3523=LINE('',#4652,#4653);
#3524=LINE('',#4654,#4655);
#3525=LINE('',#4656,#4657);
#3526=VERTEX_POINT('',#4658);
#3527=LINE('',#4659,#4660);
#3528=VERTEX_POINT('',#4661);
#3529=LINE('',#4662,#4663);
#3530=VERTEX_POINT('',#4664);
#3531=LINE('',#4665,#4666);
#3532=VERTEX_POINT('',#4667);
#3533=LINE('',#4668,#4669);
#3534=VERTEX_POINT('',#4670);
#3535=LINE('',#4671,#4672);
#3536=VERTEX_POINT('',#4673);
#3537=LINE('',#4674,#4675);
#3538=LINE('',#4676,#4677);
#3539=VERTEX_POINT('',#4678);
#3540=LINE('',#4679,#4680);
#3541=VERTEX_POINT('',#4681);
#3542=LINE('',#4682,#4683);
#3543=VERTEX_POINT('',#4684);
#3544=LINE('',#4685,#4686);
#3545=VERTEX_POINT('',#4687);
#3546=LINE('',#4688,#4689);
#3547=VERTEX_POINT('',#4690);
#3548=LINE('',#4691,#4692);
#3549=VERTEX_POINT('',#4693);
#3550=LINE('',#4694,#4695);
#3551=LINE('',#4696,#4697);
#3552=LINE('',#4698,#4699);
#3553=VERTEX_POINT('',#4700);
#3554=VERTEX_POINT('',#4701);
#3555=LINE('',#4702,#4703);
#3556=VERTEX_POINT('',#4704);
#3557=LINE('',#4705,#4706);
#3558=LINE('',#4707,#4708);
#3559=LINE('',#4709,#4710);
#3560=VERTEX_POINT('',#4711);
#3561=LINE('',#4712,#4713);
#3562=LINE('',#4714,#4715);
#3563=LINE('',#4716,#4717);
#3564=VERTEX_POINT('',#4718);
#3565=LINE('',#4719,#4720);
#3566=VERTEX_POINT('',#4721);
#3567=LINE('',#4722,#4723);
#3568=LINE('',#4724,#4725);
#3569=LINE('',#4726,#4727);
#3570=LINE('',#4728,#4729);
#3571=VERTEX_POINT('',#4730);
#3572=VERTEX_POINT('',#4731);
#3573=LINE('',#4732,#4733);
#3574=LINE('',#4734,#4735);
#3575=LINE('',#4736,#4737);
#3576=VERTEX_POINT('',#4738);
#3577=LINE('',#4739,#4740);
#3578=VERTEX_POINT('',#4741);
#3579=LINE('',#4742,#4743);
#3580=LINE('',#4744,#4745);
#3581=VERTEX_POINT('',#4746);
#3582=LINE('',#4747,#4748);
#3583=VERTEX_POINT('',#4749);
#3584=LINE('',#4750,#4751);
#3585=LINE('',#4752,#4753);
#3586=VERTEX_POINT('',#4754);
#3587=LINE('',#4755,#4756);
#3588=LINE('',#4757,#4758);
#3589=LINE('',#4759,#4760);
#3590=LINE('',#4761,#4762);
#3591=LINE('',#4763,#4764);
#3592=LINE('',#4765,#4766);
#3593=LINE('',#4767,#4768);
#3594=LINE('',#4769,#4770);
#3595=VERTEX_POINT('',#4771);
#3596=LINE('',#4772,#4773);
#3597=LINE('',#4774,#4775);
#3598=VERTEX_POINT('',#4776);
#3599=LINE('',#4777,#4778);
#3600=LINE('',#4779,#4780);
#3601=LINE('',#4781,#4782);
#3602=VERTEX_POINT('',#4783);
#3603=LINE('',#4784,#4785);
#3604=LINE('',#4786,#4787);
#3605=LINE('',#4788,#4789);
#3606=LINE('',#4790,#4791);
#3607=VERTEX_POINT('',#4792);
#3608=LINE('',#4793,#4794);
#3609=LINE('',#4795,#4796);
#3610=VERTEX_POINT('',#4797);
#3611=VERTEX_POINT('',#4798);
#3612=CIRCLE('',#4799,0.635);
#3613=LINE('',#4800,#4801);
#3614=VERTEX_POINT('',#4802);
#3615=LINE('',#4803,#4804);
#3616=VERTEX_POINT('',#4805);
#3617=CIRCLE('',#4806,0.635);
#3618=LINE('',#4807,#4808);
#3619=LINE('',#4809,#4810);
#3620=LINE('',#4811,#4812);
#3621=VERTEX_POINT('',#4813);
#3622=LINE('',#4814,#4815);
#3623=LINE('',#4816,#4817);
#3624=VERTEX_POINT('',#4818);
#3625=CIRCLE('',#4819,0.635);
#3626=LINE('',#4820,#4821);
#3627=LINE('',#4822,#4823);
#3628=VERTEX_POINT('',#4824);
#3629=LINE('',#4825,#4826);
#3630=VERTEX_POINT('',#4827);
#3631=CIRCLE('',#4828,0.635);
#3632=LINE('',#4829,#4830);
#3633=LINE('',#4831,#4832);
#3634=LINE('',#4833,#4834);
#3635=VERTEX_POINT('',#4835);
#3636=LINE('',#4836,#4837);
#3637=LINE('',#4838,#4839);
#3638=VERTEX_POINT('',#4840);
#3639=CIRCLE('',#4841,0.635);
#3640=LINE('',#4842,#4843);
#3641=LINE('',#4844,#4845);
#3642=VERTEX_POINT('',#4846);
#3643=CIRCLE('',#4847,0.635);
#3644=LINE('',#4848,#4849);
#3645=LINE('',#4850,#4851);
#3646=LINE('',#4852,#4853);
#3647=LINE('',#4854,#4855);
#3648=LINE('',#4856,#4857);
#3649=LINE('',#4858,#4859);
#3650=LINE('',#4860,#4861);
#3651=LINE('',#4862,#4863);
#3652=CARTESIAN_POINT('',(-9.0043,-4.1148,-7.3787));
#3653=CARTESIAN_POINT('',(-9.0043,-5.7658,-7.3787));
#3654=CARTESIAN_POINT('',(-9.0043,-4.1148,-7.3787));
#3655=VECTOR('',#4864,1.651);
#3656=CARTESIAN_POINT('',(-9.271,-5.7658,-7.3787));
#3657=CARTESIAN_POINT('',(-9.271,-5.7658,-7.3787));
#3658=VECTOR('',#4865,0.2667);
#3659=CARTESIAN_POINT('',(-10.541,-4.4958,-7.3787));
#3660=CARTESIAN_POINT('',(-10.541,-4.4958,-7.3787));
#3661=VECTOR('',#4866,1.79605122421396);
#3662=CARTESIAN_POINT('',(-10.541,-4.1148,-7.3787));
#3663=CARTESIAN_POINT('',(-10.541,-4.1148,-7.3787));
#3664=VECTOR('',#4867,0.381);
#3665=CARTESIAN_POINT('',(-10.541,-4.1148,-7.3787));
#3666=VECTOR('',#4868,1.5367);
#3667=CARTESIAN_POINT('',(-10.541,5.7658,-7.3787));
#3668=CARTESIAN_POINT('',(-10.541,4.7498,-7.3787));
#3669=CARTESIAN_POINT('',(-10.541,5.7658,-7.3787));
#3670=VECTOR('',#4869,1.016);
#3671=CARTESIAN_POINT('',(-9.0043,5.7658,-7.3787));
#3672=CARTESIAN_POINT('',(-9.0043,5.7658,-7.3787));
#3673=VECTOR('',#4870,1.5367);
#3674=CARTESIAN_POINT('',(-9.0043,4.7498,-7.3787));
#3675=CARTESIAN_POINT('',(-9.0043,5.7658,-7.3787));
#3676=VECTOR('',#4871,1.016);
#3677=CARTESIAN_POINT('',(-10.541,4.7498,-7.3787));
#3678=VECTOR('',#4872,1.5367);
#3679=CARTESIAN_POINT('',(10.541,-4.4958,-7.3787));
#3680=CARTESIAN_POINT('',(10.541,-4.1148,-7.3787));
#3681=CARTESIAN_POINT('',(10.541,-4.4958,-7.3787));
#3682=VECTOR('',#4873,0.381);
#3683=CARTESIAN_POINT('',(9.271,-5.7658,-7.3787));
#3684=CARTESIAN_POINT('',(9.271,-5.7658,-7.3787));
#3685=VECTOR('',#4874,1.79605122421396);
#3686=CARTESIAN_POINT('',(9.0043,-5.7658,-7.3787));
#3687=CARTESIAN_POINT('',(9.0043,-5.7658,-7.3787));
#3688=VECTOR('',#4875,0.2667);
#3689=CARTESIAN_POINT('',(9.0043,-4.1148,-7.3787));
#3690=CARTESIAN_POINT('',(9.0043,-4.1148,-7.3787));
#3691=VECTOR('',#4876,1.651);
#3692=CARTESIAN_POINT('',(10.541,-4.1148,-7.3787));
#3693=VECTOR('',#4877,1.5367);
#3694=CARTESIAN_POINT('',(9.0043,5.7658,-7.3787));
#3695=CARTESIAN_POINT('',(9.0043,4.7498,-7.3787));
#3696=CARTESIAN_POINT('',(9.0043,5.7658,-7.3787));
#3697=VECTOR('',#4878,1.016);
#3698=CARTESIAN_POINT('',(10.541,5.7658,-7.3787));
#3699=CARTESIAN_POINT('',(10.541,5.7658,-7.3787));
#3700=VECTOR('',#4879,1.5367);
#3701=CARTESIAN_POINT('',(10.541,4.7498,-7.3787));
#3702=CARTESIAN_POINT('',(10.541,4.7498,-7.3787));
#3703=VECTOR('',#4880,1.016);
#3704=CARTESIAN_POINT('',(10.541,4.7498,-7.3787));
#3705=VECTOR('',#4881,1.5367);
#3706=CARTESIAN_POINT('',(-10.541,-4.1148,6.3627));
#3707=CARTESIAN_POINT('',(-10.541,-4.1148,-7.3787));
#3708=VECTOR('',#4882,13.7414);
#3709=CARTESIAN_POINT('',(-9.0043,-4.1148,6.3627));
#3710=CARTESIAN_POINT('',(-10.541,-4.1148,6.3627));
#3711=VECTOR('',#4883,1.5367);
#3712=CARTESIAN_POINT('',(-9.0043,-4.1148,-6.7437));
#3713=CARTESIAN_POINT('',(-9.0043,-4.1148,-6.7437));
#3714=VECTOR('',#4884,13.1064);
#3715=CARTESIAN_POINT('',(-9.0043,-4.1148,-7.3787));
#3716=VECTOR('',#4885,0.635);
#3717=CARTESIAN_POINT('',(-9.0043,-5.7658,-6.7437));
#3718=CARTESIAN_POINT('',(-9.0043,-4.1148,-6.7437));
#3719=VECTOR('',#4886,1.651);
#3720=CARTESIAN_POINT('',(-9.0043,-5.7658,-7.3787));
#3721=VECTOR('',#4887,0.635);
#3722=CARTESIAN_POINT('',(-9.0043,5.5118,-6.7437));
#3723=CARTESIAN_POINT('',(-9.0043,4.7498,-6.7437));
#3724=CARTESIAN_POINT('',(-9.0043,5.5118,-6.7437));
#3725=VECTOR('',#4888,0.762);
#3726=CARTESIAN_POINT('',(-9.0043,4.7498,-7.3787));
#3727=VECTOR('',#4889,0.635);
#3728=CARTESIAN_POINT('',(-9.0043,5.7658,7.3787));
#3729=CARTESIAN_POINT('',(-9.0043,5.7658,7.3787));
#3730=VECTOR('',#4890,14.7574);
#3731=CARTESIAN_POINT('',(-9.0043,3.7338,7.3787));
#3732=CARTESIAN_POINT('',(-9.0043,3.7338,7.3787));
#3733=VECTOR('',#4891,2.032);
#3734=CARTESIAN_POINT('',(-9.0043,3.7338,6.8707));
#3735=CARTESIAN_POINT('',(-9.0043,3.7338,7.3787));
#3736=VECTOR('',#4892,0.508);
#3737=CARTESIAN_POINT('',(-9.0043,5.5118,6.8707));
#3738=CARTESIAN_POINT('',(-9.0043,5.5118,6.8707));
#3739=VECTOR('',#4893,1.778);
#3740=CARTESIAN_POINT('',(-9.0043,5.5118,-6.7437));
#3741=VECTOR('',#4894,13.6144);
#3742=CARTESIAN_POINT('',(7.9883,-5.7658,7.3787));
#3743=CARTESIAN_POINT('',(7.9883,-5.7658,6.8707));
#3744=CARTESIAN_POINT('',(7.9883,-5.7658,7.3787));
#3745=VECTOR('',#4895,0.508);
#3746=CARTESIAN_POINT('',(-7.9883,-5.7658,7.3787));
#3747=CARTESIAN_POINT('',(-7.9883,-5.7658,7.3787));
#3748=VECTOR('',#4896,15.9766);
#3749=CARTESIAN_POINT('',(-7.9883,-5.7658,6.8707));
#3750=CARTESIAN_POINT('',(-7.9883,-5.7658,7.3787));
#3751=VECTOR('',#4897,0.508);
#3752=CARTESIAN_POINT('',(-9.0043,-5.7658,6.8707));
#3753=CARTESIAN_POINT('',(-7.9883,-5.7658,6.8707));
#3754=VECTOR('',#4898,1.016);
#3755=CARTESIAN_POINT('',(-9.0043,-5.7658,7.3787));
#3756=CARTESIAN_POINT('',(-9.0043,-5.7658,7.3787));
#3757=VECTOR('',#4899,0.508);
#3758=CARTESIAN_POINT('',(-9.271,-5.7658,7.3787));
#3759=CARTESIAN_POINT('',(-9.271,-5.7658,7.3787));
#3760=VECTOR('',#4900,0.2667);
#3761=CARTESIAN_POINT('',(-9.271,-5.7658,-7.3787));
#3762=VECTOR('',#4901,14.7574);
#3763=CARTESIAN_POINT('',(9.0043,-5.7658,-6.7437));
#3764=CARTESIAN_POINT('',(-9.0043,-5.7658,-6.7437));
#3765=VECTOR('',#4902,18.0086);
#3766=CARTESIAN_POINT('',(9.0043,-5.7658,-7.3787));
#3767=VECTOR('',#4903,0.635);
#3768=CARTESIAN_POINT('',(9.271,-5.7658,7.3787));
#3769=CARTESIAN_POINT('',(9.271,-5.7658,-7.3787));
#3770=VECTOR('',#4904,14.7574);
#3771=CARTESIAN_POINT('',(9.0043,-5.7658,7.3787));
#3772=CARTESIAN_POINT('',(9.0043,-5.7658,7.3787));
#3773=VECTOR('',#4905,0.2667);
#3774=CARTESIAN_POINT('',(9.0043,-5.7658,6.8707));
#3775=CARTESIAN_POINT('',(9.0043,-5.7658,7.3787));
#3776=VECTOR('',#4906,0.508);
#3777=CARTESIAN_POINT('',(9.0043,-5.7658,6.8707));
#3778=VECTOR('',#4907,1.016);
#3779=CARTESIAN_POINT('',(9.0043,0.6858,6.8707));
#3780=CARTESIAN_POINT('',(7.9883,0.6858,6.8707));
#3781=CARTESIAN_POINT('',(9.0043,0.6858,6.8707));
#3782=VECTOR('',#4908,1.016);
#3783=CARTESIAN_POINT('',(7.9883,-1.8542,6.8707));
#3784=CARTESIAN_POINT('',(7.9883,0.6858,6.8707));
#3785=VECTOR('',#4909,2.54);
#3786=CARTESIAN_POINT('',(9.0043,-1.8542,6.8707));
#3787=CARTESIAN_POINT('',(7.9883,-1.8542,6.8707));
#3788=VECTOR('',#4910,1.016);
#3789=CARTESIAN_POINT('',(9.0043,-1.8542,6.8707));
#3790=VECTOR('',#4911,2.54);
#3791=CARTESIAN_POINT('',(-7.9883,-1.8542,6.8707));
#3792=CARTESIAN_POINT('',(-7.9883,0.6858,6.8707));
#3793=CARTESIAN_POINT('',(-7.9883,-1.8542,6.8707));
#3794=VECTOR('',#4912,2.54);
#3795=CARTESIAN_POINT('',(-9.0043,0.6858,6.8707));
#3796=CARTESIAN_POINT('',(-7.9883,0.6858,6.8707));
#3797=VECTOR('',#4913,1.016);
#3798=CARTESIAN_POINT('',(-9.0043,-1.8542,6.8707));
#3799=CARTESIAN_POINT('',(-9.0043,0.6858,6.8707));
#3800=VECTOR('',#4914,2.54);
#3801=CARTESIAN_POINT('',(-9.0043,-1.8542,6.8707));
#3802=VECTOR('',#4915,1.016);
#3803=CARTESIAN_POINT('',(7.9883,5.5118,6.8707));
#3804=CARTESIAN_POINT('',(7.9883,3.7338,6.8707));
#3805=CARTESIAN_POINT('',(7.9883,5.5118,6.8707));
#3806=VECTOR('',#4916,1.778);
#3807=CARTESIAN_POINT('',(9.0043,3.7338,6.8707));
#3808=CARTESIAN_POINT('',(7.9883,3.7338,6.8707));
#3809=VECTOR('',#4917,1.016);
#3810=CARTESIAN_POINT('',(9.0043,5.5118,6.8707));
#3811=CARTESIAN_POINT('',(9.0043,3.7338,6.8707));
#3812=VECTOR('',#4918,1.778);
#3813=CARTESIAN_POINT('',(9.0043,5.5118,6.8707));
#3814=VECTOR('',#4919,1.016);
#3815=CARTESIAN_POINT('',(-7.9883,3.7338,6.8707));
#3816=CARTESIAN_POINT('',(-9.0043,3.7338,6.8707));
#3817=VECTOR('',#4920,1.016);
#3818=CARTESIAN_POINT('',(-7.9883,5.5118,6.8707));
#3819=CARTESIAN_POINT('',(-7.9883,3.7338,6.8707));
#3820=VECTOR('',#4921,1.778);
#3821=CARTESIAN_POINT('',(-7.9883,5.5118,6.8707));
#3822=VECTOR('',#4922,1.016);
#3823=CARTESIAN_POINT('',(9.0043,-4.4958,6.8707));
#3824=CARTESIAN_POINT('',(7.9883,-4.4958,6.8707));
#3825=CARTESIAN_POINT('',(9.0043,-4.4958,6.8707));
#3826=VECTOR('',#4923,1.016);
#3827=CARTESIAN_POINT('',(7.9883,-4.4958,6.8707));
#3828=VECTOR('',#4924,1.27);
#3829=CARTESIAN_POINT('',(9.0043,-5.7658,6.8707));
#3830=VECTOR('',#4925,1.27);
#3831=CARTESIAN_POINT('',(-7.9883,-4.4958,6.8707));
#3832=CARTESIAN_POINT('',(-9.0043,-4.4958,6.8707));
#3833=CARTESIAN_POINT('',(-7.9883,-4.4958,6.8707));
#3834=VECTOR('',#4926,1.016);
#3835=CARTESIAN_POINT('',(-9.0043,-4.4958,6.8707));
#3836=VECTOR('',#4927,1.27);
#3837=CARTESIAN_POINT('',(-7.9883,-5.7658,6.8707));
#3838=VECTOR('',#4928,1.27);
#3839=CARTESIAN_POINT('',(9.0043,0.6858,7.3787));
#3840=CARTESIAN_POINT('',(9.0043,0.6858,7.3787));
#3841=VECTOR('',#4929,0.508);
#3842=CARTESIAN_POINT('',(9.0043,-1.8542,7.3787));
#3843=CARTESIAN_POINT('',(9.0043,-1.8542,7.3787));
#3844=VECTOR('',#4930,0.508);
#3845=CARTESIAN_POINT('',(9.0043,-1.8542,7.3787));
#3846=VECTOR('',#4931,2.54);
#3847=CARTESIAN_POINT('',(10.541,-4.4958,7.3787));
#3848=CARTESIAN_POINT('',(9.271,-5.7658,7.3787));
#3849=VECTOR('',#4932,1.79605122421396);
#3850=CARTESIAN_POINT('',(10.541,5.7658,7.3787));
#3851=CARTESIAN_POINT('',(10.541,-4.4958,7.3787));
#3852=VECTOR('',#4933,10.2616);
#3853=CARTESIAN_POINT('',(9.0043,5.7658,7.3787));
#3854=CARTESIAN_POINT('',(10.541,5.7658,7.3787));
#3855=VECTOR('',#4934,1.5367);
#3856=CARTESIAN_POINT('',(9.0043,3.7338,7.3787));
#3857=CARTESIAN_POINT('',(9.0043,5.7658,7.3787));
#3858=VECTOR('',#4935,2.032);
#3859=CARTESIAN_POINT('',(7.9883,3.7338,7.3787));
#3860=CARTESIAN_POINT('',(7.9883,3.7338,7.3787));
#3861=VECTOR('',#4936,1.016);
#3862=CARTESIAN_POINT('',(7.9883,5.7658,7.3787));
#3863=CARTESIAN_POINT('',(7.9883,3.7338,7.3787));
#3864=VECTOR('',#4937,2.032);
#3865=CARTESIAN_POINT('',(1.778,5.7658,7.3787));
#3866=CARTESIAN_POINT('',(7.9883,5.7658,7.3787));
#3867=VECTOR('',#4938,6.2103);
#3868=CARTESIAN_POINT('',(-1.778,5.7658,7.3787));
#3869=CARTESIAN_POINT('',(-1.778,5.7658,7.3787));
#3870=VECTOR('',#4939,3.556);
#3871=CARTESIAN_POINT('',(-7.9883,5.7658,7.3787));
#3872=CARTESIAN_POINT('',(-1.778,5.7658,7.3787));
#3873=VECTOR('',#4940,6.2103);
#3874=CARTESIAN_POINT('',(-7.9883,3.7338,7.3787));
#3875=CARTESIAN_POINT('',(-7.9883,5.7658,7.3787));
#3876=VECTOR('',#4941,2.032);
#3877=CARTESIAN_POINT('',(-9.0043,3.7338,7.3787));
#3878=VECTOR('',#4942,1.016);
#3879=CARTESIAN_POINT('',(-10.541,5.7658,7.3787));
#3880=CARTESIAN_POINT('',(-9.0043,5.7658,7.3787));
#3881=VECTOR('',#4943,1.5367);
#3882=CARTESIAN_POINT('',(-10.541,-4.4958,7.3787));
#3883=CARTESIAN_POINT('',(-10.541,5.7658,7.3787));
#3884=VECTOR('',#4944,10.2616);
#3885=CARTESIAN_POINT('',(-10.541,-4.4958,7.3787));
#3886=VECTOR('',#4945,1.79605122421396);
#3887=CARTESIAN_POINT('',(-9.0043,-4.4958,7.3787));
#3888=CARTESIAN_POINT('',(-9.0043,-5.7658,7.3787));
#3889=VECTOR('',#4946,1.27);
#3890=CARTESIAN_POINT('',(-7.9883,-4.4958,7.3787));
#3891=CARTESIAN_POINT('',(-7.9883,-4.4958,7.3787));
#3892=VECTOR('',#4947,1.016);
#3893=CARTESIAN_POINT('',(-7.9883,-5.7658,7.3787));
#3894=VECTOR('',#4948,1.27);
#3895=CARTESIAN_POINT('',(7.9883,-4.4958,7.3787));
#3896=CARTESIAN_POINT('',(7.9883,-5.7658,7.3787));
#3897=VECTOR('',#4949,1.27);
#3898=CARTESIAN_POINT('',(9.0043,-4.4958,7.3787));
#3899=CARTESIAN_POINT('',(9.0043,-4.4958,7.3787));
#3900=VECTOR('',#4950,1.016);
#3901=CARTESIAN_POINT('',(9.0043,-5.7658,7.3787));
#3902=VECTOR('',#4951,1.27);
#3903=CARTESIAN_POINT('',(0.4318,3.302,7.3787));
#3904=CARTESIAN_POINT('',(0.4318,-1.651,7.3787));
#3905=CARTESIAN_POINT('',(0.4318,3.302,7.3787));
#3906=VECTOR('',#4952,4.953);
#3907=CARTESIAN_POINT('',(7.0358,3.302,7.3787));
#3908=CARTESIAN_POINT('',(7.0358,3.302,7.3787));
#3909=VECTOR('',#4953,6.604);
#3910=CARTESIAN_POINT('',(7.0358,-1.651,7.3787));
#3911=CARTESIAN_POINT('',(7.0358,-1.651,7.3787));
#3912=VECTOR('',#4954,4.953);
#3913=CARTESIAN_POINT('',(5.3848,-3.302,7.3787));
#3914=CARTESIAN_POINT('',(5.3848,-3.302,7.3787));
#3915=VECTOR('',#4955,2.33486659147795);
#3916=CARTESIAN_POINT('',(2.0828,-3.302,7.3787));
#3917=CARTESIAN_POINT('',(2.0828,-3.302,7.3787));
#3918=VECTOR('',#4956,3.302);
#3919=CARTESIAN_POINT('',(0.4318,-1.651,7.3787));
#3920=VECTOR('',#4957,2.33486659147795);
#3921=CARTESIAN_POINT('',(-2.1082,-3.302,7.3787));
#3922=CARTESIAN_POINT('',(-0.4572,-1.651,7.3787));
#3923=CARTESIAN_POINT('',(-2.1082,-3.302,7.3787));
#3924=VECTOR('',#4958,2.33486659147795);
#3925=CARTESIAN_POINT('',(-5.4102,-3.302,7.3787));
#3926=CARTESIAN_POINT('',(-5.4102,-3.302,7.3787));
#3927=VECTOR('',#4959,3.302);
#3928=CARTESIAN_POINT('',(-7.0612,-1.651,7.3787));
#3929=CARTESIAN_POINT('',(-7.0612,-1.651,7.3787));
#3930=VECTOR('',#4960,2.33486659147795);
#3931=CARTESIAN_POINT('',(-7.0612,3.302,7.3787));
#3932=CARTESIAN_POINT('',(-7.0612,3.302,7.3787));
#3933=VECTOR('',#4961,4.953);
#3934=CARTESIAN_POINT('',(-0.4572,3.302,7.3787));
#3935=CARTESIAN_POINT('',(-0.4572,3.302,7.3787));
#3936=VECTOR('',#4962,6.604);
#3937=CARTESIAN_POINT('',(-0.4572,-1.651,7.3787));
#3938=VECTOR('',#4963,4.953);
#3939=CARTESIAN_POINT('',(7.9883,-1.8542,7.3787));
#3940=CARTESIAN_POINT('',(7.9883,-1.8542,7.3787));
#3941=VECTOR('',#4964,1.016);
#3942=CARTESIAN_POINT('',(7.9883,0.6858,7.3787));
#3943=CARTESIAN_POINT('',(7.9883,0.6858,7.3787));
#3944=VECTOR('',#4965,2.54);
#3945=CARTESIAN_POINT('',(9.0043,0.6858,7.3787));
#3946=VECTOR('',#4966,1.016);
#3947=CARTESIAN_POINT('',(-9.0043,0.6858,7.3787));
#3948=CARTESIAN_POINT('',(-9.0043,-1.8542,7.3787));
#3949=CARTESIAN_POINT('',(-9.0043,0.6858,7.3787));
#3950=VECTOR('',#4967,2.54);
#3951=CARTESIAN_POINT('',(-7.9883,0.6858,7.3787));
#3952=CARTESIAN_POINT('',(-7.9883,0.6858,7.3787));
#3953=VECTOR('',#4968,1.016);
#3954=CARTESIAN_POINT('',(-7.9883,-1.8542,7.3787));
#3955=CARTESIAN_POINT('',(-7.9883,-1.8542,7.3787));
#3956=VECTOR('',#4969,2.54);
#3957=CARTESIAN_POINT('',(-9.0043,-1.8542,7.3787));
#3958=VECTOR('',#4970,1.016);
#3959=CARTESIAN_POINT('',(-0.4572,3.302,-4.1529));
#3960=CARTESIAN_POINT('',(-0.4572,3.302,7.3787));
#3961=VECTOR('',#4971,11.5316);
#3962=CARTESIAN_POINT('',(-0.4572,-1.651,-4.1529));
#3963=CARTESIAN_POINT('',(-0.4572,-1.651,-4.1529));
#3964=VECTOR('',#4972,4.953);
#3965=CARTESIAN_POINT('',(-0.4572,-1.651,7.3787));
#3966=VECTOR('',#4973,11.5316);
#3967=CARTESIAN_POINT('',(-2.1082,-3.302,-4.1529));
#3968=CARTESIAN_POINT('',(-2.1082,-3.302,-4.1529));
#3969=VECTOR('',#4974,2.33486659147795);
#3970=CARTESIAN_POINT('',(-2.1082,-3.302,7.3787));
#3971=VECTOR('',#4975,11.5316);
#3972=CARTESIAN_POINT('',(-5.4102,-3.302,-4.1529));
#3973=CARTESIAN_POINT('',(-5.4102,-3.302,-4.1529));
#3974=VECTOR('',#4976,3.302);
#3975=CARTESIAN_POINT('',(-5.4102,-3.302,7.3787));
#3976=VECTOR('',#4977,11.5316);
#3977=CARTESIAN_POINT('',(-7.0612,-1.651,-4.1529));
#3978=CARTESIAN_POINT('',(-7.0612,-1.651,-4.1529));
#3979=VECTOR('',#4978,2.33486659147795);
#3980=CARTESIAN_POINT('',(-7.0612,-1.651,7.3787));
#3981=VECTOR('',#4979,11.5316);
#3982=CARTESIAN_POINT('',(-7.0612,3.302,-4.1529));
#3983=CARTESIAN_POINT('',(-7.0612,3.302,-4.1529));
#3984=VECTOR('',#4980,4.953);
#3985=CARTESIAN_POINT('',(-7.0612,3.302,7.3787));
#3986=VECTOR('',#4981,11.5316);
#3987=CARTESIAN_POINT('',(-0.4572,3.302,-4.1529));
#3988=VECTOR('',#4982,6.604);
#3989=CARTESIAN_POINT('',(-4.0132,-1.5875,-4.1529));
#3990=CARTESIAN_POINT('',(-3.5052,-1.5875,-4.1529));
#3991=CARTESIAN_POINT('',(-4.0132,-1.5875,-4.1529));
#3992=VECTOR('',#4983,0.508);
#3993=CARTESIAN_POINT('',(-4.0132,1.5875,-4.1529));
#3994=CARTESIAN_POINT('',(-4.0132,1.5875,-4.1529));
#3995=VECTOR('',#4984,3.175);
#3996=CARTESIAN_POINT('',(-3.5052,1.5875,-4.1529));
#3997=CARTESIAN_POINT('',(-3.5052,1.5875,-4.1529));
#3998=VECTOR('',#4985,0.508);
#3999=CARTESIAN_POINT('',(-3.5052,-1.5875,-4.1529));
#4000=VECTOR('',#4986,3.175);
#4001=CARTESIAN_POINT('',(2.0828,-3.302,-4.1529));
#4002=CARTESIAN_POINT('',(5.3848,-3.302,-4.1529));
#4003=CARTESIAN_POINT('',(2.0828,-3.302,-4.1529));
#4004=VECTOR('',#4987,3.302);
#4005=CARTESIAN_POINT('',(7.0358,-1.651,-4.1529));
#4006=CARTESIAN_POINT('',(5.3848,-3.302,-4.1529));
#4007=VECTOR('',#4988,2.33486659147795);
#4008=CARTESIAN_POINT('',(7.0358,3.302,-4.1529));
#4009=CARTESIAN_POINT('',(7.0358,-1.651,-4.1529));
#4010=VECTOR('',#4989,4.953);
#4011=CARTESIAN_POINT('',(0.4318,3.302,-4.1529));
#4012=CARTESIAN_POINT('',(7.0358,3.302,-4.1529));
#4013=VECTOR('',#4990,6.604);
#4014=CARTESIAN_POINT('',(0.4318,-1.651,-4.1529));
#4015=CARTESIAN_POINT('',(0.4318,3.302,-4.1529));
#4016=VECTOR('',#4991,4.953);
#4017=CARTESIAN_POINT('',(0.4318,-1.651,-4.1529));
#4018=VECTOR('',#4992,2.33486659147795);
#4019=CARTESIAN_POINT('',(3.4798,-1.5875,-4.1529));
#4020=CARTESIAN_POINT('',(3.9878,-1.5875,-4.1529));
#4021=CARTESIAN_POINT('',(3.4798,-1.5875,-4.1529));
#4022=VECTOR('',#4993,0.508);
#4023=CARTESIAN_POINT('',(3.4798,1.5875,-4.1529));
#4024=CARTESIAN_POINT('',(3.4798,1.5875,-4.1529));
#4025=VECTOR('',#4994,3.175);
#4026=CARTESIAN_POINT('',(3.9878,1.5875,-4.1529));
#4027=CARTESIAN_POINT('',(3.9878,1.5875,-4.1529));
#4028=VECTOR('',#4995,0.508);
#4029=CARTESIAN_POINT('',(3.9878,-1.5875,-4.1529));
#4030=VECTOR('',#4996,3.175);
#4031=CARTESIAN_POINT('',(2.0828,-3.302,7.3787));
#4032=VECTOR('',#4997,11.5316);
#4033=CARTESIAN_POINT('',(0.4318,-1.651,7.3787));
#4034=VECTOR('',#4998,11.5316);
#4035=CARTESIAN_POINT('',(0.4318,3.302,7.3787));
#4036=VECTOR('',#4999,11.5316);
#4037=CARTESIAN_POINT('',(7.0358,3.302,7.3787));
#4038=VECTOR('',#5000,11.5316);
#4039=CARTESIAN_POINT('',(7.0358,-1.651,7.3787));
#4040=VECTOR('',#5001,11.5316);
#4041=CARTESIAN_POINT('',(5.3848,-3.302,7.3787));
#4042=VECTOR('',#5002,11.5316);
#4043=CARTESIAN_POINT('',(-3.5052,1.5875,0.7366));
#4044=CARTESIAN_POINT('',(-3.5052,1.5875,-4.1529));
#4045=VECTOR('',#5003,4.8895);
#4046=CARTESIAN_POINT('',(-3.5052,-1.5875,0.7366));
#4047=CARTESIAN_POINT('',(-3.5052,-1.5875,0.7366));
#4048=VECTOR('',#5004,3.175);
#4049=CARTESIAN_POINT('',(-3.5052,-1.5875,-4.1529));
#4050=VECTOR('',#5005,4.8895);
#4051=CARTESIAN_POINT('',(-4.0132,-1.5875,0.7366));
#4052=CARTESIAN_POINT('',(-4.0132,-1.5875,0.7366));
#4053=VECTOR('',#5006,0.508);
#4054=CARTESIAN_POINT('',(-4.0132,-1.5875,-4.1529));
#4055=VECTOR('',#5007,4.8895);
#4056=CARTESIAN_POINT('',(-4.0132,1.5875,0.7366));
#4057=CARTESIAN_POINT('',(-4.0132,1.5875,0.7366));
#4058=VECTOR('',#5008,3.175);
#4059=CARTESIAN_POINT('',(-4.0132,1.5875,-4.1529));
#4060=VECTOR('',#5009,4.8895);
#4061=CARTESIAN_POINT('',(-3.5052,1.5875,0.7366));
#4062=VECTOR('',#5010,0.508);
#4063=CARTESIAN_POINT('',(-3.6957,1.397,0.9271));
#4064=CARTESIAN_POINT('',(-3.6957,1.397,0.9271));
#4065=VECTOR('',#5011,0.329955678841958);
#4066=CARTESIAN_POINT('',(-3.8227,1.397,0.9271));
#4067=CARTESIAN_POINT('',(-3.8227,1.397,0.9271));
#4068=VECTOR('',#5012,0.329955678841958);
#4069=CARTESIAN_POINT('',(-3.6957,1.397,0.9271));
#4070=VECTOR('',#5013,0.127);
#4071=CARTESIAN_POINT('',(-3.8227,-1.397,0.9271));
#4072=CARTESIAN_POINT('',(-3.8227,1.397,0.9271));
#4073=VECTOR('',#5014,2.794);
#4074=CARTESIAN_POINT('',(-3.6957,-1.397,0.9271));
#4075=CARTESIAN_POINT('',(-3.8227,-1.397,0.9271));
#4076=VECTOR('',#5015,0.127);
#4077=CARTESIAN_POINT('',(-3.6957,-1.397,0.9271));
#4078=VECTOR('',#5016,2.794);
#4079=CARTESIAN_POINT('',(-3.6957,-1.397,0.9271));
#4080=VECTOR('',#5017,0.329955678841958);
#4081=CARTESIAN_POINT('',(-3.8227,-1.397,0.9271));
#4082=VECTOR('',#5018,0.329955678841958);
#4083=CARTESIAN_POINT('',(3.9878,1.5875,0.7366));
#4084=CARTESIAN_POINT('',(3.9878,1.5875,-4.1529));
#4085=VECTOR('',#5019,4.8895);
#4086=CARTESIAN_POINT('',(3.9878,-1.5875,0.7366));
#4087=CARTESIAN_POINT('',(3.9878,-1.5875,0.7366));
#4088=VECTOR('',#5020,3.175);
#4089=CARTESIAN_POINT('',(3.9878,-1.5875,-4.1529));
#4090=VECTOR('',#5021,4.8895);
#4091=CARTESIAN_POINT('',(3.4798,-1.5875,0.7366));
#4092=CARTESIAN_POINT('',(3.4798,-1.5875,0.7366));
#4093=VECTOR('',#5022,0.508);
#4094=CARTESIAN_POINT('',(3.4798,-1.5875,-4.1529));
#4095=VECTOR('',#5023,4.8895);
#4096=CARTESIAN_POINT('',(3.4798,1.5875,0.7366));
#4097=CARTESIAN_POINT('',(3.4798,1.5875,0.7366));
#4098=VECTOR('',#5024,3.175);
#4099=CARTESIAN_POINT('',(3.4798,1.5875,-4.1529));
#4100=VECTOR('',#5025,4.8895);
#4101=CARTESIAN_POINT('',(3.9878,1.5875,0.7366));
#4102=VECTOR('',#5026,0.508);
#4103=CARTESIAN_POINT('',(3.7973,1.397,0.9271));
#4104=CARTESIAN_POINT('',(3.7973,1.397,0.9271));
#4105=VECTOR('',#5027,0.329955678841958);
#4106=CARTESIAN_POINT('',(3.6703,1.397,0.9271));
#4107=CARTESIAN_POINT('',(3.6703,1.397,0.9271));
#4108=VECTOR('',#5028,0.329955678841958);
#4109=CARTESIAN_POINT('',(3.7973,1.397,0.9271));
#4110=VECTOR('',#5029,0.127);
#4111=CARTESIAN_POINT('',(3.6703,-1.397,0.9271));
#4112=CARTESIAN_POINT('',(3.6703,1.397,0.9271));
#4113=VECTOR('',#5030,2.794);
#4114=CARTESIAN_POINT('',(3.7973,-1.397,0.9271));
#4115=CARTESIAN_POINT('',(3.6703,-1.397,0.9271));
#4116=VECTOR('',#5031,0.127);
#4117=CARTESIAN_POINT('',(3.7973,-1.397,0.9271));
#4118=VECTOR('',#5032,2.794);
#4119=CARTESIAN_POINT('',(3.7973,-1.397,0.9271));
#4120=VECTOR('',#5033,0.329955678841958);
#4121=CARTESIAN_POINT('',(3.6703,-1.397,0.9271));
#4122=VECTOR('',#5034,0.329955678841958);
#4123=CARTESIAN_POINT('',(9.0043,-4.4958,7.3787));
#4124=VECTOR('',#5035,0.508);
#4125=CARTESIAN_POINT('',(7.9883,-4.4958,7.3787));
#4126=VECTOR('',#5036,0.508);
#4127=CARTESIAN_POINT('',(-7.9883,-4.4958,7.3787));
#4128=VECTOR('',#5037,0.508);
#4129=CARTESIAN_POINT('',(-9.0043,-4.4958,7.3787));
#4130=VECTOR('',#5038,0.508);
#4131=CARTESIAN_POINT('',(-10.541,-4.4958,-7.3787));
#4132=VECTOR('',#5039,14.7574);
#4133=CARTESIAN_POINT('',(-10.541,5.7658,-7.3787));
#4134=VECTOR('',#5040,14.7574);
#4135=CARTESIAN_POINT('',(-10.541,4.7498,6.3627));
#4136=CARTESIAN_POINT('',(-10.541,4.7498,-7.3787));
#4137=VECTOR('',#5041,13.7414);
#4138=CARTESIAN_POINT('',(-10.541,-4.1148,6.3627));
#4139=VECTOR('',#5042,8.8646);
#4140=CARTESIAN_POINT('',(-9.0043,4.7498,6.3627));
#4141=CARTESIAN_POINT('',(-10.541,4.7498,6.3627));
#4142=VECTOR('',#5043,1.5367);
#4143=CARTESIAN_POINT('',(-9.0043,-4.1148,6.3627));
#4144=VECTOR('',#5044,8.8646);
#4145=CARTESIAN_POINT('',(-9.0043,-3.8608,-6.7437));
#4146=CARTESIAN_POINT('',(-9.0043,-3.8608,-6.7437));
#4147=VECTOR('',#5045,0.254);
#4148=CARTESIAN_POINT('',(-9.0043,4.7498,6.3627));
#4149=VECTOR('',#5046,13.1064);
#4150=CARTESIAN_POINT('',(-9.0043,1.8542,-6.7437));
#4151=CARTESIAN_POINT('',(-9.0043,4.7498,-6.7437));
#4152=VECTOR('',#5047,2.8956);
#4153=CARTESIAN_POINT('',(-9.0043,1.8542,0.2413));
#4154=CARTESIAN_POINT('',(-9.0043,1.8542,-6.7437));
#4155=VECTOR('',#5048,6.985);
#4156=CARTESIAN_POINT('',(-9.0043,0.5842,0.2413));
#4157=AXIS2_PLACEMENT_3D('',#5049,#5050,#5051);
#4158=CARTESIAN_POINT('',(-9.0043,0.5842,-6.7437));
#4159=CARTESIAN_POINT('',(-9.0043,0.5842,-6.7437));
#4160=VECTOR('',#5052,6.985);
#4161=CARTESIAN_POINT('',(-9.0043,-2.5908,-6.7437));
#4162=CARTESIAN_POINT('',(-9.0043,0.5842,-6.7437));
#4163=VECTOR('',#5053,3.175);
#4164=CARTESIAN_POINT('',(-9.0043,-2.5908,0.2413));
#4165=CARTESIAN_POINT('',(-9.0043,-2.5908,-6.7437));
#4166=VECTOR('',#5054,6.985);
#4167=CARTESIAN_POINT('',(-9.0043,-3.8608,0.2413));
#4168=AXIS2_PLACEMENT_3D('',#5055,#5056,#5057);
#4169=CARTESIAN_POINT('',(-9.0043,-3.8608,-6.7437));
#4170=VECTOR('',#5058,6.985);
#4171=CARTESIAN_POINT('',(-8.3693,-3.8608,0.2413));
#4172=CARTESIAN_POINT('',(-9.0043,-3.8608,0.2413));
#4173=VECTOR('',#5059,0.635);
#4174=CARTESIAN_POINT('',(-8.3693,-3.8608,-6.7437));
#4175=CARTESIAN_POINT('',(-8.3693,-3.8608,-6.7437));
#4176=VECTOR('',#5060,6.985);
#4177=CARTESIAN_POINT('',(-9.0043,-3.8608,-6.7437));
#4178=VECTOR('',#5061,0.635);
#4179=CARTESIAN_POINT('',(-7.9883,5.7658,-6.7437));
#4180=CARTESIAN_POINT('',(-7.9883,5.5118,-6.7437));
#4181=CARTESIAN_POINT('',(-7.9883,5.7658,-6.7437));
#4182=VECTOR('',#5062,0.254);
#4183=CARTESIAN_POINT('',(-7.493,5.7658,-6.7437));
#4184=CARTESIAN_POINT('',(-7.9883,5.7658,-6.7437));
#4185=VECTOR('',#5063,0.4953);
#4186=CARTESIAN_POINT('',(-7.493,4.4958,-6.7437));
#4187=CARTESIAN_POINT('',(-7.493,5.7658,-6.7437));
#4188=VECTOR('',#5064,1.27);
#4189=CARTESIAN_POINT('',(-4.27915856873712,4.4958,-6.7437));
#4190=CARTESIAN_POINT('',(-4.27915856873712,4.4958,-6.7437));
#4191=VECTOR('',#5065,3.21384143126288);
#4192=CARTESIAN_POINT('',(-3.23924143126288,4.4958,-6.7437));
#4193=CARTESIAN_POINT('',(-3.23924143126288,4.4958,-6.7437));
#4194=VECTOR('',#5066,1.03991713747653);
#4195=CARTESIAN_POINT('',(3.21384143126288,4.4958,-6.7437));
#4196=CARTESIAN_POINT('',(3.21384143126288,4.4958,-6.7437));
#4197=VECTOR('',#5067,6.45308286252322);
#4198=CARTESIAN_POINT('',(4.25375856873712,4.4958,-6.7437));
#4199=CARTESIAN_POINT('',(4.25375856873712,4.4958,-6.7437));
#4200=VECTOR('',#5068,1.03991713747653);
#4201=CARTESIAN_POINT('',(7.493,4.4958,-6.7437));
#4202=CARTESIAN_POINT('',(7.493,4.4958,-6.7437));
#4203=VECTOR('',#5069,3.23924143126288);
#4204=CARTESIAN_POINT('',(7.493,5.7658,-6.7437));
#4205=CARTESIAN_POINT('',(7.493,5.7658,-6.7437));
#4206=VECTOR('',#5070,1.27);
#4207=CARTESIAN_POINT('',(7.9883,5.7658,-6.7437));
#4208=CARTESIAN_POINT('',(7.493,5.7658,-6.7437));
#4209=VECTOR('',#5071,0.4953);
#4210=CARTESIAN_POINT('',(7.9883,5.5118,-6.7437));
#4211=CARTESIAN_POINT('',(7.9883,5.7658,-6.7437));
#4212=VECTOR('',#5072,0.254);
#4213=CARTESIAN_POINT('',(9.0043,5.5118,-6.7437));
#4214=CARTESIAN_POINT('',(7.9883,5.5118,-6.7437));
#4215=VECTOR('',#5073,1.016);
#4216=CARTESIAN_POINT('',(9.0043,4.7498,-6.7437));
#4217=CARTESIAN_POINT('',(9.0043,5.5118,-6.7437));
#4218=VECTOR('',#5074,0.762);
#4219=CARTESIAN_POINT('',(9.0043,1.8542,-6.7437));
#4220=CARTESIAN_POINT('',(9.0043,4.7498,-6.7437));
#4221=VECTOR('',#5075,2.8956);
#4222=CARTESIAN_POINT('',(8.3693,1.8542,-6.7437));
#4223=CARTESIAN_POINT('',(9.0043,1.8542,-6.7437));
#4224=VECTOR('',#5076,0.635);
#4225=CARTESIAN_POINT('',(8.3693,0.5842,-6.7437));
#4226=CARTESIAN_POINT('',(8.3693,1.8542,-6.7437));
#4227=VECTOR('',#5077,1.27);
#4228=CARTESIAN_POINT('',(9.0043,0.5842,-6.7437));
#4229=CARTESIAN_POINT('',(9.0043,0.5842,-6.7437));
#4230=VECTOR('',#5078,0.635);
#4231=CARTESIAN_POINT('',(9.0043,-2.5908,-6.7437));
#4232=CARTESIAN_POINT('',(9.0043,0.5842,-6.7437));
#4233=VECTOR('',#5079,3.175);
#4234=CARTESIAN_POINT('',(8.3693,-2.5908,-6.7437));
#4235=CARTESIAN_POINT('',(9.0043,-2.5908,-6.7437));
#4236=VECTOR('',#5080,0.635);
#4237=CARTESIAN_POINT('',(8.3693,-3.8608,-6.7437));
#4238=CARTESIAN_POINT('',(8.3693,-2.5908,-6.7437));
#4239=VECTOR('',#5081,1.27);
#4240=CARTESIAN_POINT('',(9.0043,-3.8608,-6.7437));
#4241=CARTESIAN_POINT('',(9.0043,-3.8608,-6.7437));
#4242=VECTOR('',#5082,0.635);
#4243=CARTESIAN_POINT('',(9.0043,-4.1148,-6.7437));
#4244=CARTESIAN_POINT('',(9.0043,-3.8608,-6.7437));
#4245=VECTOR('',#5083,0.254);
#4246=CARTESIAN_POINT('',(9.0043,-4.1148,-6.7437));
#4247=VECTOR('',#5084,1.651);
#4248=CARTESIAN_POINT('',(-8.3693,-2.5908,-6.7437));
#4249=CARTESIAN_POINT('',(-8.3693,-2.5908,-6.7437));
#4250=VECTOR('',#5085,1.27);
#4251=CARTESIAN_POINT('',(-9.0043,-2.5908,-6.7437));
#4252=VECTOR('',#5086,0.635);
#4253=CARTESIAN_POINT('',(-8.3693,0.5842,-6.7437));
#4254=CARTESIAN_POINT('',(-9.0043,0.5842,-6.7437));
#4255=VECTOR('',#5087,0.635);
#4256=CARTESIAN_POINT('',(-8.3693,1.8542,-6.7437));
#4257=CARTESIAN_POINT('',(-8.3693,1.8542,-6.7437));
#4258=VECTOR('',#5088,1.27);
#4259=CARTESIAN_POINT('',(-9.0043,1.8542,-6.7437));
#4260=VECTOR('',#5089,0.635);
#4261=CARTESIAN_POINT('',(-9.0043,5.5118,-6.7437));
#4262=VECTOR('',#5090,1.016);
#4263=CARTESIAN_POINT('',(-4.2672,-2.58826,-6.7437));
#4264=CARTESIAN_POINT('',(-3.2512,-2.58826,-6.7437));
#4265=CARTESIAN_POINT('',(-4.2672,-2.58826,-6.7437));
#4266=VECTOR('',#5091,1.016);
#4267=CARTESIAN_POINT('',(-3.2512,1.6129,-6.7437));
#4268=CARTESIAN_POINT('',(-3.2512,-2.58826,-6.7437));
#4269=VECTOR('',#5092,4.20116);
#4270=CARTESIAN_POINT('',(-4.2672,1.6129,-6.7437));
#4271=CARTESIAN_POINT('',(-4.2672,1.6129,-6.7437));
#4272=VECTOR('',#5093,1.016);
#4273=CARTESIAN_POINT('',(-4.2672,-2.58826,-6.7437));
#4274=VECTOR('',#5094,4.20116);
#4275=CARTESIAN_POINT('',(3.2258,-2.58826,-6.7437));
#4276=CARTESIAN_POINT('',(4.2418,-2.58826,-6.7437));
#4277=CARTESIAN_POINT('',(3.2258,-2.58826,-6.7437));
#4278=VECTOR('',#5095,1.016);
#4279=CARTESIAN_POINT('',(4.2418,1.6129,-6.7437));
#4280=CARTESIAN_POINT('',(4.2418,-2.58826,-6.7437));
#4281=VECTOR('',#5096,4.20116);
#4282=CARTESIAN_POINT('',(3.2258,1.6129,-6.7437));
#4283=CARTESIAN_POINT('',(3.2258,1.6129,-6.7437));
#4284=VECTOR('',#5097,1.016);
#4285=CARTESIAN_POINT('',(3.2258,-2.58826,-6.7437));
#4286=VECTOR('',#5098,4.20116);
#4287=CARTESIAN_POINT('',(3.2258,1.6129,-11.8999));
#4288=CARTESIAN_POINT('',(3.2258,1.6129,-11.8999));
#4289=VECTOR('',#5099,5.1562);
#4290=CARTESIAN_POINT('',(3.2258,1.41295448195991,-12.4079));
#4291=CARTESIAN_POINT('',(3.2258,1.41295448195991,-12.4079));
#4292=VECTOR('',#5100,0.545932422726824);
#4293=CARTESIAN_POINT('',(3.2258,0.814427240979954,-12.4079));
#4294=CARTESIAN_POINT('',(3.2258,0.814427240979954,-12.4079));
#4295=VECTOR('',#5101,0.598527240979954);
#4296=CARTESIAN_POINT('',(3.2258,0.542190861470058,-11.3919));
#4297=CARTESIAN_POINT('',(3.2258,0.542190861470058,-11.3919));
#4298=VECTOR('',#5102,1.05184059929656);
#4299=CARTESIAN_POINT('',(3.2258,-0.056336379510023,-11.3919));
#4300=CARTESIAN_POINT('',(3.2258,-0.056336379510023,-11.3919));
#4301=VECTOR('',#5103,0.598527240979954);
#4302=CARTESIAN_POINT('',(3.2258,-0.328572759020046,-12.4079));
#4303=CARTESIAN_POINT('',(3.2258,-0.328572759020046,-12.4079));
#4304=VECTOR('',#5104,1.05184059929656);
#4305=CARTESIAN_POINT('',(3.2258,-0.9271,-12.4079));
#4306=CARTESIAN_POINT('',(3.2258,-0.9271,-12.4079));
#4307=VECTOR('',#5105,0.598527240979954);
#4308=CARTESIAN_POINT('',(3.2258,-1.77320926284134,-12.2174));
#4309=AXIS2_PLACEMENT_3D('',#5106,#5107,#5108);
#4310=CARTESIAN_POINT('',(3.2258,-3.04320926284032,-12.2174));
#4311=CARTESIAN_POINT('',(3.2258,-3.04320926284032,-12.2174));
#4312=VECTOR('',#5109,1.27);
#4313=CARTESIAN_POINT('',(3.2258,-3.88931852568318,-12.4079));
#4314=AXIS2_PLACEMENT_3D('',#5110,#5111,#5112);
#4315=CARTESIAN_POINT('',(3.2258,-10.5918,-12.4079));
#4316=CARTESIAN_POINT('',(3.2258,-10.5918,-12.4079));
#4317=VECTOR('',#5113,6.70248147431682);
#4318=CARTESIAN_POINT('',(3.2258,-11.0998,-12.2079544819594));
#4319=CARTESIAN_POINT('',(3.2258,-11.0998,-12.2079544819594));
#4320=VECTOR('',#5114,0.545932422726824);
#4321=CARTESIAN_POINT('',(3.2258,-11.0998,-11.5918455180406));
#4322=CARTESIAN_POINT('',(3.2258,-11.0998,-11.5918455180406));
#4323=VECTOR('',#5115,0.616108963919816);
#4324=CARTESIAN_POINT('',(3.2258,-10.5918,-11.3919));
#4325=CARTESIAN_POINT('',(3.2258,-10.5918,-11.3919));
#4326=VECTOR('',#5116,0.545932422726824);
#4327=CARTESIAN_POINT('',(3.2258,-5.7658,-11.3919));
#4328=CARTESIAN_POINT('',(3.2258,-5.7658,-11.3919));
#4329=VECTOR('',#5117,4.826);
#4330=CARTESIAN_POINT('',(3.2258,-5.7658,-9.2329));
#4331=CARTESIAN_POINT('',(3.2258,-5.7658,-9.2329));
#4332=VECTOR('',#5118,2.159);
#4333=CARTESIAN_POINT('',(3.2258,-10.5918,-9.2329));
#4334=CARTESIAN_POINT('',(3.2258,-10.5918,-9.2329));
#4335=VECTOR('',#5119,4.826);
#4336=CARTESIAN_POINT('',(3.2258,-11.0998,-9.0329544819594));
#4337=CARTESIAN_POINT('',(3.2258,-11.0998,-9.0329544819594));
#4338=VECTOR('',#5120,0.545932422726824);
#4339=CARTESIAN_POINT('',(3.2258,-11.0998,-8.4168455180406));
#4340=CARTESIAN_POINT('',(3.2258,-11.0998,-8.4168455180406));
#4341=VECTOR('',#5121,0.616108963919816);
#4342=CARTESIAN_POINT('',(3.2258,-10.5918,-8.2169));
#4343=CARTESIAN_POINT('',(3.2258,-10.5918,-8.2169));
#4344=VECTOR('',#5122,0.545932422726824);
#4345=CARTESIAN_POINT('',(3.2258,-2.58826,-8.2169));
#4346=CARTESIAN_POINT('',(3.2258,-2.58826,-8.2169));
#4347=VECTOR('',#5123,8.00354);
#4348=CARTESIAN_POINT('',(3.2258,-2.58826,-6.7437));
#4349=VECTOR('',#5124,1.4732);
#4350=CARTESIAN_POINT('',(4.2418,-2.58826,-8.2169));
#4351=CARTESIAN_POINT('',(3.2258,-2.58826,-8.2169));
#4352=VECTOR('',#5125,1.016);
#4353=CARTESIAN_POINT('',(4.2418,-2.58826,-6.7437));
#4354=VECTOR('',#5126,1.4732);
#4355=CARTESIAN_POINT('',(4.2418,-10.5918,-8.2169));
#4356=CARTESIAN_POINT('',(4.2418,-2.58826,-8.2169));
#4357=VECTOR('',#5127,8.00354);
#4358=CARTESIAN_POINT('',(4.2418,-11.0998,-8.4168455180406));
#4359=CARTESIAN_POINT('',(4.2418,-10.5918,-8.2169));
#4360=VECTOR('',#5128,0.545932422726824);
#4361=CARTESIAN_POINT('',(4.2418,-11.0998,-9.0329544819594));
#4362=CARTESIAN_POINT('',(4.2418,-11.0998,-8.4168455180406));
#4363=VECTOR('',#5129,0.616108963919816);
#4364=CARTESIAN_POINT('',(4.2418,-10.5918,-9.2329));
#4365=CARTESIAN_POINT('',(4.2418,-11.0998,-9.0329544819594));
#4366=VECTOR('',#5130,0.545932422726824);
#4367=CARTESIAN_POINT('',(4.2418,-5.7658,-9.2329));
#4368=CARTESIAN_POINT('',(4.2418,-10.5918,-9.2329));
#4369=VECTOR('',#5131,4.826);
#4370=CARTESIAN_POINT('',(4.2418,-5.7658,-11.3919));
#4371=CARTESIAN_POINT('',(4.2418,-5.7658,-9.2329));
#4372=VECTOR('',#5132,2.159);
#4373=CARTESIAN_POINT('',(4.2418,-10.5918,-11.3919));
#4374=CARTESIAN_POINT('',(4.2418,-5.7658,-11.3919));
#4375=VECTOR('',#5133,4.826);
#4376=CARTESIAN_POINT('',(4.2418,-11.0998,-11.5918455180406));
#4377=CARTESIAN_POINT('',(4.2418,-10.5918,-11.3919));
#4378=VECTOR('',#5134,0.545932422726824);
#4379=CARTESIAN_POINT('',(4.2418,-11.0998,-12.2079544819594));
#4380=CARTESIAN_POINT('',(4.2418,-11.0998,-11.5918455180406));
#4381=VECTOR('',#5135,0.616108963919816);
#4382=CARTESIAN_POINT('',(4.2418,-10.5918,-12.4079));
#4383=CARTESIAN_POINT('',(4.2418,-11.0998,-12.2079544819594));
#4384=VECTOR('',#5136,0.545932422726824);
#4385=CARTESIAN_POINT('',(4.2418,-3.88931852568318,-12.4079));
#4386=CARTESIAN_POINT('',(4.2418,-10.5918,-12.4079));
#4387=VECTOR('',#5137,6.70248147431682);
#4388=CARTESIAN_POINT('',(4.2418,-3.04320926284032,-12.2174));
#4389=AXIS2_PLACEMENT_3D('',#5138,#5139,#5140);
#4390=CARTESIAN_POINT('',(4.2418,-1.77320926284134,-12.2174));
#4391=CARTESIAN_POINT('',(4.2418,-3.04320926284032,-12.2174));
#4392=VECTOR('',#5141,1.27);
#4393=CARTESIAN_POINT('',(4.2418,-0.9271,-12.4079));
#4394=AXIS2_PLACEMENT_3D('',#5142,#5143,#5144);
#4395=CARTESIAN_POINT('',(4.2418,-0.328572759020046,-12.4079));
#4396=CARTESIAN_POINT('',(4.2418,-0.9271,-12.4079));
#4397=VECTOR('',#5145,0.598527240979954);
#4398=CARTESIAN_POINT('',(4.2418,-0.056336379510023,-11.3919));
#4399=CARTESIAN_POINT('',(4.2418,-0.328572759020046,-12.4079));
#4400=VECTOR('',#5146,1.05184059929656);
#4401=CARTESIAN_POINT('',(4.2418,0.542190861470058,-11.3919));
#4402=CARTESIAN_POINT('',(4.2418,-0.056336379510023,-11.3919));
#4403=VECTOR('',#5147,0.598527240979954);
#4404=CARTESIAN_POINT('',(4.2418,0.814427240979954,-12.4079));
#4405=CARTESIAN_POINT('',(4.2418,0.542190861470058,-11.3919));
#4406=VECTOR('',#5148,1.05184059929656);
#4407=CARTESIAN_POINT('',(4.2418,1.41295448195991,-12.4079));
#4408=CARTESIAN_POINT('',(4.2418,0.814427240979954,-12.4079));
#4409=VECTOR('',#5149,0.598527240979954);
#4410=CARTESIAN_POINT('',(4.2418,1.6129,-11.8999));
#4411=CARTESIAN_POINT('',(4.2418,1.41295448195991,-12.4079));
#4412=VECTOR('',#5150,0.545932422726824);
#4413=CARTESIAN_POINT('',(4.2418,1.6129,-11.8999));
#4414=VECTOR('',#5151,5.1562);
#4415=CARTESIAN_POINT('',(3.2258,1.6129,-11.8999));
#4416=VECTOR('',#5152,1.016);
#4417=CARTESIAN_POINT('',(3.2258,1.41295448195991,-12.4079));
#4418=VECTOR('',#5153,1.016);
#4419=CARTESIAN_POINT('',(3.2258,0.814427240979954,-12.4079));
#4420=VECTOR('',#5154,1.016);
#4421=CARTESIAN_POINT('',(3.2258,0.542190861470058,-11.3919));
#4422=VECTOR('',#5155,1.016);
#4423=CARTESIAN_POINT('',(3.2258,-0.056336379510023,-11.3919));
#4424=VECTOR('',#5156,1.016);
#4425=CARTESIAN_POINT('',(3.2258,-0.328572759020046,-12.4079));
#4426=VECTOR('',#5157,1.016);
#4427=CARTESIAN_POINT('',(3.2258,-0.9271,-12.4079));
#4428=VECTOR('',#5158,1.016);
#4429=CARTESIAN_POINT('',(3.2258,-1.77320926284134,-12.2174));
#4430=VECTOR('',#5159,1.016);
#4431=CARTESIAN_POINT('',(3.2258,-3.04320926284032,-12.2174));
#4432=VECTOR('',#5160,1.016);
#4433=CARTESIAN_POINT('',(3.2258,-3.88931852568318,-12.4079));
#4434=VECTOR('',#5161,1.016);
#4435=CARTESIAN_POINT('',(3.2258,-10.5918,-12.4079));
#4436=VECTOR('',#5162,1.016);
#4437=CARTESIAN_POINT('',(3.2258,-11.0998,-12.2079544819594));
#4438=VECTOR('',#5163,1.016);
#4439=CARTESIAN_POINT('',(3.2258,-11.0998,-11.5918455180406));
#4440=VECTOR('',#5164,1.016);
#4441=CARTESIAN_POINT('',(3.2258,-10.5918,-11.3919));
#4442=VECTOR('',#5165,1.016);
#4443=CARTESIAN_POINT('',(3.2258,-5.7658,-11.3919));
#4444=VECTOR('',#5166,1.016);
#4445=CARTESIAN_POINT('',(3.2258,-5.7658,-9.2329));
#4446=VECTOR('',#5167,1.016);
#4447=CARTESIAN_POINT('',(3.2258,-10.5918,-9.2329));
#4448=VECTOR('',#5168,1.016);
#4449=CARTESIAN_POINT('',(3.2258,-11.0998,-9.0329544819594));
#4450=VECTOR('',#5169,1.016);
#4451=CARTESIAN_POINT('',(3.2258,-11.0998,-8.4168455180406));
#4452=VECTOR('',#5170,1.016);
#4453=CARTESIAN_POINT('',(3.2258,-10.5918,-8.2169));
#4454=VECTOR('',#5171,1.016);
#4455=CARTESIAN_POINT('',(-4.2672,1.6129,-11.8999));
#4456=CARTESIAN_POINT('',(-4.2672,1.6129,-11.8999));
#4457=VECTOR('',#5172,5.1562);
#4458=CARTESIAN_POINT('',(-4.2672,1.41295448195991,-12.4079));
#4459=CARTESIAN_POINT('',(-4.2672,1.41295448195991,-12.4079));
#4460=VECTOR('',#5173,0.545932422726824);
#4461=CARTESIAN_POINT('',(-4.2672,0.814427240979954,-12.4079));
#4462=CARTESIAN_POINT('',(-4.2672,0.814427240979954,-12.4079));
#4463=VECTOR('',#5174,0.598527240979954);
#4464=CARTESIAN_POINT('',(-4.2672,0.542190861470058,-11.3919));
#4465=CARTESIAN_POINT('',(-4.2672,0.542190861470058,-11.3919));
#4466=VECTOR('',#5175,1.05184059929656);
#4467=CARTESIAN_POINT('',(-4.2672,-0.056336379510023,-11.3919));
#4468=CARTESIAN_POINT('',(-4.2672,-0.056336379510023,-11.3919));
#4469=VECTOR('',#5176,0.598527240979954);
#4470=CARTESIAN_POINT('',(-4.2672,-0.328572759020046,-12.4079));
#4471=CARTESIAN_POINT('',(-4.2672,-0.328572759020046,-12.4079));
#4472=VECTOR('',#5177,1.05184059929656);
#4473=CARTESIAN_POINT('',(-4.2672,-0.9271,-12.4079));
#4474=CARTESIAN_POINT('',(-4.2672,-0.9271,-12.4079));
#4475=VECTOR('',#5178,0.598527240979954);
#4476=CARTESIAN_POINT('',(-4.2672,-1.77320926284134,-12.2174));
#4477=AXIS2_PLACEMENT_3D('',#5179,#5180,#5181);
#4478=CARTESIAN_POINT('',(-4.2672,-3.04320926284032,-12.2174));
#4479=CARTESIAN_POINT('',(-4.2672,-3.04320926284032,-12.2174));
#4480=VECTOR('',#5182,1.27);
#4481=CARTESIAN_POINT('',(-4.2672,-3.88931852568318,-12.4079));
#4482=AXIS2_PLACEMENT_3D('',#5183,#5184,#5185);
#4483=CARTESIAN_POINT('',(-4.2672,-10.5918,-12.4079));
#4484=CARTESIAN_POINT('',(-4.2672,-10.5918,-12.4079));
#4485=VECTOR('',#5186,6.70248147431682);
#4486=CARTESIAN_POINT('',(-4.2672,-11.0998,-12.2079544819594));
#4487=CARTESIAN_POINT('',(-4.2672,-11.0998,-12.2079544819594));
#4488=VECTOR('',#5187,0.545932422726824);
#4489=CARTESIAN_POINT('',(-4.2672,-11.0998,-11.5918455180406));
#4490=CARTESIAN_POINT('',(-4.2672,-11.0998,-11.5918455180406));
#4491=VECTOR('',#5188,0.616108963919816);
#4492=CARTESIAN_POINT('',(-4.2672,-10.5918,-11.3919));
#4493=CARTESIAN_POINT('',(-4.2672,-10.5918,-11.3919));
#4494=VECTOR('',#5189,0.545932422726824);
#4495=CARTESIAN_POINT('',(-4.2672,-5.7658,-11.3919));
#4496=CARTESIAN_POINT('',(-4.2672,-5.7658,-11.3919));
#4497=VECTOR('',#5190,4.826);
#4498=CARTESIAN_POINT('',(-4.2672,-5.7658,-9.2329));
#4499=CARTESIAN_POINT('',(-4.2672,-5.7658,-9.2329));
#4500=VECTOR('',#5191,2.159);
#4501=CARTESIAN_POINT('',(-4.2672,-10.5918,-9.2329));
#4502=CARTESIAN_POINT('',(-4.2672,-10.5918,-9.2329));
#4503=VECTOR('',#5192,4.826);
#4504=CARTESIAN_POINT('',(-4.2672,-11.0998,-9.0329544819594));
#4505=CARTESIAN_POINT('',(-4.2672,-11.0998,-9.0329544819594));
#4506=VECTOR('',#5193,0.545932422726824);
#4507=CARTESIAN_POINT('',(-4.2672,-11.0998,-8.4168455180406));
#4508=CARTESIAN_POINT('',(-4.2672,-11.0998,-8.4168455180406));
#4509=VECTOR('',#5194,0.616108963919816);
#4510=CARTESIAN_POINT('',(-4.2672,-10.5918,-8.2169));
#4511=CARTESIAN_POINT('',(-4.2672,-10.5918,-8.2169));
#4512=VECTOR('',#5195,0.545932422726824);
#4513=CARTESIAN_POINT('',(-4.2672,-2.58826,-8.2169));
#4514=CARTESIAN_POINT('',(-4.2672,-2.58826,-8.2169));
#4515=VECTOR('',#5196,8.00354);
#4516=CARTESIAN_POINT('',(-4.2672,-2.58826,-6.7437));
#4517=VECTOR('',#5197,1.4732);
#4518=CARTESIAN_POINT('',(-3.2512,-2.58826,-8.2169));
#4519=CARTESIAN_POINT('',(-4.2672,-2.58826,-8.2169));
#4520=VECTOR('',#5198,1.016);
#4521=CARTESIAN_POINT('',(-3.2512,-2.58826,-6.7437));
#4522=VECTOR('',#5199,1.4732);
#4523=CARTESIAN_POINT('',(-3.2512,-10.5918,-8.2169));
#4524=CARTESIAN_POINT('',(-3.2512,-2.58826,-8.2169));
#4525=VECTOR('',#5200,8.00354);
#4526=CARTESIAN_POINT('',(-3.2512,-11.0998,-8.4168455180406));
#4527=CARTESIAN_POINT('',(-3.2512,-10.5918,-8.2169));
#4528=VECTOR('',#5201,0.545932422726824);
#4529=CARTESIAN_POINT('',(-3.2512,-11.0998,-9.0329544819594));
#4530=CARTESIAN_POINT('',(-3.2512,-11.0998,-8.4168455180406));
#4531=VECTOR('',#5202,0.616108963919816);
#4532=CARTESIAN_POINT('',(-3.2512,-10.5918,-9.2329));
#4533=CARTESIAN_POINT('',(-3.2512,-11.0998,-9.0329544819594));
#4534=VECTOR('',#5203,0.545932422726824);
#4535=CARTESIAN_POINT('',(-3.2512,-5.7658,-9.2329));
#4536=CARTESIAN_POINT('',(-3.2512,-10.5918,-9.2329));
#4537=VECTOR('',#5204,4.826);
#4538=CARTESIAN_POINT('',(-3.2512,-5.7658,-11.3919));
#4539=CARTESIAN_POINT('',(-3.2512,-5.7658,-9.2329));
#4540=VECTOR('',#5205,2.159);
#4541=CARTESIAN_POINT('',(-3.2512,-10.5918,-11.3919));
#4542=CARTESIAN_POINT('',(-3.2512,-5.7658,-11.3919));
#4543=VECTOR('',#5206,4.826);
#4544=CARTESIAN_POINT('',(-3.2512,-11.0998,-11.5918455180406));
#4545=CARTESIAN_POINT('',(-3.2512,-10.5918,-11.3919));
#4546=VECTOR('',#5207,0.545932422726824);
#4547=CARTESIAN_POINT('',(-3.2512,-11.0998,-12.2079544819594));
#4548=CARTESIAN_POINT('',(-3.2512,-11.0998,-11.5918455180406));
#4549=VECTOR('',#5208,0.616108963919816);
#4550=CARTESIAN_POINT('',(-3.2512,-10.5918,-12.4079));
#4551=CARTESIAN_POINT('',(-3.2512,-11.0998,-12.2079544819594));
#4552=VECTOR('',#5209,0.545932422726824);
#4553=CARTESIAN_POINT('',(-3.2512,-3.88931852568318,-12.4079));
#4554=CARTESIAN_POINT('',(-3.2512,-10.5918,-12.4079));
#4555=VECTOR('',#5210,6.70248147431682);
#4556=CARTESIAN_POINT('',(-3.2512,-3.04320926284032,-12.2174));
#4557=AXIS2_PLACEMENT_3D('',#5211,#5212,#5213);
#4558=CARTESIAN_POINT('',(-3.2512,-1.77320926284134,-12.2174));
#4559=CARTESIAN_POINT('',(-3.2512,-3.04320926284032,-12.2174));
#4560=VECTOR('',#5214,1.27);
#4561=CARTESIAN_POINT('',(-3.2512,-0.9271,-12.4079));
#4562=AXIS2_PLACEMENT_3D('',#5215,#5216,#5217);
#4563=CARTESIAN_POINT('',(-3.2512,-0.328572759020046,-12.4079));
#4564=CARTESIAN_POINT('',(-3.2512,-0.9271,-12.4079));
#4565=VECTOR('',#5218,0.598527240979954);
#4566=CARTESIAN_POINT('',(-3.2512,-0.056336379510023,-11.3919));
#4567=CARTESIAN_POINT('',(-3.2512,-0.328572759020046,-12.4079));
#4568=VECTOR('',#5219,1.05184059929656);
#4569=CARTESIAN_POINT('',(-3.2512,0.542190861470058,-11.3919));
#4570=CARTESIAN_POINT('',(-3.2512,-0.056336379510023,-11.3919));
#4571=VECTOR('',#5220,0.598527240979954);
#4572=CARTESIAN_POINT('',(-3.2512,0.814427240979954,-12.4079));
#4573=CARTESIAN_POINT('',(-3.2512,0.542190861470058,-11.3919));
#4574=VECTOR('',#5221,1.05184059929656);
#4575=CARTESIAN_POINT('',(-3.2512,1.41295448195991,-12.4079));
#4576=CARTESIAN_POINT('',(-3.2512,0.814427240979954,-12.4079));
#4577=VECTOR('',#5222,0.598527240979954);
#4578=CARTESIAN_POINT('',(-3.2512,1.6129,-11.8999));
#4579=CARTESIAN_POINT('',(-3.2512,1.41295448195991,-12.4079));
#4580=VECTOR('',#5223,0.545932422726824);
#4581=CARTESIAN_POINT('',(-3.2512,1.6129,-11.8999));
#4582=VECTOR('',#5224,5.1562);
#4583=CARTESIAN_POINT('',(-4.2672,1.6129,-11.8999));
#4584=VECTOR('',#5225,1.016);
#4585=CARTESIAN_POINT('',(-4.2672,1.41295448195991,-12.4079));
#4586=VECTOR('',#5226,1.016);
#4587=CARTESIAN_POINT('',(-4.2672,0.814427240979954,-12.4079));
#4588=VECTOR('',#5227,1.016);
#4589=CARTESIAN_POINT('',(-4.2672,0.542190861470058,-11.3919));
#4590=VECTOR('',#5228,1.016);
#4591=CARTESIAN_POINT('',(-4.2672,-0.056336379510023,-11.3919));
#4592=VECTOR('',#5229,1.016);
#4593=CARTESIAN_POINT('',(-4.2672,-0.328572759020046,-12.4079));
#4594=VECTOR('',#5230,1.016);
#4595=CARTESIAN_POINT('',(-4.2672,-0.9271,-12.4079));
#4596=VECTOR('',#5231,1.016);
#4597=CARTESIAN_POINT('',(-4.2672,-1.77320926284134,-12.2174));
#4598=VECTOR('',#5232,1.016);
#4599=CARTESIAN_POINT('',(-4.2672,-3.04320926284032,-12.2174));
#4600=VECTOR('',#5233,1.016);
#4601=CARTESIAN_POINT('',(-4.2672,-3.88931852568318,-12.4079));
#4602=VECTOR('',#5234,1.016);
#4603=CARTESIAN_POINT('',(-4.2672,-10.5918,-12.4079));
#4604=VECTOR('',#5235,1.016);
#4605=CARTESIAN_POINT('',(-4.2672,-11.0998,-12.2079544819594));
#4606=VECTOR('',#5236,1.016);
#4607=CARTESIAN_POINT('',(-4.2672,-11.0998,-11.5918455180406));
#4608=VECTOR('',#5237,1.016);
#4609=CARTESIAN_POINT('',(-4.2672,-10.5918,-11.3919));
#4610=VECTOR('',#5238,1.016);
#4611=CARTESIAN_POINT('',(-4.2672,-5.7658,-11.3919));
#4612=VECTOR('',#5239,1.016);
#4613=CARTESIAN_POINT('',(-4.2672,-5.7658,-9.2329));
#4614=VECTOR('',#5240,1.016);
#4615=CARTESIAN_POINT('',(-4.2672,-10.5918,-9.2329));
#4616=VECTOR('',#5241,1.016);
#4617=CARTESIAN_POINT('',(-4.2672,-11.0998,-9.0329544819594));
#4618=VECTOR('',#5242,1.016);
#4619=CARTESIAN_POINT('',(-4.2672,-11.0998,-8.4168455180406));
#4620=VECTOR('',#5243,1.016);
#4621=CARTESIAN_POINT('',(-4.2672,-10.5918,-8.2169));
#4622=VECTOR('',#5244,1.016);
#4623=CARTESIAN_POINT('',(9.0043,5.5118,6.8707));
#4624=VECTOR('',#5245,13.6144);
#4625=CARTESIAN_POINT('',(7.9883,5.5118,-6.7437));
#4626=VECTOR('',#5246,13.6144);
#4627=CARTESIAN_POINT('',(-7.9883,5.5118,6.8707));
#4628=VECTOR('',#5247,13.6144);
#4629=CARTESIAN_POINT('',(7.9883,5.7658,7.3787));
#4630=VECTOR('',#5248,14.1224);
#4631=CARTESIAN_POINT('',(7.9883,3.7338,7.3787));
#4632=VECTOR('',#5249,0.508);
#4633=CARTESIAN_POINT('',(9.0043,3.7338,7.3787));
#4634=VECTOR('',#5250,0.508);
#4635=CARTESIAN_POINT('',(9.0043,-4.1148,-6.7437));
#4636=VECTOR('',#5251,0.635);
#4637=CARTESIAN_POINT('',(9.0043,5.7658,-7.3787));
#4638=VECTOR('',#5252,14.7574);
#4639=CARTESIAN_POINT('',(9.0043,4.7498,-6.7437));
#4640=VECTOR('',#5253,0.635);
#4641=CARTESIAN_POINT('',(9.0043,-4.1148,6.3627));
#4642=CARTESIAN_POINT('',(9.0043,-4.1148,-6.7437));
#4643=VECTOR('',#5254,13.1064);
#4644=CARTESIAN_POINT('',(10.541,-4.1148,6.3627));
#4645=CARTESIAN_POINT('',(10.541,-4.1148,6.3627));
#4646=VECTOR('',#5255,1.5367);
#4647=CARTESIAN_POINT('',(10.541,-4.1148,-7.3787));
#4648=VECTOR('',#5256,13.7414);
#4649=CARTESIAN_POINT('',(10.541,4.7498,6.3627));
#4650=CARTESIAN_POINT('',(10.541,-4.1148,6.3627));
#4651=VECTOR('',#5257,8.8646);
#4652=CARTESIAN_POINT('',(10.541,4.7498,-7.3787));
#4653=VECTOR('',#5258,13.7414);
#4654=CARTESIAN_POINT('',(10.541,5.7658,-7.3787));
#4655=VECTOR('',#5259,14.7574);
#4656=CARTESIAN_POINT('',(10.541,-4.4958,-7.3787));
#4657=VECTOR('',#5260,14.7574);
#4658=CARTESIAN_POINT('',(7.239,5.7658,6.1087));
#4659=CARTESIAN_POINT('',(7.239,5.7658,6.1087));
#4660=VECTOR('',#5261,12.8549096364006);
#4661=CARTESIAN_POINT('',(4.4958,5.7658,6.1087));
#4662=CARTESIAN_POINT('',(4.4958,5.7658,6.1087));
#4663=VECTOR('',#5262,2.7432);
#4664=CARTESIAN_POINT('',(4.2418,5.7658,-7.3787));
#4665=CARTESIAN_POINT('',(4.4958,5.7658,6.1087));
#4666=VECTOR('',#5263,13.4897915017245);
#4667=CARTESIAN_POINT('',(3.2258,5.7658,-7.3787));
#4668=CARTESIAN_POINT('',(4.2418,5.7658,-7.3787));
#4669=VECTOR('',#5264,1.016);
#4670=CARTESIAN_POINT('',(2.9718,5.7658,6.1087));
#4671=CARTESIAN_POINT('',(3.2258,5.7658,-7.3787));
#4672=VECTOR('',#5265,13.4897915017245);
#4673=CARTESIAN_POINT('',(1.69276510067105,5.7658,6.1087));
#4674=CARTESIAN_POINT('',(1.69276510067105,5.7658,6.1087));
#4675=VECTOR('',#5266,1.27903489932895);
#4676=CARTESIAN_POINT('',(1.69276510067105,5.7658,6.1087));
#4677=VECTOR('',#5267,1.27285701791816);
#4678=CARTESIAN_POINT('',(-1.69276510067105,5.7658,6.1087));
#4679=CARTESIAN_POINT('',(-1.778,5.7658,7.3787));
#4680=VECTOR('',#5268,1.27285701791816);
#4681=CARTESIAN_POINT('',(-2.9972,5.7658,6.1087));
#4682=CARTESIAN_POINT('',(-2.9972,5.7658,6.1087));
#4683=VECTOR('',#5269,1.30443489932895);
#4684=CARTESIAN_POINT('',(-3.2512,5.7658,-7.3787));
#4685=CARTESIAN_POINT('',(-2.9972,5.7658,6.1087));
#4686=VECTOR('',#5270,13.4897915017245);
#4687=CARTESIAN_POINT('',(-4.2672,5.7658,-7.3787));
#4688=CARTESIAN_POINT('',(-3.2512,5.7658,-7.3787));
#4689=VECTOR('',#5271,1.016);
#4690=CARTESIAN_POINT('',(-4.5212,5.7658,6.1087));
#4691=CARTESIAN_POINT('',(-4.2672,5.7658,-7.3787));
#4692=VECTOR('',#5272,13.4897915017245);
#4693=CARTESIAN_POINT('',(-7.239,5.7658,6.1087));
#4694=CARTESIAN_POINT('',(-7.239,5.7658,6.1087));
#4695=VECTOR('',#5273,2.7178);
#4696=CARTESIAN_POINT('',(-7.493,5.7658,-6.7437));
#4697=VECTOR('',#5274,12.8549096364006);
#4698=CARTESIAN_POINT('',(-7.9883,5.7658,-6.7437));
#4699=VECTOR('',#5275,14.1224);
#4700=CARTESIAN_POINT('',(1.54594265017659,5.7658,3.92104548762918));
#4701=CARTESIAN_POINT('',(1.524,7.62,3.5941));
#4702=CARTESIAN_POINT('',(1.54594265017659,5.7658,3.92104548762918));
#4703=VECTOR('',#5276,1.8829318818742);
#4704=CARTESIAN_POINT('',(1.62628187919453,7.62,5.1181));
#4705=CARTESIAN_POINT('',(1.62628187919453,7.62,5.1181));
#4706=VECTOR('',#5277,1.52742842150179);
#4707=CARTESIAN_POINT('',(1.62628187919453,7.62,5.1181));
#4708=VECTOR('',#5278,2.92769335624242);
#4709=CARTESIAN_POINT('',(1.54594265017659,5.7658,3.92104548762918));
#4710=VECTOR('',#5279,2.19257590460701);
#4711=CARTESIAN_POINT('',(-1.54594265017659,5.7658,3.92104548762918));
#4712=CARTESIAN_POINT('',(-1.54594265017659,5.7658,3.92104548762918));
#4713=VECTOR('',#5280,3.09188530035216);
#4714=CARTESIAN_POINT('',(1.69276510067105,5.7658,6.1087));
#4715=VECTOR('',#5281,3.3855302013416);
#4716=CARTESIAN_POINT('',(-1.54594265017659,5.7658,3.92104548762918));
#4717=VECTOR('',#5282,2.19257590460701);
#4718=CARTESIAN_POINT('',(-1.62628187919453,7.62,5.1181));
#4719=CARTESIAN_POINT('',(-1.62628187919453,7.62,5.1181));
#4720=VECTOR('',#5283,2.92769335624242);
#4721=CARTESIAN_POINT('',(-1.524,7.62,3.5941));
#4722=CARTESIAN_POINT('',(-1.62628187919453,7.62,5.1181));
#4723=VECTOR('',#5284,1.52742842150179);
#4724=CARTESIAN_POINT('',(-1.54594265017659,5.7658,3.92104548762918));
#4725=VECTOR('',#5285,1.8829318818742);
#4726=CARTESIAN_POINT('',(-1.524,7.62,3.5941));
#4727=VECTOR('',#5286,3.048);
#4728=CARTESIAN_POINT('',(-1.62628187919453,7.62,5.1181));
#4729=VECTOR('',#5287,3.25256375839008);
#4730=CARTESIAN_POINT('',(-7.239,4.4958,6.1087));
#4731=CARTESIAN_POINT('',(-4.5212,4.4958,6.1087));
#4732=CARTESIAN_POINT('',(-7.239,4.4958,6.1087));
#4733=VECTOR('',#5288,2.7178);
#4734=CARTESIAN_POINT('',(-7.239,5.7658,6.1087));
#4735=VECTOR('',#5289,1.27);
#4736=CARTESIAN_POINT('',(-4.5212,4.4958,6.1087));
#4737=VECTOR('',#5290,1.27);
#4738=CARTESIAN_POINT('',(7.239,4.4958,6.1087));
#4739=CARTESIAN_POINT('',(7.239,5.7658,6.1087));
#4740=VECTOR('',#5291,1.27);
#4741=CARTESIAN_POINT('',(4.4958,4.4958,6.1087));
#4742=CARTESIAN_POINT('',(4.4958,4.4958,6.1087));
#4743=VECTOR('',#5292,2.7432);
#4744=CARTESIAN_POINT('',(4.4958,4.4958,6.1087));
#4745=VECTOR('',#5293,1.27);
#4746=CARTESIAN_POINT('',(2.9718,4.4958,6.1087));
#4747=CARTESIAN_POINT('',(2.9718,4.4958,6.1087));
#4748=VECTOR('',#5294,1.27);
#4749=CARTESIAN_POINT('',(-2.9972,4.4958,6.1087));
#4750=CARTESIAN_POINT('',(-2.9972,4.4958,6.1087));
#4751=VECTOR('',#5295,5.969);
#4752=CARTESIAN_POINT('',(-2.9972,4.4958,6.1087));
#4753=VECTOR('',#5296,1.27);
#4754=CARTESIAN_POINT('',(-4.2672,4.4958,-7.3787));
#4755=CARTESIAN_POINT('',(-4.2672,4.4958,-7.3787));
#4756=VECTOR('',#5297,1.27);
#4757=CARTESIAN_POINT('',(-4.2672,4.4958,-7.3787));
#4758=VECTOR('',#5298,0.635112594243188);
#4759=CARTESIAN_POINT('',(-4.27915856873712,4.4958,-6.7437));
#4760=VECTOR('',#5299,12.8546789074818);
#4761=CARTESIAN_POINT('',(-7.493,4.4958,-6.7437));
#4762=VECTOR('',#5300,12.8549096364006);
#4763=CARTESIAN_POINT('',(7.239,4.4958,6.1087));
#4764=VECTOR('',#5301,12.8549096364006);
#4765=CARTESIAN_POINT('',(4.25375856873712,4.4958,-6.7437));
#4766=VECTOR('',#5302,12.8546789074818);
#4767=CARTESIAN_POINT('',(-3.23924143126288,4.4958,-6.7437));
#4768=VECTOR('',#5303,12.8546789074818);
#4769=CARTESIAN_POINT('',(3.21384143126288,4.4958,-6.7437));
#4770=VECTOR('',#5304,12.8546789074818);
#4771=CARTESIAN_POINT('',(4.2418,4.4958,-7.3787));
#4772=CARTESIAN_POINT('',(4.25375856873712,4.4958,-6.7437));
#4773=VECTOR('',#5305,0.635112594243188);
#4774=CARTESIAN_POINT('',(4.2418,4.4958,-7.3787));
#4775=VECTOR('',#5306,1.27);
#4776=CARTESIAN_POINT('',(3.2258,4.4958,-7.3787));
#4777=CARTESIAN_POINT('',(3.2258,4.4958,-7.3787));
#4778=VECTOR('',#5307,1.27);
#4779=CARTESIAN_POINT('',(4.2418,4.4958,-7.3787));
#4780=VECTOR('',#5308,1.016);
#4781=CARTESIAN_POINT('',(3.2258,4.4958,-7.3787));
#4782=VECTOR('',#5309,0.635112594243188);
#4783=CARTESIAN_POINT('',(-3.2512,4.4958,-7.3787));
#4784=CARTESIAN_POINT('',(-3.23924143126288,4.4958,-6.7437));
#4785=VECTOR('',#5310,0.635112594243188);
#4786=CARTESIAN_POINT('',(-3.2512,4.4958,-7.3787));
#4787=VECTOR('',#5311,1.27);
#4788=CARTESIAN_POINT('',(-3.2512,4.4958,-7.3787));
#4789=VECTOR('',#5312,1.016);
#4790=CARTESIAN_POINT('',(-7.9883,3.7338,7.3787));
#4791=VECTOR('',#5313,0.508);
#4792=CARTESIAN_POINT('',(9.0043,4.7498,6.3627));
#4793=CARTESIAN_POINT('',(10.541,4.7498,6.3627));
#4794=VECTOR('',#5314,1.5367);
#4795=CARTESIAN_POINT('',(9.0043,4.7498,6.3627));
#4796=VECTOR('',#5315,13.1064);
#4797=CARTESIAN_POINT('',(9.0043,-3.8608,0.2413));
#4798=CARTESIAN_POINT('',(9.0043,-2.5908,0.2413));
#4799=AXIS2_PLACEMENT_3D('',#5316,#5317,#5318);
#4800=CARTESIAN_POINT('',(9.0043,-2.5908,-6.7437));
#4801=VECTOR('',#5319,6.985);
#4802=CARTESIAN_POINT('',(9.0043,0.5842,0.2413));
#4803=CARTESIAN_POINT('',(9.0043,0.5842,-6.7437));
#4804=VECTOR('',#5320,6.985);
#4805=CARTESIAN_POINT('',(9.0043,1.8542,0.2413));
#4806=AXIS2_PLACEMENT_3D('',#5321,#5322,#5323);
#4807=CARTESIAN_POINT('',(9.0043,1.8542,-6.7437));
#4808=VECTOR('',#5324,6.985);
#4809=CARTESIAN_POINT('',(9.0043,-4.1148,6.3627));
#4810=VECTOR('',#5325,8.8646);
#4811=CARTESIAN_POINT('',(9.0043,-3.8608,-6.7437));
#4812=VECTOR('',#5326,6.985);
#4813=CARTESIAN_POINT('',(8.3693,-3.8608,0.2413));
#4814=CARTESIAN_POINT('',(8.3693,-3.8608,-6.7437));
#4815=VECTOR('',#5327,6.985);
#4816=CARTESIAN_POINT('',(9.0043,-3.8608,0.2413));
#4817=VECTOR('',#5328,0.635);
#4818=CARTESIAN_POINT('',(8.3693,-2.5908,0.2413));
#4819=AXIS2_PLACEMENT_3D('',#5329,#5330,#5331);
#4820=CARTESIAN_POINT('',(9.0043,-2.5908,0.2413));
#4821=VECTOR('',#5332,0.635);
#4822=CARTESIAN_POINT('',(8.3693,-2.5908,0.2413));
#4823=VECTOR('',#5333,6.985);
#4824=CARTESIAN_POINT('',(8.3693,1.8542,0.2413));
#4825=CARTESIAN_POINT('',(8.3693,1.8542,0.2413));
#4826=VECTOR('',#5334,6.985);
#4827=CARTESIAN_POINT('',(8.3693,0.5842,0.2413));
#4828=AXIS2_PLACEMENT_3D('',#5335,#5336,#5337);
#4829=CARTESIAN_POINT('',(8.3693,0.5842,-6.7437));
#4830=VECTOR('',#5338,6.985);
#4831=CARTESIAN_POINT('',(9.0043,0.5842,0.2413));
#4832=VECTOR('',#5339,0.635);
#4833=CARTESIAN_POINT('',(9.0043,1.8542,0.2413));
#4834=VECTOR('',#5340,0.635);
#4835=CARTESIAN_POINT('',(-8.3693,1.8542,0.2413));
#4836=CARTESIAN_POINT('',(-8.3693,1.8542,0.2413));
#4837=VECTOR('',#5341,6.985);
#4838=CARTESIAN_POINT('',(-9.0043,1.8542,0.2413));
#4839=VECTOR('',#5342,0.635);
#4840=CARTESIAN_POINT('',(-8.3693,0.5842,0.2413));
#4841=AXIS2_PLACEMENT_3D('',#5343,#5344,#5345);
#4842=CARTESIAN_POINT('',(-9.0043,0.5842,0.2413));
#4843=VECTOR('',#5346,0.635);
#4844=CARTESIAN_POINT('',(-8.3693,0.5842,-6.7437));
#4845=VECTOR('',#5347,6.985);
#4846=CARTESIAN_POINT('',(-8.3693,-2.5908,0.2413));
#4847=AXIS2_PLACEMENT_3D('',#5348,#5349,#5350);
#4848=CARTESIAN_POINT('',(-8.3693,-2.5908,0.2413));
#4849=VECTOR('',#5351,6.985);
#4850=CARTESIAN_POINT('',(-9.0043,-2.5908,0.2413));
#4851=VECTOR('',#5352,0.635);
#4852=CARTESIAN_POINT('',(7.9883,0.6858,7.3787));
#4853=VECTOR('',#5353,0.508);
#4854=CARTESIAN_POINT('',(7.9883,-1.8542,7.3787));
#4855=VECTOR('',#5354,0.508);
#4856=CARTESIAN_POINT('',(-7.9883,-1.8542,7.3787));
#4857=VECTOR('',#5355,0.508);
#4858=CARTESIAN_POINT('',(-9.0043,-1.8542,7.3787));
#4859=VECTOR('',#5356,0.508);
#4860=CARTESIAN_POINT('',(-9.0043,0.6858,7.3787));
#4861=VECTOR('',#5357,0.508);
#4862=CARTESIAN_POINT('',(-7.9883,0.6858,7.3787));
#4863=VECTOR('',#5358,0.508);
#4864=DIRECTION('',(0.0,-1.0,0.0));
#4865=DIRECTION('',(1.0,0.0,0.0));
#4866=DIRECTION('',(0.707106781186547,-0.707106781186547,0.0));
#4867=DIRECTION('',(0.0,-1.0,0.0));
#4868=DIRECTION('',(1.0,0.0,0.0));
#4869=DIRECTION('',(0.0,-1.0,0.0));
#4870=DIRECTION('',(-1.0,0.0,0.0));
#4871=DIRECTION('',(0.0,-1.0,0.0));
#4872=DIRECTION('',(1.0,0.0,0.0));
#4873=DIRECTION('',(0.0,1.0,0.0));
#4874=DIRECTION('',(0.707106781186547,0.707106781186547,0.0));
#4875=DIRECTION('',(1.0,0.0,0.0));
#4876=DIRECTION('',(0.0,-1.0,0.0));
#4877=DIRECTION('',(-1.0,0.0,0.0));
#4878=DIRECTION('',(0.0,-1.0,0.0));
#4879=DIRECTION('',(-1.0,0.0,0.0));
#4880=DIRECTION('',(0.0,1.0,0.0));
#4881=DIRECTION('',(-1.0,0.0,0.0));
#4882=DIRECTION('',(0.0,0.0,1.0));
#4883=DIRECTION('',(1.0,0.0,0.0));
#4884=DIRECTION('',(0.0,0.0,1.0));
#4885=DIRECTION('',(0.0,0.0,1.0));
#4886=DIRECTION('',(0.0,-1.0,0.0));
#4887=DIRECTION('',(0.0,0.0,1.0));
#4888=DIRECTION('',(0.0,-1.0,0.0));
#4889=DIRECTION('',(0.0,0.0,1.0));
#4890=DIRECTION('',(0.0,0.0,-1.0));
#4891=DIRECTION('',(0.0,1.0,0.0));
#4892=DIRECTION('',(0.0,0.0,-1.0));
#4893=DIRECTION('',(0.0,-1.0,0.0));
#4894=DIRECTION('',(0.0,0.0,1.0));
#4895=DIRECTION('',(0.0,0.0,-1.0));
#4896=DIRECTION('',(1.0,0.0,0.0));
#4897=DIRECTION('',(0.0,0.0,-1.0));
#4898=DIRECTION('',(-1.0,0.0,0.0));
#4899=DIRECTION('',(0.0,0.0,-1.0));
#4900=DIRECTION('',(1.0,0.0,0.0));
#4901=DIRECTION('',(0.0,0.0,1.0));
#4902=DIRECTION('',(1.0,0.0,0.0));
#4903=DIRECTION('',(0.0,0.0,1.0));
#4904=DIRECTION('',(0.0,0.0,1.0));
#4905=DIRECTION('',(1.0,0.0,0.0));
#4906=DIRECTION('',(0.0,0.0,-1.0));
#4907=DIRECTION('',(-1.0,0.0,0.0));
#4908=DIRECTION('',(-1.0,0.0,0.0));
#4909=DIRECTION('',(0.0,-1.0,0.0));
#4910=DIRECTION('',(1.0,0.0,0.0));
#4911=DIRECTION('',(0.0,1.0,0.0));
#4912=DIRECTION('',(0.0,1.0,0.0));
#4913=DIRECTION('',(-1.0,0.0,0.0));
#4914=DIRECTION('',(0.0,-1.0,0.0));
#4915=DIRECTION('',(1.0,0.0,0.0));
#4916=DIRECTION('',(0.0,-1.0,0.0));
#4917=DIRECTION('',(1.0,0.0,0.0));
#4918=DIRECTION('',(0.0,1.0,0.0));
#4919=DIRECTION('',(-1.0,0.0,0.0));
#4920=DIRECTION('',(1.0,0.0,0.0));
#4921=DIRECTION('',(0.0,1.0,0.0));
#4922=DIRECTION('',(-1.0,0.0,0.0));
#4923=DIRECTION('',(-1.0,0.0,0.0));
#4924=DIRECTION('',(0.0,-1.0,0.0));
#4925=DIRECTION('',(0.0,1.0,0.0));
#4926=DIRECTION('',(-1.0,0.0,0.0));
#4927=DIRECTION('',(0.0,-1.0,0.0));
#4928=DIRECTION('',(0.0,1.0,0.0));
#4929=DIRECTION('',(0.0,0.0,-1.0));
#4930=DIRECTION('',(0.0,0.0,-1.0));
#4931=DIRECTION('',(0.0,1.0,0.0));
#4932=DIRECTION('',(0.707106781186547,0.707106781186547,0.0));
#4933=DIRECTION('',(0.0,1.0,0.0));
#4934=DIRECTION('',(-1.0,0.0,0.0));
#4935=DIRECTION('',(0.0,-1.0,0.0));
#4936=DIRECTION('',(1.0,0.0,0.0));
#4937=DIRECTION('',(0.0,1.0,0.0));
#4938=DIRECTION('',(-1.0,0.0,0.0));
#4939=DIRECTION('',(1.0,0.0,0.0));
#4940=DIRECTION('',(-1.0,0.0,0.0));
#4941=DIRECTION('',(0.0,-1.0,0.0));
#4942=DIRECTION('',(1.0,0.0,0.0));
#4943=DIRECTION('',(-1.0,0.0,0.0));
#4944=DIRECTION('',(0.0,-1.0,0.0));
#4945=DIRECTION('',(0.707106781186547,-0.707106781186547,0.0));
#4946=DIRECTION('',(0.0,1.0,0.0));
#4947=DIRECTION('',(-1.0,0.0,0.0));
#4948=DIRECTION('',(0.0,1.0,0.0));
#4949=DIRECTION('',(0.0,1.0,0.0));
#4950=DIRECTION('',(-1.0,0.0,0.0));
#4951=DIRECTION('',(0.0,1.0,0.0));
#4952=DIRECTION('',(0.0,-1.0,0.0));
#4953=DIRECTION('',(-1.0,0.0,0.0));
#4954=DIRECTION('',(0.0,1.0,0.0));
#4955=DIRECTION('',(0.707106781186548,0.707106781186548,0.0));
#4956=DIRECTION('',(1.0,0.0,0.0));
#4957=DIRECTION('',(0.707106781186548,-0.707106781186548,0.0));
#4958=DIRECTION('',(0.707106781186548,0.707106781186548,0.0));
#4959=DIRECTION('',(1.0,0.0,0.0));
#4960=DIRECTION('',(0.707106781186548,-0.707106781186548,0.0));
#4961=DIRECTION('',(0.0,-1.0,0.0));
#4962=DIRECTION('',(-1.0,0.0,0.0));
#4963=DIRECTION('',(0.0,1.0,0.0));
#4964=DIRECTION('',(1.0,0.0,0.0));
#4965=DIRECTION('',(0.0,-1.0,0.0));
#4966=DIRECTION('',(-1.0,0.0,0.0));
#4967=DIRECTION('',(0.0,-1.0,0.0));
#4968=DIRECTION('',(-1.0,0.0,0.0));
#4969=DIRECTION('',(0.0,1.0,0.0));
#4970=DIRECTION('',(1.0,0.0,0.0));
#4971=DIRECTION('',(0.0,0.0,-1.0));
#4972=DIRECTION('',(0.0,1.0,0.0));
#4973=DIRECTION('',(0.0,0.0,-1.0));
#4974=DIRECTION('',(0.707106781186548,0.707106781186548,0.0));
#4975=DIRECTION('',(0.0,0.0,-1.0));
#4976=DIRECTION('',(1.0,0.0,0.0));
#4977=DIRECTION('',(0.0,0.0,-1.0));
#4978=DIRECTION('',(0.707106781186548,-0.707106781186548,0.0));
#4979=DIRECTION('',(0.0,0.0,-1.0));
#4980=DIRECTION('',(0.0,-1.0,0.0));
#4981=DIRECTION('',(0.0,0.0,-1.0));
#4982=DIRECTION('',(-1.0,0.0,0.0));
#4983=DIRECTION('',(1.0,0.0,0.0));
#4984=DIRECTION('',(0.0,-1.0,0.0));
#4985=DIRECTION('',(-1.0,0.0,0.0));
#4986=DIRECTION('',(0.0,1.0,0.0));
#4987=DIRECTION('',(1.0,0.0,0.0));
#4988=DIRECTION('',(0.707106781186548,0.707106781186548,0.0));
#4989=DIRECTION('',(0.0,1.0,0.0));
#4990=DIRECTION('',(-1.0,0.0,0.0));
#4991=DIRECTION('',(0.0,-1.0,0.0));
#4992=DIRECTION('',(0.707106781186548,-0.707106781186548,0.0));
#4993=DIRECTION('',(1.0,0.0,0.0));
#4994=DIRECTION('',(0.0,-1.0,0.0));
#4995=DIRECTION('',(-1.0,0.0,0.0));
#4996=DIRECTION('',(0.0,1.0,0.0));
#4997=DIRECTION('',(0.0,0.0,-1.0));
#4998=DIRECTION('',(0.0,0.0,-1.0));
#4999=DIRECTION('',(0.0,0.0,-1.0));
#5000=DIRECTION('',(0.0,0.0,-1.0));
#5001=DIRECTION('',(0.0,0.0,-1.0));
#5002=DIRECTION('',(0.0,0.0,-1.0));
#5003=DIRECTION('',(0.0,0.0,1.0));
#5004=DIRECTION('',(0.0,1.0,0.0));
#5005=DIRECTION('',(0.0,0.0,1.0));
#5006=DIRECTION('',(1.0,0.0,0.0));
#5007=DIRECTION('',(0.0,0.0,1.0));
#5008=DIRECTION('',(0.0,-1.0,0.0));
#5009=DIRECTION('',(0.0,0.0,1.0));
#5010=DIRECTION('',(-1.0,0.0,0.0));
#5011=DIRECTION('',(0.577350269189626,0.577350269189626,-0.577350269189626));
#5012=DIRECTION('',(-0.577350269189626,0.577350269189626,-0.577350269189626));
#5013=DIRECTION('',(-1.0,0.0,0.0));
#5014=DIRECTION('',(0.0,-1.0,0.0));
#5015=DIRECTION('',(1.0,0.0,0.0));
#5016=DIRECTION('',(0.0,1.0,0.0));
#5017=DIRECTION('',(0.577350269189626,-0.577350269189626,-0.577350269189626));
#5018=DIRECTION('',(-0.577350269189626,-0.577350269189626,-0.577350269189626));
#5019=DIRECTION('',(0.0,0.0,1.0));
#5020=DIRECTION('',(0.0,1.0,0.0));
#5021=DIRECTION('',(0.0,0.0,1.0));
#5022=DIRECTION('',(1.0,0.0,0.0));
#5023=DIRECTION('',(0.0,0.0,1.0));
#5024=DIRECTION('',(0.0,-1.0,0.0));
#5025=DIRECTION('',(0.0,0.0,1.0));
#5026=DIRECTION('',(-1.0,0.0,0.0));
#5027=DIRECTION('',(0.577350269189626,0.577350269189626,-0.577350269189626));
#5028=DIRECTION('',(-0.577350269189626,0.577350269189626,-0.577350269189626));
#5029=DIRECTION('',(-1.0,0.0,0.0));
#5030=DIRECTION('',(0.0,-1.0,0.0));
#5031=DIRECTION('',(1.0,0.0,0.0));
#5032=DIRECTION('',(0.0,1.0,0.0));
#5033=DIRECTION('',(0.577350269189626,-0.577350269189626,-0.577350269189626));
#5034=DIRECTION('',(-0.577350269189626,-0.577350269189626,-0.577350269189626));
#5035=DIRECTION('',(0.0,0.0,-1.0));
#5036=DIRECTION('',(0.0,0.0,-1.0));
#5037=DIRECTION('',(0.0,0.0,-1.0));
#5038=DIRECTION('',(0.0,0.0,-1.0));
#5039=DIRECTION('',(0.0,0.0,1.0));
#5040=DIRECTION('',(0.0,0.0,1.0));
#5041=DIRECTION('',(0.0,0.0,1.0));
#5042=DIRECTION('',(0.0,1.0,0.0));
#5043=DIRECTION('',(1.0,0.0,0.0));
#5044=DIRECTION('',(0.0,1.0,0.0));
#5045=DIRECTION('',(0.0,-1.0,0.0));
#5046=DIRECTION('',(0.0,0.0,-1.0));
#5047=DIRECTION('',(0.0,-1.0,0.0));
#5048=DIRECTION('',(0.0,0.0,1.0));
#5049=CARTESIAN_POINT('',(-9.0043,1.2192,0.2413));
#5050=DIRECTION('',(-1.0,0.0,0.0));
#5051=DIRECTION('',(0.0,-1.0,0.0));
#5052=DIRECTION('',(0.0,0.0,1.0));
#5053=DIRECTION('',(0.0,-1.0,0.0));
#5054=DIRECTION('',(0.0,0.0,1.0));
#5055=CARTESIAN_POINT('',(-9.0043,-3.2258,0.2413));
#5056=DIRECTION('',(-1.0,0.0,0.0));
#5057=DIRECTION('',(0.0,-1.0,0.0));
#5058=DIRECTION('',(0.0,0.0,1.0));
#5059=DIRECTION('',(1.0,0.0,0.0));
#5060=DIRECTION('',(0.0,0.0,1.0));
#5061=DIRECTION('',(1.0,0.0,0.0));
#5062=DIRECTION('',(0.0,-1.0,0.0));
#5063=DIRECTION('',(1.0,0.0,0.0));
#5064=DIRECTION('',(0.0,-1.0,0.0));
#5065=DIRECTION('',(-1.0,0.0,0.0));
#5066=DIRECTION('',(-1.0,0.0,0.0));
#5067=DIRECTION('',(-1.0,0.0,0.0));
#5068=DIRECTION('',(-1.0,0.0,0.0));
#5069=DIRECTION('',(-1.0,0.0,0.0));
#5070=DIRECTION('',(0.0,-1.0,0.0));
#5071=DIRECTION('',(1.0,0.0,0.0));
#5072=DIRECTION('',(0.0,-1.0,0.0));
#5073=DIRECTION('',(1.0,0.0,0.0));
#5074=DIRECTION('',(0.0,-1.0,0.0));
#5075=DIRECTION('',(0.0,-1.0,0.0));
#5076=DIRECTION('',(-1.0,0.0,0.0));
#5077=DIRECTION('',(0.0,-1.0,0.0));
#5078=DIRECTION('',(-1.0,0.0,0.0));
#5079=DIRECTION('',(0.0,-1.0,0.0));
#5080=DIRECTION('',(-1.0,0.0,0.0));
#5081=DIRECTION('',(0.0,-1.0,0.0));
#5082=DIRECTION('',(-1.0,0.0,0.0));
#5083=DIRECTION('',(0.0,-1.0,0.0));
#5084=DIRECTION('',(0.0,-1.0,0.0));
#5085=DIRECTION('',(0.0,-1.0,0.0));
#5086=DIRECTION('',(1.0,0.0,0.0));
#5087=DIRECTION('',(1.0,0.0,0.0));
#5088=DIRECTION('',(0.0,-1.0,0.0));
#5089=DIRECTION('',(1.0,0.0,0.0));
#5090=DIRECTION('',(1.0,0.0,0.0));
#5091=DIRECTION('',(1.0,0.0,0.0));
#5092=DIRECTION('',(0.0,1.0,0.0));
#5093=DIRECTION('',(1.0,0.0,0.0));
#5094=DIRECTION('',(0.0,1.0,0.0));
#5095=DIRECTION('',(1.0,0.0,0.0));
#5096=DIRECTION('',(0.0,1.0,0.0));
#5097=DIRECTION('',(1.0,0.0,0.0));
#5098=DIRECTION('',(0.0,1.0,0.0));
#5099=DIRECTION('',(0.0,0.0,1.0));
#5100=DIRECTION('',(0.0,0.366245911978309,0.930518098673624));
#5101=DIRECTION('',(0.0,1.0,0.0));
#5102=DIRECTION('',(0.0,0.258819045102493,-0.965925826289076));
#5103=DIRECTION('',(0.0,1.0,0.0));
#5104=DIRECTION('',(0.0,0.258819045102493,0.965925826289076));
#5105=DIRECTION('',(0.0,1.0,0.0));
#5106=CARTESIAN_POINT('',(3.2258,-1.3716,-12.4079));
#5107=DIRECTION('',(-1.0,0.0,0.0));
#5108=DIRECTION('',(0.0,-0.903507902905271,0.428571428571386));
#5109=DIRECTION('',(0.0,1.0,0.0));
#5110=CARTESIAN_POINT('',(3.2258,-3.44481852568318,-12.4079));
#5111=DIRECTION('',(-1.0,0.0,0.0));
#5112=DIRECTION('',(0.0,-1.0,0.0));
#5113=DIRECTION('',(0.0,1.0,0.0));
#5114=DIRECTION('',(0.0,0.930518098673624,-0.366245911978309));
#5115=DIRECTION('',(0.0,0.0,-1.0));
#5116=DIRECTION('',(0.0,-0.930518098673624,-0.366245911978309));
#5117=DIRECTION('',(0.0,-1.0,0.0));
#5118=DIRECTION('',(0.0,0.0,-1.0));
#5119=DIRECTION('',(0.0,1.0,0.0));
#5120=DIRECTION('',(0.0,0.930518098673624,-0.366245911978309));
#5121=DIRECTION('',(0.0,0.0,-1.0));
#5122=DIRECTION('',(0.0,-0.930518098673624,-0.366245911978309));
#5123=DIRECTION('',(0.0,-1.0,0.0));
#5124=DIRECTION('',(0.0,0.0,-1.0));
#5125=DIRECTION('',(1.0,0.0,0.0));
#5126=DIRECTION('',(0.0,0.0,-1.0));
#5127=DIRECTION('',(0.0,-1.0,0.0));
#5128=DIRECTION('',(0.0,-0.930518098673624,-0.366245911978309));
#5129=DIRECTION('',(0.0,0.0,-1.0));
#5130=DIRECTION('',(0.0,0.930518098673624,-0.366245911978309));
#5131=DIRECTION('',(0.0,1.0,0.0));
#5132=DIRECTION('',(0.0,0.0,-1.0));
#5133=DIRECTION('',(0.0,-1.0,0.0));
#5134=DIRECTION('',(0.0,-0.930518098673624,-0.366245911978309));
#5135=DIRECTION('',(0.0,0.0,-1.0));
#5136=DIRECTION('',(0.0,0.930518098673624,-0.366245911978309));
#5137=DIRECTION('',(0.0,1.0,0.0));
#5138=CARTESIAN_POINT('',(4.2418,-3.44481852568318,-12.4079));
#5139=DIRECTION('',(-1.0,0.0,0.0));
#5140=DIRECTION('',(0.0,-1.0,0.0));
#5141=DIRECTION('',(0.0,1.0,0.0));
#5142=CARTESIAN_POINT('',(4.2418,-1.3716,-12.4079));
#5143=DIRECTION('',(-1.0,0.0,0.0));
#5144=DIRECTION('',(0.0,-0.903507902905271,0.428571428571386));
#5145=DIRECTION('',(0.0,1.0,0.0));
#5146=DIRECTION('',(0.0,0.258819045102493,0.965925826289076));
#5147=DIRECTION('',(0.0,1.0,0.0));
#5148=DIRECTION('',(0.0,0.258819045102493,-0.965925826289076));
#5149=DIRECTION('',(0.0,1.0,0.0));
#5150=DIRECTION('',(0.0,0.366245911978309,0.930518098673624));
#5151=DIRECTION('',(0.0,0.0,1.0));
#5152=DIRECTION('',(1.0,0.0,0.0));
#5153=DIRECTION('',(1.0,0.0,0.0));
#5154=DIRECTION('',(1.0,0.0,0.0));
#5155=DIRECTION('',(1.0,0.0,0.0));
#5156=DIRECTION('',(1.0,0.0,0.0));
#5157=DIRECTION('',(1.0,0.0,0.0));
#5158=DIRECTION('',(1.0,0.0,0.0));
#5159=DIRECTION('',(1.0,0.0,0.0));
#5160=DIRECTION('',(1.0,0.0,0.0));
#5161=DIRECTION('',(1.0,0.0,0.0));
#5162=DIRECTION('',(1.0,0.0,0.0));
#5163=DIRECTION('',(1.0,0.0,0.0));
#5164=DIRECTION('',(1.0,0.0,0.0));
#5165=DIRECTION('',(1.0,0.0,0.0));
#5166=DIRECTION('',(1.0,0.0,0.0));
#5167=DIRECTION('',(1.0,0.0,0.0));
#5168=DIRECTION('',(1.0,0.0,0.0));
#5169=DIRECTION('',(1.0,0.0,0.0));
#5170=DIRECTION('',(1.0,0.0,0.0));
#5171=DIRECTION('',(1.0,0.0,0.0));
#5172=DIRECTION('',(0.0,0.0,1.0));
#5173=DIRECTION('',(0.0,0.366245911978309,0.930518098673624));
#5174=DIRECTION('',(0.0,1.0,0.0));
#5175=DIRECTION('',(0.0,0.258819045102493,-0.965925826289076));
#5176=DIRECTION('',(0.0,1.0,0.0));
#5177=DIRECTION('',(0.0,0.258819045102493,0.965925826289076));
#5178=DIRECTION('',(0.0,1.0,0.0));
#5179=CARTESIAN_POINT('',(-4.2672,-1.3716,-12.4079));
#5180=DIRECTION('',(-1.0,0.0,0.0));
#5181=DIRECTION('',(0.0,-0.903507902905271,0.428571428571386));
#5182=DIRECTION('',(0.0,1.0,0.0));
#5183=CARTESIAN_POINT('',(-4.2672,-3.44481852568318,-12.4079));
#5184=DIRECTION('',(-1.0,0.0,0.0));
#5185=DIRECTION('',(0.0,-1.0,0.0));
#5186=DIRECTION('',(0.0,1.0,0.0));
#5187=DIRECTION('',(0.0,0.930518098673624,-0.366245911978309));
#5188=DIRECTION('',(0.0,0.0,-1.0));
#5189=DIRECTION('',(0.0,-0.930518098673624,-0.366245911978309));
#5190=DIRECTION('',(0.0,-1.0,0.0));
#5191=DIRECTION('',(0.0,0.0,-1.0));
#5192=DIRECTION('',(0.0,1.0,0.0));
#5193=DIRECTION('',(0.0,0.930518098673624,-0.366245911978309));
#5194=DIRECTION('',(0.0,0.0,-1.0));
#5195=DIRECTION('',(0.0,-0.930518098673624,-0.366245911978309));
#5196=DIRECTION('',(0.0,-1.0,0.0));
#5197=DIRECTION('',(0.0,0.0,-1.0));
#5198=DIRECTION('',(1.0,0.0,0.0));
#5199=DIRECTION('',(0.0,0.0,-1.0));
#5200=DIRECTION('',(0.0,-1.0,0.0));
#5201=DIRECTION('',(0.0,-0.930518098673624,-0.366245911978309));
#5202=DIRECTION('',(0.0,0.0,-1.0));
#5203=DIRECTION('',(0.0,0.930518098673624,-0.366245911978309));
#5204=DIRECTION('',(0.0,1.0,0.0));
#5205=DIRECTION('',(0.0,0.0,-1.0));
#5206=DIRECTION('',(0.0,-1.0,0.0));
#5207=DIRECTION('',(0.0,-0.930518098673624,-0.366245911978309));
#5208=DIRECTION('',(0.0,0.0,-1.0));
#5209=DIRECTION('',(0.0,0.930518098673624,-0.366245911978309));
#5210=DIRECTION('',(0.0,1.0,0.0));
#5211=CARTESIAN_POINT('',(-3.2512,-3.44481852568318,-12.4079));
#5212=DIRECTION('',(-1.0,0.0,0.0));
#5213=DIRECTION('',(0.0,-1.0,0.0));
#5214=DIRECTION('',(0.0,1.0,0.0));
#5215=CARTESIAN_POINT('',(-3.2512,-1.3716,-12.4079));
#5216=DIRECTION('',(-1.0,0.0,0.0));
#5217=DIRECTION('',(0.0,-0.903507902905271,0.428571428571386));
#5218=DIRECTION('',(0.0,1.0,0.0));
#5219=DIRECTION('',(0.0,0.258819045102493,0.965925826289076));
#5220=DIRECTION('',(0.0,1.0,0.0));
#5221=DIRECTION('',(0.0,0.258819045102493,-0.965925826289076));
#5222=DIRECTION('',(0.0,1.0,0.0));
#5223=DIRECTION('',(0.0,0.366245911978309,0.930518098673624));
#5224=DIRECTION('',(0.0,0.0,1.0));
#5225=DIRECTION('',(1.0,0.0,0.0));
#5226=DIRECTION('',(1.0,0.0,0.0));
#5227=DIRECTION('',(1.0,0.0,0.0));
#5228=DIRECTION('',(1.0,0.0,0.0));
#5229=DIRECTION('',(1.0,0.0,0.0));
#5230=DIRECTION('',(1.0,0.0,0.0));
#5231=DIRECTION('',(1.0,0.0,0.0));
#5232=DIRECTION('',(1.0,0.0,0.0));
#5233=DIRECTION('',(1.0,0.0,0.0));
#5234=DIRECTION('',(1.0,0.0,0.0));
#5235=DIRECTION('',(1.0,0.0,0.0));
#5236=DIRECTION('',(1.0,0.0,0.0));
#5237=DIRECTION('',(1.0,0.0,0.0));
#5238=DIRECTION('',(1.0,0.0,0.0));
#5239=DIRECTION('',(1.0,0.0,0.0));
#5240=DIRECTION('',(1.0,0.0,0.0));
#5241=DIRECTION('',(1.0,0.0,0.0));
#5242=DIRECTION('',(1.0,0.0,0.0));
#5243=DIRECTION('',(1.0,0.0,0.0));
#5244=DIRECTION('',(1.0,0.0,0.0));
#5245=DIRECTION('',(0.0,0.0,-1.0));
#5246=DIRECTION('',(0.0,0.0,1.0));
#5247=DIRECTION('',(0.0,0.0,-1.0));
#5248=DIRECTION('',(0.0,0.0,-1.0));
#5249=DIRECTION('',(0.0,0.0,-1.0));
#5250=DIRECTION('',(0.0,0.0,-1.0));
#5251=DIRECTION('',(0.0,0.0,-1.0));
#5252=DIRECTION('',(0.0,0.0,1.0));
#5253=DIRECTION('',(0.0,0.0,-1.0));
#5254=DIRECTION('',(0.0,0.0,1.0));
#5255=DIRECTION('',(-1.0,0.0,0.0));
#5256=DIRECTION('',(0.0,0.0,1.0));
#5257=DIRECTION('',(0.0,1.0,0.0));
#5258=DIRECTION('',(0.0,0.0,1.0));
#5259=DIRECTION('',(0.0,0.0,1.0));
#5260=DIRECTION('',(0.0,0.0,1.0));
#5261=DIRECTION('',(0.0197589875918503,0.0,-0.999804772147715));
#5262=DIRECTION('',(1.0,0.0,0.0));
#5263=DIRECTION('',(-0.0188290530633892,0.0,-0.999822717665855));
#5264=DIRECTION('',(-1.0,0.0,0.0));
#5265=DIRECTION('',(-0.0188290530633892,0.0,0.999822717665855));
#5266=DIRECTION('',(1.0,0.0,0.0));
#5267=DIRECTION('',(0.0669634516123931,0.0,0.997755429024646));
#5268=DIRECTION('',(0.0669634516123931,0.0,-0.997755429024646));
#5269=DIRECTION('',(1.0,0.0,0.0));
#5270=DIRECTION('',(-0.0188290530633892,0.0,-0.999822717665855));
#5271=DIRECTION('',(-1.0,0.0,0.0));
#5272=DIRECTION('',(-0.0188290530633892,0.0,0.999822717665855));
#5273=DIRECTION('',(1.0,0.0,0.0));
#5274=DIRECTION('',(0.0197589875918503,0.0,0.999804772147715));
#5275=DIRECTION('',(0.0,0.0,1.0));
#5276=DIRECTION('',(-0.0116534487453901,0.984740880883305,-0.173636386306301));
#5277=DIRECTION('',(-0.0669634516123931,0.0,-0.997755429024646));
#5278=DIRECTION('',(0.0518217252779984,-0.633331354886281,0.772143706642177));
#5279=DIRECTION('',(0.0669634516123931,0.0,0.997755429024646));
#5280=DIRECTION('',(1.0,0.0,0.0));
#5281=DIRECTION('',(-1.0,0.0,0.0));
#5282=DIRECTION('',(-0.0669634516123931,0.0,0.997755429024646));
#5283=DIRECTION('',(-0.0518217252779984,-0.633331354886281,0.772143706642177));
#5284=DIRECTION('',(0.0669634516123931,0.0,-0.997755429024646));
#5285=DIRECTION('',(0.0116534487453901,0.984740880883305,-0.173636386306301));
#5286=DIRECTION('',(1.0,0.0,0.0));
#5287=DIRECTION('',(1.0,0.0,0.0));
#5288=DIRECTION('',(1.0,0.0,0.0));
#5289=DIRECTION('',(0.0,-1.0,0.0));
#5290=DIRECTION('',(0.0,1.0,0.0));
#5291=DIRECTION('',(0.0,-1.0,0.0));
#5292=DIRECTION('',(1.0,0.0,0.0));
#5293=DIRECTION('',(0.0,1.0,0.0));
#5294=DIRECTION('',(0.0,1.0,0.0));
#5295=DIRECTION('',(1.0,0.0,0.0));
#5296=DIRECTION('',(0.0,1.0,0.0));
#5297=DIRECTION('',(0.0,1.0,0.0));
#5298=DIRECTION('',(-0.0188290530633892,0.0,0.999822717665855));
#5299=DIRECTION('',(-0.0188290530633892,0.0,0.999822717665855));
#5300=DIRECTION('',(0.0197589875918503,0.0,0.999804772147715));
#5301=DIRECTION('',(0.0197589875918503,0.0,-0.999804772147715));
#5302=DIRECTION('',(0.0188290530633892,0.0,0.999822717665855));
#5303=DIRECTION('',(0.0188290530633892,0.0,0.999822717665855));
#5304=DIRECTION('',(-0.0188290530633892,0.0,0.999822717665855));
#5305=DIRECTION('',(-0.0188290530633892,0.0,-0.999822717665855));
#5306=DIRECTION('',(0.0,1.0,0.0));
#5307=DIRECTION('',(0.0,1.0,0.0));
#5308=DIRECTION('',(-1.0,0.0,0.0));
#5309=DIRECTION('',(-0.0188290530633892,0.0,0.999822717665855));
#5310=DIRECTION('',(-0.0188290530633892,0.0,-0.999822717665855));
#5311=DIRECTION('',(0.0,1.0,0.0));
#5312=DIRECTION('',(-1.0,0.0,0.0));
#5313=DIRECTION('',(0.0,0.0,-1.0));
#5314=DIRECTION('',(-1.0,0.0,0.0));
#5315=DIRECTION('',(0.0,0.0,-1.0));
#5316=CARTESIAN_POINT('',(9.0043,-3.2258,0.2413));
#5317=DIRECTION('',(-1.0,0.0,0.0));
#5318=DIRECTION('',(0.0,-1.0,0.0));
#5319=DIRECTION('',(0.0,0.0,1.0));
#5320=DIRECTION('',(0.0,0.0,1.0));
#5321=CARTESIAN_POINT('',(9.0043,1.2192,0.2413));
#5322=DIRECTION('',(-1.0,0.0,0.0));
#5323=DIRECTION('',(0.0,-1.0,0.0));
#5324=DIRECTION('',(0.0,0.0,1.0));
#5325=DIRECTION('',(0.0,1.0,0.0));
#5326=DIRECTION('',(0.0,0.0,1.0));
#5327=DIRECTION('',(0.0,0.0,1.0));
#5328=DIRECTION('',(-1.0,0.0,0.0));
#5329=CARTESIAN_POINT('',(8.3693,-3.2258,0.2413));
#5330=DIRECTION('',(-1.0,0.0,0.0));
#5331=DIRECTION('',(0.0,-1.0,0.0));
#5332=DIRECTION('',(-1.0,0.0,0.0));
#5333=DIRECTION('',(0.0,0.0,-1.0));
#5334=DIRECTION('',(0.0,0.0,-1.0));
#5335=CARTESIAN_POINT('',(8.3693,1.2192,0.2413));
#5336=DIRECTION('',(-1.0,0.0,0.0));
#5337=DIRECTION('',(0.0,-1.0,0.0));
#5338=DIRECTION('',(0.0,0.0,1.0));
#5339=DIRECTION('',(-1.0,0.0,0.0));
#5340=DIRECTION('',(-1.0,0.0,0.0));
#5341=DIRECTION('',(0.0,0.0,-1.0));
#5342=DIRECTION('',(1.0,0.0,0.0));
#5343=CARTESIAN_POINT('',(-8.3693,1.2192,0.2413));
#5344=DIRECTION('',(-1.0,0.0,0.0));
#5345=DIRECTION('',(0.0,-1.0,0.0));
#5346=DIRECTION('',(1.0,0.0,0.0));
#5347=DIRECTION('',(0.0,0.0,1.0));
#5348=CARTESIAN_POINT('',(-8.3693,-3.2258,0.2413));
#5349=DIRECTION('',(-1.0,0.0,0.0));
#5350=DIRECTION('',(0.0,-1.0,0.0));
#5351=DIRECTION('',(0.0,0.0,-1.0));
#5352=DIRECTION('',(1.0,0.0,0.0));
#5353=DIRECTION('',(0.0,0.0,-1.0));
#5354=DIRECTION('',(0.0,0.0,-1.0));
#5355=DIRECTION('',(0.0,0.0,-1.0));
#5356=DIRECTION('',(0.0,0.0,-1.0));
#5357=DIRECTION('',(0.0,0.0,-1.0));
#5358=DIRECTION('',(0.0,0.0,-1.0));
ENDSEC;
END-ISO-10303-21;
