ISO-10303-21;
HEADER;
FILE_DESCRIPTION(('FreeCAD Model'),'2;1');
FILE_NAME('Open CASCADE Shape Model','2026-09-14T21:53:39',('FreeCAD'),(
    'FreeCAD'),'Open CASCADE STEP processor 7.8','FreeCAD','Unknown');
FILE_SCHEMA(('AUTOMOTIVE_DESIGN { 1 0 10303 214 1 1 1 1 }'));
ENDSEC;
DATA;
#1 = APPLICATION_PROTOCOL_DEFINITION('international standard',
  'automotive_design',2000,#2);
#2 = APPLICATION_CONTEXT(
  'core data for automotive mechanical design processes');
#3 = SHAPE_DEFINITION_REPRESENTATION(#4,#10);
#4 = PRODUCT_DEFINITION_SHAPE('','',#5);
#5 = PRODUCT_DEFINITION('design','',#6,#9);
#6 = PRODUCT_DEFINITION_FORMATION('','',#7);
#7 = PRODUCT('Open CASCADE STEP translator 7.8 1',
  'Open CASCADE STEP translator 7.8 1','',(#8));
#8 = PRODUCT_CONTEXT('',#2,'mechanical');
#9 = PRODUCT_DEFINITION_CONTEXT('part definition',#2,'design');
#10 = SHAPE_REPRESENTATION('',(#11,#15,#2749,#2965,#3181,#3397,#3613,
    #3829,#4045,#4261,#4477,#4693,#4909,#5125,#5341,#5557,#5773,#5989,
    #6205,#6421,#6637),#6853);
#11 = AXIS2_PLACEMENT_3D('',#12,#13,#14);
#12 = CARTESIAN_POINT('',(0.,0.,0.));
#13 = DIRECTION('',(0.,0.,1.));
#14 = DIRECTION('',(1.,0.,-0.));
#15 = MANIFOLD_SOLID_BREP('',#16);
#16 = CLOSED_SHELL('',(#17,#57,#88,#758,#782,#1445,#1457,#1479,#1496,
    #1513,#1525,#1547,#1564,#1581,#1593,#1615,#1632,#1649,#1661,#1683,
    #1700,#1717,#1729,#1751,#1768,#1785,#1797,#1819,#1836,#1853,#1865,
    #1887,#1904,#1921,#1933,#1955,#1972,#1989,#2001,#2023,#2040,#2057,
    #2069,#2091,#2108,#2125,#2137,#2159,#2176,#2193,#2205,#2227,#2244,
    #2261,#2273,#2295,#2312,#2329,#2341,#2363,#2380,#2397,#2409,#2431,
    #2448,#2465,#2477,#2499,#2516,#2533,#2545,#2567,#2584,#2601,#2613,
    #2635,#2652,#2669,#2681,#2703,#2720,#2737));
#17 = ADVANCED_FACE('',(#18),#52,.F.);
#18 = FACE_BOUND('',#19,.F.);
#19 = EDGE_LOOP('',(#20,#30,#38,#46));
#20 = ORIENTED_EDGE('',*,*,#21,.F.);
#21 = EDGE_CURVE('',#22,#24,#26,.T.);
#22 = VERTEX_POINT('',#23);
#23 = CARTESIAN_POINT('',(-6.35,-2.4892,1.27));
#24 = VERTEX_POINT('',#25);
#25 = CARTESIAN_POINT('',(-6.35,-2.4892,3.81));
#26 = LINE('',#27,#28);
#27 = CARTESIAN_POINT('',(-6.35,-2.4892,1.27));
#28 = VECTOR('',#29,1.);
#29 = DIRECTION('',(0.,0.,1.));
#30 = ORIENTED_EDGE('',*,*,#31,.T.);
#31 = EDGE_CURVE('',#22,#32,#34,.T.);
#32 = VERTEX_POINT('',#33);
#33 = CARTESIAN_POINT('',(-6.35,2.4892,1.27));
#34 = LINE('',#35,#36);
#35 = CARTESIAN_POINT('',(-6.35,-2.4892,1.27));
#36 = VECTOR('',#37,1.);
#37 = DIRECTION('',(-0.,1.,0.));
#38 = ORIENTED_EDGE('',*,*,#39,.T.);
#39 = EDGE_CURVE('',#32,#40,#42,.T.);
#40 = VERTEX_POINT('',#41);
#41 = CARTESIAN_POINT('',(-6.35,2.4892,3.81));
#42 = LINE('',#43,#44);
#43 = CARTESIAN_POINT('',(-6.35,2.4892,1.27));
#44 = VECTOR('',#45,1.);
#45 = DIRECTION('',(0.,0.,1.));
#46 = ORIENTED_EDGE('',*,*,#47,.F.);
#47 = EDGE_CURVE('',#24,#40,#48,.T.);
#48 = LINE('',#49,#50);
#49 = CARTESIAN_POINT('',(-6.35,-2.4892,3.81));
#50 = VECTOR('',#51,1.);
#51 = DIRECTION('',(-0.,1.,0.));
#52 = PLANE('',#53);
#53 = AXIS2_PLACEMENT_3D('',#54,#55,#56);
#54 = CARTESIAN_POINT('',(-6.35,-2.4892,1.27));
#55 = DIRECTION('',(1.,0.,-0.));
#56 = DIRECTION('',(0.,0.,1.));
#57 = ADVANCED_FACE('',(#58),#83,.F.);
#58 = FACE_BOUND('',#59,.F.);
#59 = EDGE_LOOP('',(#60,#68,#69,#77));
#60 = ORIENTED_EDGE('',*,*,#61,.F.);
#61 = EDGE_CURVE('',#22,#62,#64,.T.);
#62 = VERTEX_POINT('',#63);
#63 = CARTESIAN_POINT('',(6.35,-2.4892,1.27));
#64 = LINE('',#65,#66);
#65 = CARTESIAN_POINT('',(-6.35,-2.4892,1.27));
#66 = VECTOR('',#67,1.);
#67 = DIRECTION('',(1.,0.,-0.));
#68 = ORIENTED_EDGE('',*,*,#21,.T.);
#69 = ORIENTED_EDGE('',*,*,#70,.T.);
#70 = EDGE_CURVE('',#24,#71,#73,.T.);
#71 = VERTEX_POINT('',#72);
#72 = CARTESIAN_POINT('',(6.35,-2.4892,3.81));
#73 = LINE('',#74,#75);
#74 = CARTESIAN_POINT('',(-6.35,-2.4892,3.81));
#75 = VECTOR('',#76,1.);
#76 = DIRECTION('',(1.,0.,-0.));
#77 = ORIENTED_EDGE('',*,*,#78,.F.);
#78 = EDGE_CURVE('',#62,#71,#79,.T.);
#79 = LINE('',#80,#81);
#80 = CARTESIAN_POINT('',(6.35,-2.4892,1.27));
#81 = VECTOR('',#82,1.);
#82 = DIRECTION('',(0.,0.,1.));
#83 = PLANE('',#84);
#84 = AXIS2_PLACEMENT_3D('',#85,#86,#87);
#85 = CARTESIAN_POINT('',(-6.35,-2.4892,1.27));
#86 = DIRECTION('',(-0.,1.,0.));
#87 = DIRECTION('',(0.,0.,1.));
#88 = ADVANCED_FACE('',(#89,#107,#141,#175,#209,#243,#277,#311,#345,#379
    ,#413,#447,#481,#515,#549,#583,#617,#651,#685,#719),#753,.T.);
#89 = FACE_BOUND('',#90,.T.);
#90 = EDGE_LOOP('',(#91,#92,#93,#101));
#91 = ORIENTED_EDGE('',*,*,#47,.F.);
#92 = ORIENTED_EDGE('',*,*,#70,.T.);
#93 = ORIENTED_EDGE('',*,*,#94,.T.);
#94 = EDGE_CURVE('',#71,#95,#97,.T.);
#95 = VERTEX_POINT('',#96);
#96 = CARTESIAN_POINT('',(6.35,2.4892,3.81));
#97 = LINE('',#98,#99);
#98 = CARTESIAN_POINT('',(6.35,-2.4892,3.81));
#99 = VECTOR('',#100,1.);
#100 = DIRECTION('',(-0.,1.,0.));
#101 = ORIENTED_EDGE('',*,*,#102,.F.);
#102 = EDGE_CURVE('',#40,#95,#103,.T.);
#103 = LINE('',#104,#105);
#104 = CARTESIAN_POINT('',(-6.35,2.4892,3.81));
#105 = VECTOR('',#106,1.);
#106 = DIRECTION('',(1.,0.,-0.));
#107 = FACE_BOUND('',#108,.T.);
#108 = EDGE_LOOP('',(#109,#119,#127,#135));
#109 = ORIENTED_EDGE('',*,*,#110,.T.);
#110 = EDGE_CURVE('',#111,#113,#115,.T.);
#111 = VERTEX_POINT('',#112);
#112 = CARTESIAN_POINT('',(-5.4764,-1.5086,3.81));
#113 = VERTEX_POINT('',#114);
#114 = CARTESIAN_POINT('',(-5.9536,-1.5086,3.81));
#115 = LINE('',#116,#117);
#116 = CARTESIAN_POINT('',(-6.1518,-1.5086,3.81));
#117 = VECTOR('',#118,1.);
#118 = DIRECTION('',(-1.,-0.,0.));
#119 = ORIENTED_EDGE('',*,*,#120,.T.);
#120 = EDGE_CURVE('',#113,#121,#123,.T.);
#121 = VERTEX_POINT('',#122);
#122 = CARTESIAN_POINT('',(-5.9536,-1.0314,3.81));
#123 = LINE('',#124,#125);
#124 = CARTESIAN_POINT('',(-5.9536,-1.9989,3.81));
#125 = VECTOR('',#126,1.);
#126 = DIRECTION('',(-0.,1.,0.));
#127 = ORIENTED_EDGE('',*,*,#128,.F.);
#128 = EDGE_CURVE('',#129,#121,#131,.T.);
#129 = VERTEX_POINT('',#130);
#130 = CARTESIAN_POINT('',(-5.4764,-1.0314,3.81));
#131 = LINE('',#132,#133);
#132 = CARTESIAN_POINT('',(-6.1518,-1.0314,3.81));
#133 = VECTOR('',#134,1.);
#134 = DIRECTION('',(-1.,-0.,0.));
#135 = ORIENTED_EDGE('',*,*,#136,.F.);
#136 = EDGE_CURVE('',#111,#129,#137,.T.);
#137 = LINE('',#138,#139);
#138 = CARTESIAN_POINT('',(-5.4764,-1.9989,3.81));
#139 = VECTOR('',#140,1.);
#140 = DIRECTION('',(-0.,1.,0.));
#141 = FACE_BOUND('',#142,.T.);
#142 = EDGE_LOOP('',(#143,#153,#161,#169));
#143 = ORIENTED_EDGE('',*,*,#144,.T.);
#144 = EDGE_CURVE('',#145,#147,#149,.T.);
#145 = VERTEX_POINT('',#146);
#146 = CARTESIAN_POINT('',(-4.2064,-1.5086,3.81));
#147 = VERTEX_POINT('',#148);
#148 = CARTESIAN_POINT('',(-4.6836,-1.5086,3.81));
#149 = LINE('',#150,#151);
#150 = CARTESIAN_POINT('',(-5.5168,-1.5086,3.81));
#151 = VECTOR('',#152,1.);
#152 = DIRECTION('',(-1.,-0.,0.));
#153 = ORIENTED_EDGE('',*,*,#154,.T.);
#154 = EDGE_CURVE('',#147,#155,#157,.T.);
#155 = VERTEX_POINT('',#156);
#156 = CARTESIAN_POINT('',(-4.6836,-1.0314,3.81));
#157 = LINE('',#158,#159);
#158 = CARTESIAN_POINT('',(-4.6836,-1.9989,3.81));
#159 = VECTOR('',#160,1.);
#160 = DIRECTION('',(-0.,1.,0.));
#161 = ORIENTED_EDGE('',*,*,#162,.F.);
#162 = EDGE_CURVE('',#163,#155,#165,.T.);
#163 = VERTEX_POINT('',#164);
#164 = CARTESIAN_POINT('',(-4.2064,-1.0314,3.81));
#165 = LINE('',#166,#167);
#166 = CARTESIAN_POINT('',(-5.5168,-1.0314,3.81));
#167 = VECTOR('',#168,1.);
#168 = DIRECTION('',(-1.,-0.,0.));
#169 = ORIENTED_EDGE('',*,*,#170,.F.);
#170 = EDGE_CURVE('',#145,#163,#171,.T.);
#171 = LINE('',#172,#173);
#172 = CARTESIAN_POINT('',(-4.2064,-1.9989,3.81));
#173 = VECTOR('',#174,1.);
#174 = DIRECTION('',(-0.,1.,0.));
#175 = FACE_BOUND('',#176,.T.);
#176 = EDGE_LOOP('',(#177,#187,#195,#203));
#177 = ORIENTED_EDGE('',*,*,#178,.T.);
#178 = EDGE_CURVE('',#179,#181,#183,.T.);
#179 = VERTEX_POINT('',#180);
#180 = CARTESIAN_POINT('',(-2.9364,-1.5086,3.81));
#181 = VERTEX_POINT('',#182);
#182 = CARTESIAN_POINT('',(-3.4136,-1.5086,3.81));
#183 = LINE('',#184,#185);
#184 = CARTESIAN_POINT('',(-4.8818,-1.5086,3.81));
#185 = VECTOR('',#186,1.);
#186 = DIRECTION('',(-1.,-0.,0.));
#187 = ORIENTED_EDGE('',*,*,#188,.T.);
#188 = EDGE_CURVE('',#181,#189,#191,.T.);
#189 = VERTEX_POINT('',#190);
#190 = CARTESIAN_POINT('',(-3.4136,-1.0314,3.81));
#191 = LINE('',#192,#193);
#192 = CARTESIAN_POINT('',(-3.4136,-1.9989,3.81));
#193 = VECTOR('',#194,1.);
#194 = DIRECTION('',(-0.,1.,0.));
#195 = ORIENTED_EDGE('',*,*,#196,.F.);
#196 = EDGE_CURVE('',#197,#189,#199,.T.);
#197 = VERTEX_POINT('',#198);
#198 = CARTESIAN_POINT('',(-2.9364,-1.0314,3.81));
#199 = LINE('',#200,#201);
#200 = CARTESIAN_POINT('',(-4.8818,-1.0314,3.81));
#201 = VECTOR('',#202,1.);
#202 = DIRECTION('',(-1.,-0.,0.));
#203 = ORIENTED_EDGE('',*,*,#204,.F.);
#204 = EDGE_CURVE('',#179,#197,#205,.T.);
#205 = LINE('',#206,#207);
#206 = CARTESIAN_POINT('',(-2.9364,-1.9989,3.81));
#207 = VECTOR('',#208,1.);
#208 = DIRECTION('',(-0.,1.,0.));
#209 = FACE_BOUND('',#210,.T.);
#210 = EDGE_LOOP('',(#211,#221,#229,#237));
#211 = ORIENTED_EDGE('',*,*,#212,.T.);
#212 = EDGE_CURVE('',#213,#215,#217,.T.);
#213 = VERTEX_POINT('',#214);
#214 = CARTESIAN_POINT('',(-1.6664,-1.5086,3.81));
#215 = VERTEX_POINT('',#216);
#216 = CARTESIAN_POINT('',(-2.1436,-1.5086,3.81));
#217 = LINE('',#218,#219);
#218 = CARTESIAN_POINT('',(-4.2468,-1.5086,3.81));
#219 = VECTOR('',#220,1.);
#220 = DIRECTION('',(-1.,-0.,0.));
#221 = ORIENTED_EDGE('',*,*,#222,.T.);
#222 = EDGE_CURVE('',#215,#223,#225,.T.);
#223 = VERTEX_POINT('',#224);
#224 = CARTESIAN_POINT('',(-2.1436,-1.0314,3.81));
#225 = LINE('',#226,#227);
#226 = CARTESIAN_POINT('',(-2.1436,-1.9989,3.81));
#227 = VECTOR('',#228,1.);
#228 = DIRECTION('',(-0.,1.,0.));
#229 = ORIENTED_EDGE('',*,*,#230,.F.);
#230 = EDGE_CURVE('',#231,#223,#233,.T.);
#231 = VERTEX_POINT('',#232);
#232 = CARTESIAN_POINT('',(-1.6664,-1.0314,3.81));
#233 = LINE('',#234,#235);
#234 = CARTESIAN_POINT('',(-4.2468,-1.0314,3.81));
#235 = VECTOR('',#236,1.);
#236 = DIRECTION('',(-1.,-0.,0.));
#237 = ORIENTED_EDGE('',*,*,#238,.F.);
#238 = EDGE_CURVE('',#213,#231,#239,.T.);
#239 = LINE('',#240,#241);
#240 = CARTESIAN_POINT('',(-1.6664,-1.9989,3.81));
#241 = VECTOR('',#242,1.);
#242 = DIRECTION('',(-0.,1.,0.));
#243 = FACE_BOUND('',#244,.T.);
#244 = EDGE_LOOP('',(#245,#255,#263,#271));
#245 = ORIENTED_EDGE('',*,*,#246,.T.);
#246 = EDGE_CURVE('',#247,#249,#251,.T.);
#247 = VERTEX_POINT('',#248);
#248 = CARTESIAN_POINT('',(-0.3964,-1.5086,3.81));
#249 = VERTEX_POINT('',#250);
#250 = CARTESIAN_POINT('',(-0.8736,-1.5086,3.81));
#251 = LINE('',#252,#253);
#252 = CARTESIAN_POINT('',(-3.6118,-1.5086,3.81));
#253 = VECTOR('',#254,1.);
#254 = DIRECTION('',(-1.,-0.,0.));
#255 = ORIENTED_EDGE('',*,*,#256,.T.);
#256 = EDGE_CURVE('',#249,#257,#259,.T.);
#257 = VERTEX_POINT('',#258);
#258 = CARTESIAN_POINT('',(-0.8736,-1.0314,3.81));
#259 = LINE('',#260,#261);
#260 = CARTESIAN_POINT('',(-0.8736,-1.9989,3.81));
#261 = VECTOR('',#262,1.);
#262 = DIRECTION('',(-0.,1.,0.));
#263 = ORIENTED_EDGE('',*,*,#264,.F.);
#264 = EDGE_CURVE('',#265,#257,#267,.T.);
#265 = VERTEX_POINT('',#266);
#266 = CARTESIAN_POINT('',(-0.3964,-1.0314,3.81));
#267 = LINE('',#268,#269);
#268 = CARTESIAN_POINT('',(-3.6118,-1.0314,3.81));
#269 = VECTOR('',#270,1.);
#270 = DIRECTION('',(-1.,-0.,0.));
#271 = ORIENTED_EDGE('',*,*,#272,.F.);
#272 = EDGE_CURVE('',#247,#265,#273,.T.);
#273 = LINE('',#274,#275);
#274 = CARTESIAN_POINT('',(-0.3964,-1.9989,3.81));
#275 = VECTOR('',#276,1.);
#276 = DIRECTION('',(-0.,1.,0.));
#277 = FACE_BOUND('',#278,.T.);
#278 = EDGE_LOOP('',(#279,#289,#297,#305));
#279 = ORIENTED_EDGE('',*,*,#280,.T.);
#280 = EDGE_CURVE('',#281,#283,#285,.T.);
#281 = VERTEX_POINT('',#282);
#282 = CARTESIAN_POINT('',(0.8736,-1.5086,3.81));
#283 = VERTEX_POINT('',#284);
#284 = CARTESIAN_POINT('',(0.3964,-1.5086,3.81));
#285 = LINE('',#286,#287);
#286 = CARTESIAN_POINT('',(-2.9768,-1.5086,3.81));
#287 = VECTOR('',#288,1.);
#288 = DIRECTION('',(-1.,-0.,0.));
#289 = ORIENTED_EDGE('',*,*,#290,.T.);
#290 = EDGE_CURVE('',#283,#291,#293,.T.);
#291 = VERTEX_POINT('',#292);
#292 = CARTESIAN_POINT('',(0.3964,-1.0314,3.81));
#293 = LINE('',#294,#295);
#294 = CARTESIAN_POINT('',(0.3964,-1.9989,3.81));
#295 = VECTOR('',#296,1.);
#296 = DIRECTION('',(-0.,1.,0.));
#297 = ORIENTED_EDGE('',*,*,#298,.F.);
#298 = EDGE_CURVE('',#299,#291,#301,.T.);
#299 = VERTEX_POINT('',#300);
#300 = CARTESIAN_POINT('',(0.8736,-1.0314,3.81));
#301 = LINE('',#302,#303);
#302 = CARTESIAN_POINT('',(-2.9768,-1.0314,3.81));
#303 = VECTOR('',#304,1.);
#304 = DIRECTION('',(-1.,-0.,0.));
#305 = ORIENTED_EDGE('',*,*,#306,.F.);
#306 = EDGE_CURVE('',#281,#299,#307,.T.);
#307 = LINE('',#308,#309);
#308 = CARTESIAN_POINT('',(0.8736,-1.9989,3.81));
#309 = VECTOR('',#310,1.);
#310 = DIRECTION('',(-0.,1.,0.));
#311 = FACE_BOUND('',#312,.T.);
#312 = EDGE_LOOP('',(#313,#323,#331,#339));
#313 = ORIENTED_EDGE('',*,*,#314,.T.);
#314 = EDGE_CURVE('',#315,#317,#319,.T.);
#315 = VERTEX_POINT('',#316);
#316 = CARTESIAN_POINT('',(2.1436,-1.5086,3.81));
#317 = VERTEX_POINT('',#318);
#318 = CARTESIAN_POINT('',(1.6664,-1.5086,3.81));
#319 = LINE('',#320,#321);
#320 = CARTESIAN_POINT('',(-2.3418,-1.5086,3.81));
#321 = VECTOR('',#322,1.);
#322 = DIRECTION('',(-1.,-0.,0.));
#323 = ORIENTED_EDGE('',*,*,#324,.T.);
#324 = EDGE_CURVE('',#317,#325,#327,.T.);
#325 = VERTEX_POINT('',#326);
#326 = CARTESIAN_POINT('',(1.6664,-1.0314,3.81));
#327 = LINE('',#328,#329);
#328 = CARTESIAN_POINT('',(1.6664,-1.9989,3.81));
#329 = VECTOR('',#330,1.);
#330 = DIRECTION('',(-0.,1.,0.));
#331 = ORIENTED_EDGE('',*,*,#332,.F.);
#332 = EDGE_CURVE('',#333,#325,#335,.T.);
#333 = VERTEX_POINT('',#334);
#334 = CARTESIAN_POINT('',(2.1436,-1.0314,3.81));
#335 = LINE('',#336,#337);
#336 = CARTESIAN_POINT('',(-2.3418,-1.0314,3.81));
#337 = VECTOR('',#338,1.);
#338 = DIRECTION('',(-1.,-0.,0.));
#339 = ORIENTED_EDGE('',*,*,#340,.F.);
#340 = EDGE_CURVE('',#315,#333,#341,.T.);
#341 = LINE('',#342,#343);
#342 = CARTESIAN_POINT('',(2.1436,-1.9989,3.81));
#343 = VECTOR('',#344,1.);
#344 = DIRECTION('',(-0.,1.,0.));
#345 = FACE_BOUND('',#346,.T.);
#346 = EDGE_LOOP('',(#347,#357,#365,#373));
#347 = ORIENTED_EDGE('',*,*,#348,.T.);
#348 = EDGE_CURVE('',#349,#351,#353,.T.);
#349 = VERTEX_POINT('',#350);
#350 = CARTESIAN_POINT('',(3.4136,-1.5086,3.81));
#351 = VERTEX_POINT('',#352);
#352 = CARTESIAN_POINT('',(2.9364,-1.5086,3.81));
#353 = LINE('',#354,#355);
#354 = CARTESIAN_POINT('',(-1.7068,-1.5086,3.81));
#355 = VECTOR('',#356,1.);
#356 = DIRECTION('',(-1.,-0.,0.));
#357 = ORIENTED_EDGE('',*,*,#358,.T.);
#358 = EDGE_CURVE('',#351,#359,#361,.T.);
#359 = VERTEX_POINT('',#360);
#360 = CARTESIAN_POINT('',(2.9364,-1.0314,3.81));
#361 = LINE('',#362,#363);
#362 = CARTESIAN_POINT('',(2.9364,-1.9989,3.81));
#363 = VECTOR('',#364,1.);
#364 = DIRECTION('',(-0.,1.,0.));
#365 = ORIENTED_EDGE('',*,*,#366,.F.);
#366 = EDGE_CURVE('',#367,#359,#369,.T.);
#367 = VERTEX_POINT('',#368);
#368 = CARTESIAN_POINT('',(3.4136,-1.0314,3.81));
#369 = LINE('',#370,#371);
#370 = CARTESIAN_POINT('',(-1.7068,-1.0314,3.81));
#371 = VECTOR('',#372,1.);
#372 = DIRECTION('',(-1.,-0.,0.));
#373 = ORIENTED_EDGE('',*,*,#374,.F.);
#374 = EDGE_CURVE('',#349,#367,#375,.T.);
#375 = LINE('',#376,#377);
#376 = CARTESIAN_POINT('',(3.4136,-1.9989,3.81));
#377 = VECTOR('',#378,1.);
#378 = DIRECTION('',(-0.,1.,0.));
#379 = FACE_BOUND('',#380,.T.);
#380 = EDGE_LOOP('',(#381,#391,#399,#407));
#381 = ORIENTED_EDGE('',*,*,#382,.T.);
#382 = EDGE_CURVE('',#383,#385,#387,.T.);
#383 = VERTEX_POINT('',#384);
#384 = CARTESIAN_POINT('',(4.6836,-1.5086,3.81));
#385 = VERTEX_POINT('',#386);
#386 = CARTESIAN_POINT('',(4.2064,-1.5086,3.81));
#387 = LINE('',#388,#389);
#388 = CARTESIAN_POINT('',(-1.0718,-1.5086,3.81));
#389 = VECTOR('',#390,1.);
#390 = DIRECTION('',(-1.,-0.,0.));
#391 = ORIENTED_EDGE('',*,*,#392,.T.);
#392 = EDGE_CURVE('',#385,#393,#395,.T.);
#393 = VERTEX_POINT('',#394);
#394 = CARTESIAN_POINT('',(4.2064,-1.0314,3.81));
#395 = LINE('',#396,#397);
#396 = CARTESIAN_POINT('',(4.2064,-1.9989,3.81));
#397 = VECTOR('',#398,1.);
#398 = DIRECTION('',(-0.,1.,0.));
#399 = ORIENTED_EDGE('',*,*,#400,.F.);
#400 = EDGE_CURVE('',#401,#393,#403,.T.);
#401 = VERTEX_POINT('',#402);
#402 = CARTESIAN_POINT('',(4.6836,-1.0314,3.81));
#403 = LINE('',#404,#405);
#404 = CARTESIAN_POINT('',(-1.0718,-1.0314,3.81));
#405 = VECTOR('',#406,1.);
#406 = DIRECTION('',(-1.,-0.,0.));
#407 = ORIENTED_EDGE('',*,*,#408,.F.);
#408 = EDGE_CURVE('',#383,#401,#409,.T.);
#409 = LINE('',#410,#411);
#410 = CARTESIAN_POINT('',(4.6836,-1.9989,3.81));
#411 = VECTOR('',#412,1.);
#412 = DIRECTION('',(-0.,1.,0.));
#413 = FACE_BOUND('',#414,.T.);
#414 = EDGE_LOOP('',(#415,#425,#433,#441));
#415 = ORIENTED_EDGE('',*,*,#416,.T.);
#416 = EDGE_CURVE('',#417,#419,#421,.T.);
#417 = VERTEX_POINT('',#418);
#418 = CARTESIAN_POINT('',(5.9536,-1.5086,3.81));
#419 = VERTEX_POINT('',#420);
#420 = CARTESIAN_POINT('',(5.4764,-1.5086,3.81));
#421 = LINE('',#422,#423);
#422 = CARTESIAN_POINT('',(-0.4368,-1.5086,3.81));
#423 = VECTOR('',#424,1.);
#424 = DIRECTION('',(-1.,-0.,0.));
#425 = ORIENTED_EDGE('',*,*,#426,.T.);
#426 = EDGE_CURVE('',#419,#427,#429,.T.);
#427 = VERTEX_POINT('',#428);
#428 = CARTESIAN_POINT('',(5.4764,-1.0314,3.81));
#429 = LINE('',#430,#431);
#430 = CARTESIAN_POINT('',(5.4764,-1.9989,3.81));
#431 = VECTOR('',#432,1.);
#432 = DIRECTION('',(-0.,1.,0.));
#433 = ORIENTED_EDGE('',*,*,#434,.F.);
#434 = EDGE_CURVE('',#435,#427,#437,.T.);
#435 = VERTEX_POINT('',#436);
#436 = CARTESIAN_POINT('',(5.9536,-1.0314,3.81));
#437 = LINE('',#438,#439);
#438 = CARTESIAN_POINT('',(-0.4368,-1.0314,3.81));
#439 = VECTOR('',#440,1.);
#440 = DIRECTION('',(-1.,-0.,0.));
#441 = ORIENTED_EDGE('',*,*,#442,.F.);
#442 = EDGE_CURVE('',#417,#435,#443,.T.);
#443 = LINE('',#444,#445);
#444 = CARTESIAN_POINT('',(5.9536,-1.9989,3.81));
#445 = VECTOR('',#446,1.);
#446 = DIRECTION('',(-0.,1.,0.));
#447 = FACE_BOUND('',#448,.T.);
#448 = EDGE_LOOP('',(#449,#459,#467,#475));
#449 = ORIENTED_EDGE('',*,*,#450,.T.);
#450 = EDGE_CURVE('',#451,#453,#455,.T.);
#451 = VERTEX_POINT('',#452);
#452 = CARTESIAN_POINT('',(-5.4764,1.0314,3.81));
#453 = VERTEX_POINT('',#454);
#454 = CARTESIAN_POINT('',(-5.9536,1.0314,3.81));
#455 = LINE('',#456,#457);
#456 = CARTESIAN_POINT('',(-6.1518,1.0314,3.81));
#457 = VECTOR('',#458,1.);
#458 = DIRECTION('',(-1.,-0.,0.));
#459 = ORIENTED_EDGE('',*,*,#460,.T.);
#460 = EDGE_CURVE('',#453,#461,#463,.T.);
#461 = VERTEX_POINT('',#462);
#462 = CARTESIAN_POINT('',(-5.9536,1.5086,3.81));
#463 = LINE('',#464,#465);
#464 = CARTESIAN_POINT('',(-5.9536,-0.7289,3.81));
#465 = VECTOR('',#466,1.);
#466 = DIRECTION('',(-0.,1.,0.));
#467 = ORIENTED_EDGE('',*,*,#468,.F.);
#468 = EDGE_CURVE('',#469,#461,#471,.T.);
#469 = VERTEX_POINT('',#470);
#470 = CARTESIAN_POINT('',(-5.4764,1.5086,3.81));
#471 = LINE('',#472,#473);
#472 = CARTESIAN_POINT('',(-6.1518,1.5086,3.81));
#473 = VECTOR('',#474,1.);
#474 = DIRECTION('',(-1.,-0.,0.));
#475 = ORIENTED_EDGE('',*,*,#476,.F.);
#476 = EDGE_CURVE('',#451,#469,#477,.T.);
#477 = LINE('',#478,#479);
#478 = CARTESIAN_POINT('',(-5.4764,-0.7289,3.81));
#479 = VECTOR('',#480,1.);
#480 = DIRECTION('',(-0.,1.,0.));
#481 = FACE_BOUND('',#482,.T.);
#482 = EDGE_LOOP('',(#483,#493,#501,#509));
#483 = ORIENTED_EDGE('',*,*,#484,.T.);
#484 = EDGE_CURVE('',#485,#487,#489,.T.);
#485 = VERTEX_POINT('',#486);
#486 = CARTESIAN_POINT('',(-4.2064,1.0314,3.81));
#487 = VERTEX_POINT('',#488);
#488 = CARTESIAN_POINT('',(-4.6836,1.0314,3.81));
#489 = LINE('',#490,#491);
#490 = CARTESIAN_POINT('',(-5.5168,1.0314,3.81));
#491 = VECTOR('',#492,1.);
#492 = DIRECTION('',(-1.,-0.,0.));
#493 = ORIENTED_EDGE('',*,*,#494,.T.);
#494 = EDGE_CURVE('',#487,#495,#497,.T.);
#495 = VERTEX_POINT('',#496);
#496 = CARTESIAN_POINT('',(-4.6836,1.5086,3.81));
#497 = LINE('',#498,#499);
#498 = CARTESIAN_POINT('',(-4.6836,-0.7289,3.81));
#499 = VECTOR('',#500,1.);
#500 = DIRECTION('',(-0.,1.,0.));
#501 = ORIENTED_EDGE('',*,*,#502,.F.);
#502 = EDGE_CURVE('',#503,#495,#505,.T.);
#503 = VERTEX_POINT('',#504);
#504 = CARTESIAN_POINT('',(-4.2064,1.5086,3.81));
#505 = LINE('',#506,#507);
#506 = CARTESIAN_POINT('',(-5.5168,1.5086,3.81));
#507 = VECTOR('',#508,1.);
#508 = DIRECTION('',(-1.,-0.,0.));
#509 = ORIENTED_EDGE('',*,*,#510,.F.);
#510 = EDGE_CURVE('',#485,#503,#511,.T.);
#511 = LINE('',#512,#513);
#512 = CARTESIAN_POINT('',(-4.2064,-0.7289,3.81));
#513 = VECTOR('',#514,1.);
#514 = DIRECTION('',(-0.,1.,0.));
#515 = FACE_BOUND('',#516,.T.);
#516 = EDGE_LOOP('',(#517,#527,#535,#543));
#517 = ORIENTED_EDGE('',*,*,#518,.T.);
#518 = EDGE_CURVE('',#519,#521,#523,.T.);
#519 = VERTEX_POINT('',#520);
#520 = CARTESIAN_POINT('',(-1.6664,1.0314,3.81));
#521 = VERTEX_POINT('',#522);
#522 = CARTESIAN_POINT('',(-2.1436,1.0314,3.81));
#523 = LINE('',#524,#525);
#524 = CARTESIAN_POINT('',(-4.2468,1.0314,3.81));
#525 = VECTOR('',#526,1.);
#526 = DIRECTION('',(-1.,-0.,0.));
#527 = ORIENTED_EDGE('',*,*,#528,.T.);
#528 = EDGE_CURVE('',#521,#529,#531,.T.);
#529 = VERTEX_POINT('',#530);
#530 = CARTESIAN_POINT('',(-2.1436,1.5086,3.81));
#531 = LINE('',#532,#533);
#532 = CARTESIAN_POINT('',(-2.1436,-0.7289,3.81));
#533 = VECTOR('',#534,1.);
#534 = DIRECTION('',(-0.,1.,0.));
#535 = ORIENTED_EDGE('',*,*,#536,.F.);
#536 = EDGE_CURVE('',#537,#529,#539,.T.);
#537 = VERTEX_POINT('',#538);
#538 = CARTESIAN_POINT('',(-1.6664,1.5086,3.81));
#539 = LINE('',#540,#541);
#540 = CARTESIAN_POINT('',(-4.2468,1.5086,3.81));
#541 = VECTOR('',#542,1.);
#542 = DIRECTION('',(-1.,-0.,0.));
#543 = ORIENTED_EDGE('',*,*,#544,.F.);
#544 = EDGE_CURVE('',#519,#537,#545,.T.);
#545 = LINE('',#546,#547);
#546 = CARTESIAN_POINT('',(-1.6664,-0.7289,3.81));
#547 = VECTOR('',#548,1.);
#548 = DIRECTION('',(-0.,1.,0.));
#549 = FACE_BOUND('',#550,.T.);
#550 = EDGE_LOOP('',(#551,#561,#569,#577));
#551 = ORIENTED_EDGE('',*,*,#552,.T.);
#552 = EDGE_CURVE('',#553,#555,#557,.T.);
#553 = VERTEX_POINT('',#554);
#554 = CARTESIAN_POINT('',(-0.3964,1.0314,3.81));
#555 = VERTEX_POINT('',#556);
#556 = CARTESIAN_POINT('',(-0.8736,1.0314,3.81));
#557 = LINE('',#558,#559);
#558 = CARTESIAN_POINT('',(-3.6118,1.0314,3.81));
#559 = VECTOR('',#560,1.);
#560 = DIRECTION('',(-1.,-0.,0.));
#561 = ORIENTED_EDGE('',*,*,#562,.T.);
#562 = EDGE_CURVE('',#555,#563,#565,.T.);
#563 = VERTEX_POINT('',#564);
#564 = CARTESIAN_POINT('',(-0.8736,1.5086,3.81));
#565 = LINE('',#566,#567);
#566 = CARTESIAN_POINT('',(-0.8736,-0.7289,3.81));
#567 = VECTOR('',#568,1.);
#568 = DIRECTION('',(-0.,1.,0.));
#569 = ORIENTED_EDGE('',*,*,#570,.F.);
#570 = EDGE_CURVE('',#571,#563,#573,.T.);
#571 = VERTEX_POINT('',#572);
#572 = CARTESIAN_POINT('',(-0.3964,1.5086,3.81));
#573 = LINE('',#574,#575);
#574 = CARTESIAN_POINT('',(-3.6118,1.5086,3.81));
#575 = VECTOR('',#576,1.);
#576 = DIRECTION('',(-1.,-0.,0.));
#577 = ORIENTED_EDGE('',*,*,#578,.F.);
#578 = EDGE_CURVE('',#553,#571,#579,.T.);
#579 = LINE('',#580,#581);
#580 = CARTESIAN_POINT('',(-0.3964,-0.7289,3.81));
#581 = VECTOR('',#582,1.);
#582 = DIRECTION('',(-0.,1.,0.));
#583 = FACE_BOUND('',#584,.T.);
#584 = EDGE_LOOP('',(#585,#595,#603,#611));
#585 = ORIENTED_EDGE('',*,*,#586,.T.);
#586 = EDGE_CURVE('',#587,#589,#591,.T.);
#587 = VERTEX_POINT('',#588);
#588 = CARTESIAN_POINT('',(0.8736,1.0314,3.81));
#589 = VERTEX_POINT('',#590);
#590 = CARTESIAN_POINT('',(0.3964,1.0314,3.81));
#591 = LINE('',#592,#593);
#592 = CARTESIAN_POINT('',(-2.9768,1.0314,3.81));
#593 = VECTOR('',#594,1.);
#594 = DIRECTION('',(-1.,-0.,0.));
#595 = ORIENTED_EDGE('',*,*,#596,.T.);
#596 = EDGE_CURVE('',#589,#597,#599,.T.);
#597 = VERTEX_POINT('',#598);
#598 = CARTESIAN_POINT('',(0.3964,1.5086,3.81));
#599 = LINE('',#600,#601);
#600 = CARTESIAN_POINT('',(0.3964,-0.7289,3.81));
#601 = VECTOR('',#602,1.);
#602 = DIRECTION('',(-0.,1.,0.));
#603 = ORIENTED_EDGE('',*,*,#604,.F.);
#604 = EDGE_CURVE('',#605,#597,#607,.T.);
#605 = VERTEX_POINT('',#606);
#606 = CARTESIAN_POINT('',(0.8736,1.5086,3.81));
#607 = LINE('',#608,#609);
#608 = CARTESIAN_POINT('',(-2.9768,1.5086,3.81));
#609 = VECTOR('',#610,1.);
#610 = DIRECTION('',(-1.,-0.,0.));
#611 = ORIENTED_EDGE('',*,*,#612,.F.);
#612 = EDGE_CURVE('',#587,#605,#613,.T.);
#613 = LINE('',#614,#615);
#614 = CARTESIAN_POINT('',(0.8736,-0.7289,3.81));
#615 = VECTOR('',#616,1.);
#616 = DIRECTION('',(-0.,1.,0.));
#617 = FACE_BOUND('',#618,.T.);
#618 = EDGE_LOOP('',(#619,#629,#637,#645));
#619 = ORIENTED_EDGE('',*,*,#620,.T.);
#620 = EDGE_CURVE('',#621,#623,#625,.T.);
#621 = VERTEX_POINT('',#622);
#622 = CARTESIAN_POINT('',(2.1436,1.0314,3.81));
#623 = VERTEX_POINT('',#624);
#624 = CARTESIAN_POINT('',(1.6664,1.0314,3.81));
#625 = LINE('',#626,#627);
#626 = CARTESIAN_POINT('',(-2.3418,1.0314,3.81));
#627 = VECTOR('',#628,1.);
#628 = DIRECTION('',(-1.,-0.,0.));
#629 = ORIENTED_EDGE('',*,*,#630,.T.);
#630 = EDGE_CURVE('',#623,#631,#633,.T.);
#631 = VERTEX_POINT('',#632);
#632 = CARTESIAN_POINT('',(1.6664,1.5086,3.81));
#633 = LINE('',#634,#635);
#634 = CARTESIAN_POINT('',(1.6664,-0.7289,3.81));
#635 = VECTOR('',#636,1.);
#636 = DIRECTION('',(-0.,1.,0.));
#637 = ORIENTED_EDGE('',*,*,#638,.F.);
#638 = EDGE_CURVE('',#639,#631,#641,.T.);
#639 = VERTEX_POINT('',#640);
#640 = CARTESIAN_POINT('',(2.1436,1.5086,3.81));
#641 = LINE('',#642,#643);
#642 = CARTESIAN_POINT('',(-2.3418,1.5086,3.81));
#643 = VECTOR('',#644,1.);
#644 = DIRECTION('',(-1.,-0.,0.));
#645 = ORIENTED_EDGE('',*,*,#646,.F.);
#646 = EDGE_CURVE('',#621,#639,#647,.T.);
#647 = LINE('',#648,#649);
#648 = CARTESIAN_POINT('',(2.1436,-0.7289,3.81));
#649 = VECTOR('',#650,1.);
#650 = DIRECTION('',(-0.,1.,0.));
#651 = FACE_BOUND('',#652,.T.);
#652 = EDGE_LOOP('',(#653,#663,#671,#679));
#653 = ORIENTED_EDGE('',*,*,#654,.T.);
#654 = EDGE_CURVE('',#655,#657,#659,.T.);
#655 = VERTEX_POINT('',#656);
#656 = CARTESIAN_POINT('',(3.4136,1.0314,3.81));
#657 = VERTEX_POINT('',#658);
#658 = CARTESIAN_POINT('',(2.9364,1.0314,3.81));
#659 = LINE('',#660,#661);
#660 = CARTESIAN_POINT('',(-1.7068,1.0314,3.81));
#661 = VECTOR('',#662,1.);
#662 = DIRECTION('',(-1.,-0.,0.));
#663 = ORIENTED_EDGE('',*,*,#664,.T.);
#664 = EDGE_CURVE('',#657,#665,#667,.T.);
#665 = VERTEX_POINT('',#666);
#666 = CARTESIAN_POINT('',(2.9364,1.5086,3.81));
#667 = LINE('',#668,#669);
#668 = CARTESIAN_POINT('',(2.9364,-0.7289,3.81));
#669 = VECTOR('',#670,1.);
#670 = DIRECTION('',(-0.,1.,0.));
#671 = ORIENTED_EDGE('',*,*,#672,.F.);
#672 = EDGE_CURVE('',#673,#665,#675,.T.);
#673 = VERTEX_POINT('',#674);
#674 = CARTESIAN_POINT('',(3.4136,1.5086,3.81));
#675 = LINE('',#676,#677);
#676 = CARTESIAN_POINT('',(-1.7068,1.5086,3.81));
#677 = VECTOR('',#678,1.);
#678 = DIRECTION('',(-1.,-0.,0.));
#679 = ORIENTED_EDGE('',*,*,#680,.F.);
#680 = EDGE_CURVE('',#655,#673,#681,.T.);
#681 = LINE('',#682,#683);
#682 = CARTESIAN_POINT('',(3.4136,-0.7289,3.81));
#683 = VECTOR('',#684,1.);
#684 = DIRECTION('',(-0.,1.,0.));
#685 = FACE_BOUND('',#686,.T.);
#686 = EDGE_LOOP('',(#687,#697,#705,#713));
#687 = ORIENTED_EDGE('',*,*,#688,.T.);
#688 = EDGE_CURVE('',#689,#691,#693,.T.);
#689 = VERTEX_POINT('',#690);
#690 = CARTESIAN_POINT('',(4.6836,1.0314,3.81));
#691 = VERTEX_POINT('',#692);
#692 = CARTESIAN_POINT('',(4.2064,1.0314,3.81));
#693 = LINE('',#694,#695);
#694 = CARTESIAN_POINT('',(-1.0718,1.0314,3.81));
#695 = VECTOR('',#696,1.);
#696 = DIRECTION('',(-1.,-0.,0.));
#697 = ORIENTED_EDGE('',*,*,#698,.T.);
#698 = EDGE_CURVE('',#691,#699,#701,.T.);
#699 = VERTEX_POINT('',#700);
#700 = CARTESIAN_POINT('',(4.2064,1.5086,3.81));
#701 = LINE('',#702,#703);
#702 = CARTESIAN_POINT('',(4.2064,-0.7289,3.81));
#703 = VECTOR('',#704,1.);
#704 = DIRECTION('',(-0.,1.,0.));
#705 = ORIENTED_EDGE('',*,*,#706,.F.);
#706 = EDGE_CURVE('',#707,#699,#709,.T.);
#707 = VERTEX_POINT('',#708);
#708 = CARTESIAN_POINT('',(4.6836,1.5086,3.81));
#709 = LINE('',#710,#711);
#710 = CARTESIAN_POINT('',(-1.0718,1.5086,3.81));
#711 = VECTOR('',#712,1.);
#712 = DIRECTION('',(-1.,-0.,0.));
#713 = ORIENTED_EDGE('',*,*,#714,.F.);
#714 = EDGE_CURVE('',#689,#707,#715,.T.);
#715 = LINE('',#716,#717);
#716 = CARTESIAN_POINT('',(4.6836,-0.7289,3.81));
#717 = VECTOR('',#718,1.);
#718 = DIRECTION('',(-0.,1.,0.));
#719 = FACE_BOUND('',#720,.T.);
#720 = EDGE_LOOP('',(#721,#731,#739,#747));
#721 = ORIENTED_EDGE('',*,*,#722,.T.);
#722 = EDGE_CURVE('',#723,#725,#727,.T.);
#723 = VERTEX_POINT('',#724);
#724 = CARTESIAN_POINT('',(5.9536,1.0314,3.81));
#725 = VERTEX_POINT('',#726);
#726 = CARTESIAN_POINT('',(5.4764,1.0314,3.81));
#727 = LINE('',#728,#729);
#728 = CARTESIAN_POINT('',(-0.4368,1.0314,3.81));
#729 = VECTOR('',#730,1.);
#730 = DIRECTION('',(-1.,-0.,0.));
#731 = ORIENTED_EDGE('',*,*,#732,.T.);
#732 = EDGE_CURVE('',#725,#733,#735,.T.);
#733 = VERTEX_POINT('',#734);
#734 = CARTESIAN_POINT('',(5.4764,1.5086,3.81));
#735 = LINE('',#736,#737);
#736 = CARTESIAN_POINT('',(5.4764,-0.7289,3.81));
#737 = VECTOR('',#738,1.);
#738 = DIRECTION('',(-0.,1.,0.));
#739 = ORIENTED_EDGE('',*,*,#740,.F.);
#740 = EDGE_CURVE('',#741,#733,#743,.T.);
#741 = VERTEX_POINT('',#742);
#742 = CARTESIAN_POINT('',(5.9536,1.5086,3.81));
#743 = LINE('',#744,#745);
#744 = CARTESIAN_POINT('',(-0.4368,1.5086,3.81));
#745 = VECTOR('',#746,1.);
#746 = DIRECTION('',(-1.,-0.,0.));
#747 = ORIENTED_EDGE('',*,*,#748,.F.);
#748 = EDGE_CURVE('',#723,#741,#749,.T.);
#749 = LINE('',#750,#751);
#750 = CARTESIAN_POINT('',(5.9536,-0.7289,3.81));
#751 = VECTOR('',#752,1.);
#752 = DIRECTION('',(-0.,1.,0.));
#753 = PLANE('',#754);
#754 = AXIS2_PLACEMENT_3D('',#755,#756,#757);
#755 = CARTESIAN_POINT('',(-6.35,-2.4892,3.81));
#756 = DIRECTION('',(0.,0.,1.));
#757 = DIRECTION('',(1.,0.,-0.));
#758 = ADVANCED_FACE('',(#759),#777,.T.);
#759 = FACE_BOUND('',#760,.T.);
#760 = EDGE_LOOP('',(#761,#769,#770,#771));
#761 = ORIENTED_EDGE('',*,*,#762,.F.);
#762 = EDGE_CURVE('',#32,#763,#765,.T.);
#763 = VERTEX_POINT('',#764);
#764 = CARTESIAN_POINT('',(6.35,2.4892,1.27));
#765 = LINE('',#766,#767);
#766 = CARTESIAN_POINT('',(-6.35,2.4892,1.27));
#767 = VECTOR('',#768,1.);
#768 = DIRECTION('',(1.,0.,-0.));
#769 = ORIENTED_EDGE('',*,*,#39,.T.);
#770 = ORIENTED_EDGE('',*,*,#102,.T.);
#771 = ORIENTED_EDGE('',*,*,#772,.F.);
#772 = EDGE_CURVE('',#763,#95,#773,.T.);
#773 = LINE('',#774,#775);
#774 = CARTESIAN_POINT('',(6.35,2.4892,1.27));
#775 = VECTOR('',#776,1.);
#776 = DIRECTION('',(0.,0.,1.));
#777 = PLANE('',#778);
#778 = AXIS2_PLACEMENT_3D('',#779,#780,#781);
#779 = CARTESIAN_POINT('',(-6.35,2.4892,1.27));
#780 = DIRECTION('',(-0.,1.,0.));
#781 = DIRECTION('',(0.,0.,1.));
#782 = ADVANCED_FACE('',(#783,#794,#828,#862,#896,#930,#964,#998,#1032,
    #1066,#1100,#1134,#1168,#1202,#1236,#1270,#1304,#1338,#1372,#1406),
  #1440,.F.);
#783 = FACE_BOUND('',#784,.F.);
#784 = EDGE_LOOP('',(#785,#786,#787,#793));
#785 = ORIENTED_EDGE('',*,*,#31,.F.);
#786 = ORIENTED_EDGE('',*,*,#61,.T.);
#787 = ORIENTED_EDGE('',*,*,#788,.T.);
#788 = EDGE_CURVE('',#62,#763,#789,.T.);
#789 = LINE('',#790,#791);
#790 = CARTESIAN_POINT('',(6.35,-2.4892,1.27));
#791 = VECTOR('',#792,1.);
#792 = DIRECTION('',(-0.,1.,0.));
#793 = ORIENTED_EDGE('',*,*,#762,.F.);
#794 = FACE_BOUND('',#795,.F.);
#795 = EDGE_LOOP('',(#796,#806,#814,#822));
#796 = ORIENTED_EDGE('',*,*,#797,.T.);
#797 = EDGE_CURVE('',#798,#800,#802,.T.);
#798 = VERTEX_POINT('',#799);
#799 = CARTESIAN_POINT('',(-5.4764,-1.5086,1.27));
#800 = VERTEX_POINT('',#801);
#801 = CARTESIAN_POINT('',(-5.9536,-1.5086,1.27));
#802 = LINE('',#803,#804);
#803 = CARTESIAN_POINT('',(-6.1518,-1.5086,1.27));
#804 = VECTOR('',#805,1.);
#805 = DIRECTION('',(-1.,-0.,0.));
#806 = ORIENTED_EDGE('',*,*,#807,.T.);
#807 = EDGE_CURVE('',#800,#808,#810,.T.);
#808 = VERTEX_POINT('',#809);
#809 = CARTESIAN_POINT('',(-5.9536,-1.0314,1.27));
#810 = LINE('',#811,#812);
#811 = CARTESIAN_POINT('',(-5.9536,-1.9989,1.27));
#812 = VECTOR('',#813,1.);
#813 = DIRECTION('',(-0.,1.,0.));
#814 = ORIENTED_EDGE('',*,*,#815,.F.);
#815 = EDGE_CURVE('',#816,#808,#818,.T.);
#816 = VERTEX_POINT('',#817);
#817 = CARTESIAN_POINT('',(-5.4764,-1.0314,1.27));
#818 = LINE('',#819,#820);
#819 = CARTESIAN_POINT('',(-6.1518,-1.0314,1.27));
#820 = VECTOR('',#821,1.);
#821 = DIRECTION('',(-1.,-0.,0.));
#822 = ORIENTED_EDGE('',*,*,#823,.F.);
#823 = EDGE_CURVE('',#798,#816,#824,.T.);
#824 = LINE('',#825,#826);
#825 = CARTESIAN_POINT('',(-5.4764,-1.9989,1.27));
#826 = VECTOR('',#827,1.);
#827 = DIRECTION('',(-0.,1.,0.));
#828 = FACE_BOUND('',#829,.F.);
#829 = EDGE_LOOP('',(#830,#840,#848,#856));
#830 = ORIENTED_EDGE('',*,*,#831,.T.);
#831 = EDGE_CURVE('',#832,#834,#836,.T.);
#832 = VERTEX_POINT('',#833);
#833 = CARTESIAN_POINT('',(-4.2064,-1.5086,1.27));
#834 = VERTEX_POINT('',#835);
#835 = CARTESIAN_POINT('',(-4.6836,-1.5086,1.27));
#836 = LINE('',#837,#838);
#837 = CARTESIAN_POINT('',(-5.5168,-1.5086,1.27));
#838 = VECTOR('',#839,1.);
#839 = DIRECTION('',(-1.,-0.,0.));
#840 = ORIENTED_EDGE('',*,*,#841,.T.);
#841 = EDGE_CURVE('',#834,#842,#844,.T.);
#842 = VERTEX_POINT('',#843);
#843 = CARTESIAN_POINT('',(-4.6836,-1.0314,1.27));
#844 = LINE('',#845,#846);
#845 = CARTESIAN_POINT('',(-4.6836,-1.9989,1.27));
#846 = VECTOR('',#847,1.);
#847 = DIRECTION('',(-0.,1.,0.));
#848 = ORIENTED_EDGE('',*,*,#849,.F.);
#849 = EDGE_CURVE('',#850,#842,#852,.T.);
#850 = VERTEX_POINT('',#851);
#851 = CARTESIAN_POINT('',(-4.2064,-1.0314,1.27));
#852 = LINE('',#853,#854);
#853 = CARTESIAN_POINT('',(-5.5168,-1.0314,1.27));
#854 = VECTOR('',#855,1.);
#855 = DIRECTION('',(-1.,-0.,0.));
#856 = ORIENTED_EDGE('',*,*,#857,.F.);
#857 = EDGE_CURVE('',#832,#850,#858,.T.);
#858 = LINE('',#859,#860);
#859 = CARTESIAN_POINT('',(-4.2064,-1.9989,1.27));
#860 = VECTOR('',#861,1.);
#861 = DIRECTION('',(-0.,1.,0.));
#862 = FACE_BOUND('',#863,.F.);
#863 = EDGE_LOOP('',(#864,#874,#882,#890));
#864 = ORIENTED_EDGE('',*,*,#865,.T.);
#865 = EDGE_CURVE('',#866,#868,#870,.T.);
#866 = VERTEX_POINT('',#867);
#867 = CARTESIAN_POINT('',(-2.9364,-1.5086,1.27));
#868 = VERTEX_POINT('',#869);
#869 = CARTESIAN_POINT('',(-3.4136,-1.5086,1.27));
#870 = LINE('',#871,#872);
#871 = CARTESIAN_POINT('',(-4.8818,-1.5086,1.27));
#872 = VECTOR('',#873,1.);
#873 = DIRECTION('',(-1.,-0.,0.));
#874 = ORIENTED_EDGE('',*,*,#875,.T.);
#875 = EDGE_CURVE('',#868,#876,#878,.T.);
#876 = VERTEX_POINT('',#877);
#877 = CARTESIAN_POINT('',(-3.4136,-1.0314,1.27));
#878 = LINE('',#879,#880);
#879 = CARTESIAN_POINT('',(-3.4136,-1.9989,1.27));
#880 = VECTOR('',#881,1.);
#881 = DIRECTION('',(-0.,1.,0.));
#882 = ORIENTED_EDGE('',*,*,#883,.F.);
#883 = EDGE_CURVE('',#884,#876,#886,.T.);
#884 = VERTEX_POINT('',#885);
#885 = CARTESIAN_POINT('',(-2.9364,-1.0314,1.27));
#886 = LINE('',#887,#888);
#887 = CARTESIAN_POINT('',(-4.8818,-1.0314,1.27));
#888 = VECTOR('',#889,1.);
#889 = DIRECTION('',(-1.,-0.,0.));
#890 = ORIENTED_EDGE('',*,*,#891,.F.);
#891 = EDGE_CURVE('',#866,#884,#892,.T.);
#892 = LINE('',#893,#894);
#893 = CARTESIAN_POINT('',(-2.9364,-1.9989,1.27));
#894 = VECTOR('',#895,1.);
#895 = DIRECTION('',(-0.,1.,0.));
#896 = FACE_BOUND('',#897,.F.);
#897 = EDGE_LOOP('',(#898,#908,#916,#924));
#898 = ORIENTED_EDGE('',*,*,#899,.T.);
#899 = EDGE_CURVE('',#900,#902,#904,.T.);
#900 = VERTEX_POINT('',#901);
#901 = CARTESIAN_POINT('',(-1.6664,-1.5086,1.27));
#902 = VERTEX_POINT('',#903);
#903 = CARTESIAN_POINT('',(-2.1436,-1.5086,1.27));
#904 = LINE('',#905,#906);
#905 = CARTESIAN_POINT('',(-4.2468,-1.5086,1.27));
#906 = VECTOR('',#907,1.);
#907 = DIRECTION('',(-1.,-0.,0.));
#908 = ORIENTED_EDGE('',*,*,#909,.T.);
#909 = EDGE_CURVE('',#902,#910,#912,.T.);
#910 = VERTEX_POINT('',#911);
#911 = CARTESIAN_POINT('',(-2.1436,-1.0314,1.27));
#912 = LINE('',#913,#914);
#913 = CARTESIAN_POINT('',(-2.1436,-1.9989,1.27));
#914 = VECTOR('',#915,1.);
#915 = DIRECTION('',(-0.,1.,0.));
#916 = ORIENTED_EDGE('',*,*,#917,.F.);
#917 = EDGE_CURVE('',#918,#910,#920,.T.);
#918 = VERTEX_POINT('',#919);
#919 = CARTESIAN_POINT('',(-1.6664,-1.0314,1.27));
#920 = LINE('',#921,#922);
#921 = CARTESIAN_POINT('',(-4.2468,-1.0314,1.27));
#922 = VECTOR('',#923,1.);
#923 = DIRECTION('',(-1.,-0.,0.));
#924 = ORIENTED_EDGE('',*,*,#925,.F.);
#925 = EDGE_CURVE('',#900,#918,#926,.T.);
#926 = LINE('',#927,#928);
#927 = CARTESIAN_POINT('',(-1.6664,-1.9989,1.27));
#928 = VECTOR('',#929,1.);
#929 = DIRECTION('',(-0.,1.,0.));
#930 = FACE_BOUND('',#931,.F.);
#931 = EDGE_LOOP('',(#932,#942,#950,#958));
#932 = ORIENTED_EDGE('',*,*,#933,.T.);
#933 = EDGE_CURVE('',#934,#936,#938,.T.);
#934 = VERTEX_POINT('',#935);
#935 = CARTESIAN_POINT('',(-0.3964,-1.5086,1.27));
#936 = VERTEX_POINT('',#937);
#937 = CARTESIAN_POINT('',(-0.8736,-1.5086,1.27));
#938 = LINE('',#939,#940);
#939 = CARTESIAN_POINT('',(-3.6118,-1.5086,1.27));
#940 = VECTOR('',#941,1.);
#941 = DIRECTION('',(-1.,-0.,0.));
#942 = ORIENTED_EDGE('',*,*,#943,.T.);
#943 = EDGE_CURVE('',#936,#944,#946,.T.);
#944 = VERTEX_POINT('',#945);
#945 = CARTESIAN_POINT('',(-0.8736,-1.0314,1.27));
#946 = LINE('',#947,#948);
#947 = CARTESIAN_POINT('',(-0.8736,-1.9989,1.27));
#948 = VECTOR('',#949,1.);
#949 = DIRECTION('',(-0.,1.,0.));
#950 = ORIENTED_EDGE('',*,*,#951,.F.);
#951 = EDGE_CURVE('',#952,#944,#954,.T.);
#952 = VERTEX_POINT('',#953);
#953 = CARTESIAN_POINT('',(-0.3964,-1.0314,1.27));
#954 = LINE('',#955,#956);
#955 = CARTESIAN_POINT('',(-3.6118,-1.0314,1.27));
#956 = VECTOR('',#957,1.);
#957 = DIRECTION('',(-1.,-0.,0.));
#958 = ORIENTED_EDGE('',*,*,#959,.F.);
#959 = EDGE_CURVE('',#934,#952,#960,.T.);
#960 = LINE('',#961,#962);
#961 = CARTESIAN_POINT('',(-0.3964,-1.9989,1.27));
#962 = VECTOR('',#963,1.);
#963 = DIRECTION('',(-0.,1.,0.));
#964 = FACE_BOUND('',#965,.F.);
#965 = EDGE_LOOP('',(#966,#976,#984,#992));
#966 = ORIENTED_EDGE('',*,*,#967,.T.);
#967 = EDGE_CURVE('',#968,#970,#972,.T.);
#968 = VERTEX_POINT('',#969);
#969 = CARTESIAN_POINT('',(0.8736,-1.5086,1.27));
#970 = VERTEX_POINT('',#971);
#971 = CARTESIAN_POINT('',(0.3964,-1.5086,1.27));
#972 = LINE('',#973,#974);
#973 = CARTESIAN_POINT('',(-2.9768,-1.5086,1.27));
#974 = VECTOR('',#975,1.);
#975 = DIRECTION('',(-1.,-0.,0.));
#976 = ORIENTED_EDGE('',*,*,#977,.T.);
#977 = EDGE_CURVE('',#970,#978,#980,.T.);
#978 = VERTEX_POINT('',#979);
#979 = CARTESIAN_POINT('',(0.3964,-1.0314,1.27));
#980 = LINE('',#981,#982);
#981 = CARTESIAN_POINT('',(0.3964,-1.9989,1.27));
#982 = VECTOR('',#983,1.);
#983 = DIRECTION('',(-0.,1.,0.));
#984 = ORIENTED_EDGE('',*,*,#985,.F.);
#985 = EDGE_CURVE('',#986,#978,#988,.T.);
#986 = VERTEX_POINT('',#987);
#987 = CARTESIAN_POINT('',(0.8736,-1.0314,1.27));
#988 = LINE('',#989,#990);
#989 = CARTESIAN_POINT('',(-2.9768,-1.0314,1.27));
#990 = VECTOR('',#991,1.);
#991 = DIRECTION('',(-1.,-0.,0.));
#992 = ORIENTED_EDGE('',*,*,#993,.F.);
#993 = EDGE_CURVE('',#968,#986,#994,.T.);
#994 = LINE('',#995,#996);
#995 = CARTESIAN_POINT('',(0.8736,-1.9989,1.27));
#996 = VECTOR('',#997,1.);
#997 = DIRECTION('',(-0.,1.,0.));
#998 = FACE_BOUND('',#999,.F.);
#999 = EDGE_LOOP('',(#1000,#1010,#1018,#1026));
#1000 = ORIENTED_EDGE('',*,*,#1001,.T.);
#1001 = EDGE_CURVE('',#1002,#1004,#1006,.T.);
#1002 = VERTEX_POINT('',#1003);
#1003 = CARTESIAN_POINT('',(2.1436,-1.5086,1.27));
#1004 = VERTEX_POINT('',#1005);
#1005 = CARTESIAN_POINT('',(1.6664,-1.5086,1.27));
#1006 = LINE('',#1007,#1008);
#1007 = CARTESIAN_POINT('',(-2.3418,-1.5086,1.27));
#1008 = VECTOR('',#1009,1.);
#1009 = DIRECTION('',(-1.,-0.,0.));
#1010 = ORIENTED_EDGE('',*,*,#1011,.T.);
#1011 = EDGE_CURVE('',#1004,#1012,#1014,.T.);
#1012 = VERTEX_POINT('',#1013);
#1013 = CARTESIAN_POINT('',(1.6664,-1.0314,1.27));
#1014 = LINE('',#1015,#1016);
#1015 = CARTESIAN_POINT('',(1.6664,-1.9989,1.27));
#1016 = VECTOR('',#1017,1.);
#1017 = DIRECTION('',(-0.,1.,0.));
#1018 = ORIENTED_EDGE('',*,*,#1019,.F.);
#1019 = EDGE_CURVE('',#1020,#1012,#1022,.T.);
#1020 = VERTEX_POINT('',#1021);
#1021 = CARTESIAN_POINT('',(2.1436,-1.0314,1.27));
#1022 = LINE('',#1023,#1024);
#1023 = CARTESIAN_POINT('',(-2.3418,-1.0314,1.27));
#1024 = VECTOR('',#1025,1.);
#1025 = DIRECTION('',(-1.,-0.,0.));
#1026 = ORIENTED_EDGE('',*,*,#1027,.F.);
#1027 = EDGE_CURVE('',#1002,#1020,#1028,.T.);
#1028 = LINE('',#1029,#1030);
#1029 = CARTESIAN_POINT('',(2.1436,-1.9989,1.27));
#1030 = VECTOR('',#1031,1.);
#1031 = DIRECTION('',(-0.,1.,0.));
#1032 = FACE_BOUND('',#1033,.F.);
#1033 = EDGE_LOOP('',(#1034,#1044,#1052,#1060));
#1034 = ORIENTED_EDGE('',*,*,#1035,.T.);
#1035 = EDGE_CURVE('',#1036,#1038,#1040,.T.);
#1036 = VERTEX_POINT('',#1037);
#1037 = CARTESIAN_POINT('',(3.4136,-1.5086,1.27));
#1038 = VERTEX_POINT('',#1039);
#1039 = CARTESIAN_POINT('',(2.9364,-1.5086,1.27));
#1040 = LINE('',#1041,#1042);
#1041 = CARTESIAN_POINT('',(-1.7068,-1.5086,1.27));
#1042 = VECTOR('',#1043,1.);
#1043 = DIRECTION('',(-1.,-0.,0.));
#1044 = ORIENTED_EDGE('',*,*,#1045,.T.);
#1045 = EDGE_CURVE('',#1038,#1046,#1048,.T.);
#1046 = VERTEX_POINT('',#1047);
#1047 = CARTESIAN_POINT('',(2.9364,-1.0314,1.27));
#1048 = LINE('',#1049,#1050);
#1049 = CARTESIAN_POINT('',(2.9364,-1.9989,1.27));
#1050 = VECTOR('',#1051,1.);
#1051 = DIRECTION('',(-0.,1.,0.));
#1052 = ORIENTED_EDGE('',*,*,#1053,.F.);
#1053 = EDGE_CURVE('',#1054,#1046,#1056,.T.);
#1054 = VERTEX_POINT('',#1055);
#1055 = CARTESIAN_POINT('',(3.4136,-1.0314,1.27));
#1056 = LINE('',#1057,#1058);
#1057 = CARTESIAN_POINT('',(-1.7068,-1.0314,1.27));
#1058 = VECTOR('',#1059,1.);
#1059 = DIRECTION('',(-1.,-0.,0.));
#1060 = ORIENTED_EDGE('',*,*,#1061,.F.);
#1061 = EDGE_CURVE('',#1036,#1054,#1062,.T.);
#1062 = LINE('',#1063,#1064);
#1063 = CARTESIAN_POINT('',(3.4136,-1.9989,1.27));
#1064 = VECTOR('',#1065,1.);
#1065 = DIRECTION('',(-0.,1.,0.));
#1066 = FACE_BOUND('',#1067,.F.);
#1067 = EDGE_LOOP('',(#1068,#1078,#1086,#1094));
#1068 = ORIENTED_EDGE('',*,*,#1069,.T.);
#1069 = EDGE_CURVE('',#1070,#1072,#1074,.T.);
#1070 = VERTEX_POINT('',#1071);
#1071 = CARTESIAN_POINT('',(4.6836,-1.5086,1.27));
#1072 = VERTEX_POINT('',#1073);
#1073 = CARTESIAN_POINT('',(4.2064,-1.5086,1.27));
#1074 = LINE('',#1075,#1076);
#1075 = CARTESIAN_POINT('',(-1.0718,-1.5086,1.27));
#1076 = VECTOR('',#1077,1.);
#1077 = DIRECTION('',(-1.,-0.,0.));
#1078 = ORIENTED_EDGE('',*,*,#1079,.T.);
#1079 = EDGE_CURVE('',#1072,#1080,#1082,.T.);
#1080 = VERTEX_POINT('',#1081);
#1081 = CARTESIAN_POINT('',(4.2064,-1.0314,1.27));
#1082 = LINE('',#1083,#1084);
#1083 = CARTESIAN_POINT('',(4.2064,-1.9989,1.27));
#1084 = VECTOR('',#1085,1.);
#1085 = DIRECTION('',(-0.,1.,0.));
#1086 = ORIENTED_EDGE('',*,*,#1087,.F.);
#1087 = EDGE_CURVE('',#1088,#1080,#1090,.T.);
#1088 = VERTEX_POINT('',#1089);
#1089 = CARTESIAN_POINT('',(4.6836,-1.0314,1.27));
#1090 = LINE('',#1091,#1092);
#1091 = CARTESIAN_POINT('',(-1.0718,-1.0314,1.27));
#1092 = VECTOR('',#1093,1.);
#1093 = DIRECTION('',(-1.,-0.,0.));
#1094 = ORIENTED_EDGE('',*,*,#1095,.F.);
#1095 = EDGE_CURVE('',#1070,#1088,#1096,.T.);
#1096 = LINE('',#1097,#1098);
#1097 = CARTESIAN_POINT('',(4.6836,-1.9989,1.27));
#1098 = VECTOR('',#1099,1.);
#1099 = DIRECTION('',(-0.,1.,0.));
#1100 = FACE_BOUND('',#1101,.F.);
#1101 = EDGE_LOOP('',(#1102,#1112,#1120,#1128));
#1102 = ORIENTED_EDGE('',*,*,#1103,.T.);
#1103 = EDGE_CURVE('',#1104,#1106,#1108,.T.);
#1104 = VERTEX_POINT('',#1105);
#1105 = CARTESIAN_POINT('',(5.9536,-1.5086,1.27));
#1106 = VERTEX_POINT('',#1107);
#1107 = CARTESIAN_POINT('',(5.4764,-1.5086,1.27));
#1108 = LINE('',#1109,#1110);
#1109 = CARTESIAN_POINT('',(-0.4368,-1.5086,1.27));
#1110 = VECTOR('',#1111,1.);
#1111 = DIRECTION('',(-1.,-0.,0.));
#1112 = ORIENTED_EDGE('',*,*,#1113,.T.);
#1113 = EDGE_CURVE('',#1106,#1114,#1116,.T.);
#1114 = VERTEX_POINT('',#1115);
#1115 = CARTESIAN_POINT('',(5.4764,-1.0314,1.27));
#1116 = LINE('',#1117,#1118);
#1117 = CARTESIAN_POINT('',(5.4764,-1.9989,1.27));
#1118 = VECTOR('',#1119,1.);
#1119 = DIRECTION('',(-0.,1.,0.));
#1120 = ORIENTED_EDGE('',*,*,#1121,.F.);
#1121 = EDGE_CURVE('',#1122,#1114,#1124,.T.);
#1122 = VERTEX_POINT('',#1123);
#1123 = CARTESIAN_POINT('',(5.9536,-1.0314,1.27));
#1124 = LINE('',#1125,#1126);
#1125 = CARTESIAN_POINT('',(-0.4368,-1.0314,1.27));
#1126 = VECTOR('',#1127,1.);
#1127 = DIRECTION('',(-1.,-0.,0.));
#1128 = ORIENTED_EDGE('',*,*,#1129,.F.);
#1129 = EDGE_CURVE('',#1104,#1122,#1130,.T.);
#1130 = LINE('',#1131,#1132);
#1131 = CARTESIAN_POINT('',(5.9536,-1.9989,1.27));
#1132 = VECTOR('',#1133,1.);
#1133 = DIRECTION('',(-0.,1.,0.));
#1134 = FACE_BOUND('',#1135,.F.);
#1135 = EDGE_LOOP('',(#1136,#1146,#1154,#1162));
#1136 = ORIENTED_EDGE('',*,*,#1137,.T.);
#1137 = EDGE_CURVE('',#1138,#1140,#1142,.T.);
#1138 = VERTEX_POINT('',#1139);
#1139 = CARTESIAN_POINT('',(-5.4764,1.0314,1.27));
#1140 = VERTEX_POINT('',#1141);
#1141 = CARTESIAN_POINT('',(-5.9536,1.0314,1.27));
#1142 = LINE('',#1143,#1144);
#1143 = CARTESIAN_POINT('',(-6.1518,1.0314,1.27));
#1144 = VECTOR('',#1145,1.);
#1145 = DIRECTION('',(-1.,-0.,0.));
#1146 = ORIENTED_EDGE('',*,*,#1147,.T.);
#1147 = EDGE_CURVE('',#1140,#1148,#1150,.T.);
#1148 = VERTEX_POINT('',#1149);
#1149 = CARTESIAN_POINT('',(-5.9536,1.5086,1.27));
#1150 = LINE('',#1151,#1152);
#1151 = CARTESIAN_POINT('',(-5.9536,-0.7289,1.27));
#1152 = VECTOR('',#1153,1.);
#1153 = DIRECTION('',(-0.,1.,0.));
#1154 = ORIENTED_EDGE('',*,*,#1155,.F.);
#1155 = EDGE_CURVE('',#1156,#1148,#1158,.T.);
#1156 = VERTEX_POINT('',#1157);
#1157 = CARTESIAN_POINT('',(-5.4764,1.5086,1.27));
#1158 = LINE('',#1159,#1160);
#1159 = CARTESIAN_POINT('',(-6.1518,1.5086,1.27));
#1160 = VECTOR('',#1161,1.);
#1161 = DIRECTION('',(-1.,-0.,0.));
#1162 = ORIENTED_EDGE('',*,*,#1163,.F.);
#1163 = EDGE_CURVE('',#1138,#1156,#1164,.T.);
#1164 = LINE('',#1165,#1166);
#1165 = CARTESIAN_POINT('',(-5.4764,-0.7289,1.27));
#1166 = VECTOR('',#1167,1.);
#1167 = DIRECTION('',(-0.,1.,0.));
#1168 = FACE_BOUND('',#1169,.F.);
#1169 = EDGE_LOOP('',(#1170,#1180,#1188,#1196));
#1170 = ORIENTED_EDGE('',*,*,#1171,.T.);
#1171 = EDGE_CURVE('',#1172,#1174,#1176,.T.);
#1172 = VERTEX_POINT('',#1173);
#1173 = CARTESIAN_POINT('',(-4.2064,1.0314,1.27));
#1174 = VERTEX_POINT('',#1175);
#1175 = CARTESIAN_POINT('',(-4.6836,1.0314,1.27));
#1176 = LINE('',#1177,#1178);
#1177 = CARTESIAN_POINT('',(-5.5168,1.0314,1.27));
#1178 = VECTOR('',#1179,1.);
#1179 = DIRECTION('',(-1.,-0.,0.));
#1180 = ORIENTED_EDGE('',*,*,#1181,.T.);
#1181 = EDGE_CURVE('',#1174,#1182,#1184,.T.);
#1182 = VERTEX_POINT('',#1183);
#1183 = CARTESIAN_POINT('',(-4.6836,1.5086,1.27));
#1184 = LINE('',#1185,#1186);
#1185 = CARTESIAN_POINT('',(-4.6836,-0.7289,1.27));
#1186 = VECTOR('',#1187,1.);
#1187 = DIRECTION('',(-0.,1.,0.));
#1188 = ORIENTED_EDGE('',*,*,#1189,.F.);
#1189 = EDGE_CURVE('',#1190,#1182,#1192,.T.);
#1190 = VERTEX_POINT('',#1191);
#1191 = CARTESIAN_POINT('',(-4.2064,1.5086,1.27));
#1192 = LINE('',#1193,#1194);
#1193 = CARTESIAN_POINT('',(-5.5168,1.5086,1.27));
#1194 = VECTOR('',#1195,1.);
#1195 = DIRECTION('',(-1.,-0.,0.));
#1196 = ORIENTED_EDGE('',*,*,#1197,.F.);
#1197 = EDGE_CURVE('',#1172,#1190,#1198,.T.);
#1198 = LINE('',#1199,#1200);
#1199 = CARTESIAN_POINT('',(-4.2064,-0.7289,1.27));
#1200 = VECTOR('',#1201,1.);
#1201 = DIRECTION('',(-0.,1.,0.));
#1202 = FACE_BOUND('',#1203,.F.);
#1203 = EDGE_LOOP('',(#1204,#1214,#1222,#1230));
#1204 = ORIENTED_EDGE('',*,*,#1205,.T.);
#1205 = EDGE_CURVE('',#1206,#1208,#1210,.T.);
#1206 = VERTEX_POINT('',#1207);
#1207 = CARTESIAN_POINT('',(-1.6664,1.0314,1.27));
#1208 = VERTEX_POINT('',#1209);
#1209 = CARTESIAN_POINT('',(-2.1436,1.0314,1.27));
#1210 = LINE('',#1211,#1212);
#1211 = CARTESIAN_POINT('',(-4.2468,1.0314,1.27));
#1212 = VECTOR('',#1213,1.);
#1213 = DIRECTION('',(-1.,-0.,0.));
#1214 = ORIENTED_EDGE('',*,*,#1215,.T.);
#1215 = EDGE_CURVE('',#1208,#1216,#1218,.T.);
#1216 = VERTEX_POINT('',#1217);
#1217 = CARTESIAN_POINT('',(-2.1436,1.5086,1.27));
#1218 = LINE('',#1219,#1220);
#1219 = CARTESIAN_POINT('',(-2.1436,-0.7289,1.27));
#1220 = VECTOR('',#1221,1.);
#1221 = DIRECTION('',(-0.,1.,0.));
#1222 = ORIENTED_EDGE('',*,*,#1223,.F.);
#1223 = EDGE_CURVE('',#1224,#1216,#1226,.T.);
#1224 = VERTEX_POINT('',#1225);
#1225 = CARTESIAN_POINT('',(-1.6664,1.5086,1.27));
#1226 = LINE('',#1227,#1228);
#1227 = CARTESIAN_POINT('',(-4.2468,1.5086,1.27));
#1228 = VECTOR('',#1229,1.);
#1229 = DIRECTION('',(-1.,-0.,0.));
#1230 = ORIENTED_EDGE('',*,*,#1231,.F.);
#1231 = EDGE_CURVE('',#1206,#1224,#1232,.T.);
#1232 = LINE('',#1233,#1234);
#1233 = CARTESIAN_POINT('',(-1.6664,-0.7289,1.27));
#1234 = VECTOR('',#1235,1.);
#1235 = DIRECTION('',(-0.,1.,0.));
#1236 = FACE_BOUND('',#1237,.F.);
#1237 = EDGE_LOOP('',(#1238,#1248,#1256,#1264));
#1238 = ORIENTED_EDGE('',*,*,#1239,.T.);
#1239 = EDGE_CURVE('',#1240,#1242,#1244,.T.);
#1240 = VERTEX_POINT('',#1241);
#1241 = CARTESIAN_POINT('',(-0.3964,1.0314,1.27));
#1242 = VERTEX_POINT('',#1243);
#1243 = CARTESIAN_POINT('',(-0.8736,1.0314,1.27));
#1244 = LINE('',#1245,#1246);
#1245 = CARTESIAN_POINT('',(-3.6118,1.0314,1.27));
#1246 = VECTOR('',#1247,1.);
#1247 = DIRECTION('',(-1.,-0.,0.));
#1248 = ORIENTED_EDGE('',*,*,#1249,.T.);
#1249 = EDGE_CURVE('',#1242,#1250,#1252,.T.);
#1250 = VERTEX_POINT('',#1251);
#1251 = CARTESIAN_POINT('',(-0.8736,1.5086,1.27));
#1252 = LINE('',#1253,#1254);
#1253 = CARTESIAN_POINT('',(-0.8736,-0.7289,1.27));
#1254 = VECTOR('',#1255,1.);
#1255 = DIRECTION('',(-0.,1.,0.));
#1256 = ORIENTED_EDGE('',*,*,#1257,.F.);
#1257 = EDGE_CURVE('',#1258,#1250,#1260,.T.);
#1258 = VERTEX_POINT('',#1259);
#1259 = CARTESIAN_POINT('',(-0.3964,1.5086,1.27));
#1260 = LINE('',#1261,#1262);
#1261 = CARTESIAN_POINT('',(-3.6118,1.5086,1.27));
#1262 = VECTOR('',#1263,1.);
#1263 = DIRECTION('',(-1.,-0.,0.));
#1264 = ORIENTED_EDGE('',*,*,#1265,.F.);
#1265 = EDGE_CURVE('',#1240,#1258,#1266,.T.);
#1266 = LINE('',#1267,#1268);
#1267 = CARTESIAN_POINT('',(-0.3964,-0.7289,1.27));
#1268 = VECTOR('',#1269,1.);
#1269 = DIRECTION('',(-0.,1.,0.));
#1270 = FACE_BOUND('',#1271,.F.);
#1271 = EDGE_LOOP('',(#1272,#1282,#1290,#1298));
#1272 = ORIENTED_EDGE('',*,*,#1273,.T.);
#1273 = EDGE_CURVE('',#1274,#1276,#1278,.T.);
#1274 = VERTEX_POINT('',#1275);
#1275 = CARTESIAN_POINT('',(0.8736,1.0314,1.27));
#1276 = VERTEX_POINT('',#1277);
#1277 = CARTESIAN_POINT('',(0.3964,1.0314,1.27));
#1278 = LINE('',#1279,#1280);
#1279 = CARTESIAN_POINT('',(-2.9768,1.0314,1.27));
#1280 = VECTOR('',#1281,1.);
#1281 = DIRECTION('',(-1.,-0.,0.));
#1282 = ORIENTED_EDGE('',*,*,#1283,.T.);
#1283 = EDGE_CURVE('',#1276,#1284,#1286,.T.);
#1284 = VERTEX_POINT('',#1285);
#1285 = CARTESIAN_POINT('',(0.3964,1.5086,1.27));
#1286 = LINE('',#1287,#1288);
#1287 = CARTESIAN_POINT('',(0.3964,-0.7289,1.27));
#1288 = VECTOR('',#1289,1.);
#1289 = DIRECTION('',(-0.,1.,0.));
#1290 = ORIENTED_EDGE('',*,*,#1291,.F.);
#1291 = EDGE_CURVE('',#1292,#1284,#1294,.T.);
#1292 = VERTEX_POINT('',#1293);
#1293 = CARTESIAN_POINT('',(0.8736,1.5086,1.27));
#1294 = LINE('',#1295,#1296);
#1295 = CARTESIAN_POINT('',(-2.9768,1.5086,1.27));
#1296 = VECTOR('',#1297,1.);
#1297 = DIRECTION('',(-1.,-0.,0.));
#1298 = ORIENTED_EDGE('',*,*,#1299,.F.);
#1299 = EDGE_CURVE('',#1274,#1292,#1300,.T.);
#1300 = LINE('',#1301,#1302);
#1301 = CARTESIAN_POINT('',(0.8736,-0.7289,1.27));
#1302 = VECTOR('',#1303,1.);
#1303 = DIRECTION('',(-0.,1.,0.));
#1304 = FACE_BOUND('',#1305,.F.);
#1305 = EDGE_LOOP('',(#1306,#1316,#1324,#1332));
#1306 = ORIENTED_EDGE('',*,*,#1307,.T.);
#1307 = EDGE_CURVE('',#1308,#1310,#1312,.T.);
#1308 = VERTEX_POINT('',#1309);
#1309 = CARTESIAN_POINT('',(2.1436,1.0314,1.27));
#1310 = VERTEX_POINT('',#1311);
#1311 = CARTESIAN_POINT('',(1.6664,1.0314,1.27));
#1312 = LINE('',#1313,#1314);
#1313 = CARTESIAN_POINT('',(-2.3418,1.0314,1.27));
#1314 = VECTOR('',#1315,1.);
#1315 = DIRECTION('',(-1.,-0.,0.));
#1316 = ORIENTED_EDGE('',*,*,#1317,.T.);
#1317 = EDGE_CURVE('',#1310,#1318,#1320,.T.);
#1318 = VERTEX_POINT('',#1319);
#1319 = CARTESIAN_POINT('',(1.6664,1.5086,1.27));
#1320 = LINE('',#1321,#1322);
#1321 = CARTESIAN_POINT('',(1.6664,-0.7289,1.27));
#1322 = VECTOR('',#1323,1.);
#1323 = DIRECTION('',(-0.,1.,0.));
#1324 = ORIENTED_EDGE('',*,*,#1325,.F.);
#1325 = EDGE_CURVE('',#1326,#1318,#1328,.T.);
#1326 = VERTEX_POINT('',#1327);
#1327 = CARTESIAN_POINT('',(2.1436,1.5086,1.27));
#1328 = LINE('',#1329,#1330);
#1329 = CARTESIAN_POINT('',(-2.3418,1.5086,1.27));
#1330 = VECTOR('',#1331,1.);
#1331 = DIRECTION('',(-1.,-0.,0.));
#1332 = ORIENTED_EDGE('',*,*,#1333,.F.);
#1333 = EDGE_CURVE('',#1308,#1326,#1334,.T.);
#1334 = LINE('',#1335,#1336);
#1335 = CARTESIAN_POINT('',(2.1436,-0.7289,1.27));
#1336 = VECTOR('',#1337,1.);
#1337 = DIRECTION('',(-0.,1.,0.));
#1338 = FACE_BOUND('',#1339,.F.);
#1339 = EDGE_LOOP('',(#1340,#1350,#1358,#1366));
#1340 = ORIENTED_EDGE('',*,*,#1341,.T.);
#1341 = EDGE_CURVE('',#1342,#1344,#1346,.T.);
#1342 = VERTEX_POINT('',#1343);
#1343 = CARTESIAN_POINT('',(3.4136,1.0314,1.27));
#1344 = VERTEX_POINT('',#1345);
#1345 = CARTESIAN_POINT('',(2.9364,1.0314,1.27));
#1346 = LINE('',#1347,#1348);
#1347 = CARTESIAN_POINT('',(-1.7068,1.0314,1.27));
#1348 = VECTOR('',#1349,1.);
#1349 = DIRECTION('',(-1.,-0.,0.));
#1350 = ORIENTED_EDGE('',*,*,#1351,.T.);
#1351 = EDGE_CURVE('',#1344,#1352,#1354,.T.);
#1352 = VERTEX_POINT('',#1353);
#1353 = CARTESIAN_POINT('',(2.9364,1.5086,1.27));
#1354 = LINE('',#1355,#1356);
#1355 = CARTESIAN_POINT('',(2.9364,-0.7289,1.27));
#1356 = VECTOR('',#1357,1.);
#1357 = DIRECTION('',(-0.,1.,0.));
#1358 = ORIENTED_EDGE('',*,*,#1359,.F.);
#1359 = EDGE_CURVE('',#1360,#1352,#1362,.T.);
#1360 = VERTEX_POINT('',#1361);
#1361 = CARTESIAN_POINT('',(3.4136,1.5086,1.27));
#1362 = LINE('',#1363,#1364);
#1363 = CARTESIAN_POINT('',(-1.7068,1.5086,1.27));
#1364 = VECTOR('',#1365,1.);
#1365 = DIRECTION('',(-1.,-0.,0.));
#1366 = ORIENTED_EDGE('',*,*,#1367,.F.);
#1367 = EDGE_CURVE('',#1342,#1360,#1368,.T.);
#1368 = LINE('',#1369,#1370);
#1369 = CARTESIAN_POINT('',(3.4136,-0.7289,1.27));
#1370 = VECTOR('',#1371,1.);
#1371 = DIRECTION('',(-0.,1.,0.));
#1372 = FACE_BOUND('',#1373,.F.);
#1373 = EDGE_LOOP('',(#1374,#1384,#1392,#1400));
#1374 = ORIENTED_EDGE('',*,*,#1375,.T.);
#1375 = EDGE_CURVE('',#1376,#1378,#1380,.T.);
#1376 = VERTEX_POINT('',#1377);
#1377 = CARTESIAN_POINT('',(4.6836,1.0314,1.27));
#1378 = VERTEX_POINT('',#1379);
#1379 = CARTESIAN_POINT('',(4.2064,1.0314,1.27));
#1380 = LINE('',#1381,#1382);
#1381 = CARTESIAN_POINT('',(-1.0718,1.0314,1.27));
#1382 = VECTOR('',#1383,1.);
#1383 = DIRECTION('',(-1.,-0.,0.));
#1384 = ORIENTED_EDGE('',*,*,#1385,.T.);
#1385 = EDGE_CURVE('',#1378,#1386,#1388,.T.);
#1386 = VERTEX_POINT('',#1387);
#1387 = CARTESIAN_POINT('',(4.2064,1.5086,1.27));
#1388 = LINE('',#1389,#1390);
#1389 = CARTESIAN_POINT('',(4.2064,-0.7289,1.27));
#1390 = VECTOR('',#1391,1.);
#1391 = DIRECTION('',(-0.,1.,0.));
#1392 = ORIENTED_EDGE('',*,*,#1393,.F.);
#1393 = EDGE_CURVE('',#1394,#1386,#1396,.T.);
#1394 = VERTEX_POINT('',#1395);
#1395 = CARTESIAN_POINT('',(4.6836,1.5086,1.27));
#1396 = LINE('',#1397,#1398);
#1397 = CARTESIAN_POINT('',(-1.0718,1.5086,1.27));
#1398 = VECTOR('',#1399,1.);
#1399 = DIRECTION('',(-1.,-0.,0.));
#1400 = ORIENTED_EDGE('',*,*,#1401,.F.);
#1401 = EDGE_CURVE('',#1376,#1394,#1402,.T.);
#1402 = LINE('',#1403,#1404);
#1403 = CARTESIAN_POINT('',(4.6836,-0.7289,1.27));
#1404 = VECTOR('',#1405,1.);
#1405 = DIRECTION('',(-0.,1.,0.));
#1406 = FACE_BOUND('',#1407,.F.);
#1407 = EDGE_LOOP('',(#1408,#1418,#1426,#1434));
#1408 = ORIENTED_EDGE('',*,*,#1409,.T.);
#1409 = EDGE_CURVE('',#1410,#1412,#1414,.T.);
#1410 = VERTEX_POINT('',#1411);
#1411 = CARTESIAN_POINT('',(5.9536,1.0314,1.27));
#1412 = VERTEX_POINT('',#1413);
#1413 = CARTESIAN_POINT('',(5.4764,1.0314,1.27));
#1414 = LINE('',#1415,#1416);
#1415 = CARTESIAN_POINT('',(-0.4368,1.0314,1.27));
#1416 = VECTOR('',#1417,1.);
#1417 = DIRECTION('',(-1.,-0.,0.));
#1418 = ORIENTED_EDGE('',*,*,#1419,.T.);
#1419 = EDGE_CURVE('',#1412,#1420,#1422,.T.);
#1420 = VERTEX_POINT('',#1421);
#1421 = CARTESIAN_POINT('',(5.4764,1.5086,1.27));
#1422 = LINE('',#1423,#1424);
#1423 = CARTESIAN_POINT('',(5.4764,-0.7289,1.27));
#1424 = VECTOR('',#1425,1.);
#1425 = DIRECTION('',(-0.,1.,0.));
#1426 = ORIENTED_EDGE('',*,*,#1427,.F.);
#1427 = EDGE_CURVE('',#1428,#1420,#1430,.T.);
#1428 = VERTEX_POINT('',#1429);
#1429 = CARTESIAN_POINT('',(5.9536,1.5086,1.27));
#1430 = LINE('',#1431,#1432);
#1431 = CARTESIAN_POINT('',(-0.4368,1.5086,1.27));
#1432 = VECTOR('',#1433,1.);
#1433 = DIRECTION('',(-1.,-0.,0.));
#1434 = ORIENTED_EDGE('',*,*,#1435,.F.);
#1435 = EDGE_CURVE('',#1410,#1428,#1436,.T.);
#1436 = LINE('',#1437,#1438);
#1437 = CARTESIAN_POINT('',(5.9536,-0.7289,1.27));
#1438 = VECTOR('',#1439,1.);
#1439 = DIRECTION('',(-0.,1.,0.));
#1440 = PLANE('',#1441);
#1441 = AXIS2_PLACEMENT_3D('',#1442,#1443,#1444);
#1442 = CARTESIAN_POINT('',(-6.35,-2.4892,1.27));
#1443 = DIRECTION('',(0.,0.,1.));
#1444 = DIRECTION('',(1.,0.,-0.));
#1445 = ADVANCED_FACE('',(#1446),#1452,.T.);
#1446 = FACE_BOUND('',#1447,.T.);
#1447 = EDGE_LOOP('',(#1448,#1449,#1450,#1451));
#1448 = ORIENTED_EDGE('',*,*,#78,.F.);
#1449 = ORIENTED_EDGE('',*,*,#788,.T.);
#1450 = ORIENTED_EDGE('',*,*,#772,.T.);
#1451 = ORIENTED_EDGE('',*,*,#94,.F.);
#1452 = PLANE('',#1453);
#1453 = AXIS2_PLACEMENT_3D('',#1454,#1455,#1456);
#1454 = CARTESIAN_POINT('',(6.35,-2.4892,1.27));
#1455 = DIRECTION('',(1.,0.,-0.));
#1456 = DIRECTION('',(0.,0.,1.));
#1457 = ADVANCED_FACE('',(#1458),#1474,.T.);
#1458 = FACE_BOUND('',#1459,.T.);
#1459 = EDGE_LOOP('',(#1460,#1466,#1467,#1473));
#1460 = ORIENTED_EDGE('',*,*,#1461,.F.);
#1461 = EDGE_CURVE('',#798,#111,#1462,.T.);
#1462 = LINE('',#1463,#1464);
#1463 = CARTESIAN_POINT('',(-5.4764,-1.5086,1.26));
#1464 = VECTOR('',#1465,1.);
#1465 = DIRECTION('',(0.,0.,1.));
#1466 = ORIENTED_EDGE('',*,*,#797,.T.);
#1467 = ORIENTED_EDGE('',*,*,#1468,.T.);
#1468 = EDGE_CURVE('',#800,#113,#1469,.T.);
#1469 = LINE('',#1470,#1471);
#1470 = CARTESIAN_POINT('',(-5.9536,-1.5086,1.26));
#1471 = VECTOR('',#1472,1.);
#1472 = DIRECTION('',(0.,0.,1.));
#1473 = ORIENTED_EDGE('',*,*,#110,.F.);
#1474 = PLANE('',#1475);
#1475 = AXIS2_PLACEMENT_3D('',#1476,#1477,#1478);
#1476 = CARTESIAN_POINT('',(-5.9536,-1.5086,1.26));
#1477 = DIRECTION('',(-0.,1.,0.));
#1478 = DIRECTION('',(0.,0.,1.));
#1479 = ADVANCED_FACE('',(#1480),#1491,.F.);
#1480 = FACE_BOUND('',#1481,.F.);
#1481 = EDGE_LOOP('',(#1482,#1483,#1484,#1490));
#1482 = ORIENTED_EDGE('',*,*,#1461,.F.);
#1483 = ORIENTED_EDGE('',*,*,#823,.T.);
#1484 = ORIENTED_EDGE('',*,*,#1485,.T.);
#1485 = EDGE_CURVE('',#816,#129,#1486,.T.);
#1486 = LINE('',#1487,#1488);
#1487 = CARTESIAN_POINT('',(-5.4764,-1.0314,1.26));
#1488 = VECTOR('',#1489,1.);
#1489 = DIRECTION('',(0.,0.,1.));
#1490 = ORIENTED_EDGE('',*,*,#136,.F.);
#1491 = PLANE('',#1492);
#1492 = AXIS2_PLACEMENT_3D('',#1493,#1494,#1495);
#1493 = CARTESIAN_POINT('',(-5.4764,-1.5086,1.26));
#1494 = DIRECTION('',(1.,0.,-0.));
#1495 = DIRECTION('',(0.,0.,1.));
#1496 = ADVANCED_FACE('',(#1497),#1508,.F.);
#1497 = FACE_BOUND('',#1498,.F.);
#1498 = EDGE_LOOP('',(#1499,#1500,#1501,#1507));
#1499 = ORIENTED_EDGE('',*,*,#1485,.F.);
#1500 = ORIENTED_EDGE('',*,*,#815,.T.);
#1501 = ORIENTED_EDGE('',*,*,#1502,.T.);
#1502 = EDGE_CURVE('',#808,#121,#1503,.T.);
#1503 = LINE('',#1504,#1505);
#1504 = CARTESIAN_POINT('',(-5.9536,-1.0314,1.26));
#1505 = VECTOR('',#1506,1.);
#1506 = DIRECTION('',(0.,0.,1.));
#1507 = ORIENTED_EDGE('',*,*,#128,.F.);
#1508 = PLANE('',#1509);
#1509 = AXIS2_PLACEMENT_3D('',#1510,#1511,#1512);
#1510 = CARTESIAN_POINT('',(-5.9536,-1.0314,1.26));
#1511 = DIRECTION('',(-0.,1.,0.));
#1512 = DIRECTION('',(0.,0.,1.));
#1513 = ADVANCED_FACE('',(#1514),#1520,.T.);
#1514 = FACE_BOUND('',#1515,.T.);
#1515 = EDGE_LOOP('',(#1516,#1517,#1518,#1519));
#1516 = ORIENTED_EDGE('',*,*,#1468,.F.);
#1517 = ORIENTED_EDGE('',*,*,#807,.T.);
#1518 = ORIENTED_EDGE('',*,*,#1502,.T.);
#1519 = ORIENTED_EDGE('',*,*,#120,.F.);
#1520 = PLANE('',#1521);
#1521 = AXIS2_PLACEMENT_3D('',#1522,#1523,#1524);
#1522 = CARTESIAN_POINT('',(-5.9536,-1.5086,1.26));
#1523 = DIRECTION('',(1.,0.,-0.));
#1524 = DIRECTION('',(0.,0.,1.));
#1525 = ADVANCED_FACE('',(#1526),#1542,.T.);
#1526 = FACE_BOUND('',#1527,.T.);
#1527 = EDGE_LOOP('',(#1528,#1534,#1535,#1541));
#1528 = ORIENTED_EDGE('',*,*,#1529,.F.);
#1529 = EDGE_CURVE('',#832,#145,#1530,.T.);
#1530 = LINE('',#1531,#1532);
#1531 = CARTESIAN_POINT('',(-4.2064,-1.5086,1.26));
#1532 = VECTOR('',#1533,1.);
#1533 = DIRECTION('',(0.,0.,1.));
#1534 = ORIENTED_EDGE('',*,*,#831,.T.);
#1535 = ORIENTED_EDGE('',*,*,#1536,.T.);
#1536 = EDGE_CURVE('',#834,#147,#1537,.T.);
#1537 = LINE('',#1538,#1539);
#1538 = CARTESIAN_POINT('',(-4.6836,-1.5086,1.26));
#1539 = VECTOR('',#1540,1.);
#1540 = DIRECTION('',(0.,0.,1.));
#1541 = ORIENTED_EDGE('',*,*,#144,.F.);
#1542 = PLANE('',#1543);
#1543 = AXIS2_PLACEMENT_3D('',#1544,#1545,#1546);
#1544 = CARTESIAN_POINT('',(-4.6836,-1.5086,1.26));
#1545 = DIRECTION('',(-0.,1.,0.));
#1546 = DIRECTION('',(0.,0.,1.));
#1547 = ADVANCED_FACE('',(#1548),#1559,.F.);
#1548 = FACE_BOUND('',#1549,.F.);
#1549 = EDGE_LOOP('',(#1550,#1551,#1552,#1558));
#1550 = ORIENTED_EDGE('',*,*,#1529,.F.);
#1551 = ORIENTED_EDGE('',*,*,#857,.T.);
#1552 = ORIENTED_EDGE('',*,*,#1553,.T.);
#1553 = EDGE_CURVE('',#850,#163,#1554,.T.);
#1554 = LINE('',#1555,#1556);
#1555 = CARTESIAN_POINT('',(-4.2064,-1.0314,1.26));
#1556 = VECTOR('',#1557,1.);
#1557 = DIRECTION('',(0.,0.,1.));
#1558 = ORIENTED_EDGE('',*,*,#170,.F.);
#1559 = PLANE('',#1560);
#1560 = AXIS2_PLACEMENT_3D('',#1561,#1562,#1563);
#1561 = CARTESIAN_POINT('',(-4.2064,-1.5086,1.26));
#1562 = DIRECTION('',(1.,0.,-0.));
#1563 = DIRECTION('',(0.,0.,1.));
#1564 = ADVANCED_FACE('',(#1565),#1576,.F.);
#1565 = FACE_BOUND('',#1566,.F.);
#1566 = EDGE_LOOP('',(#1567,#1568,#1569,#1575));
#1567 = ORIENTED_EDGE('',*,*,#1553,.F.);
#1568 = ORIENTED_EDGE('',*,*,#849,.T.);
#1569 = ORIENTED_EDGE('',*,*,#1570,.T.);
#1570 = EDGE_CURVE('',#842,#155,#1571,.T.);
#1571 = LINE('',#1572,#1573);
#1572 = CARTESIAN_POINT('',(-4.6836,-1.0314,1.26));
#1573 = VECTOR('',#1574,1.);
#1574 = DIRECTION('',(0.,0.,1.));
#1575 = ORIENTED_EDGE('',*,*,#162,.F.);
#1576 = PLANE('',#1577);
#1577 = AXIS2_PLACEMENT_3D('',#1578,#1579,#1580);
#1578 = CARTESIAN_POINT('',(-4.6836,-1.0314,1.26));
#1579 = DIRECTION('',(-0.,1.,0.));
#1580 = DIRECTION('',(0.,0.,1.));
#1581 = ADVANCED_FACE('',(#1582),#1588,.T.);
#1582 = FACE_BOUND('',#1583,.T.);
#1583 = EDGE_LOOP('',(#1584,#1585,#1586,#1587));
#1584 = ORIENTED_EDGE('',*,*,#1536,.F.);
#1585 = ORIENTED_EDGE('',*,*,#841,.T.);
#1586 = ORIENTED_EDGE('',*,*,#1570,.T.);
#1587 = ORIENTED_EDGE('',*,*,#154,.F.);
#1588 = PLANE('',#1589);
#1589 = AXIS2_PLACEMENT_3D('',#1590,#1591,#1592);
#1590 = CARTESIAN_POINT('',(-4.6836,-1.5086,1.26));
#1591 = DIRECTION('',(1.,0.,-0.));
#1592 = DIRECTION('',(0.,0.,1.));
#1593 = ADVANCED_FACE('',(#1594),#1610,.T.);
#1594 = FACE_BOUND('',#1595,.T.);
#1595 = EDGE_LOOP('',(#1596,#1602,#1603,#1609));
#1596 = ORIENTED_EDGE('',*,*,#1597,.F.);
#1597 = EDGE_CURVE('',#866,#179,#1598,.T.);
#1598 = LINE('',#1599,#1600);
#1599 = CARTESIAN_POINT('',(-2.9364,-1.5086,1.26));
#1600 = VECTOR('',#1601,1.);
#1601 = DIRECTION('',(0.,0.,1.));
#1602 = ORIENTED_EDGE('',*,*,#865,.T.);
#1603 = ORIENTED_EDGE('',*,*,#1604,.T.);
#1604 = EDGE_CURVE('',#868,#181,#1605,.T.);
#1605 = LINE('',#1606,#1607);
#1606 = CARTESIAN_POINT('',(-3.4136,-1.5086,1.26));
#1607 = VECTOR('',#1608,1.);
#1608 = DIRECTION('',(0.,0.,1.));
#1609 = ORIENTED_EDGE('',*,*,#178,.F.);
#1610 = PLANE('',#1611);
#1611 = AXIS2_PLACEMENT_3D('',#1612,#1613,#1614);
#1612 = CARTESIAN_POINT('',(-3.4136,-1.5086,1.26));
#1613 = DIRECTION('',(-0.,1.,0.));
#1614 = DIRECTION('',(0.,0.,1.));
#1615 = ADVANCED_FACE('',(#1616),#1627,.F.);
#1616 = FACE_BOUND('',#1617,.F.);
#1617 = EDGE_LOOP('',(#1618,#1619,#1620,#1626));
#1618 = ORIENTED_EDGE('',*,*,#1597,.F.);
#1619 = ORIENTED_EDGE('',*,*,#891,.T.);
#1620 = ORIENTED_EDGE('',*,*,#1621,.T.);
#1621 = EDGE_CURVE('',#884,#197,#1622,.T.);
#1622 = LINE('',#1623,#1624);
#1623 = CARTESIAN_POINT('',(-2.9364,-1.0314,1.26));
#1624 = VECTOR('',#1625,1.);
#1625 = DIRECTION('',(0.,0.,1.));
#1626 = ORIENTED_EDGE('',*,*,#204,.F.);
#1627 = PLANE('',#1628);
#1628 = AXIS2_PLACEMENT_3D('',#1629,#1630,#1631);
#1629 = CARTESIAN_POINT('',(-2.9364,-1.5086,1.26));
#1630 = DIRECTION('',(1.,0.,-0.));
#1631 = DIRECTION('',(0.,0.,1.));
#1632 = ADVANCED_FACE('',(#1633),#1644,.F.);
#1633 = FACE_BOUND('',#1634,.F.);
#1634 = EDGE_LOOP('',(#1635,#1636,#1637,#1643));
#1635 = ORIENTED_EDGE('',*,*,#1621,.F.);
#1636 = ORIENTED_EDGE('',*,*,#883,.T.);
#1637 = ORIENTED_EDGE('',*,*,#1638,.T.);
#1638 = EDGE_CURVE('',#876,#189,#1639,.T.);
#1639 = LINE('',#1640,#1641);
#1640 = CARTESIAN_POINT('',(-3.4136,-1.0314,1.26));
#1641 = VECTOR('',#1642,1.);
#1642 = DIRECTION('',(0.,0.,1.));
#1643 = ORIENTED_EDGE('',*,*,#196,.F.);
#1644 = PLANE('',#1645);
#1645 = AXIS2_PLACEMENT_3D('',#1646,#1647,#1648);
#1646 = CARTESIAN_POINT('',(-3.4136,-1.0314,1.26));
#1647 = DIRECTION('',(-0.,1.,0.));
#1648 = DIRECTION('',(0.,0.,1.));
#1649 = ADVANCED_FACE('',(#1650),#1656,.T.);
#1650 = FACE_BOUND('',#1651,.T.);
#1651 = EDGE_LOOP('',(#1652,#1653,#1654,#1655));
#1652 = ORIENTED_EDGE('',*,*,#1604,.F.);
#1653 = ORIENTED_EDGE('',*,*,#875,.T.);
#1654 = ORIENTED_EDGE('',*,*,#1638,.T.);
#1655 = ORIENTED_EDGE('',*,*,#188,.F.);
#1656 = PLANE('',#1657);
#1657 = AXIS2_PLACEMENT_3D('',#1658,#1659,#1660);
#1658 = CARTESIAN_POINT('',(-3.4136,-1.5086,1.26));
#1659 = DIRECTION('',(1.,0.,-0.));
#1660 = DIRECTION('',(0.,0.,1.));
#1661 = ADVANCED_FACE('',(#1662),#1678,.T.);
#1662 = FACE_BOUND('',#1663,.T.);
#1663 = EDGE_LOOP('',(#1664,#1670,#1671,#1677));
#1664 = ORIENTED_EDGE('',*,*,#1665,.F.);
#1665 = EDGE_CURVE('',#900,#213,#1666,.T.);
#1666 = LINE('',#1667,#1668);
#1667 = CARTESIAN_POINT('',(-1.6664,-1.5086,1.26));
#1668 = VECTOR('',#1669,1.);
#1669 = DIRECTION('',(0.,0.,1.));
#1670 = ORIENTED_EDGE('',*,*,#899,.T.);
#1671 = ORIENTED_EDGE('',*,*,#1672,.T.);
#1672 = EDGE_CURVE('',#902,#215,#1673,.T.);
#1673 = LINE('',#1674,#1675);
#1674 = CARTESIAN_POINT('',(-2.1436,-1.5086,1.26));
#1675 = VECTOR('',#1676,1.);
#1676 = DIRECTION('',(0.,0.,1.));
#1677 = ORIENTED_EDGE('',*,*,#212,.F.);
#1678 = PLANE('',#1679);
#1679 = AXIS2_PLACEMENT_3D('',#1680,#1681,#1682);
#1680 = CARTESIAN_POINT('',(-2.1436,-1.5086,1.26));
#1681 = DIRECTION('',(-0.,1.,0.));
#1682 = DIRECTION('',(0.,0.,1.));
#1683 = ADVANCED_FACE('',(#1684),#1695,.F.);
#1684 = FACE_BOUND('',#1685,.F.);
#1685 = EDGE_LOOP('',(#1686,#1687,#1688,#1694));
#1686 = ORIENTED_EDGE('',*,*,#1665,.F.);
#1687 = ORIENTED_EDGE('',*,*,#925,.T.);
#1688 = ORIENTED_EDGE('',*,*,#1689,.T.);
#1689 = EDGE_CURVE('',#918,#231,#1690,.T.);
#1690 = LINE('',#1691,#1692);
#1691 = CARTESIAN_POINT('',(-1.6664,-1.0314,1.26));
#1692 = VECTOR('',#1693,1.);
#1693 = DIRECTION('',(0.,0.,1.));
#1694 = ORIENTED_EDGE('',*,*,#238,.F.);
#1695 = PLANE('',#1696);
#1696 = AXIS2_PLACEMENT_3D('',#1697,#1698,#1699);
#1697 = CARTESIAN_POINT('',(-1.6664,-1.5086,1.26));
#1698 = DIRECTION('',(1.,0.,-0.));
#1699 = DIRECTION('',(0.,0.,1.));
#1700 = ADVANCED_FACE('',(#1701),#1712,.F.);
#1701 = FACE_BOUND('',#1702,.F.);
#1702 = EDGE_LOOP('',(#1703,#1704,#1705,#1711));
#1703 = ORIENTED_EDGE('',*,*,#1689,.F.);
#1704 = ORIENTED_EDGE('',*,*,#917,.T.);
#1705 = ORIENTED_EDGE('',*,*,#1706,.T.);
#1706 = EDGE_CURVE('',#910,#223,#1707,.T.);
#1707 = LINE('',#1708,#1709);
#1708 = CARTESIAN_POINT('',(-2.1436,-1.0314,1.26));
#1709 = VECTOR('',#1710,1.);
#1710 = DIRECTION('',(0.,0.,1.));
#1711 = ORIENTED_EDGE('',*,*,#230,.F.);
#1712 = PLANE('',#1713);
#1713 = AXIS2_PLACEMENT_3D('',#1714,#1715,#1716);
#1714 = CARTESIAN_POINT('',(-2.1436,-1.0314,1.26));
#1715 = DIRECTION('',(-0.,1.,0.));
#1716 = DIRECTION('',(0.,0.,1.));
#1717 = ADVANCED_FACE('',(#1718),#1724,.T.);
#1718 = FACE_BOUND('',#1719,.T.);
#1719 = EDGE_LOOP('',(#1720,#1721,#1722,#1723));
#1720 = ORIENTED_EDGE('',*,*,#1672,.F.);
#1721 = ORIENTED_EDGE('',*,*,#909,.T.);
#1722 = ORIENTED_EDGE('',*,*,#1706,.T.);
#1723 = ORIENTED_EDGE('',*,*,#222,.F.);
#1724 = PLANE('',#1725);
#1725 = AXIS2_PLACEMENT_3D('',#1726,#1727,#1728);
#1726 = CARTESIAN_POINT('',(-2.1436,-1.5086,1.26));
#1727 = DIRECTION('',(1.,0.,-0.));
#1728 = DIRECTION('',(0.,0.,1.));
#1729 = ADVANCED_FACE('',(#1730),#1746,.T.);
#1730 = FACE_BOUND('',#1731,.T.);
#1731 = EDGE_LOOP('',(#1732,#1738,#1739,#1745));
#1732 = ORIENTED_EDGE('',*,*,#1733,.F.);
#1733 = EDGE_CURVE('',#934,#247,#1734,.T.);
#1734 = LINE('',#1735,#1736);
#1735 = CARTESIAN_POINT('',(-0.3964,-1.5086,1.26));
#1736 = VECTOR('',#1737,1.);
#1737 = DIRECTION('',(0.,0.,1.));
#1738 = ORIENTED_EDGE('',*,*,#933,.T.);
#1739 = ORIENTED_EDGE('',*,*,#1740,.T.);
#1740 = EDGE_CURVE('',#936,#249,#1741,.T.);
#1741 = LINE('',#1742,#1743);
#1742 = CARTESIAN_POINT('',(-0.8736,-1.5086,1.26));
#1743 = VECTOR('',#1744,1.);
#1744 = DIRECTION('',(0.,0.,1.));
#1745 = ORIENTED_EDGE('',*,*,#246,.F.);
#1746 = PLANE('',#1747);
#1747 = AXIS2_PLACEMENT_3D('',#1748,#1749,#1750);
#1748 = CARTESIAN_POINT('',(-0.8736,-1.5086,1.26));
#1749 = DIRECTION('',(-0.,1.,0.));
#1750 = DIRECTION('',(0.,0.,1.));
#1751 = ADVANCED_FACE('',(#1752),#1763,.F.);
#1752 = FACE_BOUND('',#1753,.F.);
#1753 = EDGE_LOOP('',(#1754,#1755,#1756,#1762));
#1754 = ORIENTED_EDGE('',*,*,#1733,.F.);
#1755 = ORIENTED_EDGE('',*,*,#959,.T.);
#1756 = ORIENTED_EDGE('',*,*,#1757,.T.);
#1757 = EDGE_CURVE('',#952,#265,#1758,.T.);
#1758 = LINE('',#1759,#1760);
#1759 = CARTESIAN_POINT('',(-0.3964,-1.0314,1.26));
#1760 = VECTOR('',#1761,1.);
#1761 = DIRECTION('',(0.,0.,1.));
#1762 = ORIENTED_EDGE('',*,*,#272,.F.);
#1763 = PLANE('',#1764);
#1764 = AXIS2_PLACEMENT_3D('',#1765,#1766,#1767);
#1765 = CARTESIAN_POINT('',(-0.3964,-1.5086,1.26));
#1766 = DIRECTION('',(1.,0.,-0.));
#1767 = DIRECTION('',(0.,0.,1.));
#1768 = ADVANCED_FACE('',(#1769),#1780,.F.);
#1769 = FACE_BOUND('',#1770,.F.);
#1770 = EDGE_LOOP('',(#1771,#1772,#1773,#1779));
#1771 = ORIENTED_EDGE('',*,*,#1757,.F.);
#1772 = ORIENTED_EDGE('',*,*,#951,.T.);
#1773 = ORIENTED_EDGE('',*,*,#1774,.T.);
#1774 = EDGE_CURVE('',#944,#257,#1775,.T.);
#1775 = LINE('',#1776,#1777);
#1776 = CARTESIAN_POINT('',(-0.8736,-1.0314,1.26));
#1777 = VECTOR('',#1778,1.);
#1778 = DIRECTION('',(0.,0.,1.));
#1779 = ORIENTED_EDGE('',*,*,#264,.F.);
#1780 = PLANE('',#1781);
#1781 = AXIS2_PLACEMENT_3D('',#1782,#1783,#1784);
#1782 = CARTESIAN_POINT('',(-0.8736,-1.0314,1.26));
#1783 = DIRECTION('',(-0.,1.,0.));
#1784 = DIRECTION('',(0.,0.,1.));
#1785 = ADVANCED_FACE('',(#1786),#1792,.T.);
#1786 = FACE_BOUND('',#1787,.T.);
#1787 = EDGE_LOOP('',(#1788,#1789,#1790,#1791));
#1788 = ORIENTED_EDGE('',*,*,#1740,.F.);
#1789 = ORIENTED_EDGE('',*,*,#943,.T.);
#1790 = ORIENTED_EDGE('',*,*,#1774,.T.);
#1791 = ORIENTED_EDGE('',*,*,#256,.F.);
#1792 = PLANE('',#1793);
#1793 = AXIS2_PLACEMENT_3D('',#1794,#1795,#1796);
#1794 = CARTESIAN_POINT('',(-0.8736,-1.5086,1.26));
#1795 = DIRECTION('',(1.,0.,-0.));
#1796 = DIRECTION('',(0.,0.,1.));
#1797 = ADVANCED_FACE('',(#1798),#1814,.T.);
#1798 = FACE_BOUND('',#1799,.T.);
#1799 = EDGE_LOOP('',(#1800,#1806,#1807,#1813));
#1800 = ORIENTED_EDGE('',*,*,#1801,.F.);
#1801 = EDGE_CURVE('',#968,#281,#1802,.T.);
#1802 = LINE('',#1803,#1804);
#1803 = CARTESIAN_POINT('',(0.8736,-1.5086,1.26));
#1804 = VECTOR('',#1805,1.);
#1805 = DIRECTION('',(0.,0.,1.));
#1806 = ORIENTED_EDGE('',*,*,#967,.T.);
#1807 = ORIENTED_EDGE('',*,*,#1808,.T.);
#1808 = EDGE_CURVE('',#970,#283,#1809,.T.);
#1809 = LINE('',#1810,#1811);
#1810 = CARTESIAN_POINT('',(0.3964,-1.5086,1.26));
#1811 = VECTOR('',#1812,1.);
#1812 = DIRECTION('',(0.,0.,1.));
#1813 = ORIENTED_EDGE('',*,*,#280,.F.);
#1814 = PLANE('',#1815);
#1815 = AXIS2_PLACEMENT_3D('',#1816,#1817,#1818);
#1816 = CARTESIAN_POINT('',(0.3964,-1.5086,1.26));
#1817 = DIRECTION('',(-0.,1.,0.));
#1818 = DIRECTION('',(0.,0.,1.));
#1819 = ADVANCED_FACE('',(#1820),#1831,.F.);
#1820 = FACE_BOUND('',#1821,.F.);
#1821 = EDGE_LOOP('',(#1822,#1823,#1824,#1830));
#1822 = ORIENTED_EDGE('',*,*,#1801,.F.);
#1823 = ORIENTED_EDGE('',*,*,#993,.T.);
#1824 = ORIENTED_EDGE('',*,*,#1825,.T.);
#1825 = EDGE_CURVE('',#986,#299,#1826,.T.);
#1826 = LINE('',#1827,#1828);
#1827 = CARTESIAN_POINT('',(0.8736,-1.0314,1.26));
#1828 = VECTOR('',#1829,1.);
#1829 = DIRECTION('',(0.,0.,1.));
#1830 = ORIENTED_EDGE('',*,*,#306,.F.);
#1831 = PLANE('',#1832);
#1832 = AXIS2_PLACEMENT_3D('',#1833,#1834,#1835);
#1833 = CARTESIAN_POINT('',(0.8736,-1.5086,1.26));
#1834 = DIRECTION('',(1.,0.,-0.));
#1835 = DIRECTION('',(0.,0.,1.));
#1836 = ADVANCED_FACE('',(#1837),#1848,.F.);
#1837 = FACE_BOUND('',#1838,.F.);
#1838 = EDGE_LOOP('',(#1839,#1840,#1841,#1847));
#1839 = ORIENTED_EDGE('',*,*,#1825,.F.);
#1840 = ORIENTED_EDGE('',*,*,#985,.T.);
#1841 = ORIENTED_EDGE('',*,*,#1842,.T.);
#1842 = EDGE_CURVE('',#978,#291,#1843,.T.);
#1843 = LINE('',#1844,#1845);
#1844 = CARTESIAN_POINT('',(0.3964,-1.0314,1.26));
#1845 = VECTOR('',#1846,1.);
#1846 = DIRECTION('',(0.,0.,1.));
#1847 = ORIENTED_EDGE('',*,*,#298,.F.);
#1848 = PLANE('',#1849);
#1849 = AXIS2_PLACEMENT_3D('',#1850,#1851,#1852);
#1850 = CARTESIAN_POINT('',(0.3964,-1.0314,1.26));
#1851 = DIRECTION('',(-0.,1.,0.));
#1852 = DIRECTION('',(0.,0.,1.));
#1853 = ADVANCED_FACE('',(#1854),#1860,.T.);
#1854 = FACE_BOUND('',#1855,.T.);
#1855 = EDGE_LOOP('',(#1856,#1857,#1858,#1859));
#1856 = ORIENTED_EDGE('',*,*,#1808,.F.);
#1857 = ORIENTED_EDGE('',*,*,#977,.T.);
#1858 = ORIENTED_EDGE('',*,*,#1842,.T.);
#1859 = ORIENTED_EDGE('',*,*,#290,.F.);
#1860 = PLANE('',#1861);
#1861 = AXIS2_PLACEMENT_3D('',#1862,#1863,#1864);
#1862 = CARTESIAN_POINT('',(0.3964,-1.5086,1.26));
#1863 = DIRECTION('',(1.,0.,-0.));
#1864 = DIRECTION('',(0.,0.,1.));
#1865 = ADVANCED_FACE('',(#1866),#1882,.T.);
#1866 = FACE_BOUND('',#1867,.T.);
#1867 = EDGE_LOOP('',(#1868,#1874,#1875,#1881));
#1868 = ORIENTED_EDGE('',*,*,#1869,.F.);
#1869 = EDGE_CURVE('',#1002,#315,#1870,.T.);
#1870 = LINE('',#1871,#1872);
#1871 = CARTESIAN_POINT('',(2.1436,-1.5086,1.26));
#1872 = VECTOR('',#1873,1.);
#1873 = DIRECTION('',(0.,0.,1.));
#1874 = ORIENTED_EDGE('',*,*,#1001,.T.);
#1875 = ORIENTED_EDGE('',*,*,#1876,.T.);
#1876 = EDGE_CURVE('',#1004,#317,#1877,.T.);
#1877 = LINE('',#1878,#1879);
#1878 = CARTESIAN_POINT('',(1.6664,-1.5086,1.26));
#1879 = VECTOR('',#1880,1.);
#1880 = DIRECTION('',(0.,0.,1.));
#1881 = ORIENTED_EDGE('',*,*,#314,.F.);
#1882 = PLANE('',#1883);
#1883 = AXIS2_PLACEMENT_3D('',#1884,#1885,#1886);
#1884 = CARTESIAN_POINT('',(1.6664,-1.5086,1.26));
#1885 = DIRECTION('',(-0.,1.,0.));
#1886 = DIRECTION('',(0.,0.,1.));
#1887 = ADVANCED_FACE('',(#1888),#1899,.F.);
#1888 = FACE_BOUND('',#1889,.F.);
#1889 = EDGE_LOOP('',(#1890,#1891,#1892,#1898));
#1890 = ORIENTED_EDGE('',*,*,#1869,.F.);
#1891 = ORIENTED_EDGE('',*,*,#1027,.T.);
#1892 = ORIENTED_EDGE('',*,*,#1893,.T.);
#1893 = EDGE_CURVE('',#1020,#333,#1894,.T.);
#1894 = LINE('',#1895,#1896);
#1895 = CARTESIAN_POINT('',(2.1436,-1.0314,1.26));
#1896 = VECTOR('',#1897,1.);
#1897 = DIRECTION('',(0.,0.,1.));
#1898 = ORIENTED_EDGE('',*,*,#340,.F.);
#1899 = PLANE('',#1900);
#1900 = AXIS2_PLACEMENT_3D('',#1901,#1902,#1903);
#1901 = CARTESIAN_POINT('',(2.1436,-1.5086,1.26));
#1902 = DIRECTION('',(1.,0.,-0.));
#1903 = DIRECTION('',(0.,0.,1.));
#1904 = ADVANCED_FACE('',(#1905),#1916,.F.);
#1905 = FACE_BOUND('',#1906,.F.);
#1906 = EDGE_LOOP('',(#1907,#1908,#1909,#1915));
#1907 = ORIENTED_EDGE('',*,*,#1893,.F.);
#1908 = ORIENTED_EDGE('',*,*,#1019,.T.);
#1909 = ORIENTED_EDGE('',*,*,#1910,.T.);
#1910 = EDGE_CURVE('',#1012,#325,#1911,.T.);
#1911 = LINE('',#1912,#1913);
#1912 = CARTESIAN_POINT('',(1.6664,-1.0314,1.26));
#1913 = VECTOR('',#1914,1.);
#1914 = DIRECTION('',(0.,0.,1.));
#1915 = ORIENTED_EDGE('',*,*,#332,.F.);
#1916 = PLANE('',#1917);
#1917 = AXIS2_PLACEMENT_3D('',#1918,#1919,#1920);
#1918 = CARTESIAN_POINT('',(1.6664,-1.0314,1.26));
#1919 = DIRECTION('',(-0.,1.,0.));
#1920 = DIRECTION('',(0.,0.,1.));
#1921 = ADVANCED_FACE('',(#1922),#1928,.T.);
#1922 = FACE_BOUND('',#1923,.T.);
#1923 = EDGE_LOOP('',(#1924,#1925,#1926,#1927));
#1924 = ORIENTED_EDGE('',*,*,#1876,.F.);
#1925 = ORIENTED_EDGE('',*,*,#1011,.T.);
#1926 = ORIENTED_EDGE('',*,*,#1910,.T.);
#1927 = ORIENTED_EDGE('',*,*,#324,.F.);
#1928 = PLANE('',#1929);
#1929 = AXIS2_PLACEMENT_3D('',#1930,#1931,#1932);
#1930 = CARTESIAN_POINT('',(1.6664,-1.5086,1.26));
#1931 = DIRECTION('',(1.,0.,-0.));
#1932 = DIRECTION('',(0.,0.,1.));
#1933 = ADVANCED_FACE('',(#1934),#1950,.T.);
#1934 = FACE_BOUND('',#1935,.T.);
#1935 = EDGE_LOOP('',(#1936,#1942,#1943,#1949));
#1936 = ORIENTED_EDGE('',*,*,#1937,.F.);
#1937 = EDGE_CURVE('',#1036,#349,#1938,.T.);
#1938 = LINE('',#1939,#1940);
#1939 = CARTESIAN_POINT('',(3.4136,-1.5086,1.26));
#1940 = VECTOR('',#1941,1.);
#1941 = DIRECTION('',(0.,0.,1.));
#1942 = ORIENTED_EDGE('',*,*,#1035,.T.);
#1943 = ORIENTED_EDGE('',*,*,#1944,.T.);
#1944 = EDGE_CURVE('',#1038,#351,#1945,.T.);
#1945 = LINE('',#1946,#1947);
#1946 = CARTESIAN_POINT('',(2.9364,-1.5086,1.26));
#1947 = VECTOR('',#1948,1.);
#1948 = DIRECTION('',(0.,0.,1.));
#1949 = ORIENTED_EDGE('',*,*,#348,.F.);
#1950 = PLANE('',#1951);
#1951 = AXIS2_PLACEMENT_3D('',#1952,#1953,#1954);
#1952 = CARTESIAN_POINT('',(2.9364,-1.5086,1.26));
#1953 = DIRECTION('',(-0.,1.,0.));
#1954 = DIRECTION('',(0.,0.,1.));
#1955 = ADVANCED_FACE('',(#1956),#1967,.F.);
#1956 = FACE_BOUND('',#1957,.F.);
#1957 = EDGE_LOOP('',(#1958,#1959,#1960,#1966));
#1958 = ORIENTED_EDGE('',*,*,#1937,.F.);
#1959 = ORIENTED_EDGE('',*,*,#1061,.T.);
#1960 = ORIENTED_EDGE('',*,*,#1961,.T.);
#1961 = EDGE_CURVE('',#1054,#367,#1962,.T.);
#1962 = LINE('',#1963,#1964);
#1963 = CARTESIAN_POINT('',(3.4136,-1.0314,1.26));
#1964 = VECTOR('',#1965,1.);
#1965 = DIRECTION('',(0.,0.,1.));
#1966 = ORIENTED_EDGE('',*,*,#374,.F.);
#1967 = PLANE('',#1968);
#1968 = AXIS2_PLACEMENT_3D('',#1969,#1970,#1971);
#1969 = CARTESIAN_POINT('',(3.4136,-1.5086,1.26));
#1970 = DIRECTION('',(1.,0.,-0.));
#1971 = DIRECTION('',(0.,0.,1.));
#1972 = ADVANCED_FACE('',(#1973),#1984,.F.);
#1973 = FACE_BOUND('',#1974,.F.);
#1974 = EDGE_LOOP('',(#1975,#1976,#1977,#1983));
#1975 = ORIENTED_EDGE('',*,*,#1961,.F.);
#1976 = ORIENTED_EDGE('',*,*,#1053,.T.);
#1977 = ORIENTED_EDGE('',*,*,#1978,.T.);
#1978 = EDGE_CURVE('',#1046,#359,#1979,.T.);
#1979 = LINE('',#1980,#1981);
#1980 = CARTESIAN_POINT('',(2.9364,-1.0314,1.26));
#1981 = VECTOR('',#1982,1.);
#1982 = DIRECTION('',(0.,0.,1.));
#1983 = ORIENTED_EDGE('',*,*,#366,.F.);
#1984 = PLANE('',#1985);
#1985 = AXIS2_PLACEMENT_3D('',#1986,#1987,#1988);
#1986 = CARTESIAN_POINT('',(2.9364,-1.0314,1.26));
#1987 = DIRECTION('',(-0.,1.,0.));
#1988 = DIRECTION('',(0.,0.,1.));
#1989 = ADVANCED_FACE('',(#1990),#1996,.T.);
#1990 = FACE_BOUND('',#1991,.T.);
#1991 = EDGE_LOOP('',(#1992,#1993,#1994,#1995));
#1992 = ORIENTED_EDGE('',*,*,#1944,.F.);
#1993 = ORIENTED_EDGE('',*,*,#1045,.T.);
#1994 = ORIENTED_EDGE('',*,*,#1978,.T.);
#1995 = ORIENTED_EDGE('',*,*,#358,.F.);
#1996 = PLANE('',#1997);
#1997 = AXIS2_PLACEMENT_3D('',#1998,#1999,#2000);
#1998 = CARTESIAN_POINT('',(2.9364,-1.5086,1.26));
#1999 = DIRECTION('',(1.,0.,-0.));
#2000 = DIRECTION('',(0.,0.,1.));
#2001 = ADVANCED_FACE('',(#2002),#2018,.T.);
#2002 = FACE_BOUND('',#2003,.T.);
#2003 = EDGE_LOOP('',(#2004,#2010,#2011,#2017));
#2004 = ORIENTED_EDGE('',*,*,#2005,.F.);
#2005 = EDGE_CURVE('',#1070,#383,#2006,.T.);
#2006 = LINE('',#2007,#2008);
#2007 = CARTESIAN_POINT('',(4.6836,-1.5086,1.26));
#2008 = VECTOR('',#2009,1.);
#2009 = DIRECTION('',(0.,0.,1.));
#2010 = ORIENTED_EDGE('',*,*,#1069,.T.);
#2011 = ORIENTED_EDGE('',*,*,#2012,.T.);
#2012 = EDGE_CURVE('',#1072,#385,#2013,.T.);
#2013 = LINE('',#2014,#2015);
#2014 = CARTESIAN_POINT('',(4.2064,-1.5086,1.26));
#2015 = VECTOR('',#2016,1.);
#2016 = DIRECTION('',(0.,0.,1.));
#2017 = ORIENTED_EDGE('',*,*,#382,.F.);
#2018 = PLANE('',#2019);
#2019 = AXIS2_PLACEMENT_3D('',#2020,#2021,#2022);
#2020 = CARTESIAN_POINT('',(4.2064,-1.5086,1.26));
#2021 = DIRECTION('',(-0.,1.,0.));
#2022 = DIRECTION('',(0.,0.,1.));
#2023 = ADVANCED_FACE('',(#2024),#2035,.F.);
#2024 = FACE_BOUND('',#2025,.F.);
#2025 = EDGE_LOOP('',(#2026,#2027,#2028,#2034));
#2026 = ORIENTED_EDGE('',*,*,#2005,.F.);
#2027 = ORIENTED_EDGE('',*,*,#1095,.T.);
#2028 = ORIENTED_EDGE('',*,*,#2029,.T.);
#2029 = EDGE_CURVE('',#1088,#401,#2030,.T.);
#2030 = LINE('',#2031,#2032);
#2031 = CARTESIAN_POINT('',(4.6836,-1.0314,1.26));
#2032 = VECTOR('',#2033,1.);
#2033 = DIRECTION('',(0.,0.,1.));
#2034 = ORIENTED_EDGE('',*,*,#408,.F.);
#2035 = PLANE('',#2036);
#2036 = AXIS2_PLACEMENT_3D('',#2037,#2038,#2039);
#2037 = CARTESIAN_POINT('',(4.6836,-1.5086,1.26));
#2038 = DIRECTION('',(1.,0.,-0.));
#2039 = DIRECTION('',(0.,0.,1.));
#2040 = ADVANCED_FACE('',(#2041),#2052,.F.);
#2041 = FACE_BOUND('',#2042,.F.);
#2042 = EDGE_LOOP('',(#2043,#2044,#2045,#2051));
#2043 = ORIENTED_EDGE('',*,*,#2029,.F.);
#2044 = ORIENTED_EDGE('',*,*,#1087,.T.);
#2045 = ORIENTED_EDGE('',*,*,#2046,.T.);
#2046 = EDGE_CURVE('',#1080,#393,#2047,.T.);
#2047 = LINE('',#2048,#2049);
#2048 = CARTESIAN_POINT('',(4.2064,-1.0314,1.26));
#2049 = VECTOR('',#2050,1.);
#2050 = DIRECTION('',(0.,0.,1.));
#2051 = ORIENTED_EDGE('',*,*,#400,.F.);
#2052 = PLANE('',#2053);
#2053 = AXIS2_PLACEMENT_3D('',#2054,#2055,#2056);
#2054 = CARTESIAN_POINT('',(4.2064,-1.0314,1.26));
#2055 = DIRECTION('',(-0.,1.,0.));
#2056 = DIRECTION('',(0.,0.,1.));
#2057 = ADVANCED_FACE('',(#2058),#2064,.T.);
#2058 = FACE_BOUND('',#2059,.T.);
#2059 = EDGE_LOOP('',(#2060,#2061,#2062,#2063));
#2060 = ORIENTED_EDGE('',*,*,#2012,.F.);
#2061 = ORIENTED_EDGE('',*,*,#1079,.T.);
#2062 = ORIENTED_EDGE('',*,*,#2046,.T.);
#2063 = ORIENTED_EDGE('',*,*,#392,.F.);
#2064 = PLANE('',#2065);
#2065 = AXIS2_PLACEMENT_3D('',#2066,#2067,#2068);
#2066 = CARTESIAN_POINT('',(4.2064,-1.5086,1.26));
#2067 = DIRECTION('',(1.,0.,-0.));
#2068 = DIRECTION('',(0.,0.,1.));
#2069 = ADVANCED_FACE('',(#2070),#2086,.T.);
#2070 = FACE_BOUND('',#2071,.T.);
#2071 = EDGE_LOOP('',(#2072,#2078,#2079,#2085));
#2072 = ORIENTED_EDGE('',*,*,#2073,.F.);
#2073 = EDGE_CURVE('',#1104,#417,#2074,.T.);
#2074 = LINE('',#2075,#2076);
#2075 = CARTESIAN_POINT('',(5.9536,-1.5086,1.26));
#2076 = VECTOR('',#2077,1.);
#2077 = DIRECTION('',(0.,0.,1.));
#2078 = ORIENTED_EDGE('',*,*,#1103,.T.);
#2079 = ORIENTED_EDGE('',*,*,#2080,.T.);
#2080 = EDGE_CURVE('',#1106,#419,#2081,.T.);
#2081 = LINE('',#2082,#2083);
#2082 = CARTESIAN_POINT('',(5.4764,-1.5086,1.26));
#2083 = VECTOR('',#2084,1.);
#2084 = DIRECTION('',(0.,0.,1.));
#2085 = ORIENTED_EDGE('',*,*,#416,.F.);
#2086 = PLANE('',#2087);
#2087 = AXIS2_PLACEMENT_3D('',#2088,#2089,#2090);
#2088 = CARTESIAN_POINT('',(5.4764,-1.5086,1.26));
#2089 = DIRECTION('',(-0.,1.,0.));
#2090 = DIRECTION('',(0.,0.,1.));
#2091 = ADVANCED_FACE('',(#2092),#2103,.F.);
#2092 = FACE_BOUND('',#2093,.F.);
#2093 = EDGE_LOOP('',(#2094,#2095,#2096,#2102));
#2094 = ORIENTED_EDGE('',*,*,#2073,.F.);
#2095 = ORIENTED_EDGE('',*,*,#1129,.T.);
#2096 = ORIENTED_EDGE('',*,*,#2097,.T.);
#2097 = EDGE_CURVE('',#1122,#435,#2098,.T.);
#2098 = LINE('',#2099,#2100);
#2099 = CARTESIAN_POINT('',(5.9536,-1.0314,1.26));
#2100 = VECTOR('',#2101,1.);
#2101 = DIRECTION('',(0.,0.,1.));
#2102 = ORIENTED_EDGE('',*,*,#442,.F.);
#2103 = PLANE('',#2104);
#2104 = AXIS2_PLACEMENT_3D('',#2105,#2106,#2107);
#2105 = CARTESIAN_POINT('',(5.9536,-1.5086,1.26));
#2106 = DIRECTION('',(1.,0.,-0.));
#2107 = DIRECTION('',(0.,0.,1.));
#2108 = ADVANCED_FACE('',(#2109),#2120,.F.);
#2109 = FACE_BOUND('',#2110,.F.);
#2110 = EDGE_LOOP('',(#2111,#2112,#2113,#2119));
#2111 = ORIENTED_EDGE('',*,*,#2097,.F.);
#2112 = ORIENTED_EDGE('',*,*,#1121,.T.);
#2113 = ORIENTED_EDGE('',*,*,#2114,.T.);
#2114 = EDGE_CURVE('',#1114,#427,#2115,.T.);
#2115 = LINE('',#2116,#2117);
#2116 = CARTESIAN_POINT('',(5.4764,-1.0314,1.26));
#2117 = VECTOR('',#2118,1.);
#2118 = DIRECTION('',(0.,0.,1.));
#2119 = ORIENTED_EDGE('',*,*,#434,.F.);
#2120 = PLANE('',#2121);
#2121 = AXIS2_PLACEMENT_3D('',#2122,#2123,#2124);
#2122 = CARTESIAN_POINT('',(5.4764,-1.0314,1.26));
#2123 = DIRECTION('',(-0.,1.,0.));
#2124 = DIRECTION('',(0.,0.,1.));
#2125 = ADVANCED_FACE('',(#2126),#2132,.T.);
#2126 = FACE_BOUND('',#2127,.T.);
#2127 = EDGE_LOOP('',(#2128,#2129,#2130,#2131));
#2128 = ORIENTED_EDGE('',*,*,#2080,.F.);
#2129 = ORIENTED_EDGE('',*,*,#1113,.T.);
#2130 = ORIENTED_EDGE('',*,*,#2114,.T.);
#2131 = ORIENTED_EDGE('',*,*,#426,.F.);
#2132 = PLANE('',#2133);
#2133 = AXIS2_PLACEMENT_3D('',#2134,#2135,#2136);
#2134 = CARTESIAN_POINT('',(5.4764,-1.5086,1.26));
#2135 = DIRECTION('',(1.,0.,-0.));
#2136 = DIRECTION('',(0.,0.,1.));
#2137 = ADVANCED_FACE('',(#2138),#2154,.T.);
#2138 = FACE_BOUND('',#2139,.T.);
#2139 = EDGE_LOOP('',(#2140,#2146,#2147,#2153));
#2140 = ORIENTED_EDGE('',*,*,#2141,.F.);
#2141 = EDGE_CURVE('',#1138,#451,#2142,.T.);
#2142 = LINE('',#2143,#2144);
#2143 = CARTESIAN_POINT('',(-5.4764,1.0314,1.26));
#2144 = VECTOR('',#2145,1.);
#2145 = DIRECTION('',(0.,0.,1.));
#2146 = ORIENTED_EDGE('',*,*,#1137,.T.);
#2147 = ORIENTED_EDGE('',*,*,#2148,.T.);
#2148 = EDGE_CURVE('',#1140,#453,#2149,.T.);
#2149 = LINE('',#2150,#2151);
#2150 = CARTESIAN_POINT('',(-5.9536,1.0314,1.26));
#2151 = VECTOR('',#2152,1.);
#2152 = DIRECTION('',(0.,0.,1.));
#2153 = ORIENTED_EDGE('',*,*,#450,.F.);
#2154 = PLANE('',#2155);
#2155 = AXIS2_PLACEMENT_3D('',#2156,#2157,#2158);
#2156 = CARTESIAN_POINT('',(-5.9536,1.0314,1.26));
#2157 = DIRECTION('',(-0.,1.,0.));
#2158 = DIRECTION('',(0.,0.,1.));
#2159 = ADVANCED_FACE('',(#2160),#2171,.F.);
#2160 = FACE_BOUND('',#2161,.F.);
#2161 = EDGE_LOOP('',(#2162,#2163,#2164,#2170));
#2162 = ORIENTED_EDGE('',*,*,#2141,.F.);
#2163 = ORIENTED_EDGE('',*,*,#1163,.T.);
#2164 = ORIENTED_EDGE('',*,*,#2165,.T.);
#2165 = EDGE_CURVE('',#1156,#469,#2166,.T.);
#2166 = LINE('',#2167,#2168);
#2167 = CARTESIAN_POINT('',(-5.4764,1.5086,1.26));
#2168 = VECTOR('',#2169,1.);
#2169 = DIRECTION('',(0.,0.,1.));
#2170 = ORIENTED_EDGE('',*,*,#476,.F.);
#2171 = PLANE('',#2172);
#2172 = AXIS2_PLACEMENT_3D('',#2173,#2174,#2175);
#2173 = CARTESIAN_POINT('',(-5.4764,1.0314,1.26));
#2174 = DIRECTION('',(1.,0.,-0.));
#2175 = DIRECTION('',(0.,0.,1.));
#2176 = ADVANCED_FACE('',(#2177),#2188,.F.);
#2177 = FACE_BOUND('',#2178,.F.);
#2178 = EDGE_LOOP('',(#2179,#2180,#2181,#2187));
#2179 = ORIENTED_EDGE('',*,*,#2165,.F.);
#2180 = ORIENTED_EDGE('',*,*,#1155,.T.);
#2181 = ORIENTED_EDGE('',*,*,#2182,.T.);
#2182 = EDGE_CURVE('',#1148,#461,#2183,.T.);
#2183 = LINE('',#2184,#2185);
#2184 = CARTESIAN_POINT('',(-5.9536,1.5086,1.26));
#2185 = VECTOR('',#2186,1.);
#2186 = DIRECTION('',(0.,0.,1.));
#2187 = ORIENTED_EDGE('',*,*,#468,.F.);
#2188 = PLANE('',#2189);
#2189 = AXIS2_PLACEMENT_3D('',#2190,#2191,#2192);
#2190 = CARTESIAN_POINT('',(-5.9536,1.5086,1.26));
#2191 = DIRECTION('',(-0.,1.,0.));
#2192 = DIRECTION('',(0.,0.,1.));
#2193 = ADVANCED_FACE('',(#2194),#2200,.T.);
#2194 = FACE_BOUND('',#2195,.T.);
#2195 = EDGE_LOOP('',(#2196,#2197,#2198,#2199));
#2196 = ORIENTED_EDGE('',*,*,#2148,.F.);
#2197 = ORIENTED_EDGE('',*,*,#1147,.T.);
#2198 = ORIENTED_EDGE('',*,*,#2182,.T.);
#2199 = ORIENTED_EDGE('',*,*,#460,.F.);
#2200 = PLANE('',#2201);
#2201 = AXIS2_PLACEMENT_3D('',#2202,#2203,#2204);
#2202 = CARTESIAN_POINT('',(-5.9536,1.0314,1.26));
#2203 = DIRECTION('',(1.,0.,-0.));
#2204 = DIRECTION('',(0.,0.,1.));
#2205 = ADVANCED_FACE('',(#2206),#2222,.T.);
#2206 = FACE_BOUND('',#2207,.T.);
#2207 = EDGE_LOOP('',(#2208,#2214,#2215,#2221));
#2208 = ORIENTED_EDGE('',*,*,#2209,.F.);
#2209 = EDGE_CURVE('',#1172,#485,#2210,.T.);
#2210 = LINE('',#2211,#2212);
#2211 = CARTESIAN_POINT('',(-4.2064,1.0314,1.26));
#2212 = VECTOR('',#2213,1.);
#2213 = DIRECTION('',(0.,0.,1.));
#2214 = ORIENTED_EDGE('',*,*,#1171,.T.);
#2215 = ORIENTED_EDGE('',*,*,#2216,.T.);
#2216 = EDGE_CURVE('',#1174,#487,#2217,.T.);
#2217 = LINE('',#2218,#2219);
#2218 = CARTESIAN_POINT('',(-4.6836,1.0314,1.26));
#2219 = VECTOR('',#2220,1.);
#2220 = DIRECTION('',(0.,0.,1.));
#2221 = ORIENTED_EDGE('',*,*,#484,.F.);
#2222 = PLANE('',#2223);
#2223 = AXIS2_PLACEMENT_3D('',#2224,#2225,#2226);
#2224 = CARTESIAN_POINT('',(-4.6836,1.0314,1.26));
#2225 = DIRECTION('',(-0.,1.,0.));
#2226 = DIRECTION('',(0.,0.,1.));
#2227 = ADVANCED_FACE('',(#2228),#2239,.F.);
#2228 = FACE_BOUND('',#2229,.F.);
#2229 = EDGE_LOOP('',(#2230,#2231,#2232,#2238));
#2230 = ORIENTED_EDGE('',*,*,#2209,.F.);
#2231 = ORIENTED_EDGE('',*,*,#1197,.T.);
#2232 = ORIENTED_EDGE('',*,*,#2233,.T.);
#2233 = EDGE_CURVE('',#1190,#503,#2234,.T.);
#2234 = LINE('',#2235,#2236);
#2235 = CARTESIAN_POINT('',(-4.2064,1.5086,1.26));
#2236 = VECTOR('',#2237,1.);
#2237 = DIRECTION('',(0.,0.,1.));
#2238 = ORIENTED_EDGE('',*,*,#510,.F.);
#2239 = PLANE('',#2240);
#2240 = AXIS2_PLACEMENT_3D('',#2241,#2242,#2243);
#2241 = CARTESIAN_POINT('',(-4.2064,1.0314,1.26));
#2242 = DIRECTION('',(1.,0.,-0.));
#2243 = DIRECTION('',(0.,0.,1.));
#2244 = ADVANCED_FACE('',(#2245),#2256,.F.);
#2245 = FACE_BOUND('',#2246,.F.);
#2246 = EDGE_LOOP('',(#2247,#2248,#2249,#2255));
#2247 = ORIENTED_EDGE('',*,*,#2233,.F.);
#2248 = ORIENTED_EDGE('',*,*,#1189,.T.);
#2249 = ORIENTED_EDGE('',*,*,#2250,.T.);
#2250 = EDGE_CURVE('',#1182,#495,#2251,.T.);
#2251 = LINE('',#2252,#2253);
#2252 = CARTESIAN_POINT('',(-4.6836,1.5086,1.26));
#2253 = VECTOR('',#2254,1.);
#2254 = DIRECTION('',(0.,0.,1.));
#2255 = ORIENTED_EDGE('',*,*,#502,.F.);
#2256 = PLANE('',#2257);
#2257 = AXIS2_PLACEMENT_3D('',#2258,#2259,#2260);
#2258 = CARTESIAN_POINT('',(-4.6836,1.5086,1.26));
#2259 = DIRECTION('',(-0.,1.,0.));
#2260 = DIRECTION('',(0.,0.,1.));
#2261 = ADVANCED_FACE('',(#2262),#2268,.T.);
#2262 = FACE_BOUND('',#2263,.T.);
#2263 = EDGE_LOOP('',(#2264,#2265,#2266,#2267));
#2264 = ORIENTED_EDGE('',*,*,#2216,.F.);
#2265 = ORIENTED_EDGE('',*,*,#1181,.T.);
#2266 = ORIENTED_EDGE('',*,*,#2250,.T.);
#2267 = ORIENTED_EDGE('',*,*,#494,.F.);
#2268 = PLANE('',#2269);
#2269 = AXIS2_PLACEMENT_3D('',#2270,#2271,#2272);
#2270 = CARTESIAN_POINT('',(-4.6836,1.0314,1.26));
#2271 = DIRECTION('',(1.,0.,-0.));
#2272 = DIRECTION('',(0.,0.,1.));
#2273 = ADVANCED_FACE('',(#2274),#2290,.T.);
#2274 = FACE_BOUND('',#2275,.T.);
#2275 = EDGE_LOOP('',(#2276,#2282,#2283,#2289));
#2276 = ORIENTED_EDGE('',*,*,#2277,.F.);
#2277 = EDGE_CURVE('',#1206,#519,#2278,.T.);
#2278 = LINE('',#2279,#2280);
#2279 = CARTESIAN_POINT('',(-1.6664,1.0314,1.26));
#2280 = VECTOR('',#2281,1.);
#2281 = DIRECTION('',(0.,0.,1.));
#2282 = ORIENTED_EDGE('',*,*,#1205,.T.);
#2283 = ORIENTED_EDGE('',*,*,#2284,.T.);
#2284 = EDGE_CURVE('',#1208,#521,#2285,.T.);
#2285 = LINE('',#2286,#2287);
#2286 = CARTESIAN_POINT('',(-2.1436,1.0314,1.26));
#2287 = VECTOR('',#2288,1.);
#2288 = DIRECTION('',(0.,0.,1.));
#2289 = ORIENTED_EDGE('',*,*,#518,.F.);
#2290 = PLANE('',#2291);
#2291 = AXIS2_PLACEMENT_3D('',#2292,#2293,#2294);
#2292 = CARTESIAN_POINT('',(-2.1436,1.0314,1.26));
#2293 = DIRECTION('',(-0.,1.,0.));
#2294 = DIRECTION('',(0.,0.,1.));
#2295 = ADVANCED_FACE('',(#2296),#2307,.F.);
#2296 = FACE_BOUND('',#2297,.F.);
#2297 = EDGE_LOOP('',(#2298,#2299,#2300,#2306));
#2298 = ORIENTED_EDGE('',*,*,#2277,.F.);
#2299 = ORIENTED_EDGE('',*,*,#1231,.T.);
#2300 = ORIENTED_EDGE('',*,*,#2301,.T.);
#2301 = EDGE_CURVE('',#1224,#537,#2302,.T.);
#2302 = LINE('',#2303,#2304);
#2303 = CARTESIAN_POINT('',(-1.6664,1.5086,1.26));
#2304 = VECTOR('',#2305,1.);
#2305 = DIRECTION('',(0.,0.,1.));
#2306 = ORIENTED_EDGE('',*,*,#544,.F.);
#2307 = PLANE('',#2308);
#2308 = AXIS2_PLACEMENT_3D('',#2309,#2310,#2311);
#2309 = CARTESIAN_POINT('',(-1.6664,1.0314,1.26));
#2310 = DIRECTION('',(1.,0.,-0.));
#2311 = DIRECTION('',(0.,0.,1.));
#2312 = ADVANCED_FACE('',(#2313),#2324,.F.);
#2313 = FACE_BOUND('',#2314,.F.);
#2314 = EDGE_LOOP('',(#2315,#2316,#2317,#2323));
#2315 = ORIENTED_EDGE('',*,*,#2301,.F.);
#2316 = ORIENTED_EDGE('',*,*,#1223,.T.);
#2317 = ORIENTED_EDGE('',*,*,#2318,.T.);
#2318 = EDGE_CURVE('',#1216,#529,#2319,.T.);
#2319 = LINE('',#2320,#2321);
#2320 = CARTESIAN_POINT('',(-2.1436,1.5086,1.26));
#2321 = VECTOR('',#2322,1.);
#2322 = DIRECTION('',(0.,0.,1.));
#2323 = ORIENTED_EDGE('',*,*,#536,.F.);
#2324 = PLANE('',#2325);
#2325 = AXIS2_PLACEMENT_3D('',#2326,#2327,#2328);
#2326 = CARTESIAN_POINT('',(-2.1436,1.5086,1.26));
#2327 = DIRECTION('',(-0.,1.,0.));
#2328 = DIRECTION('',(0.,0.,1.));
#2329 = ADVANCED_FACE('',(#2330),#2336,.T.);
#2330 = FACE_BOUND('',#2331,.T.);
#2331 = EDGE_LOOP('',(#2332,#2333,#2334,#2335));
#2332 = ORIENTED_EDGE('',*,*,#2284,.F.);
#2333 = ORIENTED_EDGE('',*,*,#1215,.T.);
#2334 = ORIENTED_EDGE('',*,*,#2318,.T.);
#2335 = ORIENTED_EDGE('',*,*,#528,.F.);
#2336 = PLANE('',#2337);
#2337 = AXIS2_PLACEMENT_3D('',#2338,#2339,#2340);
#2338 = CARTESIAN_POINT('',(-2.1436,1.0314,1.26));
#2339 = DIRECTION('',(1.,0.,-0.));
#2340 = DIRECTION('',(0.,0.,1.));
#2341 = ADVANCED_FACE('',(#2342),#2358,.T.);
#2342 = FACE_BOUND('',#2343,.T.);
#2343 = EDGE_LOOP('',(#2344,#2350,#2351,#2357));
#2344 = ORIENTED_EDGE('',*,*,#2345,.F.);
#2345 = EDGE_CURVE('',#1240,#553,#2346,.T.);
#2346 = LINE('',#2347,#2348);
#2347 = CARTESIAN_POINT('',(-0.3964,1.0314,1.26));
#2348 = VECTOR('',#2349,1.);
#2349 = DIRECTION('',(0.,0.,1.));
#2350 = ORIENTED_EDGE('',*,*,#1239,.T.);
#2351 = ORIENTED_EDGE('',*,*,#2352,.T.);
#2352 = EDGE_CURVE('',#1242,#555,#2353,.T.);
#2353 = LINE('',#2354,#2355);
#2354 = CARTESIAN_POINT('',(-0.8736,1.0314,1.26));
#2355 = VECTOR('',#2356,1.);
#2356 = DIRECTION('',(0.,0.,1.));
#2357 = ORIENTED_EDGE('',*,*,#552,.F.);
#2358 = PLANE('',#2359);
#2359 = AXIS2_PLACEMENT_3D('',#2360,#2361,#2362);
#2360 = CARTESIAN_POINT('',(-0.8736,1.0314,1.26));
#2361 = DIRECTION('',(-0.,1.,0.));
#2362 = DIRECTION('',(0.,0.,1.));
#2363 = ADVANCED_FACE('',(#2364),#2375,.F.);
#2364 = FACE_BOUND('',#2365,.F.);
#2365 = EDGE_LOOP('',(#2366,#2367,#2368,#2374));
#2366 = ORIENTED_EDGE('',*,*,#2345,.F.);
#2367 = ORIENTED_EDGE('',*,*,#1265,.T.);
#2368 = ORIENTED_EDGE('',*,*,#2369,.T.);
#2369 = EDGE_CURVE('',#1258,#571,#2370,.T.);
#2370 = LINE('',#2371,#2372);
#2371 = CARTESIAN_POINT('',(-0.3964,1.5086,1.26));
#2372 = VECTOR('',#2373,1.);
#2373 = DIRECTION('',(0.,0.,1.));
#2374 = ORIENTED_EDGE('',*,*,#578,.F.);
#2375 = PLANE('',#2376);
#2376 = AXIS2_PLACEMENT_3D('',#2377,#2378,#2379);
#2377 = CARTESIAN_POINT('',(-0.3964,1.0314,1.26));
#2378 = DIRECTION('',(1.,0.,-0.));
#2379 = DIRECTION('',(0.,0.,1.));
#2380 = ADVANCED_FACE('',(#2381),#2392,.F.);
#2381 = FACE_BOUND('',#2382,.F.);
#2382 = EDGE_LOOP('',(#2383,#2384,#2385,#2391));
#2383 = ORIENTED_EDGE('',*,*,#2369,.F.);
#2384 = ORIENTED_EDGE('',*,*,#1257,.T.);
#2385 = ORIENTED_EDGE('',*,*,#2386,.T.);
#2386 = EDGE_CURVE('',#1250,#563,#2387,.T.);
#2387 = LINE('',#2388,#2389);
#2388 = CARTESIAN_POINT('',(-0.8736,1.5086,1.26));
#2389 = VECTOR('',#2390,1.);
#2390 = DIRECTION('',(0.,0.,1.));
#2391 = ORIENTED_EDGE('',*,*,#570,.F.);
#2392 = PLANE('',#2393);
#2393 = AXIS2_PLACEMENT_3D('',#2394,#2395,#2396);
#2394 = CARTESIAN_POINT('',(-0.8736,1.5086,1.26));
#2395 = DIRECTION('',(-0.,1.,0.));
#2396 = DIRECTION('',(0.,0.,1.));
#2397 = ADVANCED_FACE('',(#2398),#2404,.T.);
#2398 = FACE_BOUND('',#2399,.T.);
#2399 = EDGE_LOOP('',(#2400,#2401,#2402,#2403));
#2400 = ORIENTED_EDGE('',*,*,#2352,.F.);
#2401 = ORIENTED_EDGE('',*,*,#1249,.T.);
#2402 = ORIENTED_EDGE('',*,*,#2386,.T.);
#2403 = ORIENTED_EDGE('',*,*,#562,.F.);
#2404 = PLANE('',#2405);
#2405 = AXIS2_PLACEMENT_3D('',#2406,#2407,#2408);
#2406 = CARTESIAN_POINT('',(-0.8736,1.0314,1.26));
#2407 = DIRECTION('',(1.,0.,-0.));
#2408 = DIRECTION('',(0.,0.,1.));
#2409 = ADVANCED_FACE('',(#2410),#2426,.T.);
#2410 = FACE_BOUND('',#2411,.T.);
#2411 = EDGE_LOOP('',(#2412,#2418,#2419,#2425));
#2412 = ORIENTED_EDGE('',*,*,#2413,.F.);
#2413 = EDGE_CURVE('',#1274,#587,#2414,.T.);
#2414 = LINE('',#2415,#2416);
#2415 = CARTESIAN_POINT('',(0.8736,1.0314,1.26));
#2416 = VECTOR('',#2417,1.);
#2417 = DIRECTION('',(0.,0.,1.));
#2418 = ORIENTED_EDGE('',*,*,#1273,.T.);
#2419 = ORIENTED_EDGE('',*,*,#2420,.T.);
#2420 = EDGE_CURVE('',#1276,#589,#2421,.T.);
#2421 = LINE('',#2422,#2423);
#2422 = CARTESIAN_POINT('',(0.3964,1.0314,1.26));
#2423 = VECTOR('',#2424,1.);
#2424 = DIRECTION('',(0.,0.,1.));
#2425 = ORIENTED_EDGE('',*,*,#586,.F.);
#2426 = PLANE('',#2427);
#2427 = AXIS2_PLACEMENT_3D('',#2428,#2429,#2430);
#2428 = CARTESIAN_POINT('',(0.3964,1.0314,1.26));
#2429 = DIRECTION('',(-0.,1.,0.));
#2430 = DIRECTION('',(0.,0.,1.));
#2431 = ADVANCED_FACE('',(#2432),#2443,.F.);
#2432 = FACE_BOUND('',#2433,.F.);
#2433 = EDGE_LOOP('',(#2434,#2435,#2436,#2442));
#2434 = ORIENTED_EDGE('',*,*,#2413,.F.);
#2435 = ORIENTED_EDGE('',*,*,#1299,.T.);
#2436 = ORIENTED_EDGE('',*,*,#2437,.T.);
#2437 = EDGE_CURVE('',#1292,#605,#2438,.T.);
#2438 = LINE('',#2439,#2440);
#2439 = CARTESIAN_POINT('',(0.8736,1.5086,1.26));
#2440 = VECTOR('',#2441,1.);
#2441 = DIRECTION('',(0.,0.,1.));
#2442 = ORIENTED_EDGE('',*,*,#612,.F.);
#2443 = PLANE('',#2444);
#2444 = AXIS2_PLACEMENT_3D('',#2445,#2446,#2447);
#2445 = CARTESIAN_POINT('',(0.8736,1.0314,1.26));
#2446 = DIRECTION('',(1.,0.,-0.));
#2447 = DIRECTION('',(0.,0.,1.));
#2448 = ADVANCED_FACE('',(#2449),#2460,.F.);
#2449 = FACE_BOUND('',#2450,.F.);
#2450 = EDGE_LOOP('',(#2451,#2452,#2453,#2459));
#2451 = ORIENTED_EDGE('',*,*,#2437,.F.);
#2452 = ORIENTED_EDGE('',*,*,#1291,.T.);
#2453 = ORIENTED_EDGE('',*,*,#2454,.T.);
#2454 = EDGE_CURVE('',#1284,#597,#2455,.T.);
#2455 = LINE('',#2456,#2457);
#2456 = CARTESIAN_POINT('',(0.3964,1.5086,1.26));
#2457 = VECTOR('',#2458,1.);
#2458 = DIRECTION('',(0.,0.,1.));
#2459 = ORIENTED_EDGE('',*,*,#604,.F.);
#2460 = PLANE('',#2461);
#2461 = AXIS2_PLACEMENT_3D('',#2462,#2463,#2464);
#2462 = CARTESIAN_POINT('',(0.3964,1.5086,1.26));
#2463 = DIRECTION('',(-0.,1.,0.));
#2464 = DIRECTION('',(0.,0.,1.));
#2465 = ADVANCED_FACE('',(#2466),#2472,.T.);
#2466 = FACE_BOUND('',#2467,.T.);
#2467 = EDGE_LOOP('',(#2468,#2469,#2470,#2471));
#2468 = ORIENTED_EDGE('',*,*,#2420,.F.);
#2469 = ORIENTED_EDGE('',*,*,#1283,.T.);
#2470 = ORIENTED_EDGE('',*,*,#2454,.T.);
#2471 = ORIENTED_EDGE('',*,*,#596,.F.);
#2472 = PLANE('',#2473);
#2473 = AXIS2_PLACEMENT_3D('',#2474,#2475,#2476);
#2474 = CARTESIAN_POINT('',(0.3964,1.0314,1.26));
#2475 = DIRECTION('',(1.,0.,-0.));
#2476 = DIRECTION('',(0.,0.,1.));
#2477 = ADVANCED_FACE('',(#2478),#2494,.T.);
#2478 = FACE_BOUND('',#2479,.T.);
#2479 = EDGE_LOOP('',(#2480,#2486,#2487,#2493));
#2480 = ORIENTED_EDGE('',*,*,#2481,.F.);
#2481 = EDGE_CURVE('',#1308,#621,#2482,.T.);
#2482 = LINE('',#2483,#2484);
#2483 = CARTESIAN_POINT('',(2.1436,1.0314,1.26));
#2484 = VECTOR('',#2485,1.);
#2485 = DIRECTION('',(0.,0.,1.));
#2486 = ORIENTED_EDGE('',*,*,#1307,.T.);
#2487 = ORIENTED_EDGE('',*,*,#2488,.T.);
#2488 = EDGE_CURVE('',#1310,#623,#2489,.T.);
#2489 = LINE('',#2490,#2491);
#2490 = CARTESIAN_POINT('',(1.6664,1.0314,1.26));
#2491 = VECTOR('',#2492,1.);
#2492 = DIRECTION('',(0.,0.,1.));
#2493 = ORIENTED_EDGE('',*,*,#620,.F.);
#2494 = PLANE('',#2495);
#2495 = AXIS2_PLACEMENT_3D('',#2496,#2497,#2498);
#2496 = CARTESIAN_POINT('',(1.6664,1.0314,1.26));
#2497 = DIRECTION('',(-0.,1.,0.));
#2498 = DIRECTION('',(0.,0.,1.));
#2499 = ADVANCED_FACE('',(#2500),#2511,.F.);
#2500 = FACE_BOUND('',#2501,.F.);
#2501 = EDGE_LOOP('',(#2502,#2503,#2504,#2510));
#2502 = ORIENTED_EDGE('',*,*,#2481,.F.);
#2503 = ORIENTED_EDGE('',*,*,#1333,.T.);
#2504 = ORIENTED_EDGE('',*,*,#2505,.T.);
#2505 = EDGE_CURVE('',#1326,#639,#2506,.T.);
#2506 = LINE('',#2507,#2508);
#2507 = CARTESIAN_POINT('',(2.1436,1.5086,1.26));
#2508 = VECTOR('',#2509,1.);
#2509 = DIRECTION('',(0.,0.,1.));
#2510 = ORIENTED_EDGE('',*,*,#646,.F.);
#2511 = PLANE('',#2512);
#2512 = AXIS2_PLACEMENT_3D('',#2513,#2514,#2515);
#2513 = CARTESIAN_POINT('',(2.1436,1.0314,1.26));
#2514 = DIRECTION('',(1.,0.,-0.));
#2515 = DIRECTION('',(0.,0.,1.));
#2516 = ADVANCED_FACE('',(#2517),#2528,.F.);
#2517 = FACE_BOUND('',#2518,.F.);
#2518 = EDGE_LOOP('',(#2519,#2520,#2521,#2527));
#2519 = ORIENTED_EDGE('',*,*,#2505,.F.);
#2520 = ORIENTED_EDGE('',*,*,#1325,.T.);
#2521 = ORIENTED_EDGE('',*,*,#2522,.T.);
#2522 = EDGE_CURVE('',#1318,#631,#2523,.T.);
#2523 = LINE('',#2524,#2525);
#2524 = CARTESIAN_POINT('',(1.6664,1.5086,1.26));
#2525 = VECTOR('',#2526,1.);
#2526 = DIRECTION('',(0.,0.,1.));
#2527 = ORIENTED_EDGE('',*,*,#638,.F.);
#2528 = PLANE('',#2529);
#2529 = AXIS2_PLACEMENT_3D('',#2530,#2531,#2532);
#2530 = CARTESIAN_POINT('',(1.6664,1.5086,1.26));
#2531 = DIRECTION('',(-0.,1.,0.));
#2532 = DIRECTION('',(0.,0.,1.));
#2533 = ADVANCED_FACE('',(#2534),#2540,.T.);
#2534 = FACE_BOUND('',#2535,.T.);
#2535 = EDGE_LOOP('',(#2536,#2537,#2538,#2539));
#2536 = ORIENTED_EDGE('',*,*,#2488,.F.);
#2537 = ORIENTED_EDGE('',*,*,#1317,.T.);
#2538 = ORIENTED_EDGE('',*,*,#2522,.T.);
#2539 = ORIENTED_EDGE('',*,*,#630,.F.);
#2540 = PLANE('',#2541);
#2541 = AXIS2_PLACEMENT_3D('',#2542,#2543,#2544);
#2542 = CARTESIAN_POINT('',(1.6664,1.0314,1.26));
#2543 = DIRECTION('',(1.,0.,-0.));
#2544 = DIRECTION('',(0.,0.,1.));
#2545 = ADVANCED_FACE('',(#2546),#2562,.T.);
#2546 = FACE_BOUND('',#2547,.T.);
#2547 = EDGE_LOOP('',(#2548,#2554,#2555,#2561));
#2548 = ORIENTED_EDGE('',*,*,#2549,.F.);
#2549 = EDGE_CURVE('',#1342,#655,#2550,.T.);
#2550 = LINE('',#2551,#2552);
#2551 = CARTESIAN_POINT('',(3.4136,1.0314,1.26));
#2552 = VECTOR('',#2553,1.);
#2553 = DIRECTION('',(0.,0.,1.));
#2554 = ORIENTED_EDGE('',*,*,#1341,.T.);
#2555 = ORIENTED_EDGE('',*,*,#2556,.T.);
#2556 = EDGE_CURVE('',#1344,#657,#2557,.T.);
#2557 = LINE('',#2558,#2559);
#2558 = CARTESIAN_POINT('',(2.9364,1.0314,1.26));
#2559 = VECTOR('',#2560,1.);
#2560 = DIRECTION('',(0.,0.,1.));
#2561 = ORIENTED_EDGE('',*,*,#654,.F.);
#2562 = PLANE('',#2563);
#2563 = AXIS2_PLACEMENT_3D('',#2564,#2565,#2566);
#2564 = CARTESIAN_POINT('',(2.9364,1.0314,1.26));
#2565 = DIRECTION('',(-0.,1.,0.));
#2566 = DIRECTION('',(0.,0.,1.));
#2567 = ADVANCED_FACE('',(#2568),#2579,.F.);
#2568 = FACE_BOUND('',#2569,.F.);
#2569 = EDGE_LOOP('',(#2570,#2571,#2572,#2578));
#2570 = ORIENTED_EDGE('',*,*,#2549,.F.);
#2571 = ORIENTED_EDGE('',*,*,#1367,.T.);
#2572 = ORIENTED_EDGE('',*,*,#2573,.T.);
#2573 = EDGE_CURVE('',#1360,#673,#2574,.T.);
#2574 = LINE('',#2575,#2576);
#2575 = CARTESIAN_POINT('',(3.4136,1.5086,1.26));
#2576 = VECTOR('',#2577,1.);
#2577 = DIRECTION('',(0.,0.,1.));
#2578 = ORIENTED_EDGE('',*,*,#680,.F.);
#2579 = PLANE('',#2580);
#2580 = AXIS2_PLACEMENT_3D('',#2581,#2582,#2583);
#2581 = CARTESIAN_POINT('',(3.4136,1.0314,1.26));
#2582 = DIRECTION('',(1.,0.,-0.));
#2583 = DIRECTION('',(0.,0.,1.));
#2584 = ADVANCED_FACE('',(#2585),#2596,.F.);
#2585 = FACE_BOUND('',#2586,.F.);
#2586 = EDGE_LOOP('',(#2587,#2588,#2589,#2595));
#2587 = ORIENTED_EDGE('',*,*,#2573,.F.);
#2588 = ORIENTED_EDGE('',*,*,#1359,.T.);
#2589 = ORIENTED_EDGE('',*,*,#2590,.T.);
#2590 = EDGE_CURVE('',#1352,#665,#2591,.T.);
#2591 = LINE('',#2592,#2593);
#2592 = CARTESIAN_POINT('',(2.9364,1.5086,1.26));
#2593 = VECTOR('',#2594,1.);
#2594 = DIRECTION('',(0.,0.,1.));
#2595 = ORIENTED_EDGE('',*,*,#672,.F.);
#2596 = PLANE('',#2597);
#2597 = AXIS2_PLACEMENT_3D('',#2598,#2599,#2600);
#2598 = CARTESIAN_POINT('',(2.9364,1.5086,1.26));
#2599 = DIRECTION('',(-0.,1.,0.));
#2600 = DIRECTION('',(0.,0.,1.));
#2601 = ADVANCED_FACE('',(#2602),#2608,.T.);
#2602 = FACE_BOUND('',#2603,.T.);
#2603 = EDGE_LOOP('',(#2604,#2605,#2606,#2607));
#2604 = ORIENTED_EDGE('',*,*,#2556,.F.);
#2605 = ORIENTED_EDGE('',*,*,#1351,.T.);
#2606 = ORIENTED_EDGE('',*,*,#2590,.T.);
#2607 = ORIENTED_EDGE('',*,*,#664,.F.);
#2608 = PLANE('',#2609);
#2609 = AXIS2_PLACEMENT_3D('',#2610,#2611,#2612);
#2610 = CARTESIAN_POINT('',(2.9364,1.0314,1.26));
#2611 = DIRECTION('',(1.,0.,-0.));
#2612 = DIRECTION('',(0.,0.,1.));
#2613 = ADVANCED_FACE('',(#2614),#2630,.T.);
#2614 = FACE_BOUND('',#2615,.T.);
#2615 = EDGE_LOOP('',(#2616,#2622,#2623,#2629));
#2616 = ORIENTED_EDGE('',*,*,#2617,.F.);
#2617 = EDGE_CURVE('',#1376,#689,#2618,.T.);
#2618 = LINE('',#2619,#2620);
#2619 = CARTESIAN_POINT('',(4.6836,1.0314,1.26));
#2620 = VECTOR('',#2621,1.);
#2621 = DIRECTION('',(0.,0.,1.));
#2622 = ORIENTED_EDGE('',*,*,#1375,.T.);
#2623 = ORIENTED_EDGE('',*,*,#2624,.T.);
#2624 = EDGE_CURVE('',#1378,#691,#2625,.T.);
#2625 = LINE('',#2626,#2627);
#2626 = CARTESIAN_POINT('',(4.2064,1.0314,1.26));
#2627 = VECTOR('',#2628,1.);
#2628 = DIRECTION('',(0.,0.,1.));
#2629 = ORIENTED_EDGE('',*,*,#688,.F.);
#2630 = PLANE('',#2631);
#2631 = AXIS2_PLACEMENT_3D('',#2632,#2633,#2634);
#2632 = CARTESIAN_POINT('',(4.2064,1.0314,1.26));
#2633 = DIRECTION('',(-0.,1.,0.));
#2634 = DIRECTION('',(0.,0.,1.));
#2635 = ADVANCED_FACE('',(#2636),#2647,.F.);
#2636 = FACE_BOUND('',#2637,.F.);
#2637 = EDGE_LOOP('',(#2638,#2639,#2640,#2646));
#2638 = ORIENTED_EDGE('',*,*,#2617,.F.);
#2639 = ORIENTED_EDGE('',*,*,#1401,.T.);
#2640 = ORIENTED_EDGE('',*,*,#2641,.T.);
#2641 = EDGE_CURVE('',#1394,#707,#2642,.T.);
#2642 = LINE('',#2643,#2644);
#2643 = CARTESIAN_POINT('',(4.6836,1.5086,1.26));
#2644 = VECTOR('',#2645,1.);
#2645 = DIRECTION('',(0.,0.,1.));
#2646 = ORIENTED_EDGE('',*,*,#714,.F.);
#2647 = PLANE('',#2648);
#2648 = AXIS2_PLACEMENT_3D('',#2649,#2650,#2651);
#2649 = CARTESIAN_POINT('',(4.6836,1.0314,1.26));
#2650 = DIRECTION('',(1.,0.,-0.));
#2651 = DIRECTION('',(0.,0.,1.));
#2652 = ADVANCED_FACE('',(#2653),#2664,.F.);
#2653 = FACE_BOUND('',#2654,.F.);
#2654 = EDGE_LOOP('',(#2655,#2656,#2657,#2663));
#2655 = ORIENTED_EDGE('',*,*,#2641,.F.);
#2656 = ORIENTED_EDGE('',*,*,#1393,.T.);
#2657 = ORIENTED_EDGE('',*,*,#2658,.T.);
#2658 = EDGE_CURVE('',#1386,#699,#2659,.T.);
#2659 = LINE('',#2660,#2661);
#2660 = CARTESIAN_POINT('',(4.2064,1.5086,1.26));
#2661 = VECTOR('',#2662,1.);
#2662 = DIRECTION('',(0.,0.,1.));
#2663 = ORIENTED_EDGE('',*,*,#706,.F.);
#2664 = PLANE('',#2665);
#2665 = AXIS2_PLACEMENT_3D('',#2666,#2667,#2668);
#2666 = CARTESIAN_POINT('',(4.2064,1.5086,1.26));
#2667 = DIRECTION('',(-0.,1.,0.));
#2668 = DIRECTION('',(0.,0.,1.));
#2669 = ADVANCED_FACE('',(#2670),#2676,.T.);
#2670 = FACE_BOUND('',#2671,.T.);
#2671 = EDGE_LOOP('',(#2672,#2673,#2674,#2675));
#2672 = ORIENTED_EDGE('',*,*,#2624,.F.);
#2673 = ORIENTED_EDGE('',*,*,#1385,.T.);
#2674 = ORIENTED_EDGE('',*,*,#2658,.T.);
#2675 = ORIENTED_EDGE('',*,*,#698,.F.);
#2676 = PLANE('',#2677);
#2677 = AXIS2_PLACEMENT_3D('',#2678,#2679,#2680);
#2678 = CARTESIAN_POINT('',(4.2064,1.0314,1.26));
#2679 = DIRECTION('',(1.,0.,-0.));
#2680 = DIRECTION('',(0.,0.,1.));
#2681 = ADVANCED_FACE('',(#2682),#2698,.T.);
#2682 = FACE_BOUND('',#2683,.T.);
#2683 = EDGE_LOOP('',(#2684,#2690,#2691,#2697));
#2684 = ORIENTED_EDGE('',*,*,#2685,.F.);
#2685 = EDGE_CURVE('',#1410,#723,#2686,.T.);
#2686 = LINE('',#2687,#2688);
#2687 = CARTESIAN_POINT('',(5.9536,1.0314,1.26));
#2688 = VECTOR('',#2689,1.);
#2689 = DIRECTION('',(0.,0.,1.));
#2690 = ORIENTED_EDGE('',*,*,#1409,.T.);
#2691 = ORIENTED_EDGE('',*,*,#2692,.T.);
#2692 = EDGE_CURVE('',#1412,#725,#2693,.T.);
#2693 = LINE('',#2694,#2695);
#2694 = CARTESIAN_POINT('',(5.4764,1.0314,1.26));
#2695 = VECTOR('',#2696,1.);
#2696 = DIRECTION('',(0.,0.,1.));
#2697 = ORIENTED_EDGE('',*,*,#722,.F.);
#2698 = PLANE('',#2699);
#2699 = AXIS2_PLACEMENT_3D('',#2700,#2701,#2702);
#2700 = CARTESIAN_POINT('',(5.4764,1.0314,1.26));
#2701 = DIRECTION('',(-0.,1.,0.));
#2702 = DIRECTION('',(0.,0.,1.));
#2703 = ADVANCED_FACE('',(#2704),#2715,.F.);
#2704 = FACE_BOUND('',#2705,.F.);
#2705 = EDGE_LOOP('',(#2706,#2707,#2708,#2714));
#2706 = ORIENTED_EDGE('',*,*,#2685,.F.);
#2707 = ORIENTED_EDGE('',*,*,#1435,.T.);
#2708 = ORIENTED_EDGE('',*,*,#2709,.T.);
#2709 = EDGE_CURVE('',#1428,#741,#2710,.T.);
#2710 = LINE('',#2711,#2712);
#2711 = CARTESIAN_POINT('',(5.9536,1.5086,1.26));
#2712 = VECTOR('',#2713,1.);
#2713 = DIRECTION('',(0.,0.,1.));
#2714 = ORIENTED_EDGE('',*,*,#748,.F.);
#2715 = PLANE('',#2716);
#2716 = AXIS2_PLACEMENT_3D('',#2717,#2718,#2719);
#2717 = CARTESIAN_POINT('',(5.9536,1.0314,1.26));
#2718 = DIRECTION('',(1.,0.,-0.));
#2719 = DIRECTION('',(0.,0.,1.));
#2720 = ADVANCED_FACE('',(#2721),#2732,.F.);
#2721 = FACE_BOUND('',#2722,.F.);
#2722 = EDGE_LOOP('',(#2723,#2724,#2725,#2731));
#2723 = ORIENTED_EDGE('',*,*,#2709,.F.);
#2724 = ORIENTED_EDGE('',*,*,#1427,.T.);
#2725 = ORIENTED_EDGE('',*,*,#2726,.T.);
#2726 = EDGE_CURVE('',#1420,#733,#2727,.T.);
#2727 = LINE('',#2728,#2729);
#2728 = CARTESIAN_POINT('',(5.4764,1.5086,1.26));
#2729 = VECTOR('',#2730,1.);
#2730 = DIRECTION('',(0.,0.,1.));
#2731 = ORIENTED_EDGE('',*,*,#740,.F.);
#2732 = PLANE('',#2733);
#2733 = AXIS2_PLACEMENT_3D('',#2734,#2735,#2736);
#2734 = CARTESIAN_POINT('',(5.4764,1.5086,1.26));
#2735 = DIRECTION('',(-0.,1.,0.));
#2736 = DIRECTION('',(0.,0.,1.));
#2737 = ADVANCED_FACE('',(#2738),#2744,.T.);
#2738 = FACE_BOUND('',#2739,.T.);
#2739 = EDGE_LOOP('',(#2740,#2741,#2742,#2743));
#2740 = ORIENTED_EDGE('',*,*,#2692,.F.);
#2741 = ORIENTED_EDGE('',*,*,#1419,.T.);
#2742 = ORIENTED_EDGE('',*,*,#2726,.T.);
#2743 = ORIENTED_EDGE('',*,*,#732,.F.);
#2744 = PLANE('',#2745);
#2745 = AXIS2_PLACEMENT_3D('',#2746,#2747,#2748);
#2746 = CARTESIAN_POINT('',(5.4764,1.0314,1.26));
#2747 = DIRECTION('',(1.,0.,-0.));
#2748 = DIRECTION('',(0.,0.,1.));
#2749 = MANIFOLD_SOLID_BREP('',#2750);
#2750 = CLOSED_SHELL('',(#2751,#2791,#2822,#2853,#2884,#2910,#2934,#2951
    ));
#2751 = ADVANCED_FACE('',(#2752),#2786,.T.);
#2752 = FACE_BOUND('',#2753,.T.);
#2753 = EDGE_LOOP('',(#2754,#2764,#2772,#2780));
#2754 = ORIENTED_EDGE('',*,*,#2755,.F.);
#2755 = EDGE_CURVE('',#2756,#2758,#2760,.T.);
#2756 = VERTEX_POINT('',#2757);
#2757 = CARTESIAN_POINT('',(-5.9436,-3.7592,0.4572));
#2758 = VERTEX_POINT('',#2759);
#2759 = CARTESIAN_POINT('',(-5.9436,-1.4986,0.4572));
#2760 = LINE('',#2761,#2762);
#2761 = CARTESIAN_POINT('',(-5.9436,-3.7592,0.4572));
#2762 = VECTOR('',#2763,1.);
#2763 = DIRECTION('',(-0.,1.,0.));
#2764 = ORIENTED_EDGE('',*,*,#2765,.T.);
#2765 = EDGE_CURVE('',#2756,#2766,#2768,.T.);
#2766 = VERTEX_POINT('',#2767);
#2767 = CARTESIAN_POINT('',(-5.4864,-3.7592,0.4572));
#2768 = LINE('',#2769,#2770);
#2769 = CARTESIAN_POINT('',(-5.9436,-3.7592,0.4572));
#2770 = VECTOR('',#2771,1.);
#2771 = DIRECTION('',(1.,0.,-0.));
#2772 = ORIENTED_EDGE('',*,*,#2773,.T.);
#2773 = EDGE_CURVE('',#2766,#2774,#2776,.T.);
#2774 = VERTEX_POINT('',#2775);
#2775 = CARTESIAN_POINT('',(-5.4864,-1.4986,0.4572));
#2776 = LINE('',#2777,#2778);
#2777 = CARTESIAN_POINT('',(-5.4864,-3.7592,0.4572));
#2778 = VECTOR('',#2779,1.);
#2779 = DIRECTION('',(-0.,1.,0.));
#2780 = ORIENTED_EDGE('',*,*,#2781,.F.);
#2781 = EDGE_CURVE('',#2758,#2774,#2782,.T.);
#2782 = LINE('',#2783,#2784);
#2783 = CARTESIAN_POINT('',(-5.9436,-1.4986,0.4572));
#2784 = VECTOR('',#2785,1.);
#2785 = DIRECTION('',(1.,0.,-0.));
#2786 = PLANE('',#2787);
#2787 = AXIS2_PLACEMENT_3D('',#2788,#2789,#2790);
#2788 = CARTESIAN_POINT('',(-5.9436,-3.7592,0.4572));
#2789 = DIRECTION('',(0.,0.,1.));
#2790 = DIRECTION('',(1.,0.,-0.));
#2791 = ADVANCED_FACE('',(#2792),#2817,.F.);
#2792 = FACE_BOUND('',#2793,.F.);
#2793 = EDGE_LOOP('',(#2794,#2804,#2810,#2811));
#2794 = ORIENTED_EDGE('',*,*,#2795,.F.);
#2795 = EDGE_CURVE('',#2796,#2798,#2800,.T.);
#2796 = VERTEX_POINT('',#2797);
#2797 = CARTESIAN_POINT('',(-5.9436,-3.7592,0.));
#2798 = VERTEX_POINT('',#2799);
#2799 = CARTESIAN_POINT('',(-5.4864,-3.7592,0.));
#2800 = LINE('',#2801,#2802);
#2801 = CARTESIAN_POINT('',(-5.9436,-3.7592,0.));
#2802 = VECTOR('',#2803,1.);
#2803 = DIRECTION('',(1.,0.,-0.));
#2804 = ORIENTED_EDGE('',*,*,#2805,.T.);
#2805 = EDGE_CURVE('',#2796,#2756,#2806,.T.);
#2806 = LINE('',#2807,#2808);
#2807 = CARTESIAN_POINT('',(-5.9436,-3.7592,0.));
#2808 = VECTOR('',#2809,1.);
#2809 = DIRECTION('',(0.,0.,1.));
#2810 = ORIENTED_EDGE('',*,*,#2765,.T.);
#2811 = ORIENTED_EDGE('',*,*,#2812,.F.);
#2812 = EDGE_CURVE('',#2798,#2766,#2813,.T.);
#2813 = LINE('',#2814,#2815);
#2814 = CARTESIAN_POINT('',(-5.4864,-3.7592,0.));
#2815 = VECTOR('',#2816,1.);
#2816 = DIRECTION('',(0.,0.,1.));
#2817 = PLANE('',#2818);
#2818 = AXIS2_PLACEMENT_3D('',#2819,#2820,#2821);
#2819 = CARTESIAN_POINT('',(-5.9436,-3.7592,0.));
#2820 = DIRECTION('',(-0.,1.,0.));
#2821 = DIRECTION('',(0.,0.,1.));
#2822 = ADVANCED_FACE('',(#2823),#2848,.F.);
#2823 = FACE_BOUND('',#2824,.F.);
#2824 = EDGE_LOOP('',(#2825,#2826,#2834,#2842));
#2825 = ORIENTED_EDGE('',*,*,#2781,.F.);
#2826 = ORIENTED_EDGE('',*,*,#2827,.T.);
#2827 = EDGE_CURVE('',#2758,#2828,#2830,.T.);
#2828 = VERTEX_POINT('',#2829);
#2829 = CARTESIAN_POINT('',(-5.9436,-1.4986,8.636));
#2830 = LINE('',#2831,#2832);
#2831 = CARTESIAN_POINT('',(-5.9436,-1.4986,0.));
#2832 = VECTOR('',#2833,1.);
#2833 = DIRECTION('',(0.,0.,1.));
#2834 = ORIENTED_EDGE('',*,*,#2835,.T.);
#2835 = EDGE_CURVE('',#2828,#2836,#2838,.T.);
#2836 = VERTEX_POINT('',#2837);
#2837 = CARTESIAN_POINT('',(-5.4864,-1.4986,8.636));
#2838 = LINE('',#2839,#2840);
#2839 = CARTESIAN_POINT('',(-5.9436,-1.4986,8.636));
#2840 = VECTOR('',#2841,1.);
#2841 = DIRECTION('',(1.,0.,-0.));
#2842 = ORIENTED_EDGE('',*,*,#2843,.F.);
#2843 = EDGE_CURVE('',#2774,#2836,#2844,.T.);
#2844 = LINE('',#2845,#2846);
#2845 = CARTESIAN_POINT('',(-5.4864,-1.4986,0.));
#2846 = VECTOR('',#2847,1.);
#2847 = DIRECTION('',(0.,0.,1.));
#2848 = PLANE('',#2849);
#2849 = AXIS2_PLACEMENT_3D('',#2850,#2851,#2852);
#2850 = CARTESIAN_POINT('',(-5.9436,-1.4986,0.));
#2851 = DIRECTION('',(-0.,1.,0.));
#2852 = DIRECTION('',(0.,0.,1.));
#2853 = ADVANCED_FACE('',(#2854),#2879,.T.);
#2854 = FACE_BOUND('',#2855,.T.);
#2855 = EDGE_LOOP('',(#2856,#2864,#2865,#2873));
#2856 = ORIENTED_EDGE('',*,*,#2857,.F.);
#2857 = EDGE_CURVE('',#2828,#2858,#2860,.T.);
#2858 = VERTEX_POINT('',#2859);
#2859 = CARTESIAN_POINT('',(-5.9436,-1.0414,8.636));
#2860 = LINE('',#2861,#2862);
#2861 = CARTESIAN_POINT('',(-5.9436,-1.4986,8.636));
#2862 = VECTOR('',#2863,1.);
#2863 = DIRECTION('',(-0.,1.,0.));
#2864 = ORIENTED_EDGE('',*,*,#2835,.T.);
#2865 = ORIENTED_EDGE('',*,*,#2866,.T.);
#2866 = EDGE_CURVE('',#2836,#2867,#2869,.T.);
#2867 = VERTEX_POINT('',#2868);
#2868 = CARTESIAN_POINT('',(-5.4864,-1.0414,8.636));
#2869 = LINE('',#2870,#2871);
#2870 = CARTESIAN_POINT('',(-5.4864,-1.4986,8.636));
#2871 = VECTOR('',#2872,1.);
#2872 = DIRECTION('',(-0.,1.,0.));
#2873 = ORIENTED_EDGE('',*,*,#2874,.F.);
#2874 = EDGE_CURVE('',#2858,#2867,#2875,.T.);
#2875 = LINE('',#2876,#2877);
#2876 = CARTESIAN_POINT('',(-5.9436,-1.0414,8.636));
#2877 = VECTOR('',#2878,1.);
#2878 = DIRECTION('',(1.,0.,-0.));
#2879 = PLANE('',#2880);
#2880 = AXIS2_PLACEMENT_3D('',#2881,#2882,#2883);
#2881 = CARTESIAN_POINT('',(-5.9436,-1.4986,8.636));
#2882 = DIRECTION('',(0.,0.,1.));
#2883 = DIRECTION('',(1.,0.,-0.));
#2884 = ADVANCED_FACE('',(#2885),#2905,.T.);
#2885 = FACE_BOUND('',#2886,.T.);
#2886 = EDGE_LOOP('',(#2887,#2895,#2896,#2897,#2898,#2899));
#2887 = ORIENTED_EDGE('',*,*,#2888,.F.);
#2888 = EDGE_CURVE('',#2796,#2889,#2891,.T.);
#2889 = VERTEX_POINT('',#2890);
#2890 = CARTESIAN_POINT('',(-5.9436,-1.0414,0.));
#2891 = LINE('',#2892,#2893);
#2892 = CARTESIAN_POINT('',(-5.9436,-1.4986,0.));
#2893 = VECTOR('',#2894,1.);
#2894 = DIRECTION('',(-0.,1.,0.));
#2895 = ORIENTED_EDGE('',*,*,#2805,.T.);
#2896 = ORIENTED_EDGE('',*,*,#2755,.T.);
#2897 = ORIENTED_EDGE('',*,*,#2827,.T.);
#2898 = ORIENTED_EDGE('',*,*,#2857,.T.);
#2899 = ORIENTED_EDGE('',*,*,#2900,.F.);
#2900 = EDGE_CURVE('',#2889,#2858,#2901,.T.);
#2901 = LINE('',#2902,#2903);
#2902 = CARTESIAN_POINT('',(-5.9436,-1.0414,0.));
#2903 = VECTOR('',#2904,1.);
#2904 = DIRECTION('',(0.,0.,1.));
#2905 = PLANE('',#2906);
#2906 = AXIS2_PLACEMENT_3D('',#2907,#2908,#2909);
#2907 = CARTESIAN_POINT('',(-5.9436,-1.586079418345,3.503779418345));
#2908 = DIRECTION('',(-1.,-0.,-0.));
#2909 = DIRECTION('',(0.,0.,-1.));
#2910 = ADVANCED_FACE('',(#2911),#2929,.T.);
#2911 = FACE_BOUND('',#2912,.T.);
#2912 = EDGE_LOOP('',(#2913,#2921,#2922,#2923));
#2913 = ORIENTED_EDGE('',*,*,#2914,.F.);
#2914 = EDGE_CURVE('',#2889,#2915,#2917,.T.);
#2915 = VERTEX_POINT('',#2916);
#2916 = CARTESIAN_POINT('',(-5.4864,-1.0414,0.));
#2917 = LINE('',#2918,#2919);
#2918 = CARTESIAN_POINT('',(-5.9436,-1.0414,0.));
#2919 = VECTOR('',#2920,1.);
#2920 = DIRECTION('',(1.,0.,-0.));
#2921 = ORIENTED_EDGE('',*,*,#2900,.T.);
#2922 = ORIENTED_EDGE('',*,*,#2874,.T.);
#2923 = ORIENTED_EDGE('',*,*,#2924,.F.);
#2924 = EDGE_CURVE('',#2915,#2867,#2925,.T.);
#2925 = LINE('',#2926,#2927);
#2926 = CARTESIAN_POINT('',(-5.4864,-1.0414,0.));
#2927 = VECTOR('',#2928,1.);
#2928 = DIRECTION('',(0.,0.,1.));
#2929 = PLANE('',#2930);
#2930 = AXIS2_PLACEMENT_3D('',#2931,#2932,#2933);
#2931 = CARTESIAN_POINT('',(-5.9436,-1.0414,0.));
#2932 = DIRECTION('',(-0.,1.,0.));
#2933 = DIRECTION('',(0.,0.,1.));
#2934 = ADVANCED_FACE('',(#2935),#2946,.T.);
#2935 = FACE_BOUND('',#2936,.T.);
#2936 = EDGE_LOOP('',(#2937,#2938,#2939,#2945));
#2937 = ORIENTED_EDGE('',*,*,#2888,.T.);
#2938 = ORIENTED_EDGE('',*,*,#2914,.T.);
#2939 = ORIENTED_EDGE('',*,*,#2940,.F.);
#2940 = EDGE_CURVE('',#2798,#2915,#2941,.T.);
#2941 = LINE('',#2942,#2943);
#2942 = CARTESIAN_POINT('',(-5.4864,-1.4986,0.));
#2943 = VECTOR('',#2944,1.);
#2944 = DIRECTION('',(-0.,1.,0.));
#2945 = ORIENTED_EDGE('',*,*,#2795,.F.);
#2946 = PLANE('',#2947);
#2947 = AXIS2_PLACEMENT_3D('',#2948,#2949,#2950);
#2948 = CARTESIAN_POINT('',(-5.715,-2.4003,0.));
#2949 = DIRECTION('',(-0.,-0.,-1.));
#2950 = DIRECTION('',(-1.,0.,0.));
#2951 = ADVANCED_FACE('',(#2952),#2960,.T.);
#2952 = FACE_BOUND('',#2953,.T.);
#2953 = EDGE_LOOP('',(#2954,#2955,#2956,#2957,#2958,#2959));
#2954 = ORIENTED_EDGE('',*,*,#2924,.T.);
#2955 = ORIENTED_EDGE('',*,*,#2866,.F.);
#2956 = ORIENTED_EDGE('',*,*,#2843,.F.);
#2957 = ORIENTED_EDGE('',*,*,#2773,.F.);
#2958 = ORIENTED_EDGE('',*,*,#2812,.F.);
#2959 = ORIENTED_EDGE('',*,*,#2940,.T.);
#2960 = PLANE('',#2961);
#2961 = AXIS2_PLACEMENT_3D('',#2962,#2963,#2964);
#2962 = CARTESIAN_POINT('',(-5.4864,-1.586079418345,3.503779418345));
#2963 = DIRECTION('',(1.,0.,0.));
#2964 = DIRECTION('',(-0.,0.,1.));
#2965 = MANIFOLD_SOLID_BREP('',#2966);
#2966 = CLOSED_SHELL('',(#2967,#3007,#3038,#3069,#3100,#3126,#3150,#3167
    ));
#2967 = ADVANCED_FACE('',(#2968),#3002,.T.);
#2968 = FACE_BOUND('',#2969,.T.);
#2969 = EDGE_LOOP('',(#2970,#2980,#2988,#2996));
#2970 = ORIENTED_EDGE('',*,*,#2971,.F.);
#2971 = EDGE_CURVE('',#2972,#2974,#2976,.T.);
#2972 = VERTEX_POINT('',#2973);
#2973 = CARTESIAN_POINT('',(-5.9436,1.0414,8.636));
#2974 = VERTEX_POINT('',#2975);
#2975 = CARTESIAN_POINT('',(-5.9436,1.4986,8.636));
#2976 = LINE('',#2977,#2978);
#2977 = CARTESIAN_POINT('',(-5.9436,1.0414,8.636));
#2978 = VECTOR('',#2979,1.);
#2979 = DIRECTION('',(-0.,1.,0.));
#2980 = ORIENTED_EDGE('',*,*,#2981,.T.);
#2981 = EDGE_CURVE('',#2972,#2982,#2984,.T.);
#2982 = VERTEX_POINT('',#2983);
#2983 = CARTESIAN_POINT('',(-5.4864,1.0414,8.636));
#2984 = LINE('',#2985,#2986);
#2985 = CARTESIAN_POINT('',(-5.9436,1.0414,8.636));
#2986 = VECTOR('',#2987,1.);
#2987 = DIRECTION('',(1.,0.,-0.));
#2988 = ORIENTED_EDGE('',*,*,#2989,.T.);
#2989 = EDGE_CURVE('',#2982,#2990,#2992,.T.);
#2990 = VERTEX_POINT('',#2991);
#2991 = CARTESIAN_POINT('',(-5.4864,1.4986,8.636));
#2992 = LINE('',#2993,#2994);
#2993 = CARTESIAN_POINT('',(-5.4864,1.0414,8.636));
#2994 = VECTOR('',#2995,1.);
#2995 = DIRECTION('',(-0.,1.,0.));
#2996 = ORIENTED_EDGE('',*,*,#2997,.F.);
#2997 = EDGE_CURVE('',#2974,#2990,#2998,.T.);
#2998 = LINE('',#2999,#3000);
#2999 = CARTESIAN_POINT('',(-5.9436,1.4986,8.636));
#3000 = VECTOR('',#3001,1.);
#3001 = DIRECTION('',(1.,0.,-0.));
#3002 = PLANE('',#3003);
#3003 = AXIS2_PLACEMENT_3D('',#3004,#3005,#3006);
#3004 = CARTESIAN_POINT('',(-5.9436,1.0414,8.636));
#3005 = DIRECTION('',(0.,0.,1.));
#3006 = DIRECTION('',(1.,0.,-0.));
#3007 = ADVANCED_FACE('',(#3008),#3033,.T.);
#3008 = FACE_BOUND('',#3009,.T.);
#3009 = EDGE_LOOP('',(#3010,#3020,#3026,#3027));
#3010 = ORIENTED_EDGE('',*,*,#3011,.F.);
#3011 = EDGE_CURVE('',#3012,#3014,#3016,.T.);
#3012 = VERTEX_POINT('',#3013);
#3013 = CARTESIAN_POINT('',(-5.9436,1.4986,0.4572));
#3014 = VERTEX_POINT('',#3015);
#3015 = CARTESIAN_POINT('',(-5.4864,1.4986,0.4572));
#3016 = LINE('',#3017,#3018);
#3017 = CARTESIAN_POINT('',(-5.9436,1.4986,0.4572));
#3018 = VECTOR('',#3019,1.);
#3019 = DIRECTION('',(1.,0.,-0.));
#3020 = ORIENTED_EDGE('',*,*,#3021,.T.);
#3021 = EDGE_CURVE('',#3012,#2974,#3022,.T.);
#3022 = LINE('',#3023,#3024);
#3023 = CARTESIAN_POINT('',(-5.9436,1.4986,0.));
#3024 = VECTOR('',#3025,1.);
#3025 = DIRECTION('',(0.,0.,1.));
#3026 = ORIENTED_EDGE('',*,*,#2997,.T.);
#3027 = ORIENTED_EDGE('',*,*,#3028,.F.);
#3028 = EDGE_CURVE('',#3014,#2990,#3029,.T.);
#3029 = LINE('',#3030,#3031);
#3030 = CARTESIAN_POINT('',(-5.4864,1.4986,0.));
#3031 = VECTOR('',#3032,1.);
#3032 = DIRECTION('',(0.,0.,1.));
#3033 = PLANE('',#3034);
#3034 = AXIS2_PLACEMENT_3D('',#3035,#3036,#3037);
#3035 = CARTESIAN_POINT('',(-5.9436,1.4986,0.));
#3036 = DIRECTION('',(-0.,1.,0.));
#3037 = DIRECTION('',(0.,0.,1.));
#3038 = ADVANCED_FACE('',(#3039),#3064,.T.);
#3039 = FACE_BOUND('',#3040,.T.);
#3040 = EDGE_LOOP('',(#3041,#3049,#3050,#3058));
#3041 = ORIENTED_EDGE('',*,*,#3042,.F.);
#3042 = EDGE_CURVE('',#3012,#3043,#3045,.T.);
#3043 = VERTEX_POINT('',#3044);
#3044 = CARTESIAN_POINT('',(-5.9436,3.7592,0.4572));
#3045 = LINE('',#3046,#3047);
#3046 = CARTESIAN_POINT('',(-5.9436,1.0414,0.4572));
#3047 = VECTOR('',#3048,1.);
#3048 = DIRECTION('',(-0.,1.,0.));
#3049 = ORIENTED_EDGE('',*,*,#3011,.T.);
#3050 = ORIENTED_EDGE('',*,*,#3051,.T.);
#3051 = EDGE_CURVE('',#3014,#3052,#3054,.T.);
#3052 = VERTEX_POINT('',#3053);
#3053 = CARTESIAN_POINT('',(-5.4864,3.7592,0.4572));
#3054 = LINE('',#3055,#3056);
#3055 = CARTESIAN_POINT('',(-5.4864,1.0414,0.4572));
#3056 = VECTOR('',#3057,1.);
#3057 = DIRECTION('',(-0.,1.,0.));
#3058 = ORIENTED_EDGE('',*,*,#3059,.F.);
#3059 = EDGE_CURVE('',#3043,#3052,#3060,.T.);
#3060 = LINE('',#3061,#3062);
#3061 = CARTESIAN_POINT('',(-5.9436,3.7592,0.4572));
#3062 = VECTOR('',#3063,1.);
#3063 = DIRECTION('',(1.,0.,-0.));
#3064 = PLANE('',#3065);
#3065 = AXIS2_PLACEMENT_3D('',#3066,#3067,#3068);
#3066 = CARTESIAN_POINT('',(-5.9436,1.0414,0.4572));
#3067 = DIRECTION('',(0.,0.,1.));
#3068 = DIRECTION('',(1.,0.,-0.));
#3069 = ADVANCED_FACE('',(#3070),#3095,.T.);
#3070 = FACE_BOUND('',#3071,.T.);
#3071 = EDGE_LOOP('',(#3072,#3082,#3088,#3089));
#3072 = ORIENTED_EDGE('',*,*,#3073,.F.);
#3073 = EDGE_CURVE('',#3074,#3076,#3078,.T.);
#3074 = VERTEX_POINT('',#3075);
#3075 = CARTESIAN_POINT('',(-5.9436,3.7592,0.));
#3076 = VERTEX_POINT('',#3077);
#3077 = CARTESIAN_POINT('',(-5.4864,3.7592,0.));
#3078 = LINE('',#3079,#3080);
#3079 = CARTESIAN_POINT('',(-5.9436,3.7592,0.));
#3080 = VECTOR('',#3081,1.);
#3081 = DIRECTION('',(1.,0.,-0.));
#3082 = ORIENTED_EDGE('',*,*,#3083,.T.);
#3083 = EDGE_CURVE('',#3074,#3043,#3084,.T.);
#3084 = LINE('',#3085,#3086);
#3085 = CARTESIAN_POINT('',(-5.9436,3.7592,0.));
#3086 = VECTOR('',#3087,1.);
#3087 = DIRECTION('',(0.,0.,1.));
#3088 = ORIENTED_EDGE('',*,*,#3059,.T.);
#3089 = ORIENTED_EDGE('',*,*,#3090,.F.);
#3090 = EDGE_CURVE('',#3076,#3052,#3091,.T.);
#3091 = LINE('',#3092,#3093);
#3092 = CARTESIAN_POINT('',(-5.4864,3.7592,0.));
#3093 = VECTOR('',#3094,1.);
#3094 = DIRECTION('',(0.,0.,1.));
#3095 = PLANE('',#3096);
#3096 = AXIS2_PLACEMENT_3D('',#3097,#3098,#3099);
#3097 = CARTESIAN_POINT('',(-5.9436,3.7592,0.));
#3098 = DIRECTION('',(-0.,1.,0.));
#3099 = DIRECTION('',(0.,0.,1.));
#3100 = ADVANCED_FACE('',(#3101),#3121,.T.);
#3101 = FACE_BOUND('',#3102,.T.);
#3102 = EDGE_LOOP('',(#3103,#3111,#3112,#3113,#3114,#3115));
#3103 = ORIENTED_EDGE('',*,*,#3104,.T.);
#3104 = EDGE_CURVE('',#3105,#2972,#3107,.T.);
#3105 = VERTEX_POINT('',#3106);
#3106 = CARTESIAN_POINT('',(-5.9436,1.0414,0.));
#3107 = LINE('',#3108,#3109);
#3108 = CARTESIAN_POINT('',(-5.9436,1.0414,0.));
#3109 = VECTOR('',#3110,1.);
#3110 = DIRECTION('',(0.,0.,1.));
#3111 = ORIENTED_EDGE('',*,*,#2971,.T.);
#3112 = ORIENTED_EDGE('',*,*,#3021,.F.);
#3113 = ORIENTED_EDGE('',*,*,#3042,.T.);
#3114 = ORIENTED_EDGE('',*,*,#3083,.F.);
#3115 = ORIENTED_EDGE('',*,*,#3116,.F.);
#3116 = EDGE_CURVE('',#3105,#3074,#3117,.T.);
#3117 = LINE('',#3118,#3119);
#3118 = CARTESIAN_POINT('',(-5.9436,1.0414,0.));
#3119 = VECTOR('',#3120,1.);
#3120 = DIRECTION('',(-0.,1.,0.));
#3121 = PLANE('',#3122);
#3122 = AXIS2_PLACEMENT_3D('',#3123,#3124,#3125);
#3123 = CARTESIAN_POINT('',(-5.9436,1.586079418345,3.503779418345));
#3124 = DIRECTION('',(-1.,-0.,-0.));
#3125 = DIRECTION('',(0.,0.,-1.));
#3126 = ADVANCED_FACE('',(#3127),#3145,.F.);
#3127 = FACE_BOUND('',#3128,.T.);
#3128 = EDGE_LOOP('',(#3129,#3137,#3143,#3144));
#3129 = ORIENTED_EDGE('',*,*,#3130,.T.);
#3130 = EDGE_CURVE('',#3105,#3131,#3133,.T.);
#3131 = VERTEX_POINT('',#3132);
#3132 = CARTESIAN_POINT('',(-5.4864,1.0414,0.));
#3133 = LINE('',#3134,#3135);
#3134 = CARTESIAN_POINT('',(-5.9436,1.0414,0.));
#3135 = VECTOR('',#3136,1.);
#3136 = DIRECTION('',(1.,0.,-0.));
#3137 = ORIENTED_EDGE('',*,*,#3138,.T.);
#3138 = EDGE_CURVE('',#3131,#2982,#3139,.T.);
#3139 = LINE('',#3140,#3141);
#3140 = CARTESIAN_POINT('',(-5.4864,1.0414,0.));
#3141 = VECTOR('',#3142,1.);
#3142 = DIRECTION('',(0.,0.,1.));
#3143 = ORIENTED_EDGE('',*,*,#2981,.F.);
#3144 = ORIENTED_EDGE('',*,*,#3104,.F.);
#3145 = PLANE('',#3146);
#3146 = AXIS2_PLACEMENT_3D('',#3147,#3148,#3149);
#3147 = CARTESIAN_POINT('',(-5.9436,1.0414,0.));
#3148 = DIRECTION('',(-0.,1.,0.));
#3149 = DIRECTION('',(0.,0.,1.));
#3150 = ADVANCED_FACE('',(#3151),#3162,.T.);
#3151 = FACE_BOUND('',#3152,.T.);
#3152 = EDGE_LOOP('',(#3153,#3154,#3155,#3161));
#3153 = ORIENTED_EDGE('',*,*,#3116,.T.);
#3154 = ORIENTED_EDGE('',*,*,#3073,.T.);
#3155 = ORIENTED_EDGE('',*,*,#3156,.F.);
#3156 = EDGE_CURVE('',#3131,#3076,#3157,.T.);
#3157 = LINE('',#3158,#3159);
#3158 = CARTESIAN_POINT('',(-5.4864,1.0414,0.));
#3159 = VECTOR('',#3160,1.);
#3160 = DIRECTION('',(-0.,1.,0.));
#3161 = ORIENTED_EDGE('',*,*,#3130,.F.);
#3162 = PLANE('',#3163);
#3163 = AXIS2_PLACEMENT_3D('',#3164,#3165,#3166);
#3164 = CARTESIAN_POINT('',(-5.715,2.4003,0.));
#3165 = DIRECTION('',(-0.,-0.,-1.));
#3166 = DIRECTION('',(-1.,0.,0.));
#3167 = ADVANCED_FACE('',(#3168),#3176,.T.);
#3168 = FACE_BOUND('',#3169,.T.);
#3169 = EDGE_LOOP('',(#3170,#3171,#3172,#3173,#3174,#3175));
#3170 = ORIENTED_EDGE('',*,*,#3138,.F.);
#3171 = ORIENTED_EDGE('',*,*,#3156,.T.);
#3172 = ORIENTED_EDGE('',*,*,#3090,.T.);
#3173 = ORIENTED_EDGE('',*,*,#3051,.F.);
#3174 = ORIENTED_EDGE('',*,*,#3028,.T.);
#3175 = ORIENTED_EDGE('',*,*,#2989,.F.);
#3176 = PLANE('',#3177);
#3177 = AXIS2_PLACEMENT_3D('',#3178,#3179,#3180);
#3178 = CARTESIAN_POINT('',(-5.4864,1.586079418345,3.503779418345));
#3179 = DIRECTION('',(1.,0.,0.));
#3180 = DIRECTION('',(-0.,0.,1.));
#3181 = MANIFOLD_SOLID_BREP('',#3182);
#3182 = CLOSED_SHELL('',(#3183,#3223,#3254,#3285,#3316,#3342,#3366,#3383
    ));
#3183 = ADVANCED_FACE('',(#3184),#3218,.T.);
#3184 = FACE_BOUND('',#3185,.T.);
#3185 = EDGE_LOOP('',(#3186,#3196,#3204,#3212));
#3186 = ORIENTED_EDGE('',*,*,#3187,.F.);
#3187 = EDGE_CURVE('',#3188,#3190,#3192,.T.);
#3188 = VERTEX_POINT('',#3189);
#3189 = CARTESIAN_POINT('',(-4.6736,-3.7592,0.4572));
#3190 = VERTEX_POINT('',#3191);
#3191 = CARTESIAN_POINT('',(-4.6736,-1.4986,0.4572));
#3192 = LINE('',#3193,#3194);
#3193 = CARTESIAN_POINT('',(-4.6736,-3.7592,0.4572));
#3194 = VECTOR('',#3195,1.);
#3195 = DIRECTION('',(-0.,1.,0.));
#3196 = ORIENTED_EDGE('',*,*,#3197,.T.);
#3197 = EDGE_CURVE('',#3188,#3198,#3200,.T.);
#3198 = VERTEX_POINT('',#3199);
#3199 = CARTESIAN_POINT('',(-4.2164,-3.7592,0.4572));
#3200 = LINE('',#3201,#3202);
#3201 = CARTESIAN_POINT('',(-4.6736,-3.7592,0.4572));
#3202 = VECTOR('',#3203,1.);
#3203 = DIRECTION('',(1.,0.,-0.));
#3204 = ORIENTED_EDGE('',*,*,#3205,.T.);
#3205 = EDGE_CURVE('',#3198,#3206,#3208,.T.);
#3206 = VERTEX_POINT('',#3207);
#3207 = CARTESIAN_POINT('',(-4.2164,-1.4986,0.4572));
#3208 = LINE('',#3209,#3210);
#3209 = CARTESIAN_POINT('',(-4.2164,-3.7592,0.4572));
#3210 = VECTOR('',#3211,1.);
#3211 = DIRECTION('',(-0.,1.,0.));
#3212 = ORIENTED_EDGE('',*,*,#3213,.F.);
#3213 = EDGE_CURVE('',#3190,#3206,#3214,.T.);
#3214 = LINE('',#3215,#3216);
#3215 = CARTESIAN_POINT('',(-4.6736,-1.4986,0.4572));
#3216 = VECTOR('',#3217,1.);
#3217 = DIRECTION('',(1.,0.,-0.));
#3218 = PLANE('',#3219);
#3219 = AXIS2_PLACEMENT_3D('',#3220,#3221,#3222);
#3220 = CARTESIAN_POINT('',(-4.6736,-3.7592,0.4572));
#3221 = DIRECTION('',(0.,0.,1.));
#3222 = DIRECTION('',(1.,0.,-0.));
#3223 = ADVANCED_FACE('',(#3224),#3249,.F.);
#3224 = FACE_BOUND('',#3225,.F.);
#3225 = EDGE_LOOP('',(#3226,#3236,#3242,#3243));
#3226 = ORIENTED_EDGE('',*,*,#3227,.F.);
#3227 = EDGE_CURVE('',#3228,#3230,#3232,.T.);
#3228 = VERTEX_POINT('',#3229);
#3229 = CARTESIAN_POINT('',(-4.6736,-3.7592,0.));
#3230 = VERTEX_POINT('',#3231);
#3231 = CARTESIAN_POINT('',(-4.2164,-3.7592,0.));
#3232 = LINE('',#3233,#3234);
#3233 = CARTESIAN_POINT('',(-4.6736,-3.7592,0.));
#3234 = VECTOR('',#3235,1.);
#3235 = DIRECTION('',(1.,0.,-0.));
#3236 = ORIENTED_EDGE('',*,*,#3237,.T.);
#3237 = EDGE_CURVE('',#3228,#3188,#3238,.T.);
#3238 = LINE('',#3239,#3240);
#3239 = CARTESIAN_POINT('',(-4.6736,-3.7592,0.));
#3240 = VECTOR('',#3241,1.);
#3241 = DIRECTION('',(0.,0.,1.));
#3242 = ORIENTED_EDGE('',*,*,#3197,.T.);
#3243 = ORIENTED_EDGE('',*,*,#3244,.F.);
#3244 = EDGE_CURVE('',#3230,#3198,#3245,.T.);
#3245 = LINE('',#3246,#3247);
#3246 = CARTESIAN_POINT('',(-4.2164,-3.7592,0.));
#3247 = VECTOR('',#3248,1.);
#3248 = DIRECTION('',(0.,0.,1.));
#3249 = PLANE('',#3250);
#3250 = AXIS2_PLACEMENT_3D('',#3251,#3252,#3253);
#3251 = CARTESIAN_POINT('',(-4.6736,-3.7592,0.));
#3252 = DIRECTION('',(-0.,1.,0.));
#3253 = DIRECTION('',(0.,0.,1.));
#3254 = ADVANCED_FACE('',(#3255),#3280,.F.);
#3255 = FACE_BOUND('',#3256,.F.);
#3256 = EDGE_LOOP('',(#3257,#3258,#3266,#3274));
#3257 = ORIENTED_EDGE('',*,*,#3213,.F.);
#3258 = ORIENTED_EDGE('',*,*,#3259,.T.);
#3259 = EDGE_CURVE('',#3190,#3260,#3262,.T.);
#3260 = VERTEX_POINT('',#3261);
#3261 = CARTESIAN_POINT('',(-4.6736,-1.4986,8.636));
#3262 = LINE('',#3263,#3264);
#3263 = CARTESIAN_POINT('',(-4.6736,-1.4986,0.));
#3264 = VECTOR('',#3265,1.);
#3265 = DIRECTION('',(0.,0.,1.));
#3266 = ORIENTED_EDGE('',*,*,#3267,.T.);
#3267 = EDGE_CURVE('',#3260,#3268,#3270,.T.);
#3268 = VERTEX_POINT('',#3269);
#3269 = CARTESIAN_POINT('',(-4.2164,-1.4986,8.636));
#3270 = LINE('',#3271,#3272);
#3271 = CARTESIAN_POINT('',(-4.6736,-1.4986,8.636));
#3272 = VECTOR('',#3273,1.);
#3273 = DIRECTION('',(1.,0.,-0.));
#3274 = ORIENTED_EDGE('',*,*,#3275,.F.);
#3275 = EDGE_CURVE('',#3206,#3268,#3276,.T.);
#3276 = LINE('',#3277,#3278);
#3277 = CARTESIAN_POINT('',(-4.2164,-1.4986,0.));
#3278 = VECTOR('',#3279,1.);
#3279 = DIRECTION('',(0.,0.,1.));
#3280 = PLANE('',#3281);
#3281 = AXIS2_PLACEMENT_3D('',#3282,#3283,#3284);
#3282 = CARTESIAN_POINT('',(-4.6736,-1.4986,0.));
#3283 = DIRECTION('',(-0.,1.,0.));
#3284 = DIRECTION('',(0.,0.,1.));
#3285 = ADVANCED_FACE('',(#3286),#3311,.T.);
#3286 = FACE_BOUND('',#3287,.T.);
#3287 = EDGE_LOOP('',(#3288,#3296,#3297,#3305));
#3288 = ORIENTED_EDGE('',*,*,#3289,.F.);
#3289 = EDGE_CURVE('',#3260,#3290,#3292,.T.);
#3290 = VERTEX_POINT('',#3291);
#3291 = CARTESIAN_POINT('',(-4.6736,-1.0414,8.636));
#3292 = LINE('',#3293,#3294);
#3293 = CARTESIAN_POINT('',(-4.6736,-1.4986,8.636));
#3294 = VECTOR('',#3295,1.);
#3295 = DIRECTION('',(-0.,1.,0.));
#3296 = ORIENTED_EDGE('',*,*,#3267,.T.);
#3297 = ORIENTED_EDGE('',*,*,#3298,.T.);
#3298 = EDGE_CURVE('',#3268,#3299,#3301,.T.);
#3299 = VERTEX_POINT('',#3300);
#3300 = CARTESIAN_POINT('',(-4.2164,-1.0414,8.636));
#3301 = LINE('',#3302,#3303);
#3302 = CARTESIAN_POINT('',(-4.2164,-1.4986,8.636));
#3303 = VECTOR('',#3304,1.);
#3304 = DIRECTION('',(-0.,1.,0.));
#3305 = ORIENTED_EDGE('',*,*,#3306,.F.);
#3306 = EDGE_CURVE('',#3290,#3299,#3307,.T.);
#3307 = LINE('',#3308,#3309);
#3308 = CARTESIAN_POINT('',(-4.6736,-1.0414,8.636));
#3309 = VECTOR('',#3310,1.);
#3310 = DIRECTION('',(1.,0.,-0.));
#3311 = PLANE('',#3312);
#3312 = AXIS2_PLACEMENT_3D('',#3313,#3314,#3315);
#3313 = CARTESIAN_POINT('',(-4.6736,-1.4986,8.636));
#3314 = DIRECTION('',(0.,0.,1.));
#3315 = DIRECTION('',(1.,0.,-0.));
#3316 = ADVANCED_FACE('',(#3317),#3337,.T.);
#3317 = FACE_BOUND('',#3318,.T.);
#3318 = EDGE_LOOP('',(#3319,#3327,#3328,#3329,#3330,#3331));
#3319 = ORIENTED_EDGE('',*,*,#3320,.F.);
#3320 = EDGE_CURVE('',#3228,#3321,#3323,.T.);
#3321 = VERTEX_POINT('',#3322);
#3322 = CARTESIAN_POINT('',(-4.6736,-1.0414,0.));
#3323 = LINE('',#3324,#3325);
#3324 = CARTESIAN_POINT('',(-4.6736,-1.4986,0.));
#3325 = VECTOR('',#3326,1.);
#3326 = DIRECTION('',(-0.,1.,0.));
#3327 = ORIENTED_EDGE('',*,*,#3237,.T.);
#3328 = ORIENTED_EDGE('',*,*,#3187,.T.);
#3329 = ORIENTED_EDGE('',*,*,#3259,.T.);
#3330 = ORIENTED_EDGE('',*,*,#3289,.T.);
#3331 = ORIENTED_EDGE('',*,*,#3332,.F.);
#3332 = EDGE_CURVE('',#3321,#3290,#3333,.T.);
#3333 = LINE('',#3334,#3335);
#3334 = CARTESIAN_POINT('',(-4.6736,-1.0414,0.));
#3335 = VECTOR('',#3336,1.);
#3336 = DIRECTION('',(0.,0.,1.));
#3337 = PLANE('',#3338);
#3338 = AXIS2_PLACEMENT_3D('',#3339,#3340,#3341);
#3339 = CARTESIAN_POINT('',(-4.6736,-1.586079418345,3.503779418345));
#3340 = DIRECTION('',(-1.,-0.,-0.));
#3341 = DIRECTION('',(0.,0.,-1.));
#3342 = ADVANCED_FACE('',(#3343),#3361,.T.);
#3343 = FACE_BOUND('',#3344,.T.);
#3344 = EDGE_LOOP('',(#3345,#3353,#3354,#3355));
#3345 = ORIENTED_EDGE('',*,*,#3346,.F.);
#3346 = EDGE_CURVE('',#3321,#3347,#3349,.T.);
#3347 = VERTEX_POINT('',#3348);
#3348 = CARTESIAN_POINT('',(-4.2164,-1.0414,0.));
#3349 = LINE('',#3350,#3351);
#3350 = CARTESIAN_POINT('',(-4.6736,-1.0414,0.));
#3351 = VECTOR('',#3352,1.);
#3352 = DIRECTION('',(1.,0.,-0.));
#3353 = ORIENTED_EDGE('',*,*,#3332,.T.);
#3354 = ORIENTED_EDGE('',*,*,#3306,.T.);
#3355 = ORIENTED_EDGE('',*,*,#3356,.F.);
#3356 = EDGE_CURVE('',#3347,#3299,#3357,.T.);
#3357 = LINE('',#3358,#3359);
#3358 = CARTESIAN_POINT('',(-4.2164,-1.0414,0.));
#3359 = VECTOR('',#3360,1.);
#3360 = DIRECTION('',(0.,0.,1.));
#3361 = PLANE('',#3362);
#3362 = AXIS2_PLACEMENT_3D('',#3363,#3364,#3365);
#3363 = CARTESIAN_POINT('',(-4.6736,-1.0414,0.));
#3364 = DIRECTION('',(-0.,1.,0.));
#3365 = DIRECTION('',(0.,0.,1.));
#3366 = ADVANCED_FACE('',(#3367),#3378,.T.);
#3367 = FACE_BOUND('',#3368,.T.);
#3368 = EDGE_LOOP('',(#3369,#3370,#3371,#3377));
#3369 = ORIENTED_EDGE('',*,*,#3320,.T.);
#3370 = ORIENTED_EDGE('',*,*,#3346,.T.);
#3371 = ORIENTED_EDGE('',*,*,#3372,.F.);
#3372 = EDGE_CURVE('',#3230,#3347,#3373,.T.);
#3373 = LINE('',#3374,#3375);
#3374 = CARTESIAN_POINT('',(-4.2164,-1.4986,0.));
#3375 = VECTOR('',#3376,1.);
#3376 = DIRECTION('',(-0.,1.,0.));
#3377 = ORIENTED_EDGE('',*,*,#3227,.F.);
#3378 = PLANE('',#3379);
#3379 = AXIS2_PLACEMENT_3D('',#3380,#3381,#3382);
#3380 = CARTESIAN_POINT('',(-4.445,-2.4003,0.));
#3381 = DIRECTION('',(-0.,-0.,-1.));
#3382 = DIRECTION('',(-1.,0.,0.));
#3383 = ADVANCED_FACE('',(#3384),#3392,.T.);
#3384 = FACE_BOUND('',#3385,.T.);
#3385 = EDGE_LOOP('',(#3386,#3387,#3388,#3389,#3390,#3391));
#3386 = ORIENTED_EDGE('',*,*,#3356,.T.);
#3387 = ORIENTED_EDGE('',*,*,#3298,.F.);
#3388 = ORIENTED_EDGE('',*,*,#3275,.F.);
#3389 = ORIENTED_EDGE('',*,*,#3205,.F.);
#3390 = ORIENTED_EDGE('',*,*,#3244,.F.);
#3391 = ORIENTED_EDGE('',*,*,#3372,.T.);
#3392 = PLANE('',#3393);
#3393 = AXIS2_PLACEMENT_3D('',#3394,#3395,#3396);
#3394 = CARTESIAN_POINT('',(-4.2164,-1.586079418345,3.503779418345));
#3395 = DIRECTION('',(1.,0.,0.));
#3396 = DIRECTION('',(-0.,0.,1.));
#3397 = MANIFOLD_SOLID_BREP('',#3398);
#3398 = CLOSED_SHELL('',(#3399,#3439,#3470,#3501,#3532,#3558,#3582,#3599
    ));
#3399 = ADVANCED_FACE('',(#3400),#3434,.T.);
#3400 = FACE_BOUND('',#3401,.T.);
#3401 = EDGE_LOOP('',(#3402,#3412,#3420,#3428));
#3402 = ORIENTED_EDGE('',*,*,#3403,.F.);
#3403 = EDGE_CURVE('',#3404,#3406,#3408,.T.);
#3404 = VERTEX_POINT('',#3405);
#3405 = CARTESIAN_POINT('',(-4.6736,1.0414,8.636));
#3406 = VERTEX_POINT('',#3407);
#3407 = CARTESIAN_POINT('',(-4.6736,1.4986,8.636));
#3408 = LINE('',#3409,#3410);
#3409 = CARTESIAN_POINT('',(-4.6736,1.0414,8.636));
#3410 = VECTOR('',#3411,1.);
#3411 = DIRECTION('',(-0.,1.,0.));
#3412 = ORIENTED_EDGE('',*,*,#3413,.T.);
#3413 = EDGE_CURVE('',#3404,#3414,#3416,.T.);
#3414 = VERTEX_POINT('',#3415);
#3415 = CARTESIAN_POINT('',(-4.2164,1.0414,8.636));
#3416 = LINE('',#3417,#3418);
#3417 = CARTESIAN_POINT('',(-4.6736,1.0414,8.636));
#3418 = VECTOR('',#3419,1.);
#3419 = DIRECTION('',(1.,0.,-0.));
#3420 = ORIENTED_EDGE('',*,*,#3421,.T.);
#3421 = EDGE_CURVE('',#3414,#3422,#3424,.T.);
#3422 = VERTEX_POINT('',#3423);
#3423 = CARTESIAN_POINT('',(-4.2164,1.4986,8.636));
#3424 = LINE('',#3425,#3426);
#3425 = CARTESIAN_POINT('',(-4.2164,1.0414,8.636));
#3426 = VECTOR('',#3427,1.);
#3427 = DIRECTION('',(-0.,1.,0.));
#3428 = ORIENTED_EDGE('',*,*,#3429,.F.);
#3429 = EDGE_CURVE('',#3406,#3422,#3430,.T.);
#3430 = LINE('',#3431,#3432);
#3431 = CARTESIAN_POINT('',(-4.6736,1.4986,8.636));
#3432 = VECTOR('',#3433,1.);
#3433 = DIRECTION('',(1.,0.,-0.));
#3434 = PLANE('',#3435);
#3435 = AXIS2_PLACEMENT_3D('',#3436,#3437,#3438);
#3436 = CARTESIAN_POINT('',(-4.6736,1.0414,8.636));
#3437 = DIRECTION('',(0.,0.,1.));
#3438 = DIRECTION('',(1.,0.,-0.));
#3439 = ADVANCED_FACE('',(#3440),#3465,.T.);
#3440 = FACE_BOUND('',#3441,.T.);
#3441 = EDGE_LOOP('',(#3442,#3452,#3458,#3459));
#3442 = ORIENTED_EDGE('',*,*,#3443,.F.);
#3443 = EDGE_CURVE('',#3444,#3446,#3448,.T.);
#3444 = VERTEX_POINT('',#3445);
#3445 = CARTESIAN_POINT('',(-4.6736,1.4986,0.4572));
#3446 = VERTEX_POINT('',#3447);
#3447 = CARTESIAN_POINT('',(-4.2164,1.4986,0.4572));
#3448 = LINE('',#3449,#3450);
#3449 = CARTESIAN_POINT('',(-4.6736,1.4986,0.4572));
#3450 = VECTOR('',#3451,1.);
#3451 = DIRECTION('',(1.,0.,-0.));
#3452 = ORIENTED_EDGE('',*,*,#3453,.T.);
#3453 = EDGE_CURVE('',#3444,#3406,#3454,.T.);
#3454 = LINE('',#3455,#3456);
#3455 = CARTESIAN_POINT('',(-4.6736,1.4986,0.));
#3456 = VECTOR('',#3457,1.);
#3457 = DIRECTION('',(0.,0.,1.));
#3458 = ORIENTED_EDGE('',*,*,#3429,.T.);
#3459 = ORIENTED_EDGE('',*,*,#3460,.F.);
#3460 = EDGE_CURVE('',#3446,#3422,#3461,.T.);
#3461 = LINE('',#3462,#3463);
#3462 = CARTESIAN_POINT('',(-4.2164,1.4986,0.));
#3463 = VECTOR('',#3464,1.);
#3464 = DIRECTION('',(0.,0.,1.));
#3465 = PLANE('',#3466);
#3466 = AXIS2_PLACEMENT_3D('',#3467,#3468,#3469);
#3467 = CARTESIAN_POINT('',(-4.6736,1.4986,0.));
#3468 = DIRECTION('',(-0.,1.,0.));
#3469 = DIRECTION('',(0.,0.,1.));
#3470 = ADVANCED_FACE('',(#3471),#3496,.T.);
#3471 = FACE_BOUND('',#3472,.T.);
#3472 = EDGE_LOOP('',(#3473,#3481,#3482,#3490));
#3473 = ORIENTED_EDGE('',*,*,#3474,.F.);
#3474 = EDGE_CURVE('',#3444,#3475,#3477,.T.);
#3475 = VERTEX_POINT('',#3476);
#3476 = CARTESIAN_POINT('',(-4.6736,3.7592,0.4572));
#3477 = LINE('',#3478,#3479);
#3478 = CARTESIAN_POINT('',(-4.6736,1.0414,0.4572));
#3479 = VECTOR('',#3480,1.);
#3480 = DIRECTION('',(-0.,1.,0.));
#3481 = ORIENTED_EDGE('',*,*,#3443,.T.);
#3482 = ORIENTED_EDGE('',*,*,#3483,.T.);
#3483 = EDGE_CURVE('',#3446,#3484,#3486,.T.);
#3484 = VERTEX_POINT('',#3485);
#3485 = CARTESIAN_POINT('',(-4.2164,3.7592,0.4572));
#3486 = LINE('',#3487,#3488);
#3487 = CARTESIAN_POINT('',(-4.2164,1.0414,0.4572));
#3488 = VECTOR('',#3489,1.);
#3489 = DIRECTION('',(-0.,1.,0.));
#3490 = ORIENTED_EDGE('',*,*,#3491,.F.);
#3491 = EDGE_CURVE('',#3475,#3484,#3492,.T.);
#3492 = LINE('',#3493,#3494);
#3493 = CARTESIAN_POINT('',(-4.6736,3.7592,0.4572));
#3494 = VECTOR('',#3495,1.);
#3495 = DIRECTION('',(1.,0.,-0.));
#3496 = PLANE('',#3497);
#3497 = AXIS2_PLACEMENT_3D('',#3498,#3499,#3500);
#3498 = CARTESIAN_POINT('',(-4.6736,1.0414,0.4572));
#3499 = DIRECTION('',(0.,0.,1.));
#3500 = DIRECTION('',(1.,0.,-0.));
#3501 = ADVANCED_FACE('',(#3502),#3527,.T.);
#3502 = FACE_BOUND('',#3503,.T.);
#3503 = EDGE_LOOP('',(#3504,#3514,#3520,#3521));
#3504 = ORIENTED_EDGE('',*,*,#3505,.F.);
#3505 = EDGE_CURVE('',#3506,#3508,#3510,.T.);
#3506 = VERTEX_POINT('',#3507);
#3507 = CARTESIAN_POINT('',(-4.6736,3.7592,0.));
#3508 = VERTEX_POINT('',#3509);
#3509 = CARTESIAN_POINT('',(-4.2164,3.7592,0.));
#3510 = LINE('',#3511,#3512);
#3511 = CARTESIAN_POINT('',(-4.6736,3.7592,0.));
#3512 = VECTOR('',#3513,1.);
#3513 = DIRECTION('',(1.,0.,-0.));
#3514 = ORIENTED_EDGE('',*,*,#3515,.T.);
#3515 = EDGE_CURVE('',#3506,#3475,#3516,.T.);
#3516 = LINE('',#3517,#3518);
#3517 = CARTESIAN_POINT('',(-4.6736,3.7592,0.));
#3518 = VECTOR('',#3519,1.);
#3519 = DIRECTION('',(0.,0.,1.));
#3520 = ORIENTED_EDGE('',*,*,#3491,.T.);
#3521 = ORIENTED_EDGE('',*,*,#3522,.F.);
#3522 = EDGE_CURVE('',#3508,#3484,#3523,.T.);
#3523 = LINE('',#3524,#3525);
#3524 = CARTESIAN_POINT('',(-4.2164,3.7592,0.));
#3525 = VECTOR('',#3526,1.);
#3526 = DIRECTION('',(0.,0.,1.));
#3527 = PLANE('',#3528);
#3528 = AXIS2_PLACEMENT_3D('',#3529,#3530,#3531);
#3529 = CARTESIAN_POINT('',(-4.6736,3.7592,0.));
#3530 = DIRECTION('',(-0.,1.,0.));
#3531 = DIRECTION('',(0.,0.,1.));
#3532 = ADVANCED_FACE('',(#3533),#3553,.T.);
#3533 = FACE_BOUND('',#3534,.T.);
#3534 = EDGE_LOOP('',(#3535,#3543,#3544,#3545,#3546,#3547));
#3535 = ORIENTED_EDGE('',*,*,#3536,.T.);
#3536 = EDGE_CURVE('',#3537,#3404,#3539,.T.);
#3537 = VERTEX_POINT('',#3538);
#3538 = CARTESIAN_POINT('',(-4.6736,1.0414,0.));
#3539 = LINE('',#3540,#3541);
#3540 = CARTESIAN_POINT('',(-4.6736,1.0414,0.));
#3541 = VECTOR('',#3542,1.);
#3542 = DIRECTION('',(0.,0.,1.));
#3543 = ORIENTED_EDGE('',*,*,#3403,.T.);
#3544 = ORIENTED_EDGE('',*,*,#3453,.F.);
#3545 = ORIENTED_EDGE('',*,*,#3474,.T.);
#3546 = ORIENTED_EDGE('',*,*,#3515,.F.);
#3547 = ORIENTED_EDGE('',*,*,#3548,.F.);
#3548 = EDGE_CURVE('',#3537,#3506,#3549,.T.);
#3549 = LINE('',#3550,#3551);
#3550 = CARTESIAN_POINT('',(-4.6736,1.0414,0.));
#3551 = VECTOR('',#3552,1.);
#3552 = DIRECTION('',(-0.,1.,0.));
#3553 = PLANE('',#3554);
#3554 = AXIS2_PLACEMENT_3D('',#3555,#3556,#3557);
#3555 = CARTESIAN_POINT('',(-4.6736,1.586079418345,3.503779418345));
#3556 = DIRECTION('',(-1.,-0.,-0.));
#3557 = DIRECTION('',(0.,0.,-1.));
#3558 = ADVANCED_FACE('',(#3559),#3577,.F.);
#3559 = FACE_BOUND('',#3560,.T.);
#3560 = EDGE_LOOP('',(#3561,#3569,#3575,#3576));
#3561 = ORIENTED_EDGE('',*,*,#3562,.T.);
#3562 = EDGE_CURVE('',#3537,#3563,#3565,.T.);
#3563 = VERTEX_POINT('',#3564);
#3564 = CARTESIAN_POINT('',(-4.2164,1.0414,0.));
#3565 = LINE('',#3566,#3567);
#3566 = CARTESIAN_POINT('',(-4.6736,1.0414,0.));
#3567 = VECTOR('',#3568,1.);
#3568 = DIRECTION('',(1.,0.,-0.));
#3569 = ORIENTED_EDGE('',*,*,#3570,.T.);
#3570 = EDGE_CURVE('',#3563,#3414,#3571,.T.);
#3571 = LINE('',#3572,#3573);
#3572 = CARTESIAN_POINT('',(-4.2164,1.0414,0.));
#3573 = VECTOR('',#3574,1.);
#3574 = DIRECTION('',(0.,0.,1.));
#3575 = ORIENTED_EDGE('',*,*,#3413,.F.);
#3576 = ORIENTED_EDGE('',*,*,#3536,.F.);
#3577 = PLANE('',#3578);
#3578 = AXIS2_PLACEMENT_3D('',#3579,#3580,#3581);
#3579 = CARTESIAN_POINT('',(-4.6736,1.0414,0.));
#3580 = DIRECTION('',(-0.,1.,0.));
#3581 = DIRECTION('',(0.,0.,1.));
#3582 = ADVANCED_FACE('',(#3583),#3594,.T.);
#3583 = FACE_BOUND('',#3584,.T.);
#3584 = EDGE_LOOP('',(#3585,#3586,#3587,#3593));
#3585 = ORIENTED_EDGE('',*,*,#3548,.T.);
#3586 = ORIENTED_EDGE('',*,*,#3505,.T.);
#3587 = ORIENTED_EDGE('',*,*,#3588,.F.);
#3588 = EDGE_CURVE('',#3563,#3508,#3589,.T.);
#3589 = LINE('',#3590,#3591);
#3590 = CARTESIAN_POINT('',(-4.2164,1.0414,0.));
#3591 = VECTOR('',#3592,1.);
#3592 = DIRECTION('',(-0.,1.,0.));
#3593 = ORIENTED_EDGE('',*,*,#3562,.F.);
#3594 = PLANE('',#3595);
#3595 = AXIS2_PLACEMENT_3D('',#3596,#3597,#3598);
#3596 = CARTESIAN_POINT('',(-4.445,2.4003,0.));
#3597 = DIRECTION('',(-0.,-0.,-1.));
#3598 = DIRECTION('',(-1.,0.,0.));
#3599 = ADVANCED_FACE('',(#3600),#3608,.T.);
#3600 = FACE_BOUND('',#3601,.T.);
#3601 = EDGE_LOOP('',(#3602,#3603,#3604,#3605,#3606,#3607));
#3602 = ORIENTED_EDGE('',*,*,#3570,.F.);
#3603 = ORIENTED_EDGE('',*,*,#3588,.T.);
#3604 = ORIENTED_EDGE('',*,*,#3522,.T.);
#3605 = ORIENTED_EDGE('',*,*,#3483,.F.);
#3606 = ORIENTED_EDGE('',*,*,#3460,.T.);
#3607 = ORIENTED_EDGE('',*,*,#3421,.F.);
#3608 = PLANE('',#3609);
#3609 = AXIS2_PLACEMENT_3D('',#3610,#3611,#3612);
#3610 = CARTESIAN_POINT('',(-4.2164,1.586079418345,3.503779418345));
#3611 = DIRECTION('',(1.,0.,0.));
#3612 = DIRECTION('',(-0.,0.,1.));
#3613 = MANIFOLD_SOLID_BREP('',#3614);
#3614 = CLOSED_SHELL('',(#3615,#3655,#3686,#3717,#3748,#3774,#3798,#3815
    ));
#3615 = ADVANCED_FACE('',(#3616),#3650,.T.);
#3616 = FACE_BOUND('',#3617,.T.);
#3617 = EDGE_LOOP('',(#3618,#3628,#3636,#3644));
#3618 = ORIENTED_EDGE('',*,*,#3619,.F.);
#3619 = EDGE_CURVE('',#3620,#3622,#3624,.T.);
#3620 = VERTEX_POINT('',#3621);
#3621 = CARTESIAN_POINT('',(-3.4036,-3.7592,0.4572));
#3622 = VERTEX_POINT('',#3623);
#3623 = CARTESIAN_POINT('',(-3.4036,-1.4986,0.4572));
#3624 = LINE('',#3625,#3626);
#3625 = CARTESIAN_POINT('',(-3.4036,-3.7592,0.4572));
#3626 = VECTOR('',#3627,1.);
#3627 = DIRECTION('',(-0.,1.,0.));
#3628 = ORIENTED_EDGE('',*,*,#3629,.T.);
#3629 = EDGE_CURVE('',#3620,#3630,#3632,.T.);
#3630 = VERTEX_POINT('',#3631);
#3631 = CARTESIAN_POINT('',(-2.9464,-3.7592,0.4572));
#3632 = LINE('',#3633,#3634);
#3633 = CARTESIAN_POINT('',(-3.4036,-3.7592,0.4572));
#3634 = VECTOR('',#3635,1.);
#3635 = DIRECTION('',(1.,0.,-0.));
#3636 = ORIENTED_EDGE('',*,*,#3637,.T.);
#3637 = EDGE_CURVE('',#3630,#3638,#3640,.T.);
#3638 = VERTEX_POINT('',#3639);
#3639 = CARTESIAN_POINT('',(-2.9464,-1.4986,0.4572));
#3640 = LINE('',#3641,#3642);
#3641 = CARTESIAN_POINT('',(-2.9464,-3.7592,0.4572));
#3642 = VECTOR('',#3643,1.);
#3643 = DIRECTION('',(-0.,1.,0.));
#3644 = ORIENTED_EDGE('',*,*,#3645,.F.);
#3645 = EDGE_CURVE('',#3622,#3638,#3646,.T.);
#3646 = LINE('',#3647,#3648);
#3647 = CARTESIAN_POINT('',(-3.4036,-1.4986,0.4572));
#3648 = VECTOR('',#3649,1.);
#3649 = DIRECTION('',(1.,0.,-0.));
#3650 = PLANE('',#3651);
#3651 = AXIS2_PLACEMENT_3D('',#3652,#3653,#3654);
#3652 = CARTESIAN_POINT('',(-3.4036,-3.7592,0.4572));
#3653 = DIRECTION('',(0.,0.,1.));
#3654 = DIRECTION('',(1.,0.,-0.));
#3655 = ADVANCED_FACE('',(#3656),#3681,.F.);
#3656 = FACE_BOUND('',#3657,.F.);
#3657 = EDGE_LOOP('',(#3658,#3668,#3674,#3675));
#3658 = ORIENTED_EDGE('',*,*,#3659,.F.);
#3659 = EDGE_CURVE('',#3660,#3662,#3664,.T.);
#3660 = VERTEX_POINT('',#3661);
#3661 = CARTESIAN_POINT('',(-3.4036,-3.7592,0.));
#3662 = VERTEX_POINT('',#3663);
#3663 = CARTESIAN_POINT('',(-2.9464,-3.7592,0.));
#3664 = LINE('',#3665,#3666);
#3665 = CARTESIAN_POINT('',(-3.4036,-3.7592,0.));
#3666 = VECTOR('',#3667,1.);
#3667 = DIRECTION('',(1.,0.,-0.));
#3668 = ORIENTED_EDGE('',*,*,#3669,.T.);
#3669 = EDGE_CURVE('',#3660,#3620,#3670,.T.);
#3670 = LINE('',#3671,#3672);
#3671 = CARTESIAN_POINT('',(-3.4036,-3.7592,0.));
#3672 = VECTOR('',#3673,1.);
#3673 = DIRECTION('',(0.,0.,1.));
#3674 = ORIENTED_EDGE('',*,*,#3629,.T.);
#3675 = ORIENTED_EDGE('',*,*,#3676,.F.);
#3676 = EDGE_CURVE('',#3662,#3630,#3677,.T.);
#3677 = LINE('',#3678,#3679);
#3678 = CARTESIAN_POINT('',(-2.9464,-3.7592,0.));
#3679 = VECTOR('',#3680,1.);
#3680 = DIRECTION('',(0.,0.,1.));
#3681 = PLANE('',#3682);
#3682 = AXIS2_PLACEMENT_3D('',#3683,#3684,#3685);
#3683 = CARTESIAN_POINT('',(-3.4036,-3.7592,0.));
#3684 = DIRECTION('',(-0.,1.,0.));
#3685 = DIRECTION('',(0.,0.,1.));
#3686 = ADVANCED_FACE('',(#3687),#3712,.F.);
#3687 = FACE_BOUND('',#3688,.F.);
#3688 = EDGE_LOOP('',(#3689,#3690,#3698,#3706));
#3689 = ORIENTED_EDGE('',*,*,#3645,.F.);
#3690 = ORIENTED_EDGE('',*,*,#3691,.T.);
#3691 = EDGE_CURVE('',#3622,#3692,#3694,.T.);
#3692 = VERTEX_POINT('',#3693);
#3693 = CARTESIAN_POINT('',(-3.4036,-1.4986,8.636));
#3694 = LINE('',#3695,#3696);
#3695 = CARTESIAN_POINT('',(-3.4036,-1.4986,0.));
#3696 = VECTOR('',#3697,1.);
#3697 = DIRECTION('',(0.,0.,1.));
#3698 = ORIENTED_EDGE('',*,*,#3699,.T.);
#3699 = EDGE_CURVE('',#3692,#3700,#3702,.T.);
#3700 = VERTEX_POINT('',#3701);
#3701 = CARTESIAN_POINT('',(-2.9464,-1.4986,8.636));
#3702 = LINE('',#3703,#3704);
#3703 = CARTESIAN_POINT('',(-3.4036,-1.4986,8.636));
#3704 = VECTOR('',#3705,1.);
#3705 = DIRECTION('',(1.,0.,-0.));
#3706 = ORIENTED_EDGE('',*,*,#3707,.F.);
#3707 = EDGE_CURVE('',#3638,#3700,#3708,.T.);
#3708 = LINE('',#3709,#3710);
#3709 = CARTESIAN_POINT('',(-2.9464,-1.4986,0.));
#3710 = VECTOR('',#3711,1.);
#3711 = DIRECTION('',(0.,0.,1.));
#3712 = PLANE('',#3713);
#3713 = AXIS2_PLACEMENT_3D('',#3714,#3715,#3716);
#3714 = CARTESIAN_POINT('',(-3.4036,-1.4986,0.));
#3715 = DIRECTION('',(-0.,1.,0.));
#3716 = DIRECTION('',(0.,0.,1.));
#3717 = ADVANCED_FACE('',(#3718),#3743,.T.);
#3718 = FACE_BOUND('',#3719,.T.);
#3719 = EDGE_LOOP('',(#3720,#3728,#3729,#3737));
#3720 = ORIENTED_EDGE('',*,*,#3721,.F.);
#3721 = EDGE_CURVE('',#3692,#3722,#3724,.T.);
#3722 = VERTEX_POINT('',#3723);
#3723 = CARTESIAN_POINT('',(-3.4036,-1.0414,8.636));
#3724 = LINE('',#3725,#3726);
#3725 = CARTESIAN_POINT('',(-3.4036,-1.4986,8.636));
#3726 = VECTOR('',#3727,1.);
#3727 = DIRECTION('',(-0.,1.,0.));
#3728 = ORIENTED_EDGE('',*,*,#3699,.T.);
#3729 = ORIENTED_EDGE('',*,*,#3730,.T.);
#3730 = EDGE_CURVE('',#3700,#3731,#3733,.T.);
#3731 = VERTEX_POINT('',#3732);
#3732 = CARTESIAN_POINT('',(-2.9464,-1.0414,8.636));
#3733 = LINE('',#3734,#3735);
#3734 = CARTESIAN_POINT('',(-2.9464,-1.4986,8.636));
#3735 = VECTOR('',#3736,1.);
#3736 = DIRECTION('',(-0.,1.,0.));
#3737 = ORIENTED_EDGE('',*,*,#3738,.F.);
#3738 = EDGE_CURVE('',#3722,#3731,#3739,.T.);
#3739 = LINE('',#3740,#3741);
#3740 = CARTESIAN_POINT('',(-3.4036,-1.0414,8.636));
#3741 = VECTOR('',#3742,1.);
#3742 = DIRECTION('',(1.,0.,-0.));
#3743 = PLANE('',#3744);
#3744 = AXIS2_PLACEMENT_3D('',#3745,#3746,#3747);
#3745 = CARTESIAN_POINT('',(-3.4036,-1.4986,8.636));
#3746 = DIRECTION('',(0.,0.,1.));
#3747 = DIRECTION('',(1.,0.,-0.));
#3748 = ADVANCED_FACE('',(#3749),#3769,.T.);
#3749 = FACE_BOUND('',#3750,.T.);
#3750 = EDGE_LOOP('',(#3751,#3759,#3760,#3761,#3762,#3763));
#3751 = ORIENTED_EDGE('',*,*,#3752,.F.);
#3752 = EDGE_CURVE('',#3660,#3753,#3755,.T.);
#3753 = VERTEX_POINT('',#3754);
#3754 = CARTESIAN_POINT('',(-3.4036,-1.0414,0.));
#3755 = LINE('',#3756,#3757);
#3756 = CARTESIAN_POINT('',(-3.4036,-1.4986,0.));
#3757 = VECTOR('',#3758,1.);
#3758 = DIRECTION('',(-0.,1.,0.));
#3759 = ORIENTED_EDGE('',*,*,#3669,.T.);
#3760 = ORIENTED_EDGE('',*,*,#3619,.T.);
#3761 = ORIENTED_EDGE('',*,*,#3691,.T.);
#3762 = ORIENTED_EDGE('',*,*,#3721,.T.);
#3763 = ORIENTED_EDGE('',*,*,#3764,.F.);
#3764 = EDGE_CURVE('',#3753,#3722,#3765,.T.);
#3765 = LINE('',#3766,#3767);
#3766 = CARTESIAN_POINT('',(-3.4036,-1.0414,0.));
#3767 = VECTOR('',#3768,1.);
#3768 = DIRECTION('',(0.,0.,1.));
#3769 = PLANE('',#3770);
#3770 = AXIS2_PLACEMENT_3D('',#3771,#3772,#3773);
#3771 = CARTESIAN_POINT('',(-3.4036,-1.586079418345,3.503779418345));
#3772 = DIRECTION('',(-1.,-0.,-0.));
#3773 = DIRECTION('',(0.,0.,-1.));
#3774 = ADVANCED_FACE('',(#3775),#3793,.T.);
#3775 = FACE_BOUND('',#3776,.T.);
#3776 = EDGE_LOOP('',(#3777,#3785,#3786,#3787));
#3777 = ORIENTED_EDGE('',*,*,#3778,.F.);
#3778 = EDGE_CURVE('',#3753,#3779,#3781,.T.);
#3779 = VERTEX_POINT('',#3780);
#3780 = CARTESIAN_POINT('',(-2.9464,-1.0414,0.));
#3781 = LINE('',#3782,#3783);
#3782 = CARTESIAN_POINT('',(-3.4036,-1.0414,0.));
#3783 = VECTOR('',#3784,1.);
#3784 = DIRECTION('',(1.,0.,-0.));
#3785 = ORIENTED_EDGE('',*,*,#3764,.T.);
#3786 = ORIENTED_EDGE('',*,*,#3738,.T.);
#3787 = ORIENTED_EDGE('',*,*,#3788,.F.);
#3788 = EDGE_CURVE('',#3779,#3731,#3789,.T.);
#3789 = LINE('',#3790,#3791);
#3790 = CARTESIAN_POINT('',(-2.9464,-1.0414,0.));
#3791 = VECTOR('',#3792,1.);
#3792 = DIRECTION('',(0.,0.,1.));
#3793 = PLANE('',#3794);
#3794 = AXIS2_PLACEMENT_3D('',#3795,#3796,#3797);
#3795 = CARTESIAN_POINT('',(-3.4036,-1.0414,0.));
#3796 = DIRECTION('',(-0.,1.,0.));
#3797 = DIRECTION('',(0.,0.,1.));
#3798 = ADVANCED_FACE('',(#3799),#3810,.T.);
#3799 = FACE_BOUND('',#3800,.T.);
#3800 = EDGE_LOOP('',(#3801,#3802,#3803,#3809));
#3801 = ORIENTED_EDGE('',*,*,#3752,.T.);
#3802 = ORIENTED_EDGE('',*,*,#3778,.T.);
#3803 = ORIENTED_EDGE('',*,*,#3804,.F.);
#3804 = EDGE_CURVE('',#3662,#3779,#3805,.T.);
#3805 = LINE('',#3806,#3807);
#3806 = CARTESIAN_POINT('',(-2.9464,-1.4986,0.));
#3807 = VECTOR('',#3808,1.);
#3808 = DIRECTION('',(-0.,1.,0.));
#3809 = ORIENTED_EDGE('',*,*,#3659,.F.);
#3810 = PLANE('',#3811);
#3811 = AXIS2_PLACEMENT_3D('',#3812,#3813,#3814);
#3812 = CARTESIAN_POINT('',(-3.175,-2.4003,0.));
#3813 = DIRECTION('',(-0.,-0.,-1.));
#3814 = DIRECTION('',(-1.,0.,0.));
#3815 = ADVANCED_FACE('',(#3816),#3824,.T.);
#3816 = FACE_BOUND('',#3817,.T.);
#3817 = EDGE_LOOP('',(#3818,#3819,#3820,#3821,#3822,#3823));
#3818 = ORIENTED_EDGE('',*,*,#3788,.T.);
#3819 = ORIENTED_EDGE('',*,*,#3730,.F.);
#3820 = ORIENTED_EDGE('',*,*,#3707,.F.);
#3821 = ORIENTED_EDGE('',*,*,#3637,.F.);
#3822 = ORIENTED_EDGE('',*,*,#3676,.F.);
#3823 = ORIENTED_EDGE('',*,*,#3804,.T.);
#3824 = PLANE('',#3825);
#3825 = AXIS2_PLACEMENT_3D('',#3826,#3827,#3828);
#3826 = CARTESIAN_POINT('',(-2.9464,-1.586079418345,3.503779418345));
#3827 = DIRECTION('',(1.,0.,0.));
#3828 = DIRECTION('',(-0.,0.,1.));
#3829 = MANIFOLD_SOLID_BREP('',#3830);
#3830 = CLOSED_SHELL('',(#3831,#3871,#3902,#3933,#3964,#3990,#4014,#4031
    ));
#3831 = ADVANCED_FACE('',(#3832),#3866,.T.);
#3832 = FACE_BOUND('',#3833,.T.);
#3833 = EDGE_LOOP('',(#3834,#3844,#3852,#3860));
#3834 = ORIENTED_EDGE('',*,*,#3835,.F.);
#3835 = EDGE_CURVE('',#3836,#3838,#3840,.T.);
#3836 = VERTEX_POINT('',#3837);
#3837 = CARTESIAN_POINT('',(-2.1336,-3.7592,0.4572));
#3838 = VERTEX_POINT('',#3839);
#3839 = CARTESIAN_POINT('',(-2.1336,-1.4986,0.4572));
#3840 = LINE('',#3841,#3842);
#3841 = CARTESIAN_POINT('',(-2.1336,-3.7592,0.4572));
#3842 = VECTOR('',#3843,1.);
#3843 = DIRECTION('',(-0.,1.,0.));
#3844 = ORIENTED_EDGE('',*,*,#3845,.T.);
#3845 = EDGE_CURVE('',#3836,#3846,#3848,.T.);
#3846 = VERTEX_POINT('',#3847);
#3847 = CARTESIAN_POINT('',(-1.6764,-3.7592,0.4572));
#3848 = LINE('',#3849,#3850);
#3849 = CARTESIAN_POINT('',(-2.1336,-3.7592,0.4572));
#3850 = VECTOR('',#3851,1.);
#3851 = DIRECTION('',(1.,0.,-0.));
#3852 = ORIENTED_EDGE('',*,*,#3853,.T.);
#3853 = EDGE_CURVE('',#3846,#3854,#3856,.T.);
#3854 = VERTEX_POINT('',#3855);
#3855 = CARTESIAN_POINT('',(-1.6764,-1.4986,0.4572));
#3856 = LINE('',#3857,#3858);
#3857 = CARTESIAN_POINT('',(-1.6764,-3.7592,0.4572));
#3858 = VECTOR('',#3859,1.);
#3859 = DIRECTION('',(-0.,1.,0.));
#3860 = ORIENTED_EDGE('',*,*,#3861,.F.);
#3861 = EDGE_CURVE('',#3838,#3854,#3862,.T.);
#3862 = LINE('',#3863,#3864);
#3863 = CARTESIAN_POINT('',(-2.1336,-1.4986,0.4572));
#3864 = VECTOR('',#3865,1.);
#3865 = DIRECTION('',(1.,0.,-0.));
#3866 = PLANE('',#3867);
#3867 = AXIS2_PLACEMENT_3D('',#3868,#3869,#3870);
#3868 = CARTESIAN_POINT('',(-2.1336,-3.7592,0.4572));
#3869 = DIRECTION('',(0.,0.,1.));
#3870 = DIRECTION('',(1.,0.,-0.));
#3871 = ADVANCED_FACE('',(#3872),#3897,.F.);
#3872 = FACE_BOUND('',#3873,.F.);
#3873 = EDGE_LOOP('',(#3874,#3884,#3890,#3891));
#3874 = ORIENTED_EDGE('',*,*,#3875,.F.);
#3875 = EDGE_CURVE('',#3876,#3878,#3880,.T.);
#3876 = VERTEX_POINT('',#3877);
#3877 = CARTESIAN_POINT('',(-2.1336,-3.7592,0.));
#3878 = VERTEX_POINT('',#3879);
#3879 = CARTESIAN_POINT('',(-1.6764,-3.7592,0.));
#3880 = LINE('',#3881,#3882);
#3881 = CARTESIAN_POINT('',(-2.1336,-3.7592,0.));
#3882 = VECTOR('',#3883,1.);
#3883 = DIRECTION('',(1.,0.,-0.));
#3884 = ORIENTED_EDGE('',*,*,#3885,.T.);
#3885 = EDGE_CURVE('',#3876,#3836,#3886,.T.);
#3886 = LINE('',#3887,#3888);
#3887 = CARTESIAN_POINT('',(-2.1336,-3.7592,0.));
#3888 = VECTOR('',#3889,1.);
#3889 = DIRECTION('',(0.,0.,1.));
#3890 = ORIENTED_EDGE('',*,*,#3845,.T.);
#3891 = ORIENTED_EDGE('',*,*,#3892,.F.);
#3892 = EDGE_CURVE('',#3878,#3846,#3893,.T.);
#3893 = LINE('',#3894,#3895);
#3894 = CARTESIAN_POINT('',(-1.6764,-3.7592,0.));
#3895 = VECTOR('',#3896,1.);
#3896 = DIRECTION('',(0.,0.,1.));
#3897 = PLANE('',#3898);
#3898 = AXIS2_PLACEMENT_3D('',#3899,#3900,#3901);
#3899 = CARTESIAN_POINT('',(-2.1336,-3.7592,0.));
#3900 = DIRECTION('',(-0.,1.,0.));
#3901 = DIRECTION('',(0.,0.,1.));
#3902 = ADVANCED_FACE('',(#3903),#3928,.F.);
#3903 = FACE_BOUND('',#3904,.F.);
#3904 = EDGE_LOOP('',(#3905,#3906,#3914,#3922));
#3905 = ORIENTED_EDGE('',*,*,#3861,.F.);
#3906 = ORIENTED_EDGE('',*,*,#3907,.T.);
#3907 = EDGE_CURVE('',#3838,#3908,#3910,.T.);
#3908 = VERTEX_POINT('',#3909);
#3909 = CARTESIAN_POINT('',(-2.1336,-1.4986,8.636));
#3910 = LINE('',#3911,#3912);
#3911 = CARTESIAN_POINT('',(-2.1336,-1.4986,0.));
#3912 = VECTOR('',#3913,1.);
#3913 = DIRECTION('',(0.,0.,1.));
#3914 = ORIENTED_EDGE('',*,*,#3915,.T.);
#3915 = EDGE_CURVE('',#3908,#3916,#3918,.T.);
#3916 = VERTEX_POINT('',#3917);
#3917 = CARTESIAN_POINT('',(-1.6764,-1.4986,8.636));
#3918 = LINE('',#3919,#3920);
#3919 = CARTESIAN_POINT('',(-2.1336,-1.4986,8.636));
#3920 = VECTOR('',#3921,1.);
#3921 = DIRECTION('',(1.,0.,-0.));
#3922 = ORIENTED_EDGE('',*,*,#3923,.F.);
#3923 = EDGE_CURVE('',#3854,#3916,#3924,.T.);
#3924 = LINE('',#3925,#3926);
#3925 = CARTESIAN_POINT('',(-1.6764,-1.4986,0.));
#3926 = VECTOR('',#3927,1.);
#3927 = DIRECTION('',(0.,0.,1.));
#3928 = PLANE('',#3929);
#3929 = AXIS2_PLACEMENT_3D('',#3930,#3931,#3932);
#3930 = CARTESIAN_POINT('',(-2.1336,-1.4986,0.));
#3931 = DIRECTION('',(-0.,1.,0.));
#3932 = DIRECTION('',(0.,0.,1.));
#3933 = ADVANCED_FACE('',(#3934),#3959,.T.);
#3934 = FACE_BOUND('',#3935,.T.);
#3935 = EDGE_LOOP('',(#3936,#3944,#3945,#3953));
#3936 = ORIENTED_EDGE('',*,*,#3937,.F.);
#3937 = EDGE_CURVE('',#3908,#3938,#3940,.T.);
#3938 = VERTEX_POINT('',#3939);
#3939 = CARTESIAN_POINT('',(-2.1336,-1.0414,8.636));
#3940 = LINE('',#3941,#3942);
#3941 = CARTESIAN_POINT('',(-2.1336,-1.4986,8.636));
#3942 = VECTOR('',#3943,1.);
#3943 = DIRECTION('',(-0.,1.,0.));
#3944 = ORIENTED_EDGE('',*,*,#3915,.T.);
#3945 = ORIENTED_EDGE('',*,*,#3946,.T.);
#3946 = EDGE_CURVE('',#3916,#3947,#3949,.T.);
#3947 = VERTEX_POINT('',#3948);
#3948 = CARTESIAN_POINT('',(-1.6764,-1.0414,8.636));
#3949 = LINE('',#3950,#3951);
#3950 = CARTESIAN_POINT('',(-1.6764,-1.4986,8.636));
#3951 = VECTOR('',#3952,1.);
#3952 = DIRECTION('',(-0.,1.,0.));
#3953 = ORIENTED_EDGE('',*,*,#3954,.F.);
#3954 = EDGE_CURVE('',#3938,#3947,#3955,.T.);
#3955 = LINE('',#3956,#3957);
#3956 = CARTESIAN_POINT('',(-2.1336,-1.0414,8.636));
#3957 = VECTOR('',#3958,1.);
#3958 = DIRECTION('',(1.,0.,-0.));
#3959 = PLANE('',#3960);
#3960 = AXIS2_PLACEMENT_3D('',#3961,#3962,#3963);
#3961 = CARTESIAN_POINT('',(-2.1336,-1.4986,8.636));
#3962 = DIRECTION('',(0.,0.,1.));
#3963 = DIRECTION('',(1.,0.,-0.));
#3964 = ADVANCED_FACE('',(#3965),#3985,.T.);
#3965 = FACE_BOUND('',#3966,.T.);
#3966 = EDGE_LOOP('',(#3967,#3975,#3976,#3977,#3978,#3979));
#3967 = ORIENTED_EDGE('',*,*,#3968,.F.);
#3968 = EDGE_CURVE('',#3876,#3969,#3971,.T.);
#3969 = VERTEX_POINT('',#3970);
#3970 = CARTESIAN_POINT('',(-2.1336,-1.0414,0.));
#3971 = LINE('',#3972,#3973);
#3972 = CARTESIAN_POINT('',(-2.1336,-1.4986,0.));
#3973 = VECTOR('',#3974,1.);
#3974 = DIRECTION('',(-0.,1.,0.));
#3975 = ORIENTED_EDGE('',*,*,#3885,.T.);
#3976 = ORIENTED_EDGE('',*,*,#3835,.T.);
#3977 = ORIENTED_EDGE('',*,*,#3907,.T.);
#3978 = ORIENTED_EDGE('',*,*,#3937,.T.);
#3979 = ORIENTED_EDGE('',*,*,#3980,.F.);
#3980 = EDGE_CURVE('',#3969,#3938,#3981,.T.);
#3981 = LINE('',#3982,#3983);
#3982 = CARTESIAN_POINT('',(-2.1336,-1.0414,0.));
#3983 = VECTOR('',#3984,1.);
#3984 = DIRECTION('',(0.,0.,1.));
#3985 = PLANE('',#3986);
#3986 = AXIS2_PLACEMENT_3D('',#3987,#3988,#3989);
#3987 = CARTESIAN_POINT('',(-2.1336,-1.586079418345,3.503779418345));
#3988 = DIRECTION('',(-1.,-0.,-0.));
#3989 = DIRECTION('',(0.,0.,-1.));
#3990 = ADVANCED_FACE('',(#3991),#4009,.T.);
#3991 = FACE_BOUND('',#3992,.T.);
#3992 = EDGE_LOOP('',(#3993,#4001,#4002,#4003));
#3993 = ORIENTED_EDGE('',*,*,#3994,.F.);
#3994 = EDGE_CURVE('',#3969,#3995,#3997,.T.);
#3995 = VERTEX_POINT('',#3996);
#3996 = CARTESIAN_POINT('',(-1.6764,-1.0414,0.));
#3997 = LINE('',#3998,#3999);
#3998 = CARTESIAN_POINT('',(-2.1336,-1.0414,0.));
#3999 = VECTOR('',#4000,1.);
#4000 = DIRECTION('',(1.,0.,-0.));
#4001 = ORIENTED_EDGE('',*,*,#3980,.T.);
#4002 = ORIENTED_EDGE('',*,*,#3954,.T.);
#4003 = ORIENTED_EDGE('',*,*,#4004,.F.);
#4004 = EDGE_CURVE('',#3995,#3947,#4005,.T.);
#4005 = LINE('',#4006,#4007);
#4006 = CARTESIAN_POINT('',(-1.6764,-1.0414,0.));
#4007 = VECTOR('',#4008,1.);
#4008 = DIRECTION('',(0.,0.,1.));
#4009 = PLANE('',#4010);
#4010 = AXIS2_PLACEMENT_3D('',#4011,#4012,#4013);
#4011 = CARTESIAN_POINT('',(-2.1336,-1.0414,0.));
#4012 = DIRECTION('',(-0.,1.,0.));
#4013 = DIRECTION('',(0.,0.,1.));
#4014 = ADVANCED_FACE('',(#4015),#4026,.T.);
#4015 = FACE_BOUND('',#4016,.T.);
#4016 = EDGE_LOOP('',(#4017,#4018,#4019,#4025));
#4017 = ORIENTED_EDGE('',*,*,#3968,.T.);
#4018 = ORIENTED_EDGE('',*,*,#3994,.T.);
#4019 = ORIENTED_EDGE('',*,*,#4020,.F.);
#4020 = EDGE_CURVE('',#3878,#3995,#4021,.T.);
#4021 = LINE('',#4022,#4023);
#4022 = CARTESIAN_POINT('',(-1.6764,-1.4986,0.));
#4023 = VECTOR('',#4024,1.);
#4024 = DIRECTION('',(-0.,1.,0.));
#4025 = ORIENTED_EDGE('',*,*,#3875,.F.);
#4026 = PLANE('',#4027);
#4027 = AXIS2_PLACEMENT_3D('',#4028,#4029,#4030);
#4028 = CARTESIAN_POINT('',(-1.905,-2.4003,0.));
#4029 = DIRECTION('',(-0.,-0.,-1.));
#4030 = DIRECTION('',(-1.,0.,0.));
#4031 = ADVANCED_FACE('',(#4032),#4040,.T.);
#4032 = FACE_BOUND('',#4033,.T.);
#4033 = EDGE_LOOP('',(#4034,#4035,#4036,#4037,#4038,#4039));
#4034 = ORIENTED_EDGE('',*,*,#4004,.T.);
#4035 = ORIENTED_EDGE('',*,*,#3946,.F.);
#4036 = ORIENTED_EDGE('',*,*,#3923,.F.);
#4037 = ORIENTED_EDGE('',*,*,#3853,.F.);
#4038 = ORIENTED_EDGE('',*,*,#3892,.F.);
#4039 = ORIENTED_EDGE('',*,*,#4020,.T.);
#4040 = PLANE('',#4041);
#4041 = AXIS2_PLACEMENT_3D('',#4042,#4043,#4044);
#4042 = CARTESIAN_POINT('',(-1.6764,-1.586079418345,3.503779418345));
#4043 = DIRECTION('',(1.,0.,0.));
#4044 = DIRECTION('',(-0.,0.,1.));
#4045 = MANIFOLD_SOLID_BREP('',#4046);
#4046 = CLOSED_SHELL('',(#4047,#4087,#4118,#4149,#4180,#4206,#4230,#4247
    ));
#4047 = ADVANCED_FACE('',(#4048),#4082,.T.);
#4048 = FACE_BOUND('',#4049,.T.);
#4049 = EDGE_LOOP('',(#4050,#4060,#4068,#4076));
#4050 = ORIENTED_EDGE('',*,*,#4051,.F.);
#4051 = EDGE_CURVE('',#4052,#4054,#4056,.T.);
#4052 = VERTEX_POINT('',#4053);
#4053 = CARTESIAN_POINT('',(-2.1336,1.0414,8.636));
#4054 = VERTEX_POINT('',#4055);
#4055 = CARTESIAN_POINT('',(-2.1336,1.4986,8.636));
#4056 = LINE('',#4057,#4058);
#4057 = CARTESIAN_POINT('',(-2.1336,1.0414,8.636));
#4058 = VECTOR('',#4059,1.);
#4059 = DIRECTION('',(-0.,1.,0.));
#4060 = ORIENTED_EDGE('',*,*,#4061,.T.);
#4061 = EDGE_CURVE('',#4052,#4062,#4064,.T.);
#4062 = VERTEX_POINT('',#4063);
#4063 = CARTESIAN_POINT('',(-1.6764,1.0414,8.636));
#4064 = LINE('',#4065,#4066);
#4065 = CARTESIAN_POINT('',(-2.1336,1.0414,8.636));
#4066 = VECTOR('',#4067,1.);
#4067 = DIRECTION('',(1.,0.,-0.));
#4068 = ORIENTED_EDGE('',*,*,#4069,.T.);
#4069 = EDGE_CURVE('',#4062,#4070,#4072,.T.);
#4070 = VERTEX_POINT('',#4071);
#4071 = CARTESIAN_POINT('',(-1.6764,1.4986,8.636));
#4072 = LINE('',#4073,#4074);
#4073 = CARTESIAN_POINT('',(-1.6764,1.0414,8.636));
#4074 = VECTOR('',#4075,1.);
#4075 = DIRECTION('',(-0.,1.,0.));
#4076 = ORIENTED_EDGE('',*,*,#4077,.F.);
#4077 = EDGE_CURVE('',#4054,#4070,#4078,.T.);
#4078 = LINE('',#4079,#4080);
#4079 = CARTESIAN_POINT('',(-2.1336,1.4986,8.636));
#4080 = VECTOR('',#4081,1.);
#4081 = DIRECTION('',(1.,0.,-0.));
#4082 = PLANE('',#4083);
#4083 = AXIS2_PLACEMENT_3D('',#4084,#4085,#4086);
#4084 = CARTESIAN_POINT('',(-2.1336,1.0414,8.636));
#4085 = DIRECTION('',(0.,0.,1.));
#4086 = DIRECTION('',(1.,0.,-0.));
#4087 = ADVANCED_FACE('',(#4088),#4113,.T.);
#4088 = FACE_BOUND('',#4089,.T.);
#4089 = EDGE_LOOP('',(#4090,#4100,#4106,#4107));
#4090 = ORIENTED_EDGE('',*,*,#4091,.F.);
#4091 = EDGE_CURVE('',#4092,#4094,#4096,.T.);
#4092 = VERTEX_POINT('',#4093);
#4093 = CARTESIAN_POINT('',(-2.1336,1.4986,0.4572));
#4094 = VERTEX_POINT('',#4095);
#4095 = CARTESIAN_POINT('',(-1.6764,1.4986,0.4572));
#4096 = LINE('',#4097,#4098);
#4097 = CARTESIAN_POINT('',(-2.1336,1.4986,0.4572));
#4098 = VECTOR('',#4099,1.);
#4099 = DIRECTION('',(1.,0.,-0.));
#4100 = ORIENTED_EDGE('',*,*,#4101,.T.);
#4101 = EDGE_CURVE('',#4092,#4054,#4102,.T.);
#4102 = LINE('',#4103,#4104);
#4103 = CARTESIAN_POINT('',(-2.1336,1.4986,0.));
#4104 = VECTOR('',#4105,1.);
#4105 = DIRECTION('',(0.,0.,1.));
#4106 = ORIENTED_EDGE('',*,*,#4077,.T.);
#4107 = ORIENTED_EDGE('',*,*,#4108,.F.);
#4108 = EDGE_CURVE('',#4094,#4070,#4109,.T.);
#4109 = LINE('',#4110,#4111);
#4110 = CARTESIAN_POINT('',(-1.6764,1.4986,0.));
#4111 = VECTOR('',#4112,1.);
#4112 = DIRECTION('',(0.,0.,1.));
#4113 = PLANE('',#4114);
#4114 = AXIS2_PLACEMENT_3D('',#4115,#4116,#4117);
#4115 = CARTESIAN_POINT('',(-2.1336,1.4986,0.));
#4116 = DIRECTION('',(-0.,1.,0.));
#4117 = DIRECTION('',(0.,0.,1.));
#4118 = ADVANCED_FACE('',(#4119),#4144,.T.);
#4119 = FACE_BOUND('',#4120,.T.);
#4120 = EDGE_LOOP('',(#4121,#4129,#4130,#4138));
#4121 = ORIENTED_EDGE('',*,*,#4122,.F.);
#4122 = EDGE_CURVE('',#4092,#4123,#4125,.T.);
#4123 = VERTEX_POINT('',#4124);
#4124 = CARTESIAN_POINT('',(-2.1336,3.7592,0.4572));
#4125 = LINE('',#4126,#4127);
#4126 = CARTESIAN_POINT('',(-2.1336,1.0414,0.4572));
#4127 = VECTOR('',#4128,1.);
#4128 = DIRECTION('',(-0.,1.,0.));
#4129 = ORIENTED_EDGE('',*,*,#4091,.T.);
#4130 = ORIENTED_EDGE('',*,*,#4131,.T.);
#4131 = EDGE_CURVE('',#4094,#4132,#4134,.T.);
#4132 = VERTEX_POINT('',#4133);
#4133 = CARTESIAN_POINT('',(-1.6764,3.7592,0.4572));
#4134 = LINE('',#4135,#4136);
#4135 = CARTESIAN_POINT('',(-1.6764,1.0414,0.4572));
#4136 = VECTOR('',#4137,1.);
#4137 = DIRECTION('',(-0.,1.,0.));
#4138 = ORIENTED_EDGE('',*,*,#4139,.F.);
#4139 = EDGE_CURVE('',#4123,#4132,#4140,.T.);
#4140 = LINE('',#4141,#4142);
#4141 = CARTESIAN_POINT('',(-2.1336,3.7592,0.4572));
#4142 = VECTOR('',#4143,1.);
#4143 = DIRECTION('',(1.,0.,-0.));
#4144 = PLANE('',#4145);
#4145 = AXIS2_PLACEMENT_3D('',#4146,#4147,#4148);
#4146 = CARTESIAN_POINT('',(-2.1336,1.0414,0.4572));
#4147 = DIRECTION('',(0.,0.,1.));
#4148 = DIRECTION('',(1.,0.,-0.));
#4149 = ADVANCED_FACE('',(#4150),#4175,.T.);
#4150 = FACE_BOUND('',#4151,.T.);
#4151 = EDGE_LOOP('',(#4152,#4162,#4168,#4169));
#4152 = ORIENTED_EDGE('',*,*,#4153,.F.);
#4153 = EDGE_CURVE('',#4154,#4156,#4158,.T.);
#4154 = VERTEX_POINT('',#4155);
#4155 = CARTESIAN_POINT('',(-2.1336,3.7592,0.));
#4156 = VERTEX_POINT('',#4157);
#4157 = CARTESIAN_POINT('',(-1.6764,3.7592,0.));
#4158 = LINE('',#4159,#4160);
#4159 = CARTESIAN_POINT('',(-2.1336,3.7592,0.));
#4160 = VECTOR('',#4161,1.);
#4161 = DIRECTION('',(1.,0.,-0.));
#4162 = ORIENTED_EDGE('',*,*,#4163,.T.);
#4163 = EDGE_CURVE('',#4154,#4123,#4164,.T.);
#4164 = LINE('',#4165,#4166);
#4165 = CARTESIAN_POINT('',(-2.1336,3.7592,0.));
#4166 = VECTOR('',#4167,1.);
#4167 = DIRECTION('',(0.,0.,1.));
#4168 = ORIENTED_EDGE('',*,*,#4139,.T.);
#4169 = ORIENTED_EDGE('',*,*,#4170,.F.);
#4170 = EDGE_CURVE('',#4156,#4132,#4171,.T.);
#4171 = LINE('',#4172,#4173);
#4172 = CARTESIAN_POINT('',(-1.6764,3.7592,0.));
#4173 = VECTOR('',#4174,1.);
#4174 = DIRECTION('',(0.,0.,1.));
#4175 = PLANE('',#4176);
#4176 = AXIS2_PLACEMENT_3D('',#4177,#4178,#4179);
#4177 = CARTESIAN_POINT('',(-2.1336,3.7592,0.));
#4178 = DIRECTION('',(-0.,1.,0.));
#4179 = DIRECTION('',(0.,0.,1.));
#4180 = ADVANCED_FACE('',(#4181),#4201,.T.);
#4181 = FACE_BOUND('',#4182,.T.);
#4182 = EDGE_LOOP('',(#4183,#4191,#4192,#4193,#4194,#4195));
#4183 = ORIENTED_EDGE('',*,*,#4184,.T.);
#4184 = EDGE_CURVE('',#4185,#4052,#4187,.T.);
#4185 = VERTEX_POINT('',#4186);
#4186 = CARTESIAN_POINT('',(-2.1336,1.0414,0.));
#4187 = LINE('',#4188,#4189);
#4188 = CARTESIAN_POINT('',(-2.1336,1.0414,0.));
#4189 = VECTOR('',#4190,1.);
#4190 = DIRECTION('',(0.,0.,1.));
#4191 = ORIENTED_EDGE('',*,*,#4051,.T.);
#4192 = ORIENTED_EDGE('',*,*,#4101,.F.);
#4193 = ORIENTED_EDGE('',*,*,#4122,.T.);
#4194 = ORIENTED_EDGE('',*,*,#4163,.F.);
#4195 = ORIENTED_EDGE('',*,*,#4196,.F.);
#4196 = EDGE_CURVE('',#4185,#4154,#4197,.T.);
#4197 = LINE('',#4198,#4199);
#4198 = CARTESIAN_POINT('',(-2.1336,1.0414,0.));
#4199 = VECTOR('',#4200,1.);
#4200 = DIRECTION('',(-0.,1.,0.));
#4201 = PLANE('',#4202);
#4202 = AXIS2_PLACEMENT_3D('',#4203,#4204,#4205);
#4203 = CARTESIAN_POINT('',(-2.1336,1.586079418345,3.503779418345));
#4204 = DIRECTION('',(-1.,-0.,-0.));
#4205 = DIRECTION('',(0.,0.,-1.));
#4206 = ADVANCED_FACE('',(#4207),#4225,.F.);
#4207 = FACE_BOUND('',#4208,.T.);
#4208 = EDGE_LOOP('',(#4209,#4217,#4223,#4224));
#4209 = ORIENTED_EDGE('',*,*,#4210,.T.);
#4210 = EDGE_CURVE('',#4185,#4211,#4213,.T.);
#4211 = VERTEX_POINT('',#4212);
#4212 = CARTESIAN_POINT('',(-1.6764,1.0414,0.));
#4213 = LINE('',#4214,#4215);
#4214 = CARTESIAN_POINT('',(-2.1336,1.0414,0.));
#4215 = VECTOR('',#4216,1.);
#4216 = DIRECTION('',(1.,0.,-0.));
#4217 = ORIENTED_EDGE('',*,*,#4218,.T.);
#4218 = EDGE_CURVE('',#4211,#4062,#4219,.T.);
#4219 = LINE('',#4220,#4221);
#4220 = CARTESIAN_POINT('',(-1.6764,1.0414,0.));
#4221 = VECTOR('',#4222,1.);
#4222 = DIRECTION('',(0.,0.,1.));
#4223 = ORIENTED_EDGE('',*,*,#4061,.F.);
#4224 = ORIENTED_EDGE('',*,*,#4184,.F.);
#4225 = PLANE('',#4226);
#4226 = AXIS2_PLACEMENT_3D('',#4227,#4228,#4229);
#4227 = CARTESIAN_POINT('',(-2.1336,1.0414,0.));
#4228 = DIRECTION('',(-0.,1.,0.));
#4229 = DIRECTION('',(0.,0.,1.));
#4230 = ADVANCED_FACE('',(#4231),#4242,.T.);
#4231 = FACE_BOUND('',#4232,.T.);
#4232 = EDGE_LOOP('',(#4233,#4234,#4235,#4241));
#4233 = ORIENTED_EDGE('',*,*,#4196,.T.);
#4234 = ORIENTED_EDGE('',*,*,#4153,.T.);
#4235 = ORIENTED_EDGE('',*,*,#4236,.F.);
#4236 = EDGE_CURVE('',#4211,#4156,#4237,.T.);
#4237 = LINE('',#4238,#4239);
#4238 = CARTESIAN_POINT('',(-1.6764,1.0414,0.));
#4239 = VECTOR('',#4240,1.);
#4240 = DIRECTION('',(-0.,1.,0.));
#4241 = ORIENTED_EDGE('',*,*,#4210,.F.);
#4242 = PLANE('',#4243);
#4243 = AXIS2_PLACEMENT_3D('',#4244,#4245,#4246);
#4244 = CARTESIAN_POINT('',(-1.905,2.4003,0.));
#4245 = DIRECTION('',(-0.,-0.,-1.));
#4246 = DIRECTION('',(-1.,0.,0.));
#4247 = ADVANCED_FACE('',(#4248),#4256,.T.);
#4248 = FACE_BOUND('',#4249,.T.);
#4249 = EDGE_LOOP('',(#4250,#4251,#4252,#4253,#4254,#4255));
#4250 = ORIENTED_EDGE('',*,*,#4218,.F.);
#4251 = ORIENTED_EDGE('',*,*,#4236,.T.);
#4252 = ORIENTED_EDGE('',*,*,#4170,.T.);
#4253 = ORIENTED_EDGE('',*,*,#4131,.F.);
#4254 = ORIENTED_EDGE('',*,*,#4108,.T.);
#4255 = ORIENTED_EDGE('',*,*,#4069,.F.);
#4256 = PLANE('',#4257);
#4257 = AXIS2_PLACEMENT_3D('',#4258,#4259,#4260);
#4258 = CARTESIAN_POINT('',(-1.6764,1.586079418345,3.503779418345));
#4259 = DIRECTION('',(1.,0.,0.));
#4260 = DIRECTION('',(-0.,0.,1.));
#4261 = MANIFOLD_SOLID_BREP('',#4262);
#4262 = CLOSED_SHELL('',(#4263,#4303,#4334,#4365,#4396,#4422,#4446,#4463
    ));
#4263 = ADVANCED_FACE('',(#4264),#4298,.T.);
#4264 = FACE_BOUND('',#4265,.T.);
#4265 = EDGE_LOOP('',(#4266,#4276,#4284,#4292));
#4266 = ORIENTED_EDGE('',*,*,#4267,.F.);
#4267 = EDGE_CURVE('',#4268,#4270,#4272,.T.);
#4268 = VERTEX_POINT('',#4269);
#4269 = CARTESIAN_POINT('',(-0.8636,-3.7592,0.4572));
#4270 = VERTEX_POINT('',#4271);
#4271 = CARTESIAN_POINT('',(-0.8636,-1.4986,0.4572));
#4272 = LINE('',#4273,#4274);
#4273 = CARTESIAN_POINT('',(-0.8636,-3.7592,0.4572));
#4274 = VECTOR('',#4275,1.);
#4275 = DIRECTION('',(-0.,1.,0.));
#4276 = ORIENTED_EDGE('',*,*,#4277,.T.);
#4277 = EDGE_CURVE('',#4268,#4278,#4280,.T.);
#4278 = VERTEX_POINT('',#4279);
#4279 = CARTESIAN_POINT('',(-0.4064,-3.7592,0.4572));
#4280 = LINE('',#4281,#4282);
#4281 = CARTESIAN_POINT('',(-0.8636,-3.7592,0.4572));
#4282 = VECTOR('',#4283,1.);
#4283 = DIRECTION('',(1.,0.,-0.));
#4284 = ORIENTED_EDGE('',*,*,#4285,.T.);
#4285 = EDGE_CURVE('',#4278,#4286,#4288,.T.);
#4286 = VERTEX_POINT('',#4287);
#4287 = CARTESIAN_POINT('',(-0.4064,-1.4986,0.4572));
#4288 = LINE('',#4289,#4290);
#4289 = CARTESIAN_POINT('',(-0.4064,-3.7592,0.4572));
#4290 = VECTOR('',#4291,1.);
#4291 = DIRECTION('',(-0.,1.,0.));
#4292 = ORIENTED_EDGE('',*,*,#4293,.F.);
#4293 = EDGE_CURVE('',#4270,#4286,#4294,.T.);
#4294 = LINE('',#4295,#4296);
#4295 = CARTESIAN_POINT('',(-0.8636,-1.4986,0.4572));
#4296 = VECTOR('',#4297,1.);
#4297 = DIRECTION('',(1.,0.,-0.));
#4298 = PLANE('',#4299);
#4299 = AXIS2_PLACEMENT_3D('',#4300,#4301,#4302);
#4300 = CARTESIAN_POINT('',(-0.8636,-3.7592,0.4572));
#4301 = DIRECTION('',(0.,0.,1.));
#4302 = DIRECTION('',(1.,0.,-0.));
#4303 = ADVANCED_FACE('',(#4304),#4329,.F.);
#4304 = FACE_BOUND('',#4305,.F.);
#4305 = EDGE_LOOP('',(#4306,#4316,#4322,#4323));
#4306 = ORIENTED_EDGE('',*,*,#4307,.F.);
#4307 = EDGE_CURVE('',#4308,#4310,#4312,.T.);
#4308 = VERTEX_POINT('',#4309);
#4309 = CARTESIAN_POINT('',(-0.8636,-3.7592,0.));
#4310 = VERTEX_POINT('',#4311);
#4311 = CARTESIAN_POINT('',(-0.4064,-3.7592,0.));
#4312 = LINE('',#4313,#4314);
#4313 = CARTESIAN_POINT('',(-0.8636,-3.7592,0.));
#4314 = VECTOR('',#4315,1.);
#4315 = DIRECTION('',(1.,0.,-0.));
#4316 = ORIENTED_EDGE('',*,*,#4317,.T.);
#4317 = EDGE_CURVE('',#4308,#4268,#4318,.T.);
#4318 = LINE('',#4319,#4320);
#4319 = CARTESIAN_POINT('',(-0.8636,-3.7592,0.));
#4320 = VECTOR('',#4321,1.);
#4321 = DIRECTION('',(0.,0.,1.));
#4322 = ORIENTED_EDGE('',*,*,#4277,.T.);
#4323 = ORIENTED_EDGE('',*,*,#4324,.F.);
#4324 = EDGE_CURVE('',#4310,#4278,#4325,.T.);
#4325 = LINE('',#4326,#4327);
#4326 = CARTESIAN_POINT('',(-0.4064,-3.7592,0.));
#4327 = VECTOR('',#4328,1.);
#4328 = DIRECTION('',(0.,0.,1.));
#4329 = PLANE('',#4330);
#4330 = AXIS2_PLACEMENT_3D('',#4331,#4332,#4333);
#4331 = CARTESIAN_POINT('',(-0.8636,-3.7592,0.));
#4332 = DIRECTION('',(-0.,1.,0.));
#4333 = DIRECTION('',(0.,0.,1.));
#4334 = ADVANCED_FACE('',(#4335),#4360,.F.);
#4335 = FACE_BOUND('',#4336,.F.);
#4336 = EDGE_LOOP('',(#4337,#4338,#4346,#4354));
#4337 = ORIENTED_EDGE('',*,*,#4293,.F.);
#4338 = ORIENTED_EDGE('',*,*,#4339,.T.);
#4339 = EDGE_CURVE('',#4270,#4340,#4342,.T.);
#4340 = VERTEX_POINT('',#4341);
#4341 = CARTESIAN_POINT('',(-0.8636,-1.4986,8.636));
#4342 = LINE('',#4343,#4344);
#4343 = CARTESIAN_POINT('',(-0.8636,-1.4986,0.));
#4344 = VECTOR('',#4345,1.);
#4345 = DIRECTION('',(0.,0.,1.));
#4346 = ORIENTED_EDGE('',*,*,#4347,.T.);
#4347 = EDGE_CURVE('',#4340,#4348,#4350,.T.);
#4348 = VERTEX_POINT('',#4349);
#4349 = CARTESIAN_POINT('',(-0.4064,-1.4986,8.636));
#4350 = LINE('',#4351,#4352);
#4351 = CARTESIAN_POINT('',(-0.8636,-1.4986,8.636));
#4352 = VECTOR('',#4353,1.);
#4353 = DIRECTION('',(1.,0.,-0.));
#4354 = ORIENTED_EDGE('',*,*,#4355,.F.);
#4355 = EDGE_CURVE('',#4286,#4348,#4356,.T.);
#4356 = LINE('',#4357,#4358);
#4357 = CARTESIAN_POINT('',(-0.4064,-1.4986,0.));
#4358 = VECTOR('',#4359,1.);
#4359 = DIRECTION('',(0.,0.,1.));
#4360 = PLANE('',#4361);
#4361 = AXIS2_PLACEMENT_3D('',#4362,#4363,#4364);
#4362 = CARTESIAN_POINT('',(-0.8636,-1.4986,0.));
#4363 = DIRECTION('',(-0.,1.,0.));
#4364 = DIRECTION('',(0.,0.,1.));
#4365 = ADVANCED_FACE('',(#4366),#4391,.T.);
#4366 = FACE_BOUND('',#4367,.T.);
#4367 = EDGE_LOOP('',(#4368,#4376,#4377,#4385));
#4368 = ORIENTED_EDGE('',*,*,#4369,.F.);
#4369 = EDGE_CURVE('',#4340,#4370,#4372,.T.);
#4370 = VERTEX_POINT('',#4371);
#4371 = CARTESIAN_POINT('',(-0.8636,-1.0414,8.636));
#4372 = LINE('',#4373,#4374);
#4373 = CARTESIAN_POINT('',(-0.8636,-1.4986,8.636));
#4374 = VECTOR('',#4375,1.);
#4375 = DIRECTION('',(-0.,1.,0.));
#4376 = ORIENTED_EDGE('',*,*,#4347,.T.);
#4377 = ORIENTED_EDGE('',*,*,#4378,.T.);
#4378 = EDGE_CURVE('',#4348,#4379,#4381,.T.);
#4379 = VERTEX_POINT('',#4380);
#4380 = CARTESIAN_POINT('',(-0.4064,-1.0414,8.636));
#4381 = LINE('',#4382,#4383);
#4382 = CARTESIAN_POINT('',(-0.4064,-1.4986,8.636));
#4383 = VECTOR('',#4384,1.);
#4384 = DIRECTION('',(-0.,1.,0.));
#4385 = ORIENTED_EDGE('',*,*,#4386,.F.);
#4386 = EDGE_CURVE('',#4370,#4379,#4387,.T.);
#4387 = LINE('',#4388,#4389);
#4388 = CARTESIAN_POINT('',(-0.8636,-1.0414,8.636));
#4389 = VECTOR('',#4390,1.);
#4390 = DIRECTION('',(1.,0.,-0.));
#4391 = PLANE('',#4392);
#4392 = AXIS2_PLACEMENT_3D('',#4393,#4394,#4395);
#4393 = CARTESIAN_POINT('',(-0.8636,-1.4986,8.636));
#4394 = DIRECTION('',(0.,0.,1.));
#4395 = DIRECTION('',(1.,0.,-0.));
#4396 = ADVANCED_FACE('',(#4397),#4417,.T.);
#4397 = FACE_BOUND('',#4398,.T.);
#4398 = EDGE_LOOP('',(#4399,#4407,#4408,#4409,#4410,#4411));
#4399 = ORIENTED_EDGE('',*,*,#4400,.F.);
#4400 = EDGE_CURVE('',#4308,#4401,#4403,.T.);
#4401 = VERTEX_POINT('',#4402);
#4402 = CARTESIAN_POINT('',(-0.8636,-1.0414,0.));
#4403 = LINE('',#4404,#4405);
#4404 = CARTESIAN_POINT('',(-0.8636,-1.4986,0.));
#4405 = VECTOR('',#4406,1.);
#4406 = DIRECTION('',(-0.,1.,0.));
#4407 = ORIENTED_EDGE('',*,*,#4317,.T.);
#4408 = ORIENTED_EDGE('',*,*,#4267,.T.);
#4409 = ORIENTED_EDGE('',*,*,#4339,.T.);
#4410 = ORIENTED_EDGE('',*,*,#4369,.T.);
#4411 = ORIENTED_EDGE('',*,*,#4412,.F.);
#4412 = EDGE_CURVE('',#4401,#4370,#4413,.T.);
#4413 = LINE('',#4414,#4415);
#4414 = CARTESIAN_POINT('',(-0.8636,-1.0414,0.));
#4415 = VECTOR('',#4416,1.);
#4416 = DIRECTION('',(0.,0.,1.));
#4417 = PLANE('',#4418);
#4418 = AXIS2_PLACEMENT_3D('',#4419,#4420,#4421);
#4419 = CARTESIAN_POINT('',(-0.8636,-1.586079418345,3.503779418345));
#4420 = DIRECTION('',(-1.,-0.,-0.));
#4421 = DIRECTION('',(0.,0.,-1.));
#4422 = ADVANCED_FACE('',(#4423),#4441,.T.);
#4423 = FACE_BOUND('',#4424,.T.);
#4424 = EDGE_LOOP('',(#4425,#4433,#4434,#4435));
#4425 = ORIENTED_EDGE('',*,*,#4426,.F.);
#4426 = EDGE_CURVE('',#4401,#4427,#4429,.T.);
#4427 = VERTEX_POINT('',#4428);
#4428 = CARTESIAN_POINT('',(-0.4064,-1.0414,0.));
#4429 = LINE('',#4430,#4431);
#4430 = CARTESIAN_POINT('',(-0.8636,-1.0414,0.));
#4431 = VECTOR('',#4432,1.);
#4432 = DIRECTION('',(1.,0.,-0.));
#4433 = ORIENTED_EDGE('',*,*,#4412,.T.);
#4434 = ORIENTED_EDGE('',*,*,#4386,.T.);
#4435 = ORIENTED_EDGE('',*,*,#4436,.F.);
#4436 = EDGE_CURVE('',#4427,#4379,#4437,.T.);
#4437 = LINE('',#4438,#4439);
#4438 = CARTESIAN_POINT('',(-0.4064,-1.0414,0.));
#4439 = VECTOR('',#4440,1.);
#4440 = DIRECTION('',(0.,0.,1.));
#4441 = PLANE('',#4442);
#4442 = AXIS2_PLACEMENT_3D('',#4443,#4444,#4445);
#4443 = CARTESIAN_POINT('',(-0.8636,-1.0414,0.));
#4444 = DIRECTION('',(-0.,1.,0.));
#4445 = DIRECTION('',(0.,0.,1.));
#4446 = ADVANCED_FACE('',(#4447),#4458,.T.);
#4447 = FACE_BOUND('',#4448,.T.);
#4448 = EDGE_LOOP('',(#4449,#4450,#4451,#4457));
#4449 = ORIENTED_EDGE('',*,*,#4400,.T.);
#4450 = ORIENTED_EDGE('',*,*,#4426,.T.);
#4451 = ORIENTED_EDGE('',*,*,#4452,.F.);
#4452 = EDGE_CURVE('',#4310,#4427,#4453,.T.);
#4453 = LINE('',#4454,#4455);
#4454 = CARTESIAN_POINT('',(-0.4064,-1.4986,0.));
#4455 = VECTOR('',#4456,1.);
#4456 = DIRECTION('',(-0.,1.,0.));
#4457 = ORIENTED_EDGE('',*,*,#4307,.F.);
#4458 = PLANE('',#4459);
#4459 = AXIS2_PLACEMENT_3D('',#4460,#4461,#4462);
#4460 = CARTESIAN_POINT('',(-0.635,-2.4003,0.));
#4461 = DIRECTION('',(-0.,-0.,-1.));
#4462 = DIRECTION('',(-1.,0.,0.));
#4463 = ADVANCED_FACE('',(#4464),#4472,.T.);
#4464 = FACE_BOUND('',#4465,.T.);
#4465 = EDGE_LOOP('',(#4466,#4467,#4468,#4469,#4470,#4471));
#4466 = ORIENTED_EDGE('',*,*,#4436,.T.);
#4467 = ORIENTED_EDGE('',*,*,#4378,.F.);
#4468 = ORIENTED_EDGE('',*,*,#4355,.F.);
#4469 = ORIENTED_EDGE('',*,*,#4285,.F.);
#4470 = ORIENTED_EDGE('',*,*,#4324,.F.);
#4471 = ORIENTED_EDGE('',*,*,#4452,.T.);
#4472 = PLANE('',#4473);
#4473 = AXIS2_PLACEMENT_3D('',#4474,#4475,#4476);
#4474 = CARTESIAN_POINT('',(-0.4064,-1.586079418345,3.503779418345));
#4475 = DIRECTION('',(1.,0.,0.));
#4476 = DIRECTION('',(-0.,0.,1.));
#4477 = MANIFOLD_SOLID_BREP('',#4478);
#4478 = CLOSED_SHELL('',(#4479,#4519,#4550,#4581,#4612,#4638,#4662,#4679
    ));
#4479 = ADVANCED_FACE('',(#4480),#4514,.T.);
#4480 = FACE_BOUND('',#4481,.T.);
#4481 = EDGE_LOOP('',(#4482,#4492,#4500,#4508));
#4482 = ORIENTED_EDGE('',*,*,#4483,.F.);
#4483 = EDGE_CURVE('',#4484,#4486,#4488,.T.);
#4484 = VERTEX_POINT('',#4485);
#4485 = CARTESIAN_POINT('',(-0.8636,1.0414,8.636));
#4486 = VERTEX_POINT('',#4487);
#4487 = CARTESIAN_POINT('',(-0.8636,1.4986,8.636));
#4488 = LINE('',#4489,#4490);
#4489 = CARTESIAN_POINT('',(-0.8636,1.0414,8.636));
#4490 = VECTOR('',#4491,1.);
#4491 = DIRECTION('',(-0.,1.,0.));
#4492 = ORIENTED_EDGE('',*,*,#4493,.T.);
#4493 = EDGE_CURVE('',#4484,#4494,#4496,.T.);
#4494 = VERTEX_POINT('',#4495);
#4495 = CARTESIAN_POINT('',(-0.4064,1.0414,8.636));
#4496 = LINE('',#4497,#4498);
#4497 = CARTESIAN_POINT('',(-0.8636,1.0414,8.636));
#4498 = VECTOR('',#4499,1.);
#4499 = DIRECTION('',(1.,0.,-0.));
#4500 = ORIENTED_EDGE('',*,*,#4501,.T.);
#4501 = EDGE_CURVE('',#4494,#4502,#4504,.T.);
#4502 = VERTEX_POINT('',#4503);
#4503 = CARTESIAN_POINT('',(-0.4064,1.4986,8.636));
#4504 = LINE('',#4505,#4506);
#4505 = CARTESIAN_POINT('',(-0.4064,1.0414,8.636));
#4506 = VECTOR('',#4507,1.);
#4507 = DIRECTION('',(-0.,1.,0.));
#4508 = ORIENTED_EDGE('',*,*,#4509,.F.);
#4509 = EDGE_CURVE('',#4486,#4502,#4510,.T.);
#4510 = LINE('',#4511,#4512);
#4511 = CARTESIAN_POINT('',(-0.8636,1.4986,8.636));
#4512 = VECTOR('',#4513,1.);
#4513 = DIRECTION('',(1.,0.,-0.));
#4514 = PLANE('',#4515);
#4515 = AXIS2_PLACEMENT_3D('',#4516,#4517,#4518);
#4516 = CARTESIAN_POINT('',(-0.8636,1.0414,8.636));
#4517 = DIRECTION('',(0.,0.,1.));
#4518 = DIRECTION('',(1.,0.,-0.));
#4519 = ADVANCED_FACE('',(#4520),#4545,.T.);
#4520 = FACE_BOUND('',#4521,.T.);
#4521 = EDGE_LOOP('',(#4522,#4532,#4538,#4539));
#4522 = ORIENTED_EDGE('',*,*,#4523,.F.);
#4523 = EDGE_CURVE('',#4524,#4526,#4528,.T.);
#4524 = VERTEX_POINT('',#4525);
#4525 = CARTESIAN_POINT('',(-0.8636,1.4986,0.4572));
#4526 = VERTEX_POINT('',#4527);
#4527 = CARTESIAN_POINT('',(-0.4064,1.4986,0.4572));
#4528 = LINE('',#4529,#4530);
#4529 = CARTESIAN_POINT('',(-0.8636,1.4986,0.4572));
#4530 = VECTOR('',#4531,1.);
#4531 = DIRECTION('',(1.,0.,-0.));
#4532 = ORIENTED_EDGE('',*,*,#4533,.T.);
#4533 = EDGE_CURVE('',#4524,#4486,#4534,.T.);
#4534 = LINE('',#4535,#4536);
#4535 = CARTESIAN_POINT('',(-0.8636,1.4986,0.));
#4536 = VECTOR('',#4537,1.);
#4537 = DIRECTION('',(0.,0.,1.));
#4538 = ORIENTED_EDGE('',*,*,#4509,.T.);
#4539 = ORIENTED_EDGE('',*,*,#4540,.F.);
#4540 = EDGE_CURVE('',#4526,#4502,#4541,.T.);
#4541 = LINE('',#4542,#4543);
#4542 = CARTESIAN_POINT('',(-0.4064,1.4986,0.));
#4543 = VECTOR('',#4544,1.);
#4544 = DIRECTION('',(0.,0.,1.));
#4545 = PLANE('',#4546);
#4546 = AXIS2_PLACEMENT_3D('',#4547,#4548,#4549);
#4547 = CARTESIAN_POINT('',(-0.8636,1.4986,0.));
#4548 = DIRECTION('',(-0.,1.,0.));
#4549 = DIRECTION('',(0.,0.,1.));
#4550 = ADVANCED_FACE('',(#4551),#4576,.T.);
#4551 = FACE_BOUND('',#4552,.T.);
#4552 = EDGE_LOOP('',(#4553,#4561,#4562,#4570));
#4553 = ORIENTED_EDGE('',*,*,#4554,.F.);
#4554 = EDGE_CURVE('',#4524,#4555,#4557,.T.);
#4555 = VERTEX_POINT('',#4556);
#4556 = CARTESIAN_POINT('',(-0.8636,3.7592,0.4572));
#4557 = LINE('',#4558,#4559);
#4558 = CARTESIAN_POINT('',(-0.8636,1.0414,0.4572));
#4559 = VECTOR('',#4560,1.);
#4560 = DIRECTION('',(-0.,1.,0.));
#4561 = ORIENTED_EDGE('',*,*,#4523,.T.);
#4562 = ORIENTED_EDGE('',*,*,#4563,.T.);
#4563 = EDGE_CURVE('',#4526,#4564,#4566,.T.);
#4564 = VERTEX_POINT('',#4565);
#4565 = CARTESIAN_POINT('',(-0.4064,3.7592,0.4572));
#4566 = LINE('',#4567,#4568);
#4567 = CARTESIAN_POINT('',(-0.4064,1.0414,0.4572));
#4568 = VECTOR('',#4569,1.);
#4569 = DIRECTION('',(-0.,1.,0.));
#4570 = ORIENTED_EDGE('',*,*,#4571,.F.);
#4571 = EDGE_CURVE('',#4555,#4564,#4572,.T.);
#4572 = LINE('',#4573,#4574);
#4573 = CARTESIAN_POINT('',(-0.8636,3.7592,0.4572));
#4574 = VECTOR('',#4575,1.);
#4575 = DIRECTION('',(1.,0.,-0.));
#4576 = PLANE('',#4577);
#4577 = AXIS2_PLACEMENT_3D('',#4578,#4579,#4580);
#4578 = CARTESIAN_POINT('',(-0.8636,1.0414,0.4572));
#4579 = DIRECTION('',(0.,0.,1.));
#4580 = DIRECTION('',(1.,0.,-0.));
#4581 = ADVANCED_FACE('',(#4582),#4607,.T.);
#4582 = FACE_BOUND('',#4583,.T.);
#4583 = EDGE_LOOP('',(#4584,#4594,#4600,#4601));
#4584 = ORIENTED_EDGE('',*,*,#4585,.F.);
#4585 = EDGE_CURVE('',#4586,#4588,#4590,.T.);
#4586 = VERTEX_POINT('',#4587);
#4587 = CARTESIAN_POINT('',(-0.8636,3.7592,0.));
#4588 = VERTEX_POINT('',#4589);
#4589 = CARTESIAN_POINT('',(-0.4064,3.7592,0.));
#4590 = LINE('',#4591,#4592);
#4591 = CARTESIAN_POINT('',(-0.8636,3.7592,0.));
#4592 = VECTOR('',#4593,1.);
#4593 = DIRECTION('',(1.,0.,-0.));
#4594 = ORIENTED_EDGE('',*,*,#4595,.T.);
#4595 = EDGE_CURVE('',#4586,#4555,#4596,.T.);
#4596 = LINE('',#4597,#4598);
#4597 = CARTESIAN_POINT('',(-0.8636,3.7592,0.));
#4598 = VECTOR('',#4599,1.);
#4599 = DIRECTION('',(0.,0.,1.));
#4600 = ORIENTED_EDGE('',*,*,#4571,.T.);
#4601 = ORIENTED_EDGE('',*,*,#4602,.F.);
#4602 = EDGE_CURVE('',#4588,#4564,#4603,.T.);
#4603 = LINE('',#4604,#4605);
#4604 = CARTESIAN_POINT('',(-0.4064,3.7592,0.));
#4605 = VECTOR('',#4606,1.);
#4606 = DIRECTION('',(0.,0.,1.));
#4607 = PLANE('',#4608);
#4608 = AXIS2_PLACEMENT_3D('',#4609,#4610,#4611);
#4609 = CARTESIAN_POINT('',(-0.8636,3.7592,0.));
#4610 = DIRECTION('',(-0.,1.,0.));
#4611 = DIRECTION('',(0.,0.,1.));
#4612 = ADVANCED_FACE('',(#4613),#4633,.T.);
#4613 = FACE_BOUND('',#4614,.T.);
#4614 = EDGE_LOOP('',(#4615,#4623,#4624,#4625,#4626,#4627));
#4615 = ORIENTED_EDGE('',*,*,#4616,.T.);
#4616 = EDGE_CURVE('',#4617,#4484,#4619,.T.);
#4617 = VERTEX_POINT('',#4618);
#4618 = CARTESIAN_POINT('',(-0.8636,1.0414,0.));
#4619 = LINE('',#4620,#4621);
#4620 = CARTESIAN_POINT('',(-0.8636,1.0414,0.));
#4621 = VECTOR('',#4622,1.);
#4622 = DIRECTION('',(0.,0.,1.));
#4623 = ORIENTED_EDGE('',*,*,#4483,.T.);
#4624 = ORIENTED_EDGE('',*,*,#4533,.F.);
#4625 = ORIENTED_EDGE('',*,*,#4554,.T.);
#4626 = ORIENTED_EDGE('',*,*,#4595,.F.);
#4627 = ORIENTED_EDGE('',*,*,#4628,.F.);
#4628 = EDGE_CURVE('',#4617,#4586,#4629,.T.);
#4629 = LINE('',#4630,#4631);
#4630 = CARTESIAN_POINT('',(-0.8636,1.0414,0.));
#4631 = VECTOR('',#4632,1.);
#4632 = DIRECTION('',(-0.,1.,0.));
#4633 = PLANE('',#4634);
#4634 = AXIS2_PLACEMENT_3D('',#4635,#4636,#4637);
#4635 = CARTESIAN_POINT('',(-0.8636,1.586079418345,3.503779418345));
#4636 = DIRECTION('',(-1.,-0.,-0.));
#4637 = DIRECTION('',(0.,0.,-1.));
#4638 = ADVANCED_FACE('',(#4639),#4657,.F.);
#4639 = FACE_BOUND('',#4640,.T.);
#4640 = EDGE_LOOP('',(#4641,#4649,#4655,#4656));
#4641 = ORIENTED_EDGE('',*,*,#4642,.T.);
#4642 = EDGE_CURVE('',#4617,#4643,#4645,.T.);
#4643 = VERTEX_POINT('',#4644);
#4644 = CARTESIAN_POINT('',(-0.4064,1.0414,0.));
#4645 = LINE('',#4646,#4647);
#4646 = CARTESIAN_POINT('',(-0.8636,1.0414,0.));
#4647 = VECTOR('',#4648,1.);
#4648 = DIRECTION('',(1.,0.,-0.));
#4649 = ORIENTED_EDGE('',*,*,#4650,.T.);
#4650 = EDGE_CURVE('',#4643,#4494,#4651,.T.);
#4651 = LINE('',#4652,#4653);
#4652 = CARTESIAN_POINT('',(-0.4064,1.0414,0.));
#4653 = VECTOR('',#4654,1.);
#4654 = DIRECTION('',(0.,0.,1.));
#4655 = ORIENTED_EDGE('',*,*,#4493,.F.);
#4656 = ORIENTED_EDGE('',*,*,#4616,.F.);
#4657 = PLANE('',#4658);
#4658 = AXIS2_PLACEMENT_3D('',#4659,#4660,#4661);
#4659 = CARTESIAN_POINT('',(-0.8636,1.0414,0.));
#4660 = DIRECTION('',(-0.,1.,0.));
#4661 = DIRECTION('',(0.,0.,1.));
#4662 = ADVANCED_FACE('',(#4663),#4674,.T.);
#4663 = FACE_BOUND('',#4664,.T.);
#4664 = EDGE_LOOP('',(#4665,#4666,#4667,#4673));
#4665 = ORIENTED_EDGE('',*,*,#4628,.T.);
#4666 = ORIENTED_EDGE('',*,*,#4585,.T.);
#4667 = ORIENTED_EDGE('',*,*,#4668,.F.);
#4668 = EDGE_CURVE('',#4643,#4588,#4669,.T.);
#4669 = LINE('',#4670,#4671);
#4670 = CARTESIAN_POINT('',(-0.4064,1.0414,0.));
#4671 = VECTOR('',#4672,1.);
#4672 = DIRECTION('',(-0.,1.,0.));
#4673 = ORIENTED_EDGE('',*,*,#4642,.F.);
#4674 = PLANE('',#4675);
#4675 = AXIS2_PLACEMENT_3D('',#4676,#4677,#4678);
#4676 = CARTESIAN_POINT('',(-0.635,2.4003,0.));
#4677 = DIRECTION('',(-0.,-0.,-1.));
#4678 = DIRECTION('',(-1.,0.,0.));
#4679 = ADVANCED_FACE('',(#4680),#4688,.T.);
#4680 = FACE_BOUND('',#4681,.T.);
#4681 = EDGE_LOOP('',(#4682,#4683,#4684,#4685,#4686,#4687));
#4682 = ORIENTED_EDGE('',*,*,#4650,.F.);
#4683 = ORIENTED_EDGE('',*,*,#4668,.T.);
#4684 = ORIENTED_EDGE('',*,*,#4602,.T.);
#4685 = ORIENTED_EDGE('',*,*,#4563,.F.);
#4686 = ORIENTED_EDGE('',*,*,#4540,.T.);
#4687 = ORIENTED_EDGE('',*,*,#4501,.F.);
#4688 = PLANE('',#4689);
#4689 = AXIS2_PLACEMENT_3D('',#4690,#4691,#4692);
#4690 = CARTESIAN_POINT('',(-0.4064,1.586079418345,3.503779418345));
#4691 = DIRECTION('',(1.,0.,0.));
#4692 = DIRECTION('',(-0.,0.,1.));
#4693 = MANIFOLD_SOLID_BREP('',#4694);
#4694 = CLOSED_SHELL('',(#4695,#4735,#4766,#4797,#4828,#4854,#4878,#4895
    ));
#4695 = ADVANCED_FACE('',(#4696),#4730,.T.);
#4696 = FACE_BOUND('',#4697,.T.);
#4697 = EDGE_LOOP('',(#4698,#4708,#4716,#4724));
#4698 = ORIENTED_EDGE('',*,*,#4699,.F.);
#4699 = EDGE_CURVE('',#4700,#4702,#4704,.T.);
#4700 = VERTEX_POINT('',#4701);
#4701 = CARTESIAN_POINT('',(0.4064,-3.7592,0.4572));
#4702 = VERTEX_POINT('',#4703);
#4703 = CARTESIAN_POINT('',(0.4064,-1.4986,0.4572));
#4704 = LINE('',#4705,#4706);
#4705 = CARTESIAN_POINT('',(0.4064,-3.7592,0.4572));
#4706 = VECTOR('',#4707,1.);
#4707 = DIRECTION('',(-0.,1.,0.));
#4708 = ORIENTED_EDGE('',*,*,#4709,.T.);
#4709 = EDGE_CURVE('',#4700,#4710,#4712,.T.);
#4710 = VERTEX_POINT('',#4711);
#4711 = CARTESIAN_POINT('',(0.8636,-3.7592,0.4572));
#4712 = LINE('',#4713,#4714);
#4713 = CARTESIAN_POINT('',(0.4064,-3.7592,0.4572));
#4714 = VECTOR('',#4715,1.);
#4715 = DIRECTION('',(1.,0.,-0.));
#4716 = ORIENTED_EDGE('',*,*,#4717,.T.);
#4717 = EDGE_CURVE('',#4710,#4718,#4720,.T.);
#4718 = VERTEX_POINT('',#4719);
#4719 = CARTESIAN_POINT('',(0.8636,-1.4986,0.4572));
#4720 = LINE('',#4721,#4722);
#4721 = CARTESIAN_POINT('',(0.8636,-3.7592,0.4572));
#4722 = VECTOR('',#4723,1.);
#4723 = DIRECTION('',(-0.,1.,0.));
#4724 = ORIENTED_EDGE('',*,*,#4725,.F.);
#4725 = EDGE_CURVE('',#4702,#4718,#4726,.T.);
#4726 = LINE('',#4727,#4728);
#4727 = CARTESIAN_POINT('',(0.4064,-1.4986,0.4572));
#4728 = VECTOR('',#4729,1.);
#4729 = DIRECTION('',(1.,0.,-0.));
#4730 = PLANE('',#4731);
#4731 = AXIS2_PLACEMENT_3D('',#4732,#4733,#4734);
#4732 = CARTESIAN_POINT('',(0.4064,-3.7592,0.4572));
#4733 = DIRECTION('',(0.,0.,1.));
#4734 = DIRECTION('',(1.,0.,-0.));
#4735 = ADVANCED_FACE('',(#4736),#4761,.F.);
#4736 = FACE_BOUND('',#4737,.F.);
#4737 = EDGE_LOOP('',(#4738,#4748,#4754,#4755));
#4738 = ORIENTED_EDGE('',*,*,#4739,.F.);
#4739 = EDGE_CURVE('',#4740,#4742,#4744,.T.);
#4740 = VERTEX_POINT('',#4741);
#4741 = CARTESIAN_POINT('',(0.4064,-3.7592,0.));
#4742 = VERTEX_POINT('',#4743);
#4743 = CARTESIAN_POINT('',(0.8636,-3.7592,0.));
#4744 = LINE('',#4745,#4746);
#4745 = CARTESIAN_POINT('',(0.4064,-3.7592,0.));
#4746 = VECTOR('',#4747,1.);
#4747 = DIRECTION('',(1.,0.,-0.));
#4748 = ORIENTED_EDGE('',*,*,#4749,.T.);
#4749 = EDGE_CURVE('',#4740,#4700,#4750,.T.);
#4750 = LINE('',#4751,#4752);
#4751 = CARTESIAN_POINT('',(0.4064,-3.7592,0.));
#4752 = VECTOR('',#4753,1.);
#4753 = DIRECTION('',(0.,0.,1.));
#4754 = ORIENTED_EDGE('',*,*,#4709,.T.);
#4755 = ORIENTED_EDGE('',*,*,#4756,.F.);
#4756 = EDGE_CURVE('',#4742,#4710,#4757,.T.);
#4757 = LINE('',#4758,#4759);
#4758 = CARTESIAN_POINT('',(0.8636,-3.7592,0.));
#4759 = VECTOR('',#4760,1.);
#4760 = DIRECTION('',(0.,0.,1.));
#4761 = PLANE('',#4762);
#4762 = AXIS2_PLACEMENT_3D('',#4763,#4764,#4765);
#4763 = CARTESIAN_POINT('',(0.4064,-3.7592,0.));
#4764 = DIRECTION('',(-0.,1.,0.));
#4765 = DIRECTION('',(0.,0.,1.));
#4766 = ADVANCED_FACE('',(#4767),#4792,.F.);
#4767 = FACE_BOUND('',#4768,.F.);
#4768 = EDGE_LOOP('',(#4769,#4770,#4778,#4786));
#4769 = ORIENTED_EDGE('',*,*,#4725,.F.);
#4770 = ORIENTED_EDGE('',*,*,#4771,.T.);
#4771 = EDGE_CURVE('',#4702,#4772,#4774,.T.);
#4772 = VERTEX_POINT('',#4773);
#4773 = CARTESIAN_POINT('',(0.4064,-1.4986,8.636));
#4774 = LINE('',#4775,#4776);
#4775 = CARTESIAN_POINT('',(0.4064,-1.4986,0.));
#4776 = VECTOR('',#4777,1.);
#4777 = DIRECTION('',(0.,0.,1.));
#4778 = ORIENTED_EDGE('',*,*,#4779,.T.);
#4779 = EDGE_CURVE('',#4772,#4780,#4782,.T.);
#4780 = VERTEX_POINT('',#4781);
#4781 = CARTESIAN_POINT('',(0.8636,-1.4986,8.636));
#4782 = LINE('',#4783,#4784);
#4783 = CARTESIAN_POINT('',(0.4064,-1.4986,8.636));
#4784 = VECTOR('',#4785,1.);
#4785 = DIRECTION('',(1.,0.,-0.));
#4786 = ORIENTED_EDGE('',*,*,#4787,.F.);
#4787 = EDGE_CURVE('',#4718,#4780,#4788,.T.);
#4788 = LINE('',#4789,#4790);
#4789 = CARTESIAN_POINT('',(0.8636,-1.4986,0.));
#4790 = VECTOR('',#4791,1.);
#4791 = DIRECTION('',(0.,0.,1.));
#4792 = PLANE('',#4793);
#4793 = AXIS2_PLACEMENT_3D('',#4794,#4795,#4796);
#4794 = CARTESIAN_POINT('',(0.4064,-1.4986,0.));
#4795 = DIRECTION('',(-0.,1.,0.));
#4796 = DIRECTION('',(0.,0.,1.));
#4797 = ADVANCED_FACE('',(#4798),#4823,.T.);
#4798 = FACE_BOUND('',#4799,.T.);
#4799 = EDGE_LOOP('',(#4800,#4808,#4809,#4817));
#4800 = ORIENTED_EDGE('',*,*,#4801,.F.);
#4801 = EDGE_CURVE('',#4772,#4802,#4804,.T.);
#4802 = VERTEX_POINT('',#4803);
#4803 = CARTESIAN_POINT('',(0.4064,-1.0414,8.636));
#4804 = LINE('',#4805,#4806);
#4805 = CARTESIAN_POINT('',(0.4064,-1.4986,8.636));
#4806 = VECTOR('',#4807,1.);
#4807 = DIRECTION('',(-0.,1.,0.));
#4808 = ORIENTED_EDGE('',*,*,#4779,.T.);
#4809 = ORIENTED_EDGE('',*,*,#4810,.T.);
#4810 = EDGE_CURVE('',#4780,#4811,#4813,.T.);
#4811 = VERTEX_POINT('',#4812);
#4812 = CARTESIAN_POINT('',(0.8636,-1.0414,8.636));
#4813 = LINE('',#4814,#4815);
#4814 = CARTESIAN_POINT('',(0.8636,-1.4986,8.636));
#4815 = VECTOR('',#4816,1.);
#4816 = DIRECTION('',(-0.,1.,0.));
#4817 = ORIENTED_EDGE('',*,*,#4818,.F.);
#4818 = EDGE_CURVE('',#4802,#4811,#4819,.T.);
#4819 = LINE('',#4820,#4821);
#4820 = CARTESIAN_POINT('',(0.4064,-1.0414,8.636));
#4821 = VECTOR('',#4822,1.);
#4822 = DIRECTION('',(1.,0.,-0.));
#4823 = PLANE('',#4824);
#4824 = AXIS2_PLACEMENT_3D('',#4825,#4826,#4827);
#4825 = CARTESIAN_POINT('',(0.4064,-1.4986,8.636));
#4826 = DIRECTION('',(0.,0.,1.));
#4827 = DIRECTION('',(1.,0.,-0.));
#4828 = ADVANCED_FACE('',(#4829),#4849,.T.);
#4829 = FACE_BOUND('',#4830,.T.);
#4830 = EDGE_LOOP('',(#4831,#4839,#4840,#4841,#4842,#4843));
#4831 = ORIENTED_EDGE('',*,*,#4832,.F.);
#4832 = EDGE_CURVE('',#4740,#4833,#4835,.T.);
#4833 = VERTEX_POINT('',#4834);
#4834 = CARTESIAN_POINT('',(0.4064,-1.0414,0.));
#4835 = LINE('',#4836,#4837);
#4836 = CARTESIAN_POINT('',(0.4064,-1.4986,0.));
#4837 = VECTOR('',#4838,1.);
#4838 = DIRECTION('',(-0.,1.,0.));
#4839 = ORIENTED_EDGE('',*,*,#4749,.T.);
#4840 = ORIENTED_EDGE('',*,*,#4699,.T.);
#4841 = ORIENTED_EDGE('',*,*,#4771,.T.);
#4842 = ORIENTED_EDGE('',*,*,#4801,.T.);
#4843 = ORIENTED_EDGE('',*,*,#4844,.F.);
#4844 = EDGE_CURVE('',#4833,#4802,#4845,.T.);
#4845 = LINE('',#4846,#4847);
#4846 = CARTESIAN_POINT('',(0.4064,-1.0414,0.));
#4847 = VECTOR('',#4848,1.);
#4848 = DIRECTION('',(0.,0.,1.));
#4849 = PLANE('',#4850);
#4850 = AXIS2_PLACEMENT_3D('',#4851,#4852,#4853);
#4851 = CARTESIAN_POINT('',(0.4064,-1.586079418345,3.503779418345));
#4852 = DIRECTION('',(-1.,-0.,-0.));
#4853 = DIRECTION('',(0.,0.,-1.));
#4854 = ADVANCED_FACE('',(#4855),#4873,.T.);
#4855 = FACE_BOUND('',#4856,.T.);
#4856 = EDGE_LOOP('',(#4857,#4865,#4866,#4867));
#4857 = ORIENTED_EDGE('',*,*,#4858,.F.);
#4858 = EDGE_CURVE('',#4833,#4859,#4861,.T.);
#4859 = VERTEX_POINT('',#4860);
#4860 = CARTESIAN_POINT('',(0.8636,-1.0414,0.));
#4861 = LINE('',#4862,#4863);
#4862 = CARTESIAN_POINT('',(0.4064,-1.0414,0.));
#4863 = VECTOR('',#4864,1.);
#4864 = DIRECTION('',(1.,0.,-0.));
#4865 = ORIENTED_EDGE('',*,*,#4844,.T.);
#4866 = ORIENTED_EDGE('',*,*,#4818,.T.);
#4867 = ORIENTED_EDGE('',*,*,#4868,.F.);
#4868 = EDGE_CURVE('',#4859,#4811,#4869,.T.);
#4869 = LINE('',#4870,#4871);
#4870 = CARTESIAN_POINT('',(0.8636,-1.0414,0.));
#4871 = VECTOR('',#4872,1.);
#4872 = DIRECTION('',(0.,0.,1.));
#4873 = PLANE('',#4874);
#4874 = AXIS2_PLACEMENT_3D('',#4875,#4876,#4877);
#4875 = CARTESIAN_POINT('',(0.4064,-1.0414,0.));
#4876 = DIRECTION('',(-0.,1.,0.));
#4877 = DIRECTION('',(0.,0.,1.));
#4878 = ADVANCED_FACE('',(#4879),#4890,.T.);
#4879 = FACE_BOUND('',#4880,.T.);
#4880 = EDGE_LOOP('',(#4881,#4882,#4883,#4889));
#4881 = ORIENTED_EDGE('',*,*,#4832,.T.);
#4882 = ORIENTED_EDGE('',*,*,#4858,.T.);
#4883 = ORIENTED_EDGE('',*,*,#4884,.F.);
#4884 = EDGE_CURVE('',#4742,#4859,#4885,.T.);
#4885 = LINE('',#4886,#4887);
#4886 = CARTESIAN_POINT('',(0.8636,-1.4986,0.));
#4887 = VECTOR('',#4888,1.);
#4888 = DIRECTION('',(-0.,1.,0.));
#4889 = ORIENTED_EDGE('',*,*,#4739,.F.);
#4890 = PLANE('',#4891);
#4891 = AXIS2_PLACEMENT_3D('',#4892,#4893,#4894);
#4892 = CARTESIAN_POINT('',(0.635,-2.4003,0.));
#4893 = DIRECTION('',(-0.,-0.,-1.));
#4894 = DIRECTION('',(-1.,0.,0.));
#4895 = ADVANCED_FACE('',(#4896),#4904,.T.);
#4896 = FACE_BOUND('',#4897,.T.);
#4897 = EDGE_LOOP('',(#4898,#4899,#4900,#4901,#4902,#4903));
#4898 = ORIENTED_EDGE('',*,*,#4868,.T.);
#4899 = ORIENTED_EDGE('',*,*,#4810,.F.);
#4900 = ORIENTED_EDGE('',*,*,#4787,.F.);
#4901 = ORIENTED_EDGE('',*,*,#4717,.F.);
#4902 = ORIENTED_EDGE('',*,*,#4756,.F.);
#4903 = ORIENTED_EDGE('',*,*,#4884,.T.);
#4904 = PLANE('',#4905);
#4905 = AXIS2_PLACEMENT_3D('',#4906,#4907,#4908);
#4906 = CARTESIAN_POINT('',(0.8636,-1.586079418345,3.503779418345));
#4907 = DIRECTION('',(1.,0.,0.));
#4908 = DIRECTION('',(-0.,0.,1.));
#4909 = MANIFOLD_SOLID_BREP('',#4910);
#4910 = CLOSED_SHELL('',(#4911,#4951,#4982,#5013,#5044,#5070,#5094,#5111
    ));
#4911 = ADVANCED_FACE('',(#4912),#4946,.T.);
#4912 = FACE_BOUND('',#4913,.T.);
#4913 = EDGE_LOOP('',(#4914,#4924,#4932,#4940));
#4914 = ORIENTED_EDGE('',*,*,#4915,.F.);
#4915 = EDGE_CURVE('',#4916,#4918,#4920,.T.);
#4916 = VERTEX_POINT('',#4917);
#4917 = CARTESIAN_POINT('',(0.4064,1.0414,8.636));
#4918 = VERTEX_POINT('',#4919);
#4919 = CARTESIAN_POINT('',(0.4064,1.4986,8.636));
#4920 = LINE('',#4921,#4922);
#4921 = CARTESIAN_POINT('',(0.4064,1.0414,8.636));
#4922 = VECTOR('',#4923,1.);
#4923 = DIRECTION('',(-0.,1.,0.));
#4924 = ORIENTED_EDGE('',*,*,#4925,.T.);
#4925 = EDGE_CURVE('',#4916,#4926,#4928,.T.);
#4926 = VERTEX_POINT('',#4927);
#4927 = CARTESIAN_POINT('',(0.8636,1.0414,8.636));
#4928 = LINE('',#4929,#4930);
#4929 = CARTESIAN_POINT('',(0.4064,1.0414,8.636));
#4930 = VECTOR('',#4931,1.);
#4931 = DIRECTION('',(1.,0.,-0.));
#4932 = ORIENTED_EDGE('',*,*,#4933,.T.);
#4933 = EDGE_CURVE('',#4926,#4934,#4936,.T.);
#4934 = VERTEX_POINT('',#4935);
#4935 = CARTESIAN_POINT('',(0.8636,1.4986,8.636));
#4936 = LINE('',#4937,#4938);
#4937 = CARTESIAN_POINT('',(0.8636,1.0414,8.636));
#4938 = VECTOR('',#4939,1.);
#4939 = DIRECTION('',(-0.,1.,0.));
#4940 = ORIENTED_EDGE('',*,*,#4941,.F.);
#4941 = EDGE_CURVE('',#4918,#4934,#4942,.T.);
#4942 = LINE('',#4943,#4944);
#4943 = CARTESIAN_POINT('',(0.4064,1.4986,8.636));
#4944 = VECTOR('',#4945,1.);
#4945 = DIRECTION('',(1.,0.,-0.));
#4946 = PLANE('',#4947);
#4947 = AXIS2_PLACEMENT_3D('',#4948,#4949,#4950);
#4948 = CARTESIAN_POINT('',(0.4064,1.0414,8.636));
#4949 = DIRECTION('',(0.,0.,1.));
#4950 = DIRECTION('',(1.,0.,-0.));
#4951 = ADVANCED_FACE('',(#4952),#4977,.T.);
#4952 = FACE_BOUND('',#4953,.T.);
#4953 = EDGE_LOOP('',(#4954,#4964,#4970,#4971));
#4954 = ORIENTED_EDGE('',*,*,#4955,.F.);
#4955 = EDGE_CURVE('',#4956,#4958,#4960,.T.);
#4956 = VERTEX_POINT('',#4957);
#4957 = CARTESIAN_POINT('',(0.4064,1.4986,0.4572));
#4958 = VERTEX_POINT('',#4959);
#4959 = CARTESIAN_POINT('',(0.8636,1.4986,0.4572));
#4960 = LINE('',#4961,#4962);
#4961 = CARTESIAN_POINT('',(0.4064,1.4986,0.4572));
#4962 = VECTOR('',#4963,1.);
#4963 = DIRECTION('',(1.,0.,-0.));
#4964 = ORIENTED_EDGE('',*,*,#4965,.T.);
#4965 = EDGE_CURVE('',#4956,#4918,#4966,.T.);
#4966 = LINE('',#4967,#4968);
#4967 = CARTESIAN_POINT('',(0.4064,1.4986,0.));
#4968 = VECTOR('',#4969,1.);
#4969 = DIRECTION('',(0.,0.,1.));
#4970 = ORIENTED_EDGE('',*,*,#4941,.T.);
#4971 = ORIENTED_EDGE('',*,*,#4972,.F.);
#4972 = EDGE_CURVE('',#4958,#4934,#4973,.T.);
#4973 = LINE('',#4974,#4975);
#4974 = CARTESIAN_POINT('',(0.8636,1.4986,0.));
#4975 = VECTOR('',#4976,1.);
#4976 = DIRECTION('',(0.,0.,1.));
#4977 = PLANE('',#4978);
#4978 = AXIS2_PLACEMENT_3D('',#4979,#4980,#4981);
#4979 = CARTESIAN_POINT('',(0.4064,1.4986,0.));
#4980 = DIRECTION('',(-0.,1.,0.));
#4981 = DIRECTION('',(0.,0.,1.));
#4982 = ADVANCED_FACE('',(#4983),#5008,.T.);
#4983 = FACE_BOUND('',#4984,.T.);
#4984 = EDGE_LOOP('',(#4985,#4993,#4994,#5002));
#4985 = ORIENTED_EDGE('',*,*,#4986,.F.);
#4986 = EDGE_CURVE('',#4956,#4987,#4989,.T.);
#4987 = VERTEX_POINT('',#4988);
#4988 = CARTESIAN_POINT('',(0.4064,3.7592,0.4572));
#4989 = LINE('',#4990,#4991);
#4990 = CARTESIAN_POINT('',(0.4064,1.0414,0.4572));
#4991 = VECTOR('',#4992,1.);
#4992 = DIRECTION('',(-0.,1.,0.));
#4993 = ORIENTED_EDGE('',*,*,#4955,.T.);
#4994 = ORIENTED_EDGE('',*,*,#4995,.T.);
#4995 = EDGE_CURVE('',#4958,#4996,#4998,.T.);
#4996 = VERTEX_POINT('',#4997);
#4997 = CARTESIAN_POINT('',(0.8636,3.7592,0.4572));
#4998 = LINE('',#4999,#5000);
#4999 = CARTESIAN_POINT('',(0.8636,1.0414,0.4572));
#5000 = VECTOR('',#5001,1.);
#5001 = DIRECTION('',(-0.,1.,0.));
#5002 = ORIENTED_EDGE('',*,*,#5003,.F.);
#5003 = EDGE_CURVE('',#4987,#4996,#5004,.T.);
#5004 = LINE('',#5005,#5006);
#5005 = CARTESIAN_POINT('',(0.4064,3.7592,0.4572));
#5006 = VECTOR('',#5007,1.);
#5007 = DIRECTION('',(1.,0.,-0.));
#5008 = PLANE('',#5009);
#5009 = AXIS2_PLACEMENT_3D('',#5010,#5011,#5012);
#5010 = CARTESIAN_POINT('',(0.4064,1.0414,0.4572));
#5011 = DIRECTION('',(0.,0.,1.));
#5012 = DIRECTION('',(1.,0.,-0.));
#5013 = ADVANCED_FACE('',(#5014),#5039,.T.);
#5014 = FACE_BOUND('',#5015,.T.);
#5015 = EDGE_LOOP('',(#5016,#5026,#5032,#5033));
#5016 = ORIENTED_EDGE('',*,*,#5017,.F.);
#5017 = EDGE_CURVE('',#5018,#5020,#5022,.T.);
#5018 = VERTEX_POINT('',#5019);
#5019 = CARTESIAN_POINT('',(0.4064,3.7592,0.));
#5020 = VERTEX_POINT('',#5021);
#5021 = CARTESIAN_POINT('',(0.8636,3.7592,0.));
#5022 = LINE('',#5023,#5024);
#5023 = CARTESIAN_POINT('',(0.4064,3.7592,0.));
#5024 = VECTOR('',#5025,1.);
#5025 = DIRECTION('',(1.,0.,-0.));
#5026 = ORIENTED_EDGE('',*,*,#5027,.T.);
#5027 = EDGE_CURVE('',#5018,#4987,#5028,.T.);
#5028 = LINE('',#5029,#5030);
#5029 = CARTESIAN_POINT('',(0.4064,3.7592,0.));
#5030 = VECTOR('',#5031,1.);
#5031 = DIRECTION('',(0.,0.,1.));
#5032 = ORIENTED_EDGE('',*,*,#5003,.T.);
#5033 = ORIENTED_EDGE('',*,*,#5034,.F.);
#5034 = EDGE_CURVE('',#5020,#4996,#5035,.T.);
#5035 = LINE('',#5036,#5037);
#5036 = CARTESIAN_POINT('',(0.8636,3.7592,0.));
#5037 = VECTOR('',#5038,1.);
#5038 = DIRECTION('',(0.,0.,1.));
#5039 = PLANE('',#5040);
#5040 = AXIS2_PLACEMENT_3D('',#5041,#5042,#5043);
#5041 = CARTESIAN_POINT('',(0.4064,3.7592,0.));
#5042 = DIRECTION('',(-0.,1.,0.));
#5043 = DIRECTION('',(0.,0.,1.));
#5044 = ADVANCED_FACE('',(#5045),#5065,.T.);
#5045 = FACE_BOUND('',#5046,.T.);
#5046 = EDGE_LOOP('',(#5047,#5055,#5056,#5057,#5058,#5059));
#5047 = ORIENTED_EDGE('',*,*,#5048,.T.);
#5048 = EDGE_CURVE('',#5049,#4916,#5051,.T.);
#5049 = VERTEX_POINT('',#5050);
#5050 = CARTESIAN_POINT('',(0.4064,1.0414,0.));
#5051 = LINE('',#5052,#5053);
#5052 = CARTESIAN_POINT('',(0.4064,1.0414,0.));
#5053 = VECTOR('',#5054,1.);
#5054 = DIRECTION('',(0.,0.,1.));
#5055 = ORIENTED_EDGE('',*,*,#4915,.T.);
#5056 = ORIENTED_EDGE('',*,*,#4965,.F.);
#5057 = ORIENTED_EDGE('',*,*,#4986,.T.);
#5058 = ORIENTED_EDGE('',*,*,#5027,.F.);
#5059 = ORIENTED_EDGE('',*,*,#5060,.F.);
#5060 = EDGE_CURVE('',#5049,#5018,#5061,.T.);
#5061 = LINE('',#5062,#5063);
#5062 = CARTESIAN_POINT('',(0.4064,1.0414,0.));
#5063 = VECTOR('',#5064,1.);
#5064 = DIRECTION('',(-0.,1.,0.));
#5065 = PLANE('',#5066);
#5066 = AXIS2_PLACEMENT_3D('',#5067,#5068,#5069);
#5067 = CARTESIAN_POINT('',(0.4064,1.586079418345,3.503779418345));
#5068 = DIRECTION('',(-1.,-0.,-0.));
#5069 = DIRECTION('',(0.,0.,-1.));
#5070 = ADVANCED_FACE('',(#5071),#5089,.F.);
#5071 = FACE_BOUND('',#5072,.T.);
#5072 = EDGE_LOOP('',(#5073,#5081,#5087,#5088));
#5073 = ORIENTED_EDGE('',*,*,#5074,.T.);
#5074 = EDGE_CURVE('',#5049,#5075,#5077,.T.);
#5075 = VERTEX_POINT('',#5076);
#5076 = CARTESIAN_POINT('',(0.8636,1.0414,0.));
#5077 = LINE('',#5078,#5079);
#5078 = CARTESIAN_POINT('',(0.4064,1.0414,0.));
#5079 = VECTOR('',#5080,1.);
#5080 = DIRECTION('',(1.,0.,-0.));
#5081 = ORIENTED_EDGE('',*,*,#5082,.T.);
#5082 = EDGE_CURVE('',#5075,#4926,#5083,.T.);
#5083 = LINE('',#5084,#5085);
#5084 = CARTESIAN_POINT('',(0.8636,1.0414,0.));
#5085 = VECTOR('',#5086,1.);
#5086 = DIRECTION('',(0.,0.,1.));
#5087 = ORIENTED_EDGE('',*,*,#4925,.F.);
#5088 = ORIENTED_EDGE('',*,*,#5048,.F.);
#5089 = PLANE('',#5090);
#5090 = AXIS2_PLACEMENT_3D('',#5091,#5092,#5093);
#5091 = CARTESIAN_POINT('',(0.4064,1.0414,0.));
#5092 = DIRECTION('',(-0.,1.,0.));
#5093 = DIRECTION('',(0.,0.,1.));
#5094 = ADVANCED_FACE('',(#5095),#5106,.T.);
#5095 = FACE_BOUND('',#5096,.T.);
#5096 = EDGE_LOOP('',(#5097,#5098,#5099,#5105));
#5097 = ORIENTED_EDGE('',*,*,#5060,.T.);
#5098 = ORIENTED_EDGE('',*,*,#5017,.T.);
#5099 = ORIENTED_EDGE('',*,*,#5100,.F.);
#5100 = EDGE_CURVE('',#5075,#5020,#5101,.T.);
#5101 = LINE('',#5102,#5103);
#5102 = CARTESIAN_POINT('',(0.8636,1.0414,0.));
#5103 = VECTOR('',#5104,1.);
#5104 = DIRECTION('',(-0.,1.,0.));
#5105 = ORIENTED_EDGE('',*,*,#5074,.F.);
#5106 = PLANE('',#5107);
#5107 = AXIS2_PLACEMENT_3D('',#5108,#5109,#5110);
#5108 = CARTESIAN_POINT('',(0.635,2.4003,0.));
#5109 = DIRECTION('',(-0.,-0.,-1.));
#5110 = DIRECTION('',(-1.,0.,0.));
#5111 = ADVANCED_FACE('',(#5112),#5120,.T.);
#5112 = FACE_BOUND('',#5113,.T.);
#5113 = EDGE_LOOP('',(#5114,#5115,#5116,#5117,#5118,#5119));
#5114 = ORIENTED_EDGE('',*,*,#5082,.F.);
#5115 = ORIENTED_EDGE('',*,*,#5100,.T.);
#5116 = ORIENTED_EDGE('',*,*,#5034,.T.);
#5117 = ORIENTED_EDGE('',*,*,#4995,.F.);
#5118 = ORIENTED_EDGE('',*,*,#4972,.T.);
#5119 = ORIENTED_EDGE('',*,*,#4933,.F.);
#5120 = PLANE('',#5121);
#5121 = AXIS2_PLACEMENT_3D('',#5122,#5123,#5124);
#5122 = CARTESIAN_POINT('',(0.8636,1.586079418345,3.503779418345));
#5123 = DIRECTION('',(1.,0.,0.));
#5124 = DIRECTION('',(-0.,0.,1.));
#5125 = MANIFOLD_SOLID_BREP('',#5126);
#5126 = CLOSED_SHELL('',(#5127,#5167,#5198,#5229,#5260,#5286,#5310,#5327
    ));
#5127 = ADVANCED_FACE('',(#5128),#5162,.T.);
#5128 = FACE_BOUND('',#5129,.T.);
#5129 = EDGE_LOOP('',(#5130,#5140,#5148,#5156));
#5130 = ORIENTED_EDGE('',*,*,#5131,.F.);
#5131 = EDGE_CURVE('',#5132,#5134,#5136,.T.);
#5132 = VERTEX_POINT('',#5133);
#5133 = CARTESIAN_POINT('',(1.6764,-3.7592,0.4572));
#5134 = VERTEX_POINT('',#5135);
#5135 = CARTESIAN_POINT('',(1.6764,-1.4986,0.4572));
#5136 = LINE('',#5137,#5138);
#5137 = CARTESIAN_POINT('',(1.6764,-3.7592,0.4572));
#5138 = VECTOR('',#5139,1.);
#5139 = DIRECTION('',(-0.,1.,0.));
#5140 = ORIENTED_EDGE('',*,*,#5141,.T.);
#5141 = EDGE_CURVE('',#5132,#5142,#5144,.T.);
#5142 = VERTEX_POINT('',#5143);
#5143 = CARTESIAN_POINT('',(2.1336,-3.7592,0.4572));
#5144 = LINE('',#5145,#5146);
#5145 = CARTESIAN_POINT('',(1.6764,-3.7592,0.4572));
#5146 = VECTOR('',#5147,1.);
#5147 = DIRECTION('',(1.,0.,-0.));
#5148 = ORIENTED_EDGE('',*,*,#5149,.T.);
#5149 = EDGE_CURVE('',#5142,#5150,#5152,.T.);
#5150 = VERTEX_POINT('',#5151);
#5151 = CARTESIAN_POINT('',(2.1336,-1.4986,0.4572));
#5152 = LINE('',#5153,#5154);
#5153 = CARTESIAN_POINT('',(2.1336,-3.7592,0.4572));
#5154 = VECTOR('',#5155,1.);
#5155 = DIRECTION('',(-0.,1.,0.));
#5156 = ORIENTED_EDGE('',*,*,#5157,.F.);
#5157 = EDGE_CURVE('',#5134,#5150,#5158,.T.);
#5158 = LINE('',#5159,#5160);
#5159 = CARTESIAN_POINT('',(1.6764,-1.4986,0.4572));
#5160 = VECTOR('',#5161,1.);
#5161 = DIRECTION('',(1.,0.,-0.));
#5162 = PLANE('',#5163);
#5163 = AXIS2_PLACEMENT_3D('',#5164,#5165,#5166);
#5164 = CARTESIAN_POINT('',(1.6764,-3.7592,0.4572));
#5165 = DIRECTION('',(0.,0.,1.));
#5166 = DIRECTION('',(1.,0.,-0.));
#5167 = ADVANCED_FACE('',(#5168),#5193,.F.);
#5168 = FACE_BOUND('',#5169,.F.);
#5169 = EDGE_LOOP('',(#5170,#5180,#5186,#5187));
#5170 = ORIENTED_EDGE('',*,*,#5171,.F.);
#5171 = EDGE_CURVE('',#5172,#5174,#5176,.T.);
#5172 = VERTEX_POINT('',#5173);
#5173 = CARTESIAN_POINT('',(1.6764,-3.7592,0.));
#5174 = VERTEX_POINT('',#5175);
#5175 = CARTESIAN_POINT('',(2.1336,-3.7592,0.));
#5176 = LINE('',#5177,#5178);
#5177 = CARTESIAN_POINT('',(1.6764,-3.7592,0.));
#5178 = VECTOR('',#5179,1.);
#5179 = DIRECTION('',(1.,0.,-0.));
#5180 = ORIENTED_EDGE('',*,*,#5181,.T.);
#5181 = EDGE_CURVE('',#5172,#5132,#5182,.T.);
#5182 = LINE('',#5183,#5184);
#5183 = CARTESIAN_POINT('',(1.6764,-3.7592,0.));
#5184 = VECTOR('',#5185,1.);
#5185 = DIRECTION('',(0.,0.,1.));
#5186 = ORIENTED_EDGE('',*,*,#5141,.T.);
#5187 = ORIENTED_EDGE('',*,*,#5188,.F.);
#5188 = EDGE_CURVE('',#5174,#5142,#5189,.T.);
#5189 = LINE('',#5190,#5191);
#5190 = CARTESIAN_POINT('',(2.1336,-3.7592,0.));
#5191 = VECTOR('',#5192,1.);
#5192 = DIRECTION('',(0.,0.,1.));
#5193 = PLANE('',#5194);
#5194 = AXIS2_PLACEMENT_3D('',#5195,#5196,#5197);
#5195 = CARTESIAN_POINT('',(1.6764,-3.7592,0.));
#5196 = DIRECTION('',(-0.,1.,0.));
#5197 = DIRECTION('',(0.,0.,1.));
#5198 = ADVANCED_FACE('',(#5199),#5224,.F.);
#5199 = FACE_BOUND('',#5200,.F.);
#5200 = EDGE_LOOP('',(#5201,#5202,#5210,#5218));
#5201 = ORIENTED_EDGE('',*,*,#5157,.F.);
#5202 = ORIENTED_EDGE('',*,*,#5203,.T.);
#5203 = EDGE_CURVE('',#5134,#5204,#5206,.T.);
#5204 = VERTEX_POINT('',#5205);
#5205 = CARTESIAN_POINT('',(1.6764,-1.4986,8.636));
#5206 = LINE('',#5207,#5208);
#5207 = CARTESIAN_POINT('',(1.6764,-1.4986,0.));
#5208 = VECTOR('',#5209,1.);
#5209 = DIRECTION('',(0.,0.,1.));
#5210 = ORIENTED_EDGE('',*,*,#5211,.T.);
#5211 = EDGE_CURVE('',#5204,#5212,#5214,.T.);
#5212 = VERTEX_POINT('',#5213);
#5213 = CARTESIAN_POINT('',(2.1336,-1.4986,8.636));
#5214 = LINE('',#5215,#5216);
#5215 = CARTESIAN_POINT('',(1.6764,-1.4986,8.636));
#5216 = VECTOR('',#5217,1.);
#5217 = DIRECTION('',(1.,0.,-0.));
#5218 = ORIENTED_EDGE('',*,*,#5219,.F.);
#5219 = EDGE_CURVE('',#5150,#5212,#5220,.T.);
#5220 = LINE('',#5221,#5222);
#5221 = CARTESIAN_POINT('',(2.1336,-1.4986,0.));
#5222 = VECTOR('',#5223,1.);
#5223 = DIRECTION('',(0.,0.,1.));
#5224 = PLANE('',#5225);
#5225 = AXIS2_PLACEMENT_3D('',#5226,#5227,#5228);
#5226 = CARTESIAN_POINT('',(1.6764,-1.4986,0.));
#5227 = DIRECTION('',(-0.,1.,0.));
#5228 = DIRECTION('',(0.,0.,1.));
#5229 = ADVANCED_FACE('',(#5230),#5255,.T.);
#5230 = FACE_BOUND('',#5231,.T.);
#5231 = EDGE_LOOP('',(#5232,#5240,#5241,#5249));
#5232 = ORIENTED_EDGE('',*,*,#5233,.F.);
#5233 = EDGE_CURVE('',#5204,#5234,#5236,.T.);
#5234 = VERTEX_POINT('',#5235);
#5235 = CARTESIAN_POINT('',(1.6764,-1.0414,8.636));
#5236 = LINE('',#5237,#5238);
#5237 = CARTESIAN_POINT('',(1.6764,-1.4986,8.636));
#5238 = VECTOR('',#5239,1.);
#5239 = DIRECTION('',(-0.,1.,0.));
#5240 = ORIENTED_EDGE('',*,*,#5211,.T.);
#5241 = ORIENTED_EDGE('',*,*,#5242,.T.);
#5242 = EDGE_CURVE('',#5212,#5243,#5245,.T.);
#5243 = VERTEX_POINT('',#5244);
#5244 = CARTESIAN_POINT('',(2.1336,-1.0414,8.636));
#5245 = LINE('',#5246,#5247);
#5246 = CARTESIAN_POINT('',(2.1336,-1.4986,8.636));
#5247 = VECTOR('',#5248,1.);
#5248 = DIRECTION('',(-0.,1.,0.));
#5249 = ORIENTED_EDGE('',*,*,#5250,.F.);
#5250 = EDGE_CURVE('',#5234,#5243,#5251,.T.);
#5251 = LINE('',#5252,#5253);
#5252 = CARTESIAN_POINT('',(1.6764,-1.0414,8.636));
#5253 = VECTOR('',#5254,1.);
#5254 = DIRECTION('',(1.,0.,-0.));
#5255 = PLANE('',#5256);
#5256 = AXIS2_PLACEMENT_3D('',#5257,#5258,#5259);
#5257 = CARTESIAN_POINT('',(1.6764,-1.4986,8.636));
#5258 = DIRECTION('',(0.,0.,1.));
#5259 = DIRECTION('',(1.,0.,-0.));
#5260 = ADVANCED_FACE('',(#5261),#5281,.T.);
#5261 = FACE_BOUND('',#5262,.T.);
#5262 = EDGE_LOOP('',(#5263,#5271,#5272,#5273,#5274,#5275));
#5263 = ORIENTED_EDGE('',*,*,#5264,.F.);
#5264 = EDGE_CURVE('',#5172,#5265,#5267,.T.);
#5265 = VERTEX_POINT('',#5266);
#5266 = CARTESIAN_POINT('',(1.6764,-1.0414,0.));
#5267 = LINE('',#5268,#5269);
#5268 = CARTESIAN_POINT('',(1.6764,-1.4986,0.));
#5269 = VECTOR('',#5270,1.);
#5270 = DIRECTION('',(-0.,1.,0.));
#5271 = ORIENTED_EDGE('',*,*,#5181,.T.);
#5272 = ORIENTED_EDGE('',*,*,#5131,.T.);
#5273 = ORIENTED_EDGE('',*,*,#5203,.T.);
#5274 = ORIENTED_EDGE('',*,*,#5233,.T.);
#5275 = ORIENTED_EDGE('',*,*,#5276,.F.);
#5276 = EDGE_CURVE('',#5265,#5234,#5277,.T.);
#5277 = LINE('',#5278,#5279);
#5278 = CARTESIAN_POINT('',(1.6764,-1.0414,0.));
#5279 = VECTOR('',#5280,1.);
#5280 = DIRECTION('',(0.,0.,1.));
#5281 = PLANE('',#5282);
#5282 = AXIS2_PLACEMENT_3D('',#5283,#5284,#5285);
#5283 = CARTESIAN_POINT('',(1.6764,-1.586079418345,3.503779418345));
#5284 = DIRECTION('',(-1.,-0.,-0.));
#5285 = DIRECTION('',(0.,0.,-1.));
#5286 = ADVANCED_FACE('',(#5287),#5305,.T.);
#5287 = FACE_BOUND('',#5288,.T.);
#5288 = EDGE_LOOP('',(#5289,#5297,#5298,#5299));
#5289 = ORIENTED_EDGE('',*,*,#5290,.F.);
#5290 = EDGE_CURVE('',#5265,#5291,#5293,.T.);
#5291 = VERTEX_POINT('',#5292);
#5292 = CARTESIAN_POINT('',(2.1336,-1.0414,0.));
#5293 = LINE('',#5294,#5295);
#5294 = CARTESIAN_POINT('',(1.6764,-1.0414,0.));
#5295 = VECTOR('',#5296,1.);
#5296 = DIRECTION('',(1.,0.,-0.));
#5297 = ORIENTED_EDGE('',*,*,#5276,.T.);
#5298 = ORIENTED_EDGE('',*,*,#5250,.T.);
#5299 = ORIENTED_EDGE('',*,*,#5300,.F.);
#5300 = EDGE_CURVE('',#5291,#5243,#5301,.T.);
#5301 = LINE('',#5302,#5303);
#5302 = CARTESIAN_POINT('',(2.1336,-1.0414,0.));
#5303 = VECTOR('',#5304,1.);
#5304 = DIRECTION('',(0.,0.,1.));
#5305 = PLANE('',#5306);
#5306 = AXIS2_PLACEMENT_3D('',#5307,#5308,#5309);
#5307 = CARTESIAN_POINT('',(1.6764,-1.0414,0.));
#5308 = DIRECTION('',(-0.,1.,0.));
#5309 = DIRECTION('',(0.,0.,1.));
#5310 = ADVANCED_FACE('',(#5311),#5322,.T.);
#5311 = FACE_BOUND('',#5312,.T.);
#5312 = EDGE_LOOP('',(#5313,#5314,#5315,#5321));
#5313 = ORIENTED_EDGE('',*,*,#5264,.T.);
#5314 = ORIENTED_EDGE('',*,*,#5290,.T.);
#5315 = ORIENTED_EDGE('',*,*,#5316,.F.);
#5316 = EDGE_CURVE('',#5174,#5291,#5317,.T.);
#5317 = LINE('',#5318,#5319);
#5318 = CARTESIAN_POINT('',(2.1336,-1.4986,0.));
#5319 = VECTOR('',#5320,1.);
#5320 = DIRECTION('',(-0.,1.,0.));
#5321 = ORIENTED_EDGE('',*,*,#5171,.F.);
#5322 = PLANE('',#5323);
#5323 = AXIS2_PLACEMENT_3D('',#5324,#5325,#5326);
#5324 = CARTESIAN_POINT('',(1.905,-2.4003,0.));
#5325 = DIRECTION('',(-0.,-0.,-1.));
#5326 = DIRECTION('',(-1.,0.,0.));
#5327 = ADVANCED_FACE('',(#5328),#5336,.T.);
#5328 = FACE_BOUND('',#5329,.T.);
#5329 = EDGE_LOOP('',(#5330,#5331,#5332,#5333,#5334,#5335));
#5330 = ORIENTED_EDGE('',*,*,#5300,.T.);
#5331 = ORIENTED_EDGE('',*,*,#5242,.F.);
#5332 = ORIENTED_EDGE('',*,*,#5219,.F.);
#5333 = ORIENTED_EDGE('',*,*,#5149,.F.);
#5334 = ORIENTED_EDGE('',*,*,#5188,.F.);
#5335 = ORIENTED_EDGE('',*,*,#5316,.T.);
#5336 = PLANE('',#5337);
#5337 = AXIS2_PLACEMENT_3D('',#5338,#5339,#5340);
#5338 = CARTESIAN_POINT('',(2.1336,-1.586079418345,3.503779418345));
#5339 = DIRECTION('',(1.,0.,0.));
#5340 = DIRECTION('',(-0.,0.,1.));
#5341 = MANIFOLD_SOLID_BREP('',#5342);
#5342 = CLOSED_SHELL('',(#5343,#5383,#5414,#5445,#5476,#5502,#5526,#5543
    ));
#5343 = ADVANCED_FACE('',(#5344),#5378,.T.);
#5344 = FACE_BOUND('',#5345,.T.);
#5345 = EDGE_LOOP('',(#5346,#5356,#5364,#5372));
#5346 = ORIENTED_EDGE('',*,*,#5347,.F.);
#5347 = EDGE_CURVE('',#5348,#5350,#5352,.T.);
#5348 = VERTEX_POINT('',#5349);
#5349 = CARTESIAN_POINT('',(1.6764,1.0414,8.636));
#5350 = VERTEX_POINT('',#5351);
#5351 = CARTESIAN_POINT('',(1.6764,1.4986,8.636));
#5352 = LINE('',#5353,#5354);
#5353 = CARTESIAN_POINT('',(1.6764,1.0414,8.636));
#5354 = VECTOR('',#5355,1.);
#5355 = DIRECTION('',(-0.,1.,0.));
#5356 = ORIENTED_EDGE('',*,*,#5357,.T.);
#5357 = EDGE_CURVE('',#5348,#5358,#5360,.T.);
#5358 = VERTEX_POINT('',#5359);
#5359 = CARTESIAN_POINT('',(2.1336,1.0414,8.636));
#5360 = LINE('',#5361,#5362);
#5361 = CARTESIAN_POINT('',(1.6764,1.0414,8.636));
#5362 = VECTOR('',#5363,1.);
#5363 = DIRECTION('',(1.,0.,-0.));
#5364 = ORIENTED_EDGE('',*,*,#5365,.T.);
#5365 = EDGE_CURVE('',#5358,#5366,#5368,.T.);
#5366 = VERTEX_POINT('',#5367);
#5367 = CARTESIAN_POINT('',(2.1336,1.4986,8.636));
#5368 = LINE('',#5369,#5370);
#5369 = CARTESIAN_POINT('',(2.1336,1.0414,8.636));
#5370 = VECTOR('',#5371,1.);
#5371 = DIRECTION('',(-0.,1.,0.));
#5372 = ORIENTED_EDGE('',*,*,#5373,.F.);
#5373 = EDGE_CURVE('',#5350,#5366,#5374,.T.);
#5374 = LINE('',#5375,#5376);
#5375 = CARTESIAN_POINT('',(1.6764,1.4986,8.636));
#5376 = VECTOR('',#5377,1.);
#5377 = DIRECTION('',(1.,0.,-0.));
#5378 = PLANE('',#5379);
#5379 = AXIS2_PLACEMENT_3D('',#5380,#5381,#5382);
#5380 = CARTESIAN_POINT('',(1.6764,1.0414,8.636));
#5381 = DIRECTION('',(0.,0.,1.));
#5382 = DIRECTION('',(1.,0.,-0.));
#5383 = ADVANCED_FACE('',(#5384),#5409,.T.);
#5384 = FACE_BOUND('',#5385,.T.);
#5385 = EDGE_LOOP('',(#5386,#5396,#5402,#5403));
#5386 = ORIENTED_EDGE('',*,*,#5387,.F.);
#5387 = EDGE_CURVE('',#5388,#5390,#5392,.T.);
#5388 = VERTEX_POINT('',#5389);
#5389 = CARTESIAN_POINT('',(1.6764,1.4986,0.4572));
#5390 = VERTEX_POINT('',#5391);
#5391 = CARTESIAN_POINT('',(2.1336,1.4986,0.4572));
#5392 = LINE('',#5393,#5394);
#5393 = CARTESIAN_POINT('',(1.6764,1.4986,0.4572));
#5394 = VECTOR('',#5395,1.);
#5395 = DIRECTION('',(1.,0.,-0.));
#5396 = ORIENTED_EDGE('',*,*,#5397,.T.);
#5397 = EDGE_CURVE('',#5388,#5350,#5398,.T.);
#5398 = LINE('',#5399,#5400);
#5399 = CARTESIAN_POINT('',(1.6764,1.4986,0.));
#5400 = VECTOR('',#5401,1.);
#5401 = DIRECTION('',(0.,0.,1.));
#5402 = ORIENTED_EDGE('',*,*,#5373,.T.);
#5403 = ORIENTED_EDGE('',*,*,#5404,.F.);
#5404 = EDGE_CURVE('',#5390,#5366,#5405,.T.);
#5405 = LINE('',#5406,#5407);
#5406 = CARTESIAN_POINT('',(2.1336,1.4986,0.));
#5407 = VECTOR('',#5408,1.);
#5408 = DIRECTION('',(0.,0.,1.));
#5409 = PLANE('',#5410);
#5410 = AXIS2_PLACEMENT_3D('',#5411,#5412,#5413);
#5411 = CARTESIAN_POINT('',(1.6764,1.4986,0.));
#5412 = DIRECTION('',(-0.,1.,0.));
#5413 = DIRECTION('',(0.,0.,1.));
#5414 = ADVANCED_FACE('',(#5415),#5440,.T.);
#5415 = FACE_BOUND('',#5416,.T.);
#5416 = EDGE_LOOP('',(#5417,#5425,#5426,#5434));
#5417 = ORIENTED_EDGE('',*,*,#5418,.F.);
#5418 = EDGE_CURVE('',#5388,#5419,#5421,.T.);
#5419 = VERTEX_POINT('',#5420);
#5420 = CARTESIAN_POINT('',(1.6764,3.7592,0.4572));
#5421 = LINE('',#5422,#5423);
#5422 = CARTESIAN_POINT('',(1.6764,1.0414,0.4572));
#5423 = VECTOR('',#5424,1.);
#5424 = DIRECTION('',(-0.,1.,0.));
#5425 = ORIENTED_EDGE('',*,*,#5387,.T.);
#5426 = ORIENTED_EDGE('',*,*,#5427,.T.);
#5427 = EDGE_CURVE('',#5390,#5428,#5430,.T.);
#5428 = VERTEX_POINT('',#5429);
#5429 = CARTESIAN_POINT('',(2.1336,3.7592,0.4572));
#5430 = LINE('',#5431,#5432);
#5431 = CARTESIAN_POINT('',(2.1336,1.0414,0.4572));
#5432 = VECTOR('',#5433,1.);
#5433 = DIRECTION('',(-0.,1.,0.));
#5434 = ORIENTED_EDGE('',*,*,#5435,.F.);
#5435 = EDGE_CURVE('',#5419,#5428,#5436,.T.);
#5436 = LINE('',#5437,#5438);
#5437 = CARTESIAN_POINT('',(1.6764,3.7592,0.4572));
#5438 = VECTOR('',#5439,1.);
#5439 = DIRECTION('',(1.,0.,-0.));
#5440 = PLANE('',#5441);
#5441 = AXIS2_PLACEMENT_3D('',#5442,#5443,#5444);
#5442 = CARTESIAN_POINT('',(1.6764,1.0414,0.4572));
#5443 = DIRECTION('',(0.,0.,1.));
#5444 = DIRECTION('',(1.,0.,-0.));
#5445 = ADVANCED_FACE('',(#5446),#5471,.T.);
#5446 = FACE_BOUND('',#5447,.T.);
#5447 = EDGE_LOOP('',(#5448,#5458,#5464,#5465));
#5448 = ORIENTED_EDGE('',*,*,#5449,.F.);
#5449 = EDGE_CURVE('',#5450,#5452,#5454,.T.);
#5450 = VERTEX_POINT('',#5451);
#5451 = CARTESIAN_POINT('',(1.6764,3.7592,0.));
#5452 = VERTEX_POINT('',#5453);
#5453 = CARTESIAN_POINT('',(2.1336,3.7592,0.));
#5454 = LINE('',#5455,#5456);
#5455 = CARTESIAN_POINT('',(1.6764,3.7592,0.));
#5456 = VECTOR('',#5457,1.);
#5457 = DIRECTION('',(1.,0.,-0.));
#5458 = ORIENTED_EDGE('',*,*,#5459,.T.);
#5459 = EDGE_CURVE('',#5450,#5419,#5460,.T.);
#5460 = LINE('',#5461,#5462);
#5461 = CARTESIAN_POINT('',(1.6764,3.7592,0.));
#5462 = VECTOR('',#5463,1.);
#5463 = DIRECTION('',(0.,0.,1.));
#5464 = ORIENTED_EDGE('',*,*,#5435,.T.);
#5465 = ORIENTED_EDGE('',*,*,#5466,.F.);
#5466 = EDGE_CURVE('',#5452,#5428,#5467,.T.);
#5467 = LINE('',#5468,#5469);
#5468 = CARTESIAN_POINT('',(2.1336,3.7592,0.));
#5469 = VECTOR('',#5470,1.);
#5470 = DIRECTION('',(0.,0.,1.));
#5471 = PLANE('',#5472);
#5472 = AXIS2_PLACEMENT_3D('',#5473,#5474,#5475);
#5473 = CARTESIAN_POINT('',(1.6764,3.7592,0.));
#5474 = DIRECTION('',(-0.,1.,0.));
#5475 = DIRECTION('',(0.,0.,1.));
#5476 = ADVANCED_FACE('',(#5477),#5497,.T.);
#5477 = FACE_BOUND('',#5478,.T.);
#5478 = EDGE_LOOP('',(#5479,#5487,#5488,#5489,#5490,#5491));
#5479 = ORIENTED_EDGE('',*,*,#5480,.T.);
#5480 = EDGE_CURVE('',#5481,#5348,#5483,.T.);
#5481 = VERTEX_POINT('',#5482);
#5482 = CARTESIAN_POINT('',(1.6764,1.0414,0.));
#5483 = LINE('',#5484,#5485);
#5484 = CARTESIAN_POINT('',(1.6764,1.0414,0.));
#5485 = VECTOR('',#5486,1.);
#5486 = DIRECTION('',(0.,0.,1.));
#5487 = ORIENTED_EDGE('',*,*,#5347,.T.);
#5488 = ORIENTED_EDGE('',*,*,#5397,.F.);
#5489 = ORIENTED_EDGE('',*,*,#5418,.T.);
#5490 = ORIENTED_EDGE('',*,*,#5459,.F.);
#5491 = ORIENTED_EDGE('',*,*,#5492,.F.);
#5492 = EDGE_CURVE('',#5481,#5450,#5493,.T.);
#5493 = LINE('',#5494,#5495);
#5494 = CARTESIAN_POINT('',(1.6764,1.0414,0.));
#5495 = VECTOR('',#5496,1.);
#5496 = DIRECTION('',(-0.,1.,0.));
#5497 = PLANE('',#5498);
#5498 = AXIS2_PLACEMENT_3D('',#5499,#5500,#5501);
#5499 = CARTESIAN_POINT('',(1.6764,1.586079418345,3.503779418345));
#5500 = DIRECTION('',(-1.,-0.,-0.));
#5501 = DIRECTION('',(0.,0.,-1.));
#5502 = ADVANCED_FACE('',(#5503),#5521,.F.);
#5503 = FACE_BOUND('',#5504,.T.);
#5504 = EDGE_LOOP('',(#5505,#5513,#5519,#5520));
#5505 = ORIENTED_EDGE('',*,*,#5506,.T.);
#5506 = EDGE_CURVE('',#5481,#5507,#5509,.T.);
#5507 = VERTEX_POINT('',#5508);
#5508 = CARTESIAN_POINT('',(2.1336,1.0414,0.));
#5509 = LINE('',#5510,#5511);
#5510 = CARTESIAN_POINT('',(1.6764,1.0414,0.));
#5511 = VECTOR('',#5512,1.);
#5512 = DIRECTION('',(1.,0.,-0.));
#5513 = ORIENTED_EDGE('',*,*,#5514,.T.);
#5514 = EDGE_CURVE('',#5507,#5358,#5515,.T.);
#5515 = LINE('',#5516,#5517);
#5516 = CARTESIAN_POINT('',(2.1336,1.0414,0.));
#5517 = VECTOR('',#5518,1.);
#5518 = DIRECTION('',(0.,0.,1.));
#5519 = ORIENTED_EDGE('',*,*,#5357,.F.);
#5520 = ORIENTED_EDGE('',*,*,#5480,.F.);
#5521 = PLANE('',#5522);
#5522 = AXIS2_PLACEMENT_3D('',#5523,#5524,#5525);
#5523 = CARTESIAN_POINT('',(1.6764,1.0414,0.));
#5524 = DIRECTION('',(-0.,1.,0.));
#5525 = DIRECTION('',(0.,0.,1.));
#5526 = ADVANCED_FACE('',(#5527),#5538,.T.);
#5527 = FACE_BOUND('',#5528,.T.);
#5528 = EDGE_LOOP('',(#5529,#5530,#5531,#5537));
#5529 = ORIENTED_EDGE('',*,*,#5492,.T.);
#5530 = ORIENTED_EDGE('',*,*,#5449,.T.);
#5531 = ORIENTED_EDGE('',*,*,#5532,.F.);
#5532 = EDGE_CURVE('',#5507,#5452,#5533,.T.);
#5533 = LINE('',#5534,#5535);
#5534 = CARTESIAN_POINT('',(2.1336,1.0414,0.));
#5535 = VECTOR('',#5536,1.);
#5536 = DIRECTION('',(-0.,1.,0.));
#5537 = ORIENTED_EDGE('',*,*,#5506,.F.);
#5538 = PLANE('',#5539);
#5539 = AXIS2_PLACEMENT_3D('',#5540,#5541,#5542);
#5540 = CARTESIAN_POINT('',(1.905,2.4003,0.));
#5541 = DIRECTION('',(-0.,-0.,-1.));
#5542 = DIRECTION('',(-1.,0.,0.));
#5543 = ADVANCED_FACE('',(#5544),#5552,.T.);
#5544 = FACE_BOUND('',#5545,.T.);
#5545 = EDGE_LOOP('',(#5546,#5547,#5548,#5549,#5550,#5551));
#5546 = ORIENTED_EDGE('',*,*,#5514,.F.);
#5547 = ORIENTED_EDGE('',*,*,#5532,.T.);
#5548 = ORIENTED_EDGE('',*,*,#5466,.T.);
#5549 = ORIENTED_EDGE('',*,*,#5427,.F.);
#5550 = ORIENTED_EDGE('',*,*,#5404,.T.);
#5551 = ORIENTED_EDGE('',*,*,#5365,.F.);
#5552 = PLANE('',#5553);
#5553 = AXIS2_PLACEMENT_3D('',#5554,#5555,#5556);
#5554 = CARTESIAN_POINT('',(2.1336,1.586079418345,3.503779418345));
#5555 = DIRECTION('',(1.,0.,0.));
#5556 = DIRECTION('',(-0.,0.,1.));
#5557 = MANIFOLD_SOLID_BREP('',#5558);
#5558 = CLOSED_SHELL('',(#5559,#5599,#5630,#5661,#5692,#5718,#5742,#5759
    ));
#5559 = ADVANCED_FACE('',(#5560),#5594,.T.);
#5560 = FACE_BOUND('',#5561,.T.);
#5561 = EDGE_LOOP('',(#5562,#5572,#5580,#5588));
#5562 = ORIENTED_EDGE('',*,*,#5563,.F.);
#5563 = EDGE_CURVE('',#5564,#5566,#5568,.T.);
#5564 = VERTEX_POINT('',#5565);
#5565 = CARTESIAN_POINT('',(2.9464,-3.7592,0.4572));
#5566 = VERTEX_POINT('',#5567);
#5567 = CARTESIAN_POINT('',(2.9464,-1.4986,0.4572));
#5568 = LINE('',#5569,#5570);
#5569 = CARTESIAN_POINT('',(2.9464,-3.7592,0.4572));
#5570 = VECTOR('',#5571,1.);
#5571 = DIRECTION('',(-0.,1.,0.));
#5572 = ORIENTED_EDGE('',*,*,#5573,.T.);
#5573 = EDGE_CURVE('',#5564,#5574,#5576,.T.);
#5574 = VERTEX_POINT('',#5575);
#5575 = CARTESIAN_POINT('',(3.4036,-3.7592,0.4572));
#5576 = LINE('',#5577,#5578);
#5577 = CARTESIAN_POINT('',(2.9464,-3.7592,0.4572));
#5578 = VECTOR('',#5579,1.);
#5579 = DIRECTION('',(1.,0.,-0.));
#5580 = ORIENTED_EDGE('',*,*,#5581,.T.);
#5581 = EDGE_CURVE('',#5574,#5582,#5584,.T.);
#5582 = VERTEX_POINT('',#5583);
#5583 = CARTESIAN_POINT('',(3.4036,-1.4986,0.4572));
#5584 = LINE('',#5585,#5586);
#5585 = CARTESIAN_POINT('',(3.4036,-3.7592,0.4572));
#5586 = VECTOR('',#5587,1.);
#5587 = DIRECTION('',(-0.,1.,0.));
#5588 = ORIENTED_EDGE('',*,*,#5589,.F.);
#5589 = EDGE_CURVE('',#5566,#5582,#5590,.T.);
#5590 = LINE('',#5591,#5592);
#5591 = CARTESIAN_POINT('',(2.9464,-1.4986,0.4572));
#5592 = VECTOR('',#5593,1.);
#5593 = DIRECTION('',(1.,0.,-0.));
#5594 = PLANE('',#5595);
#5595 = AXIS2_PLACEMENT_3D('',#5596,#5597,#5598);
#5596 = CARTESIAN_POINT('',(2.9464,-3.7592,0.4572));
#5597 = DIRECTION('',(0.,0.,1.));
#5598 = DIRECTION('',(1.,0.,-0.));
#5599 = ADVANCED_FACE('',(#5600),#5625,.F.);
#5600 = FACE_BOUND('',#5601,.F.);
#5601 = EDGE_LOOP('',(#5602,#5612,#5618,#5619));
#5602 = ORIENTED_EDGE('',*,*,#5603,.F.);
#5603 = EDGE_CURVE('',#5604,#5606,#5608,.T.);
#5604 = VERTEX_POINT('',#5605);
#5605 = CARTESIAN_POINT('',(2.9464,-3.7592,0.));
#5606 = VERTEX_POINT('',#5607);
#5607 = CARTESIAN_POINT('',(3.4036,-3.7592,0.));
#5608 = LINE('',#5609,#5610);
#5609 = CARTESIAN_POINT('',(2.9464,-3.7592,0.));
#5610 = VECTOR('',#5611,1.);
#5611 = DIRECTION('',(1.,0.,-0.));
#5612 = ORIENTED_EDGE('',*,*,#5613,.T.);
#5613 = EDGE_CURVE('',#5604,#5564,#5614,.T.);
#5614 = LINE('',#5615,#5616);
#5615 = CARTESIAN_POINT('',(2.9464,-3.7592,0.));
#5616 = VECTOR('',#5617,1.);
#5617 = DIRECTION('',(0.,0.,1.));
#5618 = ORIENTED_EDGE('',*,*,#5573,.T.);
#5619 = ORIENTED_EDGE('',*,*,#5620,.F.);
#5620 = EDGE_CURVE('',#5606,#5574,#5621,.T.);
#5621 = LINE('',#5622,#5623);
#5622 = CARTESIAN_POINT('',(3.4036,-3.7592,0.));
#5623 = VECTOR('',#5624,1.);
#5624 = DIRECTION('',(0.,0.,1.));
#5625 = PLANE('',#5626);
#5626 = AXIS2_PLACEMENT_3D('',#5627,#5628,#5629);
#5627 = CARTESIAN_POINT('',(2.9464,-3.7592,0.));
#5628 = DIRECTION('',(-0.,1.,0.));
#5629 = DIRECTION('',(0.,0.,1.));
#5630 = ADVANCED_FACE('',(#5631),#5656,.F.);
#5631 = FACE_BOUND('',#5632,.F.);
#5632 = EDGE_LOOP('',(#5633,#5634,#5642,#5650));
#5633 = ORIENTED_EDGE('',*,*,#5589,.F.);
#5634 = ORIENTED_EDGE('',*,*,#5635,.T.);
#5635 = EDGE_CURVE('',#5566,#5636,#5638,.T.);
#5636 = VERTEX_POINT('',#5637);
#5637 = CARTESIAN_POINT('',(2.9464,-1.4986,8.636));
#5638 = LINE('',#5639,#5640);
#5639 = CARTESIAN_POINT('',(2.9464,-1.4986,0.));
#5640 = VECTOR('',#5641,1.);
#5641 = DIRECTION('',(0.,0.,1.));
#5642 = ORIENTED_EDGE('',*,*,#5643,.T.);
#5643 = EDGE_CURVE('',#5636,#5644,#5646,.T.);
#5644 = VERTEX_POINT('',#5645);
#5645 = CARTESIAN_POINT('',(3.4036,-1.4986,8.636));
#5646 = LINE('',#5647,#5648);
#5647 = CARTESIAN_POINT('',(2.9464,-1.4986,8.636));
#5648 = VECTOR('',#5649,1.);
#5649 = DIRECTION('',(1.,0.,-0.));
#5650 = ORIENTED_EDGE('',*,*,#5651,.F.);
#5651 = EDGE_CURVE('',#5582,#5644,#5652,.T.);
#5652 = LINE('',#5653,#5654);
#5653 = CARTESIAN_POINT('',(3.4036,-1.4986,0.));
#5654 = VECTOR('',#5655,1.);
#5655 = DIRECTION('',(0.,0.,1.));
#5656 = PLANE('',#5657);
#5657 = AXIS2_PLACEMENT_3D('',#5658,#5659,#5660);
#5658 = CARTESIAN_POINT('',(2.9464,-1.4986,0.));
#5659 = DIRECTION('',(-0.,1.,0.));
#5660 = DIRECTION('',(0.,0.,1.));
#5661 = ADVANCED_FACE('',(#5662),#5687,.T.);
#5662 = FACE_BOUND('',#5663,.T.);
#5663 = EDGE_LOOP('',(#5664,#5672,#5673,#5681));
#5664 = ORIENTED_EDGE('',*,*,#5665,.F.);
#5665 = EDGE_CURVE('',#5636,#5666,#5668,.T.);
#5666 = VERTEX_POINT('',#5667);
#5667 = CARTESIAN_POINT('',(2.9464,-1.0414,8.636));
#5668 = LINE('',#5669,#5670);
#5669 = CARTESIAN_POINT('',(2.9464,-1.4986,8.636));
#5670 = VECTOR('',#5671,1.);
#5671 = DIRECTION('',(-0.,1.,0.));
#5672 = ORIENTED_EDGE('',*,*,#5643,.T.);
#5673 = ORIENTED_EDGE('',*,*,#5674,.T.);
#5674 = EDGE_CURVE('',#5644,#5675,#5677,.T.);
#5675 = VERTEX_POINT('',#5676);
#5676 = CARTESIAN_POINT('',(3.4036,-1.0414,8.636));
#5677 = LINE('',#5678,#5679);
#5678 = CARTESIAN_POINT('',(3.4036,-1.4986,8.636));
#5679 = VECTOR('',#5680,1.);
#5680 = DIRECTION('',(-0.,1.,0.));
#5681 = ORIENTED_EDGE('',*,*,#5682,.F.);
#5682 = EDGE_CURVE('',#5666,#5675,#5683,.T.);
#5683 = LINE('',#5684,#5685);
#5684 = CARTESIAN_POINT('',(2.9464,-1.0414,8.636));
#5685 = VECTOR('',#5686,1.);
#5686 = DIRECTION('',(1.,0.,-0.));
#5687 = PLANE('',#5688);
#5688 = AXIS2_PLACEMENT_3D('',#5689,#5690,#5691);
#5689 = CARTESIAN_POINT('',(2.9464,-1.4986,8.636));
#5690 = DIRECTION('',(0.,0.,1.));
#5691 = DIRECTION('',(1.,0.,-0.));
#5692 = ADVANCED_FACE('',(#5693),#5713,.T.);
#5693 = FACE_BOUND('',#5694,.T.);
#5694 = EDGE_LOOP('',(#5695,#5703,#5704,#5705,#5706,#5707));
#5695 = ORIENTED_EDGE('',*,*,#5696,.F.);
#5696 = EDGE_CURVE('',#5604,#5697,#5699,.T.);
#5697 = VERTEX_POINT('',#5698);
#5698 = CARTESIAN_POINT('',(2.9464,-1.0414,0.));
#5699 = LINE('',#5700,#5701);
#5700 = CARTESIAN_POINT('',(2.9464,-1.4986,0.));
#5701 = VECTOR('',#5702,1.);
#5702 = DIRECTION('',(-0.,1.,0.));
#5703 = ORIENTED_EDGE('',*,*,#5613,.T.);
#5704 = ORIENTED_EDGE('',*,*,#5563,.T.);
#5705 = ORIENTED_EDGE('',*,*,#5635,.T.);
#5706 = ORIENTED_EDGE('',*,*,#5665,.T.);
#5707 = ORIENTED_EDGE('',*,*,#5708,.F.);
#5708 = EDGE_CURVE('',#5697,#5666,#5709,.T.);
#5709 = LINE('',#5710,#5711);
#5710 = CARTESIAN_POINT('',(2.9464,-1.0414,0.));
#5711 = VECTOR('',#5712,1.);
#5712 = DIRECTION('',(0.,0.,1.));
#5713 = PLANE('',#5714);
#5714 = AXIS2_PLACEMENT_3D('',#5715,#5716,#5717);
#5715 = CARTESIAN_POINT('',(2.9464,-1.586079418345,3.503779418345));
#5716 = DIRECTION('',(-1.,-0.,-0.));
#5717 = DIRECTION('',(0.,0.,-1.));
#5718 = ADVANCED_FACE('',(#5719),#5737,.T.);
#5719 = FACE_BOUND('',#5720,.T.);
#5720 = EDGE_LOOP('',(#5721,#5729,#5730,#5731));
#5721 = ORIENTED_EDGE('',*,*,#5722,.F.);
#5722 = EDGE_CURVE('',#5697,#5723,#5725,.T.);
#5723 = VERTEX_POINT('',#5724);
#5724 = CARTESIAN_POINT('',(3.4036,-1.0414,0.));
#5725 = LINE('',#5726,#5727);
#5726 = CARTESIAN_POINT('',(2.9464,-1.0414,0.));
#5727 = VECTOR('',#5728,1.);
#5728 = DIRECTION('',(1.,0.,-0.));
#5729 = ORIENTED_EDGE('',*,*,#5708,.T.);
#5730 = ORIENTED_EDGE('',*,*,#5682,.T.);
#5731 = ORIENTED_EDGE('',*,*,#5732,.F.);
#5732 = EDGE_CURVE('',#5723,#5675,#5733,.T.);
#5733 = LINE('',#5734,#5735);
#5734 = CARTESIAN_POINT('',(3.4036,-1.0414,0.));
#5735 = VECTOR('',#5736,1.);
#5736 = DIRECTION('',(0.,0.,1.));
#5737 = PLANE('',#5738);
#5738 = AXIS2_PLACEMENT_3D('',#5739,#5740,#5741);
#5739 = CARTESIAN_POINT('',(2.9464,-1.0414,0.));
#5740 = DIRECTION('',(-0.,1.,0.));
#5741 = DIRECTION('',(0.,0.,1.));
#5742 = ADVANCED_FACE('',(#5743),#5754,.T.);
#5743 = FACE_BOUND('',#5744,.T.);
#5744 = EDGE_LOOP('',(#5745,#5746,#5747,#5753));
#5745 = ORIENTED_EDGE('',*,*,#5696,.T.);
#5746 = ORIENTED_EDGE('',*,*,#5722,.T.);
#5747 = ORIENTED_EDGE('',*,*,#5748,.F.);
#5748 = EDGE_CURVE('',#5606,#5723,#5749,.T.);
#5749 = LINE('',#5750,#5751);
#5750 = CARTESIAN_POINT('',(3.4036,-1.4986,0.));
#5751 = VECTOR('',#5752,1.);
#5752 = DIRECTION('',(-0.,1.,0.));
#5753 = ORIENTED_EDGE('',*,*,#5603,.F.);
#5754 = PLANE('',#5755);
#5755 = AXIS2_PLACEMENT_3D('',#5756,#5757,#5758);
#5756 = CARTESIAN_POINT('',(3.175,-2.4003,0.));
#5757 = DIRECTION('',(-0.,-0.,-1.));
#5758 = DIRECTION('',(-1.,0.,0.));
#5759 = ADVANCED_FACE('',(#5760),#5768,.T.);
#5760 = FACE_BOUND('',#5761,.T.);
#5761 = EDGE_LOOP('',(#5762,#5763,#5764,#5765,#5766,#5767));
#5762 = ORIENTED_EDGE('',*,*,#5732,.T.);
#5763 = ORIENTED_EDGE('',*,*,#5674,.F.);
#5764 = ORIENTED_EDGE('',*,*,#5651,.F.);
#5765 = ORIENTED_EDGE('',*,*,#5581,.F.);
#5766 = ORIENTED_EDGE('',*,*,#5620,.F.);
#5767 = ORIENTED_EDGE('',*,*,#5748,.T.);
#5768 = PLANE('',#5769);
#5769 = AXIS2_PLACEMENT_3D('',#5770,#5771,#5772);
#5770 = CARTESIAN_POINT('',(3.4036,-1.586079418345,3.503779418345));
#5771 = DIRECTION('',(1.,0.,0.));
#5772 = DIRECTION('',(-0.,0.,1.));
#5773 = MANIFOLD_SOLID_BREP('',#5774);
#5774 = CLOSED_SHELL('',(#5775,#5815,#5846,#5877,#5908,#5934,#5958,#5975
    ));
#5775 = ADVANCED_FACE('',(#5776),#5810,.T.);
#5776 = FACE_BOUND('',#5777,.T.);
#5777 = EDGE_LOOP('',(#5778,#5788,#5796,#5804));
#5778 = ORIENTED_EDGE('',*,*,#5779,.F.);
#5779 = EDGE_CURVE('',#5780,#5782,#5784,.T.);
#5780 = VERTEX_POINT('',#5781);
#5781 = CARTESIAN_POINT('',(2.9464,1.0414,8.636));
#5782 = VERTEX_POINT('',#5783);
#5783 = CARTESIAN_POINT('',(2.9464,1.4986,8.636));
#5784 = LINE('',#5785,#5786);
#5785 = CARTESIAN_POINT('',(2.9464,1.0414,8.636));
#5786 = VECTOR('',#5787,1.);
#5787 = DIRECTION('',(-0.,1.,0.));
#5788 = ORIENTED_EDGE('',*,*,#5789,.T.);
#5789 = EDGE_CURVE('',#5780,#5790,#5792,.T.);
#5790 = VERTEX_POINT('',#5791);
#5791 = CARTESIAN_POINT('',(3.4036,1.0414,8.636));
#5792 = LINE('',#5793,#5794);
#5793 = CARTESIAN_POINT('',(2.9464,1.0414,8.636));
#5794 = VECTOR('',#5795,1.);
#5795 = DIRECTION('',(1.,0.,-0.));
#5796 = ORIENTED_EDGE('',*,*,#5797,.T.);
#5797 = EDGE_CURVE('',#5790,#5798,#5800,.T.);
#5798 = VERTEX_POINT('',#5799);
#5799 = CARTESIAN_POINT('',(3.4036,1.4986,8.636));
#5800 = LINE('',#5801,#5802);
#5801 = CARTESIAN_POINT('',(3.4036,1.0414,8.636));
#5802 = VECTOR('',#5803,1.);
#5803 = DIRECTION('',(-0.,1.,0.));
#5804 = ORIENTED_EDGE('',*,*,#5805,.F.);
#5805 = EDGE_CURVE('',#5782,#5798,#5806,.T.);
#5806 = LINE('',#5807,#5808);
#5807 = CARTESIAN_POINT('',(2.9464,1.4986,8.636));
#5808 = VECTOR('',#5809,1.);
#5809 = DIRECTION('',(1.,0.,-0.));
#5810 = PLANE('',#5811);
#5811 = AXIS2_PLACEMENT_3D('',#5812,#5813,#5814);
#5812 = CARTESIAN_POINT('',(2.9464,1.0414,8.636));
#5813 = DIRECTION('',(0.,0.,1.));
#5814 = DIRECTION('',(1.,0.,-0.));
#5815 = ADVANCED_FACE('',(#5816),#5841,.T.);
#5816 = FACE_BOUND('',#5817,.T.);
#5817 = EDGE_LOOP('',(#5818,#5828,#5834,#5835));
#5818 = ORIENTED_EDGE('',*,*,#5819,.F.);
#5819 = EDGE_CURVE('',#5820,#5822,#5824,.T.);
#5820 = VERTEX_POINT('',#5821);
#5821 = CARTESIAN_POINT('',(2.9464,1.4986,0.4572));
#5822 = VERTEX_POINT('',#5823);
#5823 = CARTESIAN_POINT('',(3.4036,1.4986,0.4572));
#5824 = LINE('',#5825,#5826);
#5825 = CARTESIAN_POINT('',(2.9464,1.4986,0.4572));
#5826 = VECTOR('',#5827,1.);
#5827 = DIRECTION('',(1.,0.,-0.));
#5828 = ORIENTED_EDGE('',*,*,#5829,.T.);
#5829 = EDGE_CURVE('',#5820,#5782,#5830,.T.);
#5830 = LINE('',#5831,#5832);
#5831 = CARTESIAN_POINT('',(2.9464,1.4986,0.));
#5832 = VECTOR('',#5833,1.);
#5833 = DIRECTION('',(0.,0.,1.));
#5834 = ORIENTED_EDGE('',*,*,#5805,.T.);
#5835 = ORIENTED_EDGE('',*,*,#5836,.F.);
#5836 = EDGE_CURVE('',#5822,#5798,#5837,.T.);
#5837 = LINE('',#5838,#5839);
#5838 = CARTESIAN_POINT('',(3.4036,1.4986,0.));
#5839 = VECTOR('',#5840,1.);
#5840 = DIRECTION('',(0.,0.,1.));
#5841 = PLANE('',#5842);
#5842 = AXIS2_PLACEMENT_3D('',#5843,#5844,#5845);
#5843 = CARTESIAN_POINT('',(2.9464,1.4986,0.));
#5844 = DIRECTION('',(-0.,1.,0.));
#5845 = DIRECTION('',(0.,0.,1.));
#5846 = ADVANCED_FACE('',(#5847),#5872,.T.);
#5847 = FACE_BOUND('',#5848,.T.);
#5848 = EDGE_LOOP('',(#5849,#5857,#5858,#5866));
#5849 = ORIENTED_EDGE('',*,*,#5850,.F.);
#5850 = EDGE_CURVE('',#5820,#5851,#5853,.T.);
#5851 = VERTEX_POINT('',#5852);
#5852 = CARTESIAN_POINT('',(2.9464,3.7592,0.4572));
#5853 = LINE('',#5854,#5855);
#5854 = CARTESIAN_POINT('',(2.9464,1.0414,0.4572));
#5855 = VECTOR('',#5856,1.);
#5856 = DIRECTION('',(-0.,1.,0.));
#5857 = ORIENTED_EDGE('',*,*,#5819,.T.);
#5858 = ORIENTED_EDGE('',*,*,#5859,.T.);
#5859 = EDGE_CURVE('',#5822,#5860,#5862,.T.);
#5860 = VERTEX_POINT('',#5861);
#5861 = CARTESIAN_POINT('',(3.4036,3.7592,0.4572));
#5862 = LINE('',#5863,#5864);
#5863 = CARTESIAN_POINT('',(3.4036,1.0414,0.4572));
#5864 = VECTOR('',#5865,1.);
#5865 = DIRECTION('',(-0.,1.,0.));
#5866 = ORIENTED_EDGE('',*,*,#5867,.F.);
#5867 = EDGE_CURVE('',#5851,#5860,#5868,.T.);
#5868 = LINE('',#5869,#5870);
#5869 = CARTESIAN_POINT('',(2.9464,3.7592,0.4572));
#5870 = VECTOR('',#5871,1.);
#5871 = DIRECTION('',(1.,0.,-0.));
#5872 = PLANE('',#5873);
#5873 = AXIS2_PLACEMENT_3D('',#5874,#5875,#5876);
#5874 = CARTESIAN_POINT('',(2.9464,1.0414,0.4572));
#5875 = DIRECTION('',(0.,0.,1.));
#5876 = DIRECTION('',(1.,0.,-0.));
#5877 = ADVANCED_FACE('',(#5878),#5903,.T.);
#5878 = FACE_BOUND('',#5879,.T.);
#5879 = EDGE_LOOP('',(#5880,#5890,#5896,#5897));
#5880 = ORIENTED_EDGE('',*,*,#5881,.F.);
#5881 = EDGE_CURVE('',#5882,#5884,#5886,.T.);
#5882 = VERTEX_POINT('',#5883);
#5883 = CARTESIAN_POINT('',(2.9464,3.7592,0.));
#5884 = VERTEX_POINT('',#5885);
#5885 = CARTESIAN_POINT('',(3.4036,3.7592,0.));
#5886 = LINE('',#5887,#5888);
#5887 = CARTESIAN_POINT('',(2.9464,3.7592,0.));
#5888 = VECTOR('',#5889,1.);
#5889 = DIRECTION('',(1.,0.,-0.));
#5890 = ORIENTED_EDGE('',*,*,#5891,.T.);
#5891 = EDGE_CURVE('',#5882,#5851,#5892,.T.);
#5892 = LINE('',#5893,#5894);
#5893 = CARTESIAN_POINT('',(2.9464,3.7592,0.));
#5894 = VECTOR('',#5895,1.);
#5895 = DIRECTION('',(0.,0.,1.));
#5896 = ORIENTED_EDGE('',*,*,#5867,.T.);
#5897 = ORIENTED_EDGE('',*,*,#5898,.F.);
#5898 = EDGE_CURVE('',#5884,#5860,#5899,.T.);
#5899 = LINE('',#5900,#5901);
#5900 = CARTESIAN_POINT('',(3.4036,3.7592,0.));
#5901 = VECTOR('',#5902,1.);
#5902 = DIRECTION('',(0.,0.,1.));
#5903 = PLANE('',#5904);
#5904 = AXIS2_PLACEMENT_3D('',#5905,#5906,#5907);
#5905 = CARTESIAN_POINT('',(2.9464,3.7592,0.));
#5906 = DIRECTION('',(-0.,1.,0.));
#5907 = DIRECTION('',(0.,0.,1.));
#5908 = ADVANCED_FACE('',(#5909),#5929,.T.);
#5909 = FACE_BOUND('',#5910,.T.);
#5910 = EDGE_LOOP('',(#5911,#5919,#5920,#5921,#5922,#5923));
#5911 = ORIENTED_EDGE('',*,*,#5912,.T.);
#5912 = EDGE_CURVE('',#5913,#5780,#5915,.T.);
#5913 = VERTEX_POINT('',#5914);
#5914 = CARTESIAN_POINT('',(2.9464,1.0414,0.));
#5915 = LINE('',#5916,#5917);
#5916 = CARTESIAN_POINT('',(2.9464,1.0414,0.));
#5917 = VECTOR('',#5918,1.);
#5918 = DIRECTION('',(0.,0.,1.));
#5919 = ORIENTED_EDGE('',*,*,#5779,.T.);
#5920 = ORIENTED_EDGE('',*,*,#5829,.F.);
#5921 = ORIENTED_EDGE('',*,*,#5850,.T.);
#5922 = ORIENTED_EDGE('',*,*,#5891,.F.);
#5923 = ORIENTED_EDGE('',*,*,#5924,.F.);
#5924 = EDGE_CURVE('',#5913,#5882,#5925,.T.);
#5925 = LINE('',#5926,#5927);
#5926 = CARTESIAN_POINT('',(2.9464,1.0414,0.));
#5927 = VECTOR('',#5928,1.);
#5928 = DIRECTION('',(-0.,1.,0.));
#5929 = PLANE('',#5930);
#5930 = AXIS2_PLACEMENT_3D('',#5931,#5932,#5933);
#5931 = CARTESIAN_POINT('',(2.9464,1.586079418345,3.503779418345));
#5932 = DIRECTION('',(-1.,-0.,-0.));
#5933 = DIRECTION('',(0.,0.,-1.));
#5934 = ADVANCED_FACE('',(#5935),#5953,.F.);
#5935 = FACE_BOUND('',#5936,.T.);
#5936 = EDGE_LOOP('',(#5937,#5945,#5951,#5952));
#5937 = ORIENTED_EDGE('',*,*,#5938,.T.);
#5938 = EDGE_CURVE('',#5913,#5939,#5941,.T.);
#5939 = VERTEX_POINT('',#5940);
#5940 = CARTESIAN_POINT('',(3.4036,1.0414,0.));
#5941 = LINE('',#5942,#5943);
#5942 = CARTESIAN_POINT('',(2.9464,1.0414,0.));
#5943 = VECTOR('',#5944,1.);
#5944 = DIRECTION('',(1.,0.,-0.));
#5945 = ORIENTED_EDGE('',*,*,#5946,.T.);
#5946 = EDGE_CURVE('',#5939,#5790,#5947,.T.);
#5947 = LINE('',#5948,#5949);
#5948 = CARTESIAN_POINT('',(3.4036,1.0414,0.));
#5949 = VECTOR('',#5950,1.);
#5950 = DIRECTION('',(0.,0.,1.));
#5951 = ORIENTED_EDGE('',*,*,#5789,.F.);
#5952 = ORIENTED_EDGE('',*,*,#5912,.F.);
#5953 = PLANE('',#5954);
#5954 = AXIS2_PLACEMENT_3D('',#5955,#5956,#5957);
#5955 = CARTESIAN_POINT('',(2.9464,1.0414,0.));
#5956 = DIRECTION('',(-0.,1.,0.));
#5957 = DIRECTION('',(0.,0.,1.));
#5958 = ADVANCED_FACE('',(#5959),#5970,.T.);
#5959 = FACE_BOUND('',#5960,.T.);
#5960 = EDGE_LOOP('',(#5961,#5962,#5963,#5969));
#5961 = ORIENTED_EDGE('',*,*,#5924,.T.);
#5962 = ORIENTED_EDGE('',*,*,#5881,.T.);
#5963 = ORIENTED_EDGE('',*,*,#5964,.F.);
#5964 = EDGE_CURVE('',#5939,#5884,#5965,.T.);
#5965 = LINE('',#5966,#5967);
#5966 = CARTESIAN_POINT('',(3.4036,1.0414,0.));
#5967 = VECTOR('',#5968,1.);
#5968 = DIRECTION('',(-0.,1.,0.));
#5969 = ORIENTED_EDGE('',*,*,#5938,.F.);
#5970 = PLANE('',#5971);
#5971 = AXIS2_PLACEMENT_3D('',#5972,#5973,#5974);
#5972 = CARTESIAN_POINT('',(3.175,2.4003,0.));
#5973 = DIRECTION('',(-0.,-0.,-1.));
#5974 = DIRECTION('',(-1.,0.,0.));
#5975 = ADVANCED_FACE('',(#5976),#5984,.T.);
#5976 = FACE_BOUND('',#5977,.T.);
#5977 = EDGE_LOOP('',(#5978,#5979,#5980,#5981,#5982,#5983));
#5978 = ORIENTED_EDGE('',*,*,#5946,.F.);
#5979 = ORIENTED_EDGE('',*,*,#5964,.T.);
#5980 = ORIENTED_EDGE('',*,*,#5898,.T.);
#5981 = ORIENTED_EDGE('',*,*,#5859,.F.);
#5982 = ORIENTED_EDGE('',*,*,#5836,.T.);
#5983 = ORIENTED_EDGE('',*,*,#5797,.F.);
#5984 = PLANE('',#5985);
#5985 = AXIS2_PLACEMENT_3D('',#5986,#5987,#5988);
#5986 = CARTESIAN_POINT('',(3.4036,1.586079418345,3.503779418345));
#5987 = DIRECTION('',(1.,0.,0.));
#5988 = DIRECTION('',(-0.,0.,1.));
#5989 = MANIFOLD_SOLID_BREP('',#5990);
#5990 = CLOSED_SHELL('',(#5991,#6031,#6062,#6093,#6124,#6150,#6174,#6191
    ));
#5991 = ADVANCED_FACE('',(#5992),#6026,.T.);
#5992 = FACE_BOUND('',#5993,.T.);
#5993 = EDGE_LOOP('',(#5994,#6004,#6012,#6020));
#5994 = ORIENTED_EDGE('',*,*,#5995,.F.);
#5995 = EDGE_CURVE('',#5996,#5998,#6000,.T.);
#5996 = VERTEX_POINT('',#5997);
#5997 = CARTESIAN_POINT('',(4.2164,-3.7592,0.4572));
#5998 = VERTEX_POINT('',#5999);
#5999 = CARTESIAN_POINT('',(4.2164,-1.4986,0.4572));
#6000 = LINE('',#6001,#6002);
#6001 = CARTESIAN_POINT('',(4.2164,-3.7592,0.4572));
#6002 = VECTOR('',#6003,1.);
#6003 = DIRECTION('',(-0.,1.,0.));
#6004 = ORIENTED_EDGE('',*,*,#6005,.T.);
#6005 = EDGE_CURVE('',#5996,#6006,#6008,.T.);
#6006 = VERTEX_POINT('',#6007);
#6007 = CARTESIAN_POINT('',(4.6736,-3.7592,0.4572));
#6008 = LINE('',#6009,#6010);
#6009 = CARTESIAN_POINT('',(4.2164,-3.7592,0.4572));
#6010 = VECTOR('',#6011,1.);
#6011 = DIRECTION('',(1.,0.,-0.));
#6012 = ORIENTED_EDGE('',*,*,#6013,.T.);
#6013 = EDGE_CURVE('',#6006,#6014,#6016,.T.);
#6014 = VERTEX_POINT('',#6015);
#6015 = CARTESIAN_POINT('',(4.6736,-1.4986,0.4572));
#6016 = LINE('',#6017,#6018);
#6017 = CARTESIAN_POINT('',(4.6736,-3.7592,0.4572));
#6018 = VECTOR('',#6019,1.);
#6019 = DIRECTION('',(-0.,1.,0.));
#6020 = ORIENTED_EDGE('',*,*,#6021,.F.);
#6021 = EDGE_CURVE('',#5998,#6014,#6022,.T.);
#6022 = LINE('',#6023,#6024);
#6023 = CARTESIAN_POINT('',(4.2164,-1.4986,0.4572));
#6024 = VECTOR('',#6025,1.);
#6025 = DIRECTION('',(1.,0.,-0.));
#6026 = PLANE('',#6027);
#6027 = AXIS2_PLACEMENT_3D('',#6028,#6029,#6030);
#6028 = CARTESIAN_POINT('',(4.2164,-3.7592,0.4572));
#6029 = DIRECTION('',(0.,0.,1.));
#6030 = DIRECTION('',(1.,0.,-0.));
#6031 = ADVANCED_FACE('',(#6032),#6057,.F.);
#6032 = FACE_BOUND('',#6033,.F.);
#6033 = EDGE_LOOP('',(#6034,#6044,#6050,#6051));
#6034 = ORIENTED_EDGE('',*,*,#6035,.F.);
#6035 = EDGE_CURVE('',#6036,#6038,#6040,.T.);
#6036 = VERTEX_POINT('',#6037);
#6037 = CARTESIAN_POINT('',(4.2164,-3.7592,0.));
#6038 = VERTEX_POINT('',#6039);
#6039 = CARTESIAN_POINT('',(4.6736,-3.7592,0.));
#6040 = LINE('',#6041,#6042);
#6041 = CARTESIAN_POINT('',(4.2164,-3.7592,0.));
#6042 = VECTOR('',#6043,1.);
#6043 = DIRECTION('',(1.,0.,-0.));
#6044 = ORIENTED_EDGE('',*,*,#6045,.T.);
#6045 = EDGE_CURVE('',#6036,#5996,#6046,.T.);
#6046 = LINE('',#6047,#6048);
#6047 = CARTESIAN_POINT('',(4.2164,-3.7592,0.));
#6048 = VECTOR('',#6049,1.);
#6049 = DIRECTION('',(0.,0.,1.));
#6050 = ORIENTED_EDGE('',*,*,#6005,.T.);
#6051 = ORIENTED_EDGE('',*,*,#6052,.F.);
#6052 = EDGE_CURVE('',#6038,#6006,#6053,.T.);
#6053 = LINE('',#6054,#6055);
#6054 = CARTESIAN_POINT('',(4.6736,-3.7592,0.));
#6055 = VECTOR('',#6056,1.);
#6056 = DIRECTION('',(0.,0.,1.));
#6057 = PLANE('',#6058);
#6058 = AXIS2_PLACEMENT_3D('',#6059,#6060,#6061);
#6059 = CARTESIAN_POINT('',(4.2164,-3.7592,0.));
#6060 = DIRECTION('',(-0.,1.,0.));
#6061 = DIRECTION('',(0.,0.,1.));
#6062 = ADVANCED_FACE('',(#6063),#6088,.F.);
#6063 = FACE_BOUND('',#6064,.F.);
#6064 = EDGE_LOOP('',(#6065,#6066,#6074,#6082));
#6065 = ORIENTED_EDGE('',*,*,#6021,.F.);
#6066 = ORIENTED_EDGE('',*,*,#6067,.T.);
#6067 = EDGE_CURVE('',#5998,#6068,#6070,.T.);
#6068 = VERTEX_POINT('',#6069);
#6069 = CARTESIAN_POINT('',(4.2164,-1.4986,8.636));
#6070 = LINE('',#6071,#6072);
#6071 = CARTESIAN_POINT('',(4.2164,-1.4986,0.));
#6072 = VECTOR('',#6073,1.);
#6073 = DIRECTION('',(0.,0.,1.));
#6074 = ORIENTED_EDGE('',*,*,#6075,.T.);
#6075 = EDGE_CURVE('',#6068,#6076,#6078,.T.);
#6076 = VERTEX_POINT('',#6077);
#6077 = CARTESIAN_POINT('',(4.6736,-1.4986,8.636));
#6078 = LINE('',#6079,#6080);
#6079 = CARTESIAN_POINT('',(4.2164,-1.4986,8.636));
#6080 = VECTOR('',#6081,1.);
#6081 = DIRECTION('',(1.,0.,-0.));
#6082 = ORIENTED_EDGE('',*,*,#6083,.F.);
#6083 = EDGE_CURVE('',#6014,#6076,#6084,.T.);
#6084 = LINE('',#6085,#6086);
#6085 = CARTESIAN_POINT('',(4.6736,-1.4986,0.));
#6086 = VECTOR('',#6087,1.);
#6087 = DIRECTION('',(0.,0.,1.));
#6088 = PLANE('',#6089);
#6089 = AXIS2_PLACEMENT_3D('',#6090,#6091,#6092);
#6090 = CARTESIAN_POINT('',(4.2164,-1.4986,0.));
#6091 = DIRECTION('',(-0.,1.,0.));
#6092 = DIRECTION('',(0.,0.,1.));
#6093 = ADVANCED_FACE('',(#6094),#6119,.T.);
#6094 = FACE_BOUND('',#6095,.T.);
#6095 = EDGE_LOOP('',(#6096,#6104,#6105,#6113));
#6096 = ORIENTED_EDGE('',*,*,#6097,.F.);
#6097 = EDGE_CURVE('',#6068,#6098,#6100,.T.);
#6098 = VERTEX_POINT('',#6099);
#6099 = CARTESIAN_POINT('',(4.2164,-1.0414,8.636));
#6100 = LINE('',#6101,#6102);
#6101 = CARTESIAN_POINT('',(4.2164,-1.4986,8.636));
#6102 = VECTOR('',#6103,1.);
#6103 = DIRECTION('',(-0.,1.,0.));
#6104 = ORIENTED_EDGE('',*,*,#6075,.T.);
#6105 = ORIENTED_EDGE('',*,*,#6106,.T.);
#6106 = EDGE_CURVE('',#6076,#6107,#6109,.T.);
#6107 = VERTEX_POINT('',#6108);
#6108 = CARTESIAN_POINT('',(4.6736,-1.0414,8.636));
#6109 = LINE('',#6110,#6111);
#6110 = CARTESIAN_POINT('',(4.6736,-1.4986,8.636));
#6111 = VECTOR('',#6112,1.);
#6112 = DIRECTION('',(-0.,1.,0.));
#6113 = ORIENTED_EDGE('',*,*,#6114,.F.);
#6114 = EDGE_CURVE('',#6098,#6107,#6115,.T.);
#6115 = LINE('',#6116,#6117);
#6116 = CARTESIAN_POINT('',(4.2164,-1.0414,8.636));
#6117 = VECTOR('',#6118,1.);
#6118 = DIRECTION('',(1.,0.,-0.));
#6119 = PLANE('',#6120);
#6120 = AXIS2_PLACEMENT_3D('',#6121,#6122,#6123);
#6121 = CARTESIAN_POINT('',(4.2164,-1.4986,8.636));
#6122 = DIRECTION('',(0.,0.,1.));
#6123 = DIRECTION('',(1.,0.,-0.));
#6124 = ADVANCED_FACE('',(#6125),#6145,.T.);
#6125 = FACE_BOUND('',#6126,.T.);
#6126 = EDGE_LOOP('',(#6127,#6135,#6136,#6137,#6138,#6139));
#6127 = ORIENTED_EDGE('',*,*,#6128,.F.);
#6128 = EDGE_CURVE('',#6036,#6129,#6131,.T.);
#6129 = VERTEX_POINT('',#6130);
#6130 = CARTESIAN_POINT('',(4.2164,-1.0414,0.));
#6131 = LINE('',#6132,#6133);
#6132 = CARTESIAN_POINT('',(4.2164,-1.4986,0.));
#6133 = VECTOR('',#6134,1.);
#6134 = DIRECTION('',(-0.,1.,0.));
#6135 = ORIENTED_EDGE('',*,*,#6045,.T.);
#6136 = ORIENTED_EDGE('',*,*,#5995,.T.);
#6137 = ORIENTED_EDGE('',*,*,#6067,.T.);
#6138 = ORIENTED_EDGE('',*,*,#6097,.T.);
#6139 = ORIENTED_EDGE('',*,*,#6140,.F.);
#6140 = EDGE_CURVE('',#6129,#6098,#6141,.T.);
#6141 = LINE('',#6142,#6143);
#6142 = CARTESIAN_POINT('',(4.2164,-1.0414,0.));
#6143 = VECTOR('',#6144,1.);
#6144 = DIRECTION('',(0.,0.,1.));
#6145 = PLANE('',#6146);
#6146 = AXIS2_PLACEMENT_3D('',#6147,#6148,#6149);
#6147 = CARTESIAN_POINT('',(4.2164,-1.586079418345,3.503779418345));
#6148 = DIRECTION('',(-1.,-0.,-0.));
#6149 = DIRECTION('',(0.,0.,-1.));
#6150 = ADVANCED_FACE('',(#6151),#6169,.T.);
#6151 = FACE_BOUND('',#6152,.T.);
#6152 = EDGE_LOOP('',(#6153,#6161,#6162,#6163));
#6153 = ORIENTED_EDGE('',*,*,#6154,.F.);
#6154 = EDGE_CURVE('',#6129,#6155,#6157,.T.);
#6155 = VERTEX_POINT('',#6156);
#6156 = CARTESIAN_POINT('',(4.6736,-1.0414,0.));
#6157 = LINE('',#6158,#6159);
#6158 = CARTESIAN_POINT('',(4.2164,-1.0414,0.));
#6159 = VECTOR('',#6160,1.);
#6160 = DIRECTION('',(1.,0.,-0.));
#6161 = ORIENTED_EDGE('',*,*,#6140,.T.);
#6162 = ORIENTED_EDGE('',*,*,#6114,.T.);
#6163 = ORIENTED_EDGE('',*,*,#6164,.F.);
#6164 = EDGE_CURVE('',#6155,#6107,#6165,.T.);
#6165 = LINE('',#6166,#6167);
#6166 = CARTESIAN_POINT('',(4.6736,-1.0414,0.));
#6167 = VECTOR('',#6168,1.);
#6168 = DIRECTION('',(0.,0.,1.));
#6169 = PLANE('',#6170);
#6170 = AXIS2_PLACEMENT_3D('',#6171,#6172,#6173);
#6171 = CARTESIAN_POINT('',(4.2164,-1.0414,0.));
#6172 = DIRECTION('',(-0.,1.,0.));
#6173 = DIRECTION('',(0.,0.,1.));
#6174 = ADVANCED_FACE('',(#6175),#6186,.T.);
#6175 = FACE_BOUND('',#6176,.T.);
#6176 = EDGE_LOOP('',(#6177,#6178,#6179,#6185));
#6177 = ORIENTED_EDGE('',*,*,#6128,.T.);
#6178 = ORIENTED_EDGE('',*,*,#6154,.T.);
#6179 = ORIENTED_EDGE('',*,*,#6180,.F.);
#6180 = EDGE_CURVE('',#6038,#6155,#6181,.T.);
#6181 = LINE('',#6182,#6183);
#6182 = CARTESIAN_POINT('',(4.6736,-1.4986,0.));
#6183 = VECTOR('',#6184,1.);
#6184 = DIRECTION('',(-0.,1.,0.));
#6185 = ORIENTED_EDGE('',*,*,#6035,.F.);
#6186 = PLANE('',#6187);
#6187 = AXIS2_PLACEMENT_3D('',#6188,#6189,#6190);
#6188 = CARTESIAN_POINT('',(4.445,-2.4003,0.));
#6189 = DIRECTION('',(-0.,-0.,-1.));
#6190 = DIRECTION('',(-1.,0.,0.));
#6191 = ADVANCED_FACE('',(#6192),#6200,.T.);
#6192 = FACE_BOUND('',#6193,.T.);
#6193 = EDGE_LOOP('',(#6194,#6195,#6196,#6197,#6198,#6199));
#6194 = ORIENTED_EDGE('',*,*,#6164,.T.);
#6195 = ORIENTED_EDGE('',*,*,#6106,.F.);
#6196 = ORIENTED_EDGE('',*,*,#6083,.F.);
#6197 = ORIENTED_EDGE('',*,*,#6013,.F.);
#6198 = ORIENTED_EDGE('',*,*,#6052,.F.);
#6199 = ORIENTED_EDGE('',*,*,#6180,.T.);
#6200 = PLANE('',#6201);
#6201 = AXIS2_PLACEMENT_3D('',#6202,#6203,#6204);
#6202 = CARTESIAN_POINT('',(4.6736,-1.586079418345,3.503779418345));
#6203 = DIRECTION('',(1.,0.,0.));
#6204 = DIRECTION('',(-0.,0.,1.));
#6205 = MANIFOLD_SOLID_BREP('',#6206);
#6206 = CLOSED_SHELL('',(#6207,#6247,#6278,#6309,#6340,#6366,#6390,#6407
    ));
#6207 = ADVANCED_FACE('',(#6208),#6242,.T.);
#6208 = FACE_BOUND('',#6209,.T.);
#6209 = EDGE_LOOP('',(#6210,#6220,#6228,#6236));
#6210 = ORIENTED_EDGE('',*,*,#6211,.F.);
#6211 = EDGE_CURVE('',#6212,#6214,#6216,.T.);
#6212 = VERTEX_POINT('',#6213);
#6213 = CARTESIAN_POINT('',(4.2164,1.0414,8.636));
#6214 = VERTEX_POINT('',#6215);
#6215 = CARTESIAN_POINT('',(4.2164,1.4986,8.636));
#6216 = LINE('',#6217,#6218);
#6217 = CARTESIAN_POINT('',(4.2164,1.0414,8.636));
#6218 = VECTOR('',#6219,1.);
#6219 = DIRECTION('',(-0.,1.,0.));
#6220 = ORIENTED_EDGE('',*,*,#6221,.T.);
#6221 = EDGE_CURVE('',#6212,#6222,#6224,.T.);
#6222 = VERTEX_POINT('',#6223);
#6223 = CARTESIAN_POINT('',(4.6736,1.0414,8.636));
#6224 = LINE('',#6225,#6226);
#6225 = CARTESIAN_POINT('',(4.2164,1.0414,8.636));
#6226 = VECTOR('',#6227,1.);
#6227 = DIRECTION('',(1.,0.,-0.));
#6228 = ORIENTED_EDGE('',*,*,#6229,.T.);
#6229 = EDGE_CURVE('',#6222,#6230,#6232,.T.);
#6230 = VERTEX_POINT('',#6231);
#6231 = CARTESIAN_POINT('',(4.6736,1.4986,8.636));
#6232 = LINE('',#6233,#6234);
#6233 = CARTESIAN_POINT('',(4.6736,1.0414,8.636));
#6234 = VECTOR('',#6235,1.);
#6235 = DIRECTION('',(-0.,1.,0.));
#6236 = ORIENTED_EDGE('',*,*,#6237,.F.);
#6237 = EDGE_CURVE('',#6214,#6230,#6238,.T.);
#6238 = LINE('',#6239,#6240);
#6239 = CARTESIAN_POINT('',(4.2164,1.4986,8.636));
#6240 = VECTOR('',#6241,1.);
#6241 = DIRECTION('',(1.,0.,-0.));
#6242 = PLANE('',#6243);
#6243 = AXIS2_PLACEMENT_3D('',#6244,#6245,#6246);
#6244 = CARTESIAN_POINT('',(4.2164,1.0414,8.636));
#6245 = DIRECTION('',(0.,0.,1.));
#6246 = DIRECTION('',(1.,0.,-0.));
#6247 = ADVANCED_FACE('',(#6248),#6273,.T.);
#6248 = FACE_BOUND('',#6249,.T.);
#6249 = EDGE_LOOP('',(#6250,#6260,#6266,#6267));
#6250 = ORIENTED_EDGE('',*,*,#6251,.F.);
#6251 = EDGE_CURVE('',#6252,#6254,#6256,.T.);
#6252 = VERTEX_POINT('',#6253);
#6253 = CARTESIAN_POINT('',(4.2164,1.4986,0.4572));
#6254 = VERTEX_POINT('',#6255);
#6255 = CARTESIAN_POINT('',(4.6736,1.4986,0.4572));
#6256 = LINE('',#6257,#6258);
#6257 = CARTESIAN_POINT('',(4.2164,1.4986,0.4572));
#6258 = VECTOR('',#6259,1.);
#6259 = DIRECTION('',(1.,0.,-0.));
#6260 = ORIENTED_EDGE('',*,*,#6261,.T.);
#6261 = EDGE_CURVE('',#6252,#6214,#6262,.T.);
#6262 = LINE('',#6263,#6264);
#6263 = CARTESIAN_POINT('',(4.2164,1.4986,0.));
#6264 = VECTOR('',#6265,1.);
#6265 = DIRECTION('',(0.,0.,1.));
#6266 = ORIENTED_EDGE('',*,*,#6237,.T.);
#6267 = ORIENTED_EDGE('',*,*,#6268,.F.);
#6268 = EDGE_CURVE('',#6254,#6230,#6269,.T.);
#6269 = LINE('',#6270,#6271);
#6270 = CARTESIAN_POINT('',(4.6736,1.4986,0.));
#6271 = VECTOR('',#6272,1.);
#6272 = DIRECTION('',(0.,0.,1.));
#6273 = PLANE('',#6274);
#6274 = AXIS2_PLACEMENT_3D('',#6275,#6276,#6277);
#6275 = CARTESIAN_POINT('',(4.2164,1.4986,0.));
#6276 = DIRECTION('',(-0.,1.,0.));
#6277 = DIRECTION('',(0.,0.,1.));
#6278 = ADVANCED_FACE('',(#6279),#6304,.T.);
#6279 = FACE_BOUND('',#6280,.T.);
#6280 = EDGE_LOOP('',(#6281,#6289,#6290,#6298));
#6281 = ORIENTED_EDGE('',*,*,#6282,.F.);
#6282 = EDGE_CURVE('',#6252,#6283,#6285,.T.);
#6283 = VERTEX_POINT('',#6284);
#6284 = CARTESIAN_POINT('',(4.2164,3.7592,0.4572));
#6285 = LINE('',#6286,#6287);
#6286 = CARTESIAN_POINT('',(4.2164,1.0414,0.4572));
#6287 = VECTOR('',#6288,1.);
#6288 = DIRECTION('',(-0.,1.,0.));
#6289 = ORIENTED_EDGE('',*,*,#6251,.T.);
#6290 = ORIENTED_EDGE('',*,*,#6291,.T.);
#6291 = EDGE_CURVE('',#6254,#6292,#6294,.T.);
#6292 = VERTEX_POINT('',#6293);
#6293 = CARTESIAN_POINT('',(4.6736,3.7592,0.4572));
#6294 = LINE('',#6295,#6296);
#6295 = CARTESIAN_POINT('',(4.6736,1.0414,0.4572));
#6296 = VECTOR('',#6297,1.);
#6297 = DIRECTION('',(-0.,1.,0.));
#6298 = ORIENTED_EDGE('',*,*,#6299,.F.);
#6299 = EDGE_CURVE('',#6283,#6292,#6300,.T.);
#6300 = LINE('',#6301,#6302);
#6301 = CARTESIAN_POINT('',(4.2164,3.7592,0.4572));
#6302 = VECTOR('',#6303,1.);
#6303 = DIRECTION('',(1.,0.,-0.));
#6304 = PLANE('',#6305);
#6305 = AXIS2_PLACEMENT_3D('',#6306,#6307,#6308);
#6306 = CARTESIAN_POINT('',(4.2164,1.0414,0.4572));
#6307 = DIRECTION('',(0.,0.,1.));
#6308 = DIRECTION('',(1.,0.,-0.));
#6309 = ADVANCED_FACE('',(#6310),#6335,.T.);
#6310 = FACE_BOUND('',#6311,.T.);
#6311 = EDGE_LOOP('',(#6312,#6322,#6328,#6329));
#6312 = ORIENTED_EDGE('',*,*,#6313,.F.);
#6313 = EDGE_CURVE('',#6314,#6316,#6318,.T.);
#6314 = VERTEX_POINT('',#6315);
#6315 = CARTESIAN_POINT('',(4.2164,3.7592,0.));
#6316 = VERTEX_POINT('',#6317);
#6317 = CARTESIAN_POINT('',(4.6736,3.7592,0.));
#6318 = LINE('',#6319,#6320);
#6319 = CARTESIAN_POINT('',(4.2164,3.7592,0.));
#6320 = VECTOR('',#6321,1.);
#6321 = DIRECTION('',(1.,0.,-0.));
#6322 = ORIENTED_EDGE('',*,*,#6323,.T.);
#6323 = EDGE_CURVE('',#6314,#6283,#6324,.T.);
#6324 = LINE('',#6325,#6326);
#6325 = CARTESIAN_POINT('',(4.2164,3.7592,0.));
#6326 = VECTOR('',#6327,1.);
#6327 = DIRECTION('',(0.,0.,1.));
#6328 = ORIENTED_EDGE('',*,*,#6299,.T.);
#6329 = ORIENTED_EDGE('',*,*,#6330,.F.);
#6330 = EDGE_CURVE('',#6316,#6292,#6331,.T.);
#6331 = LINE('',#6332,#6333);
#6332 = CARTESIAN_POINT('',(4.6736,3.7592,0.));
#6333 = VECTOR('',#6334,1.);
#6334 = DIRECTION('',(0.,0.,1.));
#6335 = PLANE('',#6336);
#6336 = AXIS2_PLACEMENT_3D('',#6337,#6338,#6339);
#6337 = CARTESIAN_POINT('',(4.2164,3.7592,0.));
#6338 = DIRECTION('',(-0.,1.,0.));
#6339 = DIRECTION('',(0.,0.,1.));
#6340 = ADVANCED_FACE('',(#6341),#6361,.T.);
#6341 = FACE_BOUND('',#6342,.T.);
#6342 = EDGE_LOOP('',(#6343,#6351,#6352,#6353,#6354,#6355));
#6343 = ORIENTED_EDGE('',*,*,#6344,.T.);
#6344 = EDGE_CURVE('',#6345,#6212,#6347,.T.);
#6345 = VERTEX_POINT('',#6346);
#6346 = CARTESIAN_POINT('',(4.2164,1.0414,0.));
#6347 = LINE('',#6348,#6349);
#6348 = CARTESIAN_POINT('',(4.2164,1.0414,0.));
#6349 = VECTOR('',#6350,1.);
#6350 = DIRECTION('',(0.,0.,1.));
#6351 = ORIENTED_EDGE('',*,*,#6211,.T.);
#6352 = ORIENTED_EDGE('',*,*,#6261,.F.);
#6353 = ORIENTED_EDGE('',*,*,#6282,.T.);
#6354 = ORIENTED_EDGE('',*,*,#6323,.F.);
#6355 = ORIENTED_EDGE('',*,*,#6356,.F.);
#6356 = EDGE_CURVE('',#6345,#6314,#6357,.T.);
#6357 = LINE('',#6358,#6359);
#6358 = CARTESIAN_POINT('',(4.2164,1.0414,0.));
#6359 = VECTOR('',#6360,1.);
#6360 = DIRECTION('',(-0.,1.,0.));
#6361 = PLANE('',#6362);
#6362 = AXIS2_PLACEMENT_3D('',#6363,#6364,#6365);
#6363 = CARTESIAN_POINT('',(4.2164,1.586079418345,3.503779418345));
#6364 = DIRECTION('',(-1.,-0.,-0.));
#6365 = DIRECTION('',(0.,0.,-1.));
#6366 = ADVANCED_FACE('',(#6367),#6385,.F.);
#6367 = FACE_BOUND('',#6368,.T.);
#6368 = EDGE_LOOP('',(#6369,#6377,#6383,#6384));
#6369 = ORIENTED_EDGE('',*,*,#6370,.T.);
#6370 = EDGE_CURVE('',#6345,#6371,#6373,.T.);
#6371 = VERTEX_POINT('',#6372);
#6372 = CARTESIAN_POINT('',(4.6736,1.0414,0.));
#6373 = LINE('',#6374,#6375);
#6374 = CARTESIAN_POINT('',(4.2164,1.0414,0.));
#6375 = VECTOR('',#6376,1.);
#6376 = DIRECTION('',(1.,0.,-0.));
#6377 = ORIENTED_EDGE('',*,*,#6378,.T.);
#6378 = EDGE_CURVE('',#6371,#6222,#6379,.T.);
#6379 = LINE('',#6380,#6381);
#6380 = CARTESIAN_POINT('',(4.6736,1.0414,0.));
#6381 = VECTOR('',#6382,1.);
#6382 = DIRECTION('',(0.,0.,1.));
#6383 = ORIENTED_EDGE('',*,*,#6221,.F.);
#6384 = ORIENTED_EDGE('',*,*,#6344,.F.);
#6385 = PLANE('',#6386);
#6386 = AXIS2_PLACEMENT_3D('',#6387,#6388,#6389);
#6387 = CARTESIAN_POINT('',(4.2164,1.0414,0.));
#6388 = DIRECTION('',(-0.,1.,0.));
#6389 = DIRECTION('',(0.,0.,1.));
#6390 = ADVANCED_FACE('',(#6391),#6402,.T.);
#6391 = FACE_BOUND('',#6392,.T.);
#6392 = EDGE_LOOP('',(#6393,#6394,#6395,#6401));
#6393 = ORIENTED_EDGE('',*,*,#6356,.T.);
#6394 = ORIENTED_EDGE('',*,*,#6313,.T.);
#6395 = ORIENTED_EDGE('',*,*,#6396,.F.);
#6396 = EDGE_CURVE('',#6371,#6316,#6397,.T.);
#6397 = LINE('',#6398,#6399);
#6398 = CARTESIAN_POINT('',(4.6736,1.0414,0.));
#6399 = VECTOR('',#6400,1.);
#6400 = DIRECTION('',(-0.,1.,0.));
#6401 = ORIENTED_EDGE('',*,*,#6370,.F.);
#6402 = PLANE('',#6403);
#6403 = AXIS2_PLACEMENT_3D('',#6404,#6405,#6406);
#6404 = CARTESIAN_POINT('',(4.445,2.4003,0.));
#6405 = DIRECTION('',(-0.,-0.,-1.));
#6406 = DIRECTION('',(-1.,0.,0.));
#6407 = ADVANCED_FACE('',(#6408),#6416,.T.);
#6408 = FACE_BOUND('',#6409,.T.);
#6409 = EDGE_LOOP('',(#6410,#6411,#6412,#6413,#6414,#6415));
#6410 = ORIENTED_EDGE('',*,*,#6378,.F.);
#6411 = ORIENTED_EDGE('',*,*,#6396,.T.);
#6412 = ORIENTED_EDGE('',*,*,#6330,.T.);
#6413 = ORIENTED_EDGE('',*,*,#6291,.F.);
#6414 = ORIENTED_EDGE('',*,*,#6268,.T.);
#6415 = ORIENTED_EDGE('',*,*,#6229,.F.);
#6416 = PLANE('',#6417);
#6417 = AXIS2_PLACEMENT_3D('',#6418,#6419,#6420);
#6418 = CARTESIAN_POINT('',(4.6736,1.586079418345,3.503779418345));
#6419 = DIRECTION('',(1.,0.,0.));
#6420 = DIRECTION('',(-0.,0.,1.));
#6421 = MANIFOLD_SOLID_BREP('',#6422);
#6422 = CLOSED_SHELL('',(#6423,#6463,#6494,#6525,#6556,#6582,#6606,#6623
    ));
#6423 = ADVANCED_FACE('',(#6424),#6458,.T.);
#6424 = FACE_BOUND('',#6425,.T.);
#6425 = EDGE_LOOP('',(#6426,#6436,#6444,#6452));
#6426 = ORIENTED_EDGE('',*,*,#6427,.F.);
#6427 = EDGE_CURVE('',#6428,#6430,#6432,.T.);
#6428 = VERTEX_POINT('',#6429);
#6429 = CARTESIAN_POINT('',(5.4864,-3.7592,0.4572));
#6430 = VERTEX_POINT('',#6431);
#6431 = CARTESIAN_POINT('',(5.4864,-1.4986,0.4572));
#6432 = LINE('',#6433,#6434);
#6433 = CARTESIAN_POINT('',(5.4864,-3.7592,0.4572));
#6434 = VECTOR('',#6435,1.);
#6435 = DIRECTION('',(-0.,1.,0.));
#6436 = ORIENTED_EDGE('',*,*,#6437,.T.);
#6437 = EDGE_CURVE('',#6428,#6438,#6440,.T.);
#6438 = VERTEX_POINT('',#6439);
#6439 = CARTESIAN_POINT('',(5.9436,-3.7592,0.4572));
#6440 = LINE('',#6441,#6442);
#6441 = CARTESIAN_POINT('',(5.4864,-3.7592,0.4572));
#6442 = VECTOR('',#6443,1.);
#6443 = DIRECTION('',(1.,0.,-0.));
#6444 = ORIENTED_EDGE('',*,*,#6445,.T.);
#6445 = EDGE_CURVE('',#6438,#6446,#6448,.T.);
#6446 = VERTEX_POINT('',#6447);
#6447 = CARTESIAN_POINT('',(5.9436,-1.4986,0.4572));
#6448 = LINE('',#6449,#6450);
#6449 = CARTESIAN_POINT('',(5.9436,-3.7592,0.4572));
#6450 = VECTOR('',#6451,1.);
#6451 = DIRECTION('',(-0.,1.,0.));
#6452 = ORIENTED_EDGE('',*,*,#6453,.F.);
#6453 = EDGE_CURVE('',#6430,#6446,#6454,.T.);
#6454 = LINE('',#6455,#6456);
#6455 = CARTESIAN_POINT('',(5.4864,-1.4986,0.4572));
#6456 = VECTOR('',#6457,1.);
#6457 = DIRECTION('',(1.,0.,-0.));
#6458 = PLANE('',#6459);
#6459 = AXIS2_PLACEMENT_3D('',#6460,#6461,#6462);
#6460 = CARTESIAN_POINT('',(5.4864,-3.7592,0.4572));
#6461 = DIRECTION('',(0.,0.,1.));
#6462 = DIRECTION('',(1.,0.,-0.));
#6463 = ADVANCED_FACE('',(#6464),#6489,.F.);
#6464 = FACE_BOUND('',#6465,.F.);
#6465 = EDGE_LOOP('',(#6466,#6476,#6482,#6483));
#6466 = ORIENTED_EDGE('',*,*,#6467,.F.);
#6467 = EDGE_CURVE('',#6468,#6470,#6472,.T.);
#6468 = VERTEX_POINT('',#6469);
#6469 = CARTESIAN_POINT('',(5.4864,-3.7592,0.));
#6470 = VERTEX_POINT('',#6471);
#6471 = CARTESIAN_POINT('',(5.9436,-3.7592,0.));
#6472 = LINE('',#6473,#6474);
#6473 = CARTESIAN_POINT('',(5.4864,-3.7592,0.));
#6474 = VECTOR('',#6475,1.);
#6475 = DIRECTION('',(1.,0.,-0.));
#6476 = ORIENTED_EDGE('',*,*,#6477,.T.);
#6477 = EDGE_CURVE('',#6468,#6428,#6478,.T.);
#6478 = LINE('',#6479,#6480);
#6479 = CARTESIAN_POINT('',(5.4864,-3.7592,0.));
#6480 = VECTOR('',#6481,1.);
#6481 = DIRECTION('',(0.,0.,1.));
#6482 = ORIENTED_EDGE('',*,*,#6437,.T.);
#6483 = ORIENTED_EDGE('',*,*,#6484,.F.);
#6484 = EDGE_CURVE('',#6470,#6438,#6485,.T.);
#6485 = LINE('',#6486,#6487);
#6486 = CARTESIAN_POINT('',(5.9436,-3.7592,0.));
#6487 = VECTOR('',#6488,1.);
#6488 = DIRECTION('',(0.,0.,1.));
#6489 = PLANE('',#6490);
#6490 = AXIS2_PLACEMENT_3D('',#6491,#6492,#6493);
#6491 = CARTESIAN_POINT('',(5.4864,-3.7592,0.));
#6492 = DIRECTION('',(-0.,1.,0.));
#6493 = DIRECTION('',(0.,0.,1.));
#6494 = ADVANCED_FACE('',(#6495),#6520,.F.);
#6495 = FACE_BOUND('',#6496,.F.);
#6496 = EDGE_LOOP('',(#6497,#6498,#6506,#6514));
#6497 = ORIENTED_EDGE('',*,*,#6453,.F.);
#6498 = ORIENTED_EDGE('',*,*,#6499,.T.);
#6499 = EDGE_CURVE('',#6430,#6500,#6502,.T.);
#6500 = VERTEX_POINT('',#6501);
#6501 = CARTESIAN_POINT('',(5.4864,-1.4986,8.636));
#6502 = LINE('',#6503,#6504);
#6503 = CARTESIAN_POINT('',(5.4864,-1.4986,0.));
#6504 = VECTOR('',#6505,1.);
#6505 = DIRECTION('',(0.,0.,1.));
#6506 = ORIENTED_EDGE('',*,*,#6507,.T.);
#6507 = EDGE_CURVE('',#6500,#6508,#6510,.T.);
#6508 = VERTEX_POINT('',#6509);
#6509 = CARTESIAN_POINT('',(5.9436,-1.4986,8.636));
#6510 = LINE('',#6511,#6512);
#6511 = CARTESIAN_POINT('',(5.4864,-1.4986,8.636));
#6512 = VECTOR('',#6513,1.);
#6513 = DIRECTION('',(1.,0.,-0.));
#6514 = ORIENTED_EDGE('',*,*,#6515,.F.);
#6515 = EDGE_CURVE('',#6446,#6508,#6516,.T.);
#6516 = LINE('',#6517,#6518);
#6517 = CARTESIAN_POINT('',(5.9436,-1.4986,0.));
#6518 = VECTOR('',#6519,1.);
#6519 = DIRECTION('',(0.,0.,1.));
#6520 = PLANE('',#6521);
#6521 = AXIS2_PLACEMENT_3D('',#6522,#6523,#6524);
#6522 = CARTESIAN_POINT('',(5.4864,-1.4986,0.));
#6523 = DIRECTION('',(-0.,1.,0.));
#6524 = DIRECTION('',(0.,0.,1.));
#6525 = ADVANCED_FACE('',(#6526),#6551,.T.);
#6526 = FACE_BOUND('',#6527,.T.);
#6527 = EDGE_LOOP('',(#6528,#6536,#6537,#6545));
#6528 = ORIENTED_EDGE('',*,*,#6529,.F.);
#6529 = EDGE_CURVE('',#6500,#6530,#6532,.T.);
#6530 = VERTEX_POINT('',#6531);
#6531 = CARTESIAN_POINT('',(5.4864,-1.0414,8.636));
#6532 = LINE('',#6533,#6534);
#6533 = CARTESIAN_POINT('',(5.4864,-1.4986,8.636));
#6534 = VECTOR('',#6535,1.);
#6535 = DIRECTION('',(-0.,1.,0.));
#6536 = ORIENTED_EDGE('',*,*,#6507,.T.);
#6537 = ORIENTED_EDGE('',*,*,#6538,.T.);
#6538 = EDGE_CURVE('',#6508,#6539,#6541,.T.);
#6539 = VERTEX_POINT('',#6540);
#6540 = CARTESIAN_POINT('',(5.9436,-1.0414,8.636));
#6541 = LINE('',#6542,#6543);
#6542 = CARTESIAN_POINT('',(5.9436,-1.4986,8.636));
#6543 = VECTOR('',#6544,1.);
#6544 = DIRECTION('',(-0.,1.,0.));
#6545 = ORIENTED_EDGE('',*,*,#6546,.F.);
#6546 = EDGE_CURVE('',#6530,#6539,#6547,.T.);
#6547 = LINE('',#6548,#6549);
#6548 = CARTESIAN_POINT('',(5.4864,-1.0414,8.636));
#6549 = VECTOR('',#6550,1.);
#6550 = DIRECTION('',(1.,0.,-0.));
#6551 = PLANE('',#6552);
#6552 = AXIS2_PLACEMENT_3D('',#6553,#6554,#6555);
#6553 = CARTESIAN_POINT('',(5.4864,-1.4986,8.636));
#6554 = DIRECTION('',(0.,0.,1.));
#6555 = DIRECTION('',(1.,0.,-0.));
#6556 = ADVANCED_FACE('',(#6557),#6577,.T.);
#6557 = FACE_BOUND('',#6558,.T.);
#6558 = EDGE_LOOP('',(#6559,#6567,#6568,#6569,#6570,#6571));
#6559 = ORIENTED_EDGE('',*,*,#6560,.F.);
#6560 = EDGE_CURVE('',#6468,#6561,#6563,.T.);
#6561 = VERTEX_POINT('',#6562);
#6562 = CARTESIAN_POINT('',(5.4864,-1.0414,0.));
#6563 = LINE('',#6564,#6565);
#6564 = CARTESIAN_POINT('',(5.4864,-1.4986,0.));
#6565 = VECTOR('',#6566,1.);
#6566 = DIRECTION('',(-0.,1.,0.));
#6567 = ORIENTED_EDGE('',*,*,#6477,.T.);
#6568 = ORIENTED_EDGE('',*,*,#6427,.T.);
#6569 = ORIENTED_EDGE('',*,*,#6499,.T.);
#6570 = ORIENTED_EDGE('',*,*,#6529,.T.);
#6571 = ORIENTED_EDGE('',*,*,#6572,.F.);
#6572 = EDGE_CURVE('',#6561,#6530,#6573,.T.);
#6573 = LINE('',#6574,#6575);
#6574 = CARTESIAN_POINT('',(5.4864,-1.0414,0.));
#6575 = VECTOR('',#6576,1.);
#6576 = DIRECTION('',(0.,0.,1.));
#6577 = PLANE('',#6578);
#6578 = AXIS2_PLACEMENT_3D('',#6579,#6580,#6581);
#6579 = CARTESIAN_POINT('',(5.4864,-1.586079418345,3.503779418345));
#6580 = DIRECTION('',(-1.,-0.,-0.));
#6581 = DIRECTION('',(0.,0.,-1.));
#6582 = ADVANCED_FACE('',(#6583),#6601,.T.);
#6583 = FACE_BOUND('',#6584,.T.);
#6584 = EDGE_LOOP('',(#6585,#6593,#6594,#6595));
#6585 = ORIENTED_EDGE('',*,*,#6586,.F.);
#6586 = EDGE_CURVE('',#6561,#6587,#6589,.T.);
#6587 = VERTEX_POINT('',#6588);
#6588 = CARTESIAN_POINT('',(5.9436,-1.0414,0.));
#6589 = LINE('',#6590,#6591);
#6590 = CARTESIAN_POINT('',(5.4864,-1.0414,0.));
#6591 = VECTOR('',#6592,1.);
#6592 = DIRECTION('',(1.,0.,-0.));
#6593 = ORIENTED_EDGE('',*,*,#6572,.T.);
#6594 = ORIENTED_EDGE('',*,*,#6546,.T.);
#6595 = ORIENTED_EDGE('',*,*,#6596,.F.);
#6596 = EDGE_CURVE('',#6587,#6539,#6597,.T.);
#6597 = LINE('',#6598,#6599);
#6598 = CARTESIAN_POINT('',(5.9436,-1.0414,0.));
#6599 = VECTOR('',#6600,1.);
#6600 = DIRECTION('',(0.,0.,1.));
#6601 = PLANE('',#6602);
#6602 = AXIS2_PLACEMENT_3D('',#6603,#6604,#6605);
#6603 = CARTESIAN_POINT('',(5.4864,-1.0414,0.));
#6604 = DIRECTION('',(-0.,1.,0.));
#6605 = DIRECTION('',(0.,0.,1.));
#6606 = ADVANCED_FACE('',(#6607),#6618,.T.);
#6607 = FACE_BOUND('',#6608,.T.);
#6608 = EDGE_LOOP('',(#6609,#6610,#6611,#6617));
#6609 = ORIENTED_EDGE('',*,*,#6560,.T.);
#6610 = ORIENTED_EDGE('',*,*,#6586,.T.);
#6611 = ORIENTED_EDGE('',*,*,#6612,.F.);
#6612 = EDGE_CURVE('',#6470,#6587,#6613,.T.);
#6613 = LINE('',#6614,#6615);
#6614 = CARTESIAN_POINT('',(5.9436,-1.4986,0.));
#6615 = VECTOR('',#6616,1.);
#6616 = DIRECTION('',(-0.,1.,0.));
#6617 = ORIENTED_EDGE('',*,*,#6467,.F.);
#6618 = PLANE('',#6619);
#6619 = AXIS2_PLACEMENT_3D('',#6620,#6621,#6622);
#6620 = CARTESIAN_POINT('',(5.715,-2.4003,0.));
#6621 = DIRECTION('',(-0.,-0.,-1.));
#6622 = DIRECTION('',(-1.,0.,0.));
#6623 = ADVANCED_FACE('',(#6624),#6632,.T.);
#6624 = FACE_BOUND('',#6625,.T.);
#6625 = EDGE_LOOP('',(#6626,#6627,#6628,#6629,#6630,#6631));
#6626 = ORIENTED_EDGE('',*,*,#6596,.T.);
#6627 = ORIENTED_EDGE('',*,*,#6538,.F.);
#6628 = ORIENTED_EDGE('',*,*,#6515,.F.);
#6629 = ORIENTED_EDGE('',*,*,#6445,.F.);
#6630 = ORIENTED_EDGE('',*,*,#6484,.F.);
#6631 = ORIENTED_EDGE('',*,*,#6612,.T.);
#6632 = PLANE('',#6633);
#6633 = AXIS2_PLACEMENT_3D('',#6634,#6635,#6636);
#6634 = CARTESIAN_POINT('',(5.9436,-1.586079418345,3.503779418345));
#6635 = DIRECTION('',(1.,0.,0.));
#6636 = DIRECTION('',(-0.,0.,1.));
#6637 = MANIFOLD_SOLID_BREP('',#6638);
#6638 = CLOSED_SHELL('',(#6639,#6679,#6710,#6741,#6772,#6798,#6822,#6839
    ));
#6639 = ADVANCED_FACE('',(#6640),#6674,.T.);
#6640 = FACE_BOUND('',#6641,.T.);
#6641 = EDGE_LOOP('',(#6642,#6652,#6660,#6668));
#6642 = ORIENTED_EDGE('',*,*,#6643,.F.);
#6643 = EDGE_CURVE('',#6644,#6646,#6648,.T.);
#6644 = VERTEX_POINT('',#6645);
#6645 = CARTESIAN_POINT('',(5.4864,1.0414,8.636));
#6646 = VERTEX_POINT('',#6647);
#6647 = CARTESIAN_POINT('',(5.4864,1.4986,8.636));
#6648 = LINE('',#6649,#6650);
#6649 = CARTESIAN_POINT('',(5.4864,1.0414,8.636));
#6650 = VECTOR('',#6651,1.);
#6651 = DIRECTION('',(-0.,1.,0.));
#6652 = ORIENTED_EDGE('',*,*,#6653,.T.);
#6653 = EDGE_CURVE('',#6644,#6654,#6656,.T.);
#6654 = VERTEX_POINT('',#6655);
#6655 = CARTESIAN_POINT('',(5.9436,1.0414,8.636));
#6656 = LINE('',#6657,#6658);
#6657 = CARTESIAN_POINT('',(5.4864,1.0414,8.636));
#6658 = VECTOR('',#6659,1.);
#6659 = DIRECTION('',(1.,0.,-0.));
#6660 = ORIENTED_EDGE('',*,*,#6661,.T.);
#6661 = EDGE_CURVE('',#6654,#6662,#6664,.T.);
#6662 = VERTEX_POINT('',#6663);
#6663 = CARTESIAN_POINT('',(5.9436,1.4986,8.636));
#6664 = LINE('',#6665,#6666);
#6665 = CARTESIAN_POINT('',(5.9436,1.0414,8.636));
#6666 = VECTOR('',#6667,1.);
#6667 = DIRECTION('',(-0.,1.,0.));
#6668 = ORIENTED_EDGE('',*,*,#6669,.F.);
#6669 = EDGE_CURVE('',#6646,#6662,#6670,.T.);
#6670 = LINE('',#6671,#6672);
#6671 = CARTESIAN_POINT('',(5.4864,1.4986,8.636));
#6672 = VECTOR('',#6673,1.);
#6673 = DIRECTION('',(1.,0.,-0.));
#6674 = PLANE('',#6675);
#6675 = AXIS2_PLACEMENT_3D('',#6676,#6677,#6678);
#6676 = CARTESIAN_POINT('',(5.4864,1.0414,8.636));
#6677 = DIRECTION('',(0.,0.,1.));
#6678 = DIRECTION('',(1.,0.,-0.));
#6679 = ADVANCED_FACE('',(#6680),#6705,.T.);
#6680 = FACE_BOUND('',#6681,.T.);
#6681 = EDGE_LOOP('',(#6682,#6692,#6698,#6699));
#6682 = ORIENTED_EDGE('',*,*,#6683,.F.);
#6683 = EDGE_CURVE('',#6684,#6686,#6688,.T.);
#6684 = VERTEX_POINT('',#6685);
#6685 = CARTESIAN_POINT('',(5.4864,1.4986,0.4572));
#6686 = VERTEX_POINT('',#6687);
#6687 = CARTESIAN_POINT('',(5.9436,1.4986,0.4572));
#6688 = LINE('',#6689,#6690);
#6689 = CARTESIAN_POINT('',(5.4864,1.4986,0.4572));
#6690 = VECTOR('',#6691,1.);
#6691 = DIRECTION('',(1.,0.,-0.));
#6692 = ORIENTED_EDGE('',*,*,#6693,.T.);
#6693 = EDGE_CURVE('',#6684,#6646,#6694,.T.);
#6694 = LINE('',#6695,#6696);
#6695 = CARTESIAN_POINT('',(5.4864,1.4986,0.));
#6696 = VECTOR('',#6697,1.);
#6697 = DIRECTION('',(0.,0.,1.));
#6698 = ORIENTED_EDGE('',*,*,#6669,.T.);
#6699 = ORIENTED_EDGE('',*,*,#6700,.F.);
#6700 = EDGE_CURVE('',#6686,#6662,#6701,.T.);
#6701 = LINE('',#6702,#6703);
#6702 = CARTESIAN_POINT('',(5.9436,1.4986,0.));
#6703 = VECTOR('',#6704,1.);
#6704 = DIRECTION('',(0.,0.,1.));
#6705 = PLANE('',#6706);
#6706 = AXIS2_PLACEMENT_3D('',#6707,#6708,#6709);
#6707 = CARTESIAN_POINT('',(5.4864,1.4986,0.));
#6708 = DIRECTION('',(-0.,1.,0.));
#6709 = DIRECTION('',(0.,0.,1.));
#6710 = ADVANCED_FACE('',(#6711),#6736,.T.);
#6711 = FACE_BOUND('',#6712,.T.);
#6712 = EDGE_LOOP('',(#6713,#6721,#6722,#6730));
#6713 = ORIENTED_EDGE('',*,*,#6714,.F.);
#6714 = EDGE_CURVE('',#6684,#6715,#6717,.T.);
#6715 = VERTEX_POINT('',#6716);
#6716 = CARTESIAN_POINT('',(5.4864,3.7592,0.4572));
#6717 = LINE('',#6718,#6719);
#6718 = CARTESIAN_POINT('',(5.4864,1.0414,0.4572));
#6719 = VECTOR('',#6720,1.);
#6720 = DIRECTION('',(-0.,1.,0.));
#6721 = ORIENTED_EDGE('',*,*,#6683,.T.);
#6722 = ORIENTED_EDGE('',*,*,#6723,.T.);
#6723 = EDGE_CURVE('',#6686,#6724,#6726,.T.);
#6724 = VERTEX_POINT('',#6725);
#6725 = CARTESIAN_POINT('',(5.9436,3.7592,0.4572));
#6726 = LINE('',#6727,#6728);
#6727 = CARTESIAN_POINT('',(5.9436,1.0414,0.4572));
#6728 = VECTOR('',#6729,1.);
#6729 = DIRECTION('',(-0.,1.,0.));
#6730 = ORIENTED_EDGE('',*,*,#6731,.F.);
#6731 = EDGE_CURVE('',#6715,#6724,#6732,.T.);
#6732 = LINE('',#6733,#6734);
#6733 = CARTESIAN_POINT('',(5.4864,3.7592,0.4572));
#6734 = VECTOR('',#6735,1.);
#6735 = DIRECTION('',(1.,0.,-0.));
#6736 = PLANE('',#6737);
#6737 = AXIS2_PLACEMENT_3D('',#6738,#6739,#6740);
#6738 = CARTESIAN_POINT('',(5.4864,1.0414,0.4572));
#6739 = DIRECTION('',(0.,0.,1.));
#6740 = DIRECTION('',(1.,0.,-0.));
#6741 = ADVANCED_FACE('',(#6742),#6767,.T.);
#6742 = FACE_BOUND('',#6743,.T.);
#6743 = EDGE_LOOP('',(#6744,#6754,#6760,#6761));
#6744 = ORIENTED_EDGE('',*,*,#6745,.F.);
#6745 = EDGE_CURVE('',#6746,#6748,#6750,.T.);
#6746 = VERTEX_POINT('',#6747);
#6747 = CARTESIAN_POINT('',(5.4864,3.7592,0.));
#6748 = VERTEX_POINT('',#6749);
#6749 = CARTESIAN_POINT('',(5.9436,3.7592,0.));
#6750 = LINE('',#6751,#6752);
#6751 = CARTESIAN_POINT('',(5.4864,3.7592,0.));
#6752 = VECTOR('',#6753,1.);
#6753 = DIRECTION('',(1.,0.,-0.));
#6754 = ORIENTED_EDGE('',*,*,#6755,.T.);
#6755 = EDGE_CURVE('',#6746,#6715,#6756,.T.);
#6756 = LINE('',#6757,#6758);
#6757 = CARTESIAN_POINT('',(5.4864,3.7592,0.));
#6758 = VECTOR('',#6759,1.);
#6759 = DIRECTION('',(0.,0.,1.));
#6760 = ORIENTED_EDGE('',*,*,#6731,.T.);
#6761 = ORIENTED_EDGE('',*,*,#6762,.F.);
#6762 = EDGE_CURVE('',#6748,#6724,#6763,.T.);
#6763 = LINE('',#6764,#6765);
#6764 = CARTESIAN_POINT('',(5.9436,3.7592,0.));
#6765 = VECTOR('',#6766,1.);
#6766 = DIRECTION('',(0.,0.,1.));
#6767 = PLANE('',#6768);
#6768 = AXIS2_PLACEMENT_3D('',#6769,#6770,#6771);
#6769 = CARTESIAN_POINT('',(5.4864,3.7592,0.));
#6770 = DIRECTION('',(-0.,1.,0.));
#6771 = DIRECTION('',(0.,0.,1.));
#6772 = ADVANCED_FACE('',(#6773),#6793,.T.);
#6773 = FACE_BOUND('',#6774,.T.);
#6774 = EDGE_LOOP('',(#6775,#6783,#6784,#6785,#6786,#6787));
#6775 = ORIENTED_EDGE('',*,*,#6776,.T.);
#6776 = EDGE_CURVE('',#6777,#6644,#6779,.T.);
#6777 = VERTEX_POINT('',#6778);
#6778 = CARTESIAN_POINT('',(5.4864,1.0414,0.));
#6779 = LINE('',#6780,#6781);
#6780 = CARTESIAN_POINT('',(5.4864,1.0414,0.));
#6781 = VECTOR('',#6782,1.);
#6782 = DIRECTION('',(0.,0.,1.));
#6783 = ORIENTED_EDGE('',*,*,#6643,.T.);
#6784 = ORIENTED_EDGE('',*,*,#6693,.F.);
#6785 = ORIENTED_EDGE('',*,*,#6714,.T.);
#6786 = ORIENTED_EDGE('',*,*,#6755,.F.);
#6787 = ORIENTED_EDGE('',*,*,#6788,.F.);
#6788 = EDGE_CURVE('',#6777,#6746,#6789,.T.);
#6789 = LINE('',#6790,#6791);
#6790 = CARTESIAN_POINT('',(5.4864,1.0414,0.));
#6791 = VECTOR('',#6792,1.);
#6792 = DIRECTION('',(-0.,1.,0.));
#6793 = PLANE('',#6794);
#6794 = AXIS2_PLACEMENT_3D('',#6795,#6796,#6797);
#6795 = CARTESIAN_POINT('',(5.4864,1.586079418345,3.503779418345));
#6796 = DIRECTION('',(-1.,-0.,-0.));
#6797 = DIRECTION('',(0.,0.,-1.));
#6798 = ADVANCED_FACE('',(#6799),#6817,.F.);
#6799 = FACE_BOUND('',#6800,.T.);
#6800 = EDGE_LOOP('',(#6801,#6809,#6815,#6816));
#6801 = ORIENTED_EDGE('',*,*,#6802,.T.);
#6802 = EDGE_CURVE('',#6777,#6803,#6805,.T.);
#6803 = VERTEX_POINT('',#6804);
#6804 = CARTESIAN_POINT('',(5.9436,1.0414,0.));
#6805 = LINE('',#6806,#6807);
#6806 = CARTESIAN_POINT('',(5.4864,1.0414,0.));
#6807 = VECTOR('',#6808,1.);
#6808 = DIRECTION('',(1.,0.,-0.));
#6809 = ORIENTED_EDGE('',*,*,#6810,.T.);
#6810 = EDGE_CURVE('',#6803,#6654,#6811,.T.);
#6811 = LINE('',#6812,#6813);
#6812 = CARTESIAN_POINT('',(5.9436,1.0414,0.));
#6813 = VECTOR('',#6814,1.);
#6814 = DIRECTION('',(0.,0.,1.));
#6815 = ORIENTED_EDGE('',*,*,#6653,.F.);
#6816 = ORIENTED_EDGE('',*,*,#6776,.F.);
#6817 = PLANE('',#6818);
#6818 = AXIS2_PLACEMENT_3D('',#6819,#6820,#6821);
#6819 = CARTESIAN_POINT('',(5.4864,1.0414,0.));
#6820 = DIRECTION('',(-0.,1.,0.));
#6821 = DIRECTION('',(0.,0.,1.));
#6822 = ADVANCED_FACE('',(#6823),#6834,.T.);
#6823 = FACE_BOUND('',#6824,.T.);
#6824 = EDGE_LOOP('',(#6825,#6826,#6827,#6833));
#6825 = ORIENTED_EDGE('',*,*,#6788,.T.);
#6826 = ORIENTED_EDGE('',*,*,#6745,.T.);
#6827 = ORIENTED_EDGE('',*,*,#6828,.F.);
#6828 = EDGE_CURVE('',#6803,#6748,#6829,.T.);
#6829 = LINE('',#6830,#6831);
#6830 = CARTESIAN_POINT('',(5.9436,1.0414,0.));
#6831 = VECTOR('',#6832,1.);
#6832 = DIRECTION('',(-0.,1.,0.));
#6833 = ORIENTED_EDGE('',*,*,#6802,.F.);
#6834 = PLANE('',#6835);
#6835 = AXIS2_PLACEMENT_3D('',#6836,#6837,#6838);
#6836 = CARTESIAN_POINT('',(5.715,2.4003,0.));
#6837 = DIRECTION('',(-0.,-0.,-1.));
#6838 = DIRECTION('',(-1.,0.,0.));
#6839 = ADVANCED_FACE('',(#6840),#6848,.T.);
#6840 = FACE_BOUND('',#6841,.T.);
#6841 = EDGE_LOOP('',(#6842,#6843,#6844,#6845,#6846,#6847));
#6842 = ORIENTED_EDGE('',*,*,#6810,.F.);
#6843 = ORIENTED_EDGE('',*,*,#6828,.T.);
#6844 = ORIENTED_EDGE('',*,*,#6762,.T.);
#6845 = ORIENTED_EDGE('',*,*,#6723,.F.);
#6846 = ORIENTED_EDGE('',*,*,#6700,.T.);
#6847 = ORIENTED_EDGE('',*,*,#6661,.F.);
#6848 = PLANE('',#6849);
#6849 = AXIS2_PLACEMENT_3D('',#6850,#6851,#6852);
#6850 = CARTESIAN_POINT('',(5.9436,1.586079418345,3.503779418345));
#6851 = DIRECTION('',(1.,0.,0.));
#6852 = DIRECTION('',(-0.,0.,1.));
#6853 = ( GEOMETRIC_REPRESENTATION_CONTEXT(3) 
GLOBAL_UNCERTAINTY_ASSIGNED_CONTEXT((#6857)) 
GLOBAL_UNIT_ASSIGNED_CONTEXT((#6854,#6855,#6856)) REPRESENTATION_CONTEXT
('Context #1','3D Context with UNIT and UNCERTAINTY') );
#6854 = ( LENGTH_UNIT() NAMED_UNIT(*) SI_UNIT(.MILLI.,.METRE.) );
#6855 = ( NAMED_UNIT(*) PLANE_ANGLE_UNIT() SI_UNIT($,.RADIAN.) );
#6856 = ( NAMED_UNIT(*) SI_UNIT($,.STERADIAN.) SOLID_ANGLE_UNIT() );
#6857 = UNCERTAINTY_MEASURE_WITH_UNIT(LENGTH_MEASURE(1.E-07),#6854,
  'distance_accuracy_value','confusion accuracy');
#6858 = PRODUCT_RELATED_PRODUCT_CATEGORY('part',$,(#7));
ENDSEC;
END-ISO-10303-21;
