ISO-10303-21;
HEADER;
FILE_DESCRIPTION(('FreeCAD Model'),'2;1');
FILE_NAME('Open CASCADE Shape Model','2026-09-14T21:53:39',('FreeCAD'),(
    'FreeCAD'),'Open CASCADE STEP processor 7.8','FreeCAD','Unknown');
FILE_SCHEMA(('AUTOMOTIVE_DESIGN { 1 0 10303 214 1 1 1 1 }'));
ENDSEC;
DATA;
#1 = APPLICATION_PROTOCOL_DEFINITION('international standard',
  'automotive_design',2000,#2);
#2 = APPLICATION_CONTEXT(
  'core data for automotive mechanical design processes');
#3 = SHAPE_DEFINITION_REPRESENTATION(#4,#10);
#4 = PRODUCT_DEFINITION_SHAPE('','',#5);
#5 = PRODUCT_DEFINITION('design','',#6,#9);
#6 = PRODUCT_DEFINITION_FORMATION('','',#7);
#7 = PRODUCT('Open CASCADE STEP translator 7.8 2',
  'Open CASCADE STEP translator 7.8 2','',(#8));
#8 = PRODUCT_CONTEXT('',#2,'mechanical');
#9 = PRODUCT_DEFINITION_CONTEXT('part definition',#2,'design');
#10 = SHAPE_REPRESENTATION('',(#11,#15,#1253,#1469,#1685,#1901,#2117,
    #2333,#2549,#2765),#2981);
#11 = AXIS2_PLACEMENT_3D('',#12,#13,#14);
#12 = CARTESIAN_POINT('',(0.,0.,0.));
#13 = DIRECTION('',(0.,0.,1.));
#14 = DIRECTION('',(1.,0.,-0.));
#15 = MANIFOLD_SOLID_BREP('',#16);
#16 = CLOSED_SHELL('',(#17,#57,#88,#384,#408,#697,#709,#731,#748,#765,
    #777,#799,#816,#833,#845,#867,#884,#901,#913,#935,#952,#969,#981,
    #1003,#1020,#1037,#1049,#1071,#1088,#1105,#1117,#1139,#1156,#1173,
    #1185,#1207,#1224,#1241));
#17 = ADVANCED_FACE('',(#18),#52,.F.);
#18 = FACE_BOUND('',#19,.F.);
#19 = EDGE_LOOP('',(#20,#30,#38,#46));
#20 = ORIENTED_EDGE('',*,*,#21,.F.);
#21 = EDGE_CURVE('',#22,#24,#26,.T.);
#22 = VERTEX_POINT('',#23);
#23 = CARTESIAN_POINT('',(-2.54,-1.7145,0.4064));
#24 = VERTEX_POINT('',#25);
#25 = CARTESIAN_POINT('',(-2.54,-1.7145,2.921));
#26 = LINE('',#27,#28);
#27 = CARTESIAN_POINT('',(-2.54,-1.7145,0.4064));
#28 = VECTOR('',#29,1.);
#29 = DIRECTION('',(0.,0.,1.));
#30 = ORIENTED_EDGE('',*,*,#31,.T.);
#31 = EDGE_CURVE('',#22,#32,#34,.T.);
#32 = VERTEX_POINT('',#33);
#33 = CARTESIAN_POINT('',(-2.54,1.7145,0.4064));
#34 = LINE('',#35,#36);
#35 = CARTESIAN_POINT('',(-2.54,-1.7145,0.4064));
#36 = VECTOR('',#37,1.);
#37 = DIRECTION('',(-0.,1.,0.));
#38 = ORIENTED_EDGE('',*,*,#39,.T.);
#39 = EDGE_CURVE('',#32,#40,#42,.T.);
#40 = VERTEX_POINT('',#41);
#41 = CARTESIAN_POINT('',(-2.54,1.7145,2.921));
#42 = LINE('',#43,#44);
#43 = CARTESIAN_POINT('',(-2.54,1.7145,0.4064));
#44 = VECTOR('',#45,1.);
#45 = DIRECTION('',(0.,0.,1.));
#46 = ORIENTED_EDGE('',*,*,#47,.F.);
#47 = EDGE_CURVE('',#24,#40,#48,.T.);
#48 = LINE('',#49,#50);
#49 = CARTESIAN_POINT('',(-2.54,-1.7145,2.921));
#50 = VECTOR('',#51,1.);
#51 = DIRECTION('',(-0.,1.,0.));
#52 = PLANE('',#53);
#53 = AXIS2_PLACEMENT_3D('',#54,#55,#56);
#54 = CARTESIAN_POINT('',(-2.54,-1.7145,0.4064));
#55 = DIRECTION('',(1.,0.,-0.));
#56 = DIRECTION('',(0.,0.,1.));
#57 = ADVANCED_FACE('',(#58),#83,.F.);
#58 = FACE_BOUND('',#59,.F.);
#59 = EDGE_LOOP('',(#60,#68,#69,#77));
#60 = ORIENTED_EDGE('',*,*,#61,.F.);
#61 = EDGE_CURVE('',#22,#62,#64,.T.);
#62 = VERTEX_POINT('',#63);
#63 = CARTESIAN_POINT('',(2.54,-1.7145,0.4064));
#64 = LINE('',#65,#66);
#65 = CARTESIAN_POINT('',(-2.54,-1.7145,0.4064));
#66 = VECTOR('',#67,1.);
#67 = DIRECTION('',(1.,0.,-0.));
#68 = ORIENTED_EDGE('',*,*,#21,.T.);
#69 = ORIENTED_EDGE('',*,*,#70,.T.);
#70 = EDGE_CURVE('',#24,#71,#73,.T.);
#71 = VERTEX_POINT('',#72);
#72 = CARTESIAN_POINT('',(2.54,-1.7145,2.921));
#73 = LINE('',#74,#75);
#74 = CARTESIAN_POINT('',(-2.54,-1.7145,2.921));
#75 = VECTOR('',#76,1.);
#76 = DIRECTION('',(1.,0.,-0.));
#77 = ORIENTED_EDGE('',*,*,#78,.F.);
#78 = EDGE_CURVE('',#62,#71,#79,.T.);
#79 = LINE('',#80,#81);
#80 = CARTESIAN_POINT('',(2.54,-1.7145,0.4064));
#81 = VECTOR('',#82,1.);
#82 = DIRECTION('',(0.,0.,1.));
#83 = PLANE('',#84);
#84 = AXIS2_PLACEMENT_3D('',#85,#86,#87);
#85 = CARTESIAN_POINT('',(-2.54,-1.7145,0.4064));
#86 = DIRECTION('',(-0.,1.,0.));
#87 = DIRECTION('',(0.,0.,1.));
#88 = ADVANCED_FACE('',(#89,#107,#141,#175,#209,#243,#277,#311,#345),
  #379,.T.);
#89 = FACE_BOUND('',#90,.T.);
#90 = EDGE_LOOP('',(#91,#92,#93,#101));
#91 = ORIENTED_EDGE('',*,*,#47,.F.);
#92 = ORIENTED_EDGE('',*,*,#70,.T.);
#93 = ORIENTED_EDGE('',*,*,#94,.T.);
#94 = EDGE_CURVE('',#71,#95,#97,.T.);
#95 = VERTEX_POINT('',#96);
#96 = CARTESIAN_POINT('',(2.54,1.7145,2.921));
#97 = LINE('',#98,#99);
#98 = CARTESIAN_POINT('',(2.54,-1.7145,2.921));
#99 = VECTOR('',#100,1.);
#100 = DIRECTION('',(-0.,1.,0.));
#101 = ORIENTED_EDGE('',*,*,#102,.F.);
#102 = EDGE_CURVE('',#40,#95,#103,.T.);
#103 = LINE('',#104,#105);
#104 = CARTESIAN_POINT('',(-2.54,1.7145,2.921));
#105 = VECTOR('',#106,1.);
#106 = DIRECTION('',(1.,0.,-0.));
#107 = FACE_BOUND('',#108,.T.);
#108 = EDGE_LOOP('',(#109,#119,#127,#135));
#109 = ORIENTED_EDGE('',*,*,#110,.T.);
#110 = EDGE_CURVE('',#111,#113,#115,.T.);
#111 = VERTEX_POINT('',#112);
#112 = CARTESIAN_POINT('',(-1.6918,-0.8482,2.921));
#113 = VERTEX_POINT('',#114);
#114 = CARTESIAN_POINT('',(-2.1182,-0.8482,2.921));
#115 = LINE('',#116,#117);
#116 = CARTESIAN_POINT('',(-2.3291,-0.8482,2.921));
#117 = VECTOR('',#118,1.);
#118 = DIRECTION('',(-1.,-0.,0.));
#119 = ORIENTED_EDGE('',*,*,#120,.T.);
#120 = EDGE_CURVE('',#113,#121,#123,.T.);
#121 = VERTEX_POINT('',#122);
#122 = CARTESIAN_POINT('',(-2.1182,-0.4218,2.921));
#123 = LINE('',#124,#125);
#124 = CARTESIAN_POINT('',(-2.1182,-1.28135,2.921));
#125 = VECTOR('',#126,1.);
#126 = DIRECTION('',(-0.,1.,0.));
#127 = ORIENTED_EDGE('',*,*,#128,.F.);
#128 = EDGE_CURVE('',#129,#121,#131,.T.);
#129 = VERTEX_POINT('',#130);
#130 = CARTESIAN_POINT('',(-1.6918,-0.4218,2.921));
#131 = LINE('',#132,#133);
#132 = CARTESIAN_POINT('',(-2.3291,-0.4218,2.921));
#133 = VECTOR('',#134,1.);
#134 = DIRECTION('',(-1.,-0.,0.));
#135 = ORIENTED_EDGE('',*,*,#136,.F.);
#136 = EDGE_CURVE('',#111,#129,#137,.T.);
#137 = LINE('',#138,#139);
#138 = CARTESIAN_POINT('',(-1.6918,-1.28135,2.921));
#139 = VECTOR('',#140,1.);
#140 = DIRECTION('',(-0.,1.,0.));
#141 = FACE_BOUND('',#142,.T.);
#142 = EDGE_LOOP('',(#143,#153,#161,#169));
#143 = ORIENTED_EDGE('',*,*,#144,.T.);
#144 = EDGE_CURVE('',#145,#147,#149,.T.);
#145 = VERTEX_POINT('',#146);
#146 = CARTESIAN_POINT('',(-0.4218,-0.8482,2.921));
#147 = VERTEX_POINT('',#148);
#148 = CARTESIAN_POINT('',(-0.8482,-0.8482,2.921));
#149 = LINE('',#150,#151);
#150 = CARTESIAN_POINT('',(-1.6941,-0.8482,2.921));
#151 = VECTOR('',#152,1.);
#152 = DIRECTION('',(-1.,-0.,0.));
#153 = ORIENTED_EDGE('',*,*,#154,.T.);
#154 = EDGE_CURVE('',#147,#155,#157,.T.);
#155 = VERTEX_POINT('',#156);
#156 = CARTESIAN_POINT('',(-0.8482,-0.4218,2.921));
#157 = LINE('',#158,#159);
#158 = CARTESIAN_POINT('',(-0.8482,-1.28135,2.921));
#159 = VECTOR('',#160,1.);
#160 = DIRECTION('',(-0.,1.,0.));
#161 = ORIENTED_EDGE('',*,*,#162,.F.);
#162 = EDGE_CURVE('',#163,#155,#165,.T.);
#163 = VERTEX_POINT('',#164);
#164 = CARTESIAN_POINT('',(-0.4218,-0.4218,2.921));
#165 = LINE('',#166,#167);
#166 = CARTESIAN_POINT('',(-1.6941,-0.4218,2.921));
#167 = VECTOR('',#168,1.);
#168 = DIRECTION('',(-1.,-0.,0.));
#169 = ORIENTED_EDGE('',*,*,#170,.F.);
#170 = EDGE_CURVE('',#145,#163,#171,.T.);
#171 = LINE('',#172,#173);
#172 = CARTESIAN_POINT('',(-0.4218,-1.28135,2.921));
#173 = VECTOR('',#174,1.);
#174 = DIRECTION('',(-0.,1.,0.));
#175 = FACE_BOUND('',#176,.T.);
#176 = EDGE_LOOP('',(#177,#187,#195,#203));
#177 = ORIENTED_EDGE('',*,*,#178,.T.);
#178 = EDGE_CURVE('',#179,#181,#183,.T.);
#179 = VERTEX_POINT('',#180);
#180 = CARTESIAN_POINT('',(0.8482,-0.8482,2.921));
#181 = VERTEX_POINT('',#182);
#182 = CARTESIAN_POINT('',(0.4218,-0.8482,2.921));
#183 = LINE('',#184,#185);
#184 = CARTESIAN_POINT('',(-1.0591,-0.8482,2.921));
#185 = VECTOR('',#186,1.);
#186 = DIRECTION('',(-1.,-0.,0.));
#187 = ORIENTED_EDGE('',*,*,#188,.T.);
#188 = EDGE_CURVE('',#181,#189,#191,.T.);
#189 = VERTEX_POINT('',#190);
#190 = CARTESIAN_POINT('',(0.4218,-0.4218,2.921));
#191 = LINE('',#192,#193);
#192 = CARTESIAN_POINT('',(0.4218,-1.28135,2.921));
#193 = VECTOR('',#194,1.);
#194 = DIRECTION('',(-0.,1.,0.));
#195 = ORIENTED_EDGE('',*,*,#196,.F.);
#196 = EDGE_CURVE('',#197,#189,#199,.T.);
#197 = VERTEX_POINT('',#198);
#198 = CARTESIAN_POINT('',(0.8482,-0.4218,2.921));
#199 = LINE('',#200,#201);
#200 = CARTESIAN_POINT('',(-1.0591,-0.4218,2.921));
#201 = VECTOR('',#202,1.);
#202 = DIRECTION('',(-1.,-0.,0.));
#203 = ORIENTED_EDGE('',*,*,#204,.F.);
#204 = EDGE_CURVE('',#179,#197,#205,.T.);
#205 = LINE('',#206,#207);
#206 = CARTESIAN_POINT('',(0.8482,-1.28135,2.921));
#207 = VECTOR('',#208,1.);
#208 = DIRECTION('',(-0.,1.,0.));
#209 = FACE_BOUND('',#210,.T.);
#210 = EDGE_LOOP('',(#211,#221,#229,#237));
#211 = ORIENTED_EDGE('',*,*,#212,.T.);
#212 = EDGE_CURVE('',#213,#215,#217,.T.);
#213 = VERTEX_POINT('',#214);
#214 = CARTESIAN_POINT('',(2.1182,-0.8482,2.921));
#215 = VERTEX_POINT('',#216);
#216 = CARTESIAN_POINT('',(1.6918,-0.8482,2.921));
#217 = LINE('',#218,#219);
#218 = CARTESIAN_POINT('',(-0.4241,-0.8482,2.921));
#219 = VECTOR('',#220,1.);
#220 = DIRECTION('',(-1.,-0.,0.));
#221 = ORIENTED_EDGE('',*,*,#222,.T.);
#222 = EDGE_CURVE('',#215,#223,#225,.T.);
#223 = VERTEX_POINT('',#224);
#224 = CARTESIAN_POINT('',(1.6918,-0.4218,2.921));
#225 = LINE('',#226,#227);
#226 = CARTESIAN_POINT('',(1.6918,-1.28135,2.921));
#227 = VECTOR('',#228,1.);
#228 = DIRECTION('',(-0.,1.,0.));
#229 = ORIENTED_EDGE('',*,*,#230,.F.);
#230 = EDGE_CURVE('',#231,#223,#233,.T.);
#231 = VERTEX_POINT('',#232);
#232 = CARTESIAN_POINT('',(2.1182,-0.4218,2.921));
#233 = LINE('',#234,#235);
#234 = CARTESIAN_POINT('',(-0.4241,-0.4218,2.921));
#235 = VECTOR('',#236,1.);
#236 = DIRECTION('',(-1.,-0.,0.));
#237 = ORIENTED_EDGE('',*,*,#238,.F.);
#238 = EDGE_CURVE('',#213,#231,#239,.T.);
#239 = LINE('',#240,#241);
#240 = CARTESIAN_POINT('',(2.1182,-1.28135,2.921));
#241 = VECTOR('',#242,1.);
#242 = DIRECTION('',(-0.,1.,0.));
#243 = FACE_BOUND('',#244,.T.);
#244 = EDGE_LOOP('',(#245,#255,#263,#271));
#245 = ORIENTED_EDGE('',*,*,#246,.T.);
#246 = EDGE_CURVE('',#247,#249,#251,.T.);
#247 = VERTEX_POINT('',#248);
#248 = CARTESIAN_POINT('',(-1.6918,0.4218,2.921));
#249 = VERTEX_POINT('',#250);
#250 = CARTESIAN_POINT('',(-2.1182,0.4218,2.921));
#251 = LINE('',#252,#253);
#252 = CARTESIAN_POINT('',(-2.3291,0.4218,2.921));
#253 = VECTOR('',#254,1.);
#254 = DIRECTION('',(-1.,-0.,0.));
#255 = ORIENTED_EDGE('',*,*,#256,.T.);
#256 = EDGE_CURVE('',#249,#257,#259,.T.);
#257 = VERTEX_POINT('',#258);
#258 = CARTESIAN_POINT('',(-2.1182,0.8482,2.921));
#259 = LINE('',#260,#261);
#260 = CARTESIAN_POINT('',(-2.1182,-0.64635,2.921));
#261 = VECTOR('',#262,1.);
#262 = DIRECTION('',(-0.,1.,0.));
#263 = ORIENTED_EDGE('',*,*,#264,.F.);
#264 = EDGE_CURVE('',#265,#257,#267,.T.);
#265 = VERTEX_POINT('',#266);
#266 = CARTESIAN_POINT('',(-1.6918,0.8482,2.921));
#267 = LINE('',#268,#269);
#268 = CARTESIAN_POINT('',(-2.3291,0.8482,2.921));
#269 = VECTOR('',#270,1.);
#270 = DIRECTION('',(-1.,-0.,0.));
#271 = ORIENTED_EDGE('',*,*,#272,.F.);
#272 = EDGE_CURVE('',#247,#265,#273,.T.);
#273 = LINE('',#274,#275);
#274 = CARTESIAN_POINT('',(-1.6918,-0.64635,2.921));
#275 = VECTOR('',#276,1.);
#276 = DIRECTION('',(-0.,1.,0.));
#277 = FACE_BOUND('',#278,.T.);
#278 = EDGE_LOOP('',(#279,#289,#297,#305));
#279 = ORIENTED_EDGE('',*,*,#280,.T.);
#280 = EDGE_CURVE('',#281,#283,#285,.T.);
#281 = VERTEX_POINT('',#282);
#282 = CARTESIAN_POINT('',(-0.4218,0.4218,2.921));
#283 = VERTEX_POINT('',#284);
#284 = CARTESIAN_POINT('',(-0.8482,0.4218,2.921));
#285 = LINE('',#286,#287);
#286 = CARTESIAN_POINT('',(-1.6941,0.4218,2.921));
#287 = VECTOR('',#288,1.);
#288 = DIRECTION('',(-1.,-0.,0.));
#289 = ORIENTED_EDGE('',*,*,#290,.T.);
#290 = EDGE_CURVE('',#283,#291,#293,.T.);
#291 = VERTEX_POINT('',#292);
#292 = CARTESIAN_POINT('',(-0.8482,0.8482,2.921));
#293 = LINE('',#294,#295);
#294 = CARTESIAN_POINT('',(-0.8482,-0.64635,2.921));
#295 = VECTOR('',#296,1.);
#296 = DIRECTION('',(-0.,1.,0.));
#297 = ORIENTED_EDGE('',*,*,#298,.F.);
#298 = EDGE_CURVE('',#299,#291,#301,.T.);
#299 = VERTEX_POINT('',#300);
#300 = CARTESIAN_POINT('',(-0.4218,0.8482,2.921));
#301 = LINE('',#302,#303);
#302 = CARTESIAN_POINT('',(-1.6941,0.8482,2.921));
#303 = VECTOR('',#304,1.);
#304 = DIRECTION('',(-1.,-0.,0.));
#305 = ORIENTED_EDGE('',*,*,#306,.F.);
#306 = EDGE_CURVE('',#281,#299,#307,.T.);
#307 = LINE('',#308,#309);
#308 = CARTESIAN_POINT('',(-0.4218,-0.64635,2.921));
#309 = VECTOR('',#310,1.);
#310 = DIRECTION('',(-0.,1.,0.));
#311 = FACE_BOUND('',#312,.T.);
#312 = EDGE_LOOP('',(#313,#323,#331,#339));
#313 = ORIENTED_EDGE('',*,*,#314,.T.);
#314 = EDGE_CURVE('',#315,#317,#319,.T.);
#315 = VERTEX_POINT('',#316);
#316 = CARTESIAN_POINT('',(0.8482,0.4218,2.921));
#317 = VERTEX_POINT('',#318);
#318 = CARTESIAN_POINT('',(0.4218,0.4218,2.921));
#319 = LINE('',#320,#321);
#320 = CARTESIAN_POINT('',(-1.0591,0.4218,2.921));
#321 = VECTOR('',#322,1.);
#322 = DIRECTION('',(-1.,-0.,0.));
#323 = ORIENTED_EDGE('',*,*,#324,.T.);
#324 = EDGE_CURVE('',#317,#325,#327,.T.);
#325 = VERTEX_POINT('',#326);
#326 = CARTESIAN_POINT('',(0.4218,0.8482,2.921));
#327 = LINE('',#328,#329);
#328 = CARTESIAN_POINT('',(0.4218,-0.64635,2.921));
#329 = VECTOR('',#330,1.);
#330 = DIRECTION('',(-0.,1.,0.));
#331 = ORIENTED_EDGE('',*,*,#332,.F.);
#332 = EDGE_CURVE('',#333,#325,#335,.T.);
#333 = VERTEX_POINT('',#334);
#334 = CARTESIAN_POINT('',(0.8482,0.8482,2.921));
#335 = LINE('',#336,#337);
#336 = CARTESIAN_POINT('',(-1.0591,0.8482,2.921));
#337 = VECTOR('',#338,1.);
#338 = DIRECTION('',(-1.,-0.,0.));
#339 = ORIENTED_EDGE('',*,*,#340,.F.);
#340 = EDGE_CURVE('',#315,#333,#341,.T.);
#341 = LINE('',#342,#343);
#342 = CARTESIAN_POINT('',(0.8482,-0.64635,2.921));
#343 = VECTOR('',#344,1.);
#344 = DIRECTION('',(-0.,1.,0.));
#345 = FACE_BOUND('',#346,.T.);
#346 = EDGE_LOOP('',(#347,#357,#365,#373));
#347 = ORIENTED_EDGE('',*,*,#348,.T.);
#348 = EDGE_CURVE('',#349,#351,#353,.T.);
#349 = VERTEX_POINT('',#350);
#350 = CARTESIAN_POINT('',(2.1182,0.4218,2.921));
#351 = VERTEX_POINT('',#352);
#352 = CARTESIAN_POINT('',(1.6918,0.4218,2.921));
#353 = LINE('',#354,#355);
#354 = CARTESIAN_POINT('',(-0.4241,0.4218,2.921));
#355 = VECTOR('',#356,1.);
#356 = DIRECTION('',(-1.,-0.,0.));
#357 = ORIENTED_EDGE('',*,*,#358,.T.);
#358 = EDGE_CURVE('',#351,#359,#361,.T.);
#359 = VERTEX_POINT('',#360);
#360 = CARTESIAN_POINT('',(1.6918,0.8482,2.921));
#361 = LINE('',#362,#363);
#362 = CARTESIAN_POINT('',(1.6918,-0.64635,2.921));
#363 = VECTOR('',#364,1.);
#364 = DIRECTION('',(-0.,1.,0.));
#365 = ORIENTED_EDGE('',*,*,#366,.F.);
#366 = EDGE_CURVE('',#367,#359,#369,.T.);
#367 = VERTEX_POINT('',#368);
#368 = CARTESIAN_POINT('',(2.1182,0.8482,2.921));
#369 = LINE('',#370,#371);
#370 = CARTESIAN_POINT('',(-0.4241,0.8482,2.921));
#371 = VECTOR('',#372,1.);
#372 = DIRECTION('',(-1.,-0.,0.));
#373 = ORIENTED_EDGE('',*,*,#374,.F.);
#374 = EDGE_CURVE('',#349,#367,#375,.T.);
#375 = LINE('',#376,#377);
#376 = CARTESIAN_POINT('',(2.1182,-0.64635,2.921));
#377 = VECTOR('',#378,1.);
#378 = DIRECTION('',(-0.,1.,0.));
#379 = PLANE('',#380);
#380 = AXIS2_PLACEMENT_3D('',#381,#382,#383);
#381 = CARTESIAN_POINT('',(-2.54,-1.7145,2.921));
#382 = DIRECTION('',(0.,0.,1.));
#383 = DIRECTION('',(1.,0.,-0.));
#384 = ADVANCED_FACE('',(#385),#403,.T.);
#385 = FACE_BOUND('',#386,.T.);
#386 = EDGE_LOOP('',(#387,#395,#396,#397));
#387 = ORIENTED_EDGE('',*,*,#388,.F.);
#388 = EDGE_CURVE('',#32,#389,#391,.T.);
#389 = VERTEX_POINT('',#390);
#390 = CARTESIAN_POINT('',(2.54,1.7145,0.4064));
#391 = LINE('',#392,#393);
#392 = CARTESIAN_POINT('',(-2.54,1.7145,0.4064));
#393 = VECTOR('',#394,1.);
#394 = DIRECTION('',(1.,0.,-0.));
#395 = ORIENTED_EDGE('',*,*,#39,.T.);
#396 = ORIENTED_EDGE('',*,*,#102,.T.);
#397 = ORIENTED_EDGE('',*,*,#398,.F.);
#398 = EDGE_CURVE('',#389,#95,#399,.T.);
#399 = LINE('',#400,#401);
#400 = CARTESIAN_POINT('',(2.54,1.7145,0.4064));
#401 = VECTOR('',#402,1.);
#402 = DIRECTION('',(0.,0.,1.));
#403 = PLANE('',#404);
#404 = AXIS2_PLACEMENT_3D('',#405,#406,#407);
#405 = CARTESIAN_POINT('',(-2.54,1.7145,0.4064));
#406 = DIRECTION('',(-0.,1.,0.));
#407 = DIRECTION('',(0.,0.,1.));
#408 = ADVANCED_FACE('',(#409,#420,#454,#488,#522,#556,#590,#624,#658),
  #692,.F.);
#409 = FACE_BOUND('',#410,.F.);
#410 = EDGE_LOOP('',(#411,#412,#413,#419));
#411 = ORIENTED_EDGE('',*,*,#31,.F.);
#412 = ORIENTED_EDGE('',*,*,#61,.T.);
#413 = ORIENTED_EDGE('',*,*,#414,.T.);
#414 = EDGE_CURVE('',#62,#389,#415,.T.);
#415 = LINE('',#416,#417);
#416 = CARTESIAN_POINT('',(2.54,-1.7145,0.4064));
#417 = VECTOR('',#418,1.);
#418 = DIRECTION('',(-0.,1.,0.));
#419 = ORIENTED_EDGE('',*,*,#388,.F.);
#420 = FACE_BOUND('',#421,.F.);
#421 = EDGE_LOOP('',(#422,#432,#440,#448));
#422 = ORIENTED_EDGE('',*,*,#423,.T.);
#423 = EDGE_CURVE('',#424,#426,#428,.T.);
#424 = VERTEX_POINT('',#425);
#425 = CARTESIAN_POINT('',(-1.6918,-0.8482,0.4064));
#426 = VERTEX_POINT('',#427);
#427 = CARTESIAN_POINT('',(-2.1182,-0.8482,0.4064));
#428 = LINE('',#429,#430);
#429 = CARTESIAN_POINT('',(-2.3291,-0.8482,0.4064));
#430 = VECTOR('',#431,1.);
#431 = DIRECTION('',(-1.,-0.,0.));
#432 = ORIENTED_EDGE('',*,*,#433,.T.);
#433 = EDGE_CURVE('',#426,#434,#436,.T.);
#434 = VERTEX_POINT('',#435);
#435 = CARTESIAN_POINT('',(-2.1182,-0.4218,0.4064));
#436 = LINE('',#437,#438);
#437 = CARTESIAN_POINT('',(-2.1182,-1.28135,0.4064));
#438 = VECTOR('',#439,1.);
#439 = DIRECTION('',(-0.,1.,0.));
#440 = ORIENTED_EDGE('',*,*,#441,.F.);
#441 = EDGE_CURVE('',#442,#434,#444,.T.);
#442 = VERTEX_POINT('',#443);
#443 = CARTESIAN_POINT('',(-1.6918,-0.4218,0.4064));
#444 = LINE('',#445,#446);
#445 = CARTESIAN_POINT('',(-2.3291,-0.4218,0.4064));
#446 = VECTOR('',#447,1.);
#447 = DIRECTION('',(-1.,-0.,0.));
#448 = ORIENTED_EDGE('',*,*,#449,.F.);
#449 = EDGE_CURVE('',#424,#442,#450,.T.);
#450 = LINE('',#451,#452);
#451 = CARTESIAN_POINT('',(-1.6918,-1.28135,0.4064));
#452 = VECTOR('',#453,1.);
#453 = DIRECTION('',(-0.,1.,0.));
#454 = FACE_BOUND('',#455,.F.);
#455 = EDGE_LOOP('',(#456,#466,#474,#482));
#456 = ORIENTED_EDGE('',*,*,#457,.T.);
#457 = EDGE_CURVE('',#458,#460,#462,.T.);
#458 = VERTEX_POINT('',#459);
#459 = CARTESIAN_POINT('',(-0.4218,-0.8482,0.4064));
#460 = VERTEX_POINT('',#461);
#461 = CARTESIAN_POINT('',(-0.8482,-0.8482,0.4064));
#462 = LINE('',#463,#464);
#463 = CARTESIAN_POINT('',(-1.6941,-0.8482,0.4064));
#464 = VECTOR('',#465,1.);
#465 = DIRECTION('',(-1.,-0.,0.));
#466 = ORIENTED_EDGE('',*,*,#467,.T.);
#467 = EDGE_CURVE('',#460,#468,#470,.T.);
#468 = VERTEX_POINT('',#469);
#469 = CARTESIAN_POINT('',(-0.8482,-0.4218,0.4064));
#470 = LINE('',#471,#472);
#471 = CARTESIAN_POINT('',(-0.8482,-1.28135,0.4064));
#472 = VECTOR('',#473,1.);
#473 = DIRECTION('',(-0.,1.,0.));
#474 = ORIENTED_EDGE('',*,*,#475,.F.);
#475 = EDGE_CURVE('',#476,#468,#478,.T.);
#476 = VERTEX_POINT('',#477);
#477 = CARTESIAN_POINT('',(-0.4218,-0.4218,0.4064));
#478 = LINE('',#479,#480);
#479 = CARTESIAN_POINT('',(-1.6941,-0.4218,0.4064));
#480 = VECTOR('',#481,1.);
#481 = DIRECTION('',(-1.,-0.,0.));
#482 = ORIENTED_EDGE('',*,*,#483,.F.);
#483 = EDGE_CURVE('',#458,#476,#484,.T.);
#484 = LINE('',#485,#486);
#485 = CARTESIAN_POINT('',(-0.4218,-1.28135,0.4064));
#486 = VECTOR('',#487,1.);
#487 = DIRECTION('',(-0.,1.,0.));
#488 = FACE_BOUND('',#489,.F.);
#489 = EDGE_LOOP('',(#490,#500,#508,#516));
#490 = ORIENTED_EDGE('',*,*,#491,.T.);
#491 = EDGE_CURVE('',#492,#494,#496,.T.);
#492 = VERTEX_POINT('',#493);
#493 = CARTESIAN_POINT('',(0.8482,-0.8482,0.4064));
#494 = VERTEX_POINT('',#495);
#495 = CARTESIAN_POINT('',(0.4218,-0.8482,0.4064));
#496 = LINE('',#497,#498);
#497 = CARTESIAN_POINT('',(-1.0591,-0.8482,0.4064));
#498 = VECTOR('',#499,1.);
#499 = DIRECTION('',(-1.,-0.,0.));
#500 = ORIENTED_EDGE('',*,*,#501,.T.);
#501 = EDGE_CURVE('',#494,#502,#504,.T.);
#502 = VERTEX_POINT('',#503);
#503 = CARTESIAN_POINT('',(0.4218,-0.4218,0.4064));
#504 = LINE('',#505,#506);
#505 = CARTESIAN_POINT('',(0.4218,-1.28135,0.4064));
#506 = VECTOR('',#507,1.);
#507 = DIRECTION('',(-0.,1.,0.));
#508 = ORIENTED_EDGE('',*,*,#509,.F.);
#509 = EDGE_CURVE('',#510,#502,#512,.T.);
#510 = VERTEX_POINT('',#511);
#511 = CARTESIAN_POINT('',(0.8482,-0.4218,0.4064));
#512 = LINE('',#513,#514);
#513 = CARTESIAN_POINT('',(-1.0591,-0.4218,0.4064));
#514 = VECTOR('',#515,1.);
#515 = DIRECTION('',(-1.,-0.,0.));
#516 = ORIENTED_EDGE('',*,*,#517,.F.);
#517 = EDGE_CURVE('',#492,#510,#518,.T.);
#518 = LINE('',#519,#520);
#519 = CARTESIAN_POINT('',(0.8482,-1.28135,0.4064));
#520 = VECTOR('',#521,1.);
#521 = DIRECTION('',(-0.,1.,0.));
#522 = FACE_BOUND('',#523,.F.);
#523 = EDGE_LOOP('',(#524,#534,#542,#550));
#524 = ORIENTED_EDGE('',*,*,#525,.T.);
#525 = EDGE_CURVE('',#526,#528,#530,.T.);
#526 = VERTEX_POINT('',#527);
#527 = CARTESIAN_POINT('',(2.1182,-0.8482,0.4064));
#528 = VERTEX_POINT('',#529);
#529 = CARTESIAN_POINT('',(1.6918,-0.8482,0.4064));
#530 = LINE('',#531,#532);
#531 = CARTESIAN_POINT('',(-0.4241,-0.8482,0.4064));
#532 = VECTOR('',#533,1.);
#533 = DIRECTION('',(-1.,-0.,0.));
#534 = ORIENTED_EDGE('',*,*,#535,.T.);
#535 = EDGE_CURVE('',#528,#536,#538,.T.);
#536 = VERTEX_POINT('',#537);
#537 = CARTESIAN_POINT('',(1.6918,-0.4218,0.4064));
#538 = LINE('',#539,#540);
#539 = CARTESIAN_POINT('',(1.6918,-1.28135,0.4064));
#540 = VECTOR('',#541,1.);
#541 = DIRECTION('',(-0.,1.,0.));
#542 = ORIENTED_EDGE('',*,*,#543,.F.);
#543 = EDGE_CURVE('',#544,#536,#546,.T.);
#544 = VERTEX_POINT('',#545);
#545 = CARTESIAN_POINT('',(2.1182,-0.4218,0.4064));
#546 = LINE('',#547,#548);
#547 = CARTESIAN_POINT('',(-0.4241,-0.4218,0.4064));
#548 = VECTOR('',#549,1.);
#549 = DIRECTION('',(-1.,-0.,0.));
#550 = ORIENTED_EDGE('',*,*,#551,.F.);
#551 = EDGE_CURVE('',#526,#544,#552,.T.);
#552 = LINE('',#553,#554);
#553 = CARTESIAN_POINT('',(2.1182,-1.28135,0.4064));
#554 = VECTOR('',#555,1.);
#555 = DIRECTION('',(-0.,1.,0.));
#556 = FACE_BOUND('',#557,.F.);
#557 = EDGE_LOOP('',(#558,#568,#576,#584));
#558 = ORIENTED_EDGE('',*,*,#559,.T.);
#559 = EDGE_CURVE('',#560,#562,#564,.T.);
#560 = VERTEX_POINT('',#561);
#561 = CARTESIAN_POINT('',(-1.6918,0.4218,0.4064));
#562 = VERTEX_POINT('',#563);
#563 = CARTESIAN_POINT('',(-2.1182,0.4218,0.4064));
#564 = LINE('',#565,#566);
#565 = CARTESIAN_POINT('',(-2.3291,0.4218,0.4064));
#566 = VECTOR('',#567,1.);
#567 = DIRECTION('',(-1.,-0.,0.));
#568 = ORIENTED_EDGE('',*,*,#569,.T.);
#569 = EDGE_CURVE('',#562,#570,#572,.T.);
#570 = VERTEX_POINT('',#571);
#571 = CARTESIAN_POINT('',(-2.1182,0.8482,0.4064));
#572 = LINE('',#573,#574);
#573 = CARTESIAN_POINT('',(-2.1182,-0.64635,0.4064));
#574 = VECTOR('',#575,1.);
#575 = DIRECTION('',(-0.,1.,0.));
#576 = ORIENTED_EDGE('',*,*,#577,.F.);
#577 = EDGE_CURVE('',#578,#570,#580,.T.);
#578 = VERTEX_POINT('',#579);
#579 = CARTESIAN_POINT('',(-1.6918,0.8482,0.4064));
#580 = LINE('',#581,#582);
#581 = CARTESIAN_POINT('',(-2.3291,0.8482,0.4064));
#582 = VECTOR('',#583,1.);
#583 = DIRECTION('',(-1.,-0.,0.));
#584 = ORIENTED_EDGE('',*,*,#585,.F.);
#585 = EDGE_CURVE('',#560,#578,#586,.T.);
#586 = LINE('',#587,#588);
#587 = CARTESIAN_POINT('',(-1.6918,-0.64635,0.4064));
#588 = VECTOR('',#589,1.);
#589 = DIRECTION('',(-0.,1.,0.));
#590 = FACE_BOUND('',#591,.F.);
#591 = EDGE_LOOP('',(#592,#602,#610,#618));
#592 = ORIENTED_EDGE('',*,*,#593,.T.);
#593 = EDGE_CURVE('',#594,#596,#598,.T.);
#594 = VERTEX_POINT('',#595);
#595 = CARTESIAN_POINT('',(-0.4218,0.4218,0.4064));
#596 = VERTEX_POINT('',#597);
#597 = CARTESIAN_POINT('',(-0.8482,0.4218,0.4064));
#598 = LINE('',#599,#600);
#599 = CARTESIAN_POINT('',(-1.6941,0.4218,0.4064));
#600 = VECTOR('',#601,1.);
#601 = DIRECTION('',(-1.,-0.,0.));
#602 = ORIENTED_EDGE('',*,*,#603,.T.);
#603 = EDGE_CURVE('',#596,#604,#606,.T.);
#604 = VERTEX_POINT('',#605);
#605 = CARTESIAN_POINT('',(-0.8482,0.8482,0.4064));
#606 = LINE('',#607,#608);
#607 = CARTESIAN_POINT('',(-0.8482,-0.64635,0.4064));
#608 = VECTOR('',#609,1.);
#609 = DIRECTION('',(-0.,1.,0.));
#610 = ORIENTED_EDGE('',*,*,#611,.F.);
#611 = EDGE_CURVE('',#612,#604,#614,.T.);
#612 = VERTEX_POINT('',#613);
#613 = CARTESIAN_POINT('',(-0.4218,0.8482,0.4064));
#614 = LINE('',#615,#616);
#615 = CARTESIAN_POINT('',(-1.6941,0.8482,0.4064));
#616 = VECTOR('',#617,1.);
#617 = DIRECTION('',(-1.,-0.,0.));
#618 = ORIENTED_EDGE('',*,*,#619,.F.);
#619 = EDGE_CURVE('',#594,#612,#620,.T.);
#620 = LINE('',#621,#622);
#621 = CARTESIAN_POINT('',(-0.4218,-0.64635,0.4064));
#622 = VECTOR('',#623,1.);
#623 = DIRECTION('',(-0.,1.,0.));
#624 = FACE_BOUND('',#625,.F.);
#625 = EDGE_LOOP('',(#626,#636,#644,#652));
#626 = ORIENTED_EDGE('',*,*,#627,.T.);
#627 = EDGE_CURVE('',#628,#630,#632,.T.);
#628 = VERTEX_POINT('',#629);
#629 = CARTESIAN_POINT('',(0.8482,0.4218,0.4064));
#630 = VERTEX_POINT('',#631);
#631 = CARTESIAN_POINT('',(0.4218,0.4218,0.4064));
#632 = LINE('',#633,#634);
#633 = CARTESIAN_POINT('',(-1.0591,0.4218,0.4064));
#634 = VECTOR('',#635,1.);
#635 = DIRECTION('',(-1.,-0.,0.));
#636 = ORIENTED_EDGE('',*,*,#637,.T.);
#637 = EDGE_CURVE('',#630,#638,#640,.T.);
#638 = VERTEX_POINT('',#639);
#639 = CARTESIAN_POINT('',(0.4218,0.8482,0.4064));
#640 = LINE('',#641,#642);
#641 = CARTESIAN_POINT('',(0.4218,-0.64635,0.4064));
#642 = VECTOR('',#643,1.);
#643 = DIRECTION('',(-0.,1.,0.));
#644 = ORIENTED_EDGE('',*,*,#645,.F.);
#645 = EDGE_CURVE('',#646,#638,#648,.T.);
#646 = VERTEX_POINT('',#647);
#647 = CARTESIAN_POINT('',(0.8482,0.8482,0.4064));
#648 = LINE('',#649,#650);
#649 = CARTESIAN_POINT('',(-1.0591,0.8482,0.4064));
#650 = VECTOR('',#651,1.);
#651 = DIRECTION('',(-1.,-0.,0.));
#652 = ORIENTED_EDGE('',*,*,#653,.F.);
#653 = EDGE_CURVE('',#628,#646,#654,.T.);
#654 = LINE('',#655,#656);
#655 = CARTESIAN_POINT('',(0.8482,-0.64635,0.4064));
#656 = VECTOR('',#657,1.);
#657 = DIRECTION('',(-0.,1.,0.));
#658 = FACE_BOUND('',#659,.F.);
#659 = EDGE_LOOP('',(#660,#670,#678,#686));
#660 = ORIENTED_EDGE('',*,*,#661,.T.);
#661 = EDGE_CURVE('',#662,#664,#666,.T.);
#662 = VERTEX_POINT('',#663);
#663 = CARTESIAN_POINT('',(2.1182,0.4218,0.4064));
#664 = VERTEX_POINT('',#665);
#665 = CARTESIAN_POINT('',(1.6918,0.4218,0.4064));
#666 = LINE('',#667,#668);
#667 = CARTESIAN_POINT('',(-0.4241,0.4218,0.4064));
#668 = VECTOR('',#669,1.);
#669 = DIRECTION('',(-1.,-0.,0.));
#670 = ORIENTED_EDGE('',*,*,#671,.T.);
#671 = EDGE_CURVE('',#664,#672,#674,.T.);
#672 = VERTEX_POINT('',#673);
#673 = CARTESIAN_POINT('',(1.6918,0.8482,0.4064));
#674 = LINE('',#675,#676);
#675 = CARTESIAN_POINT('',(1.6918,-0.64635,0.4064));
#676 = VECTOR('',#677,1.);
#677 = DIRECTION('',(-0.,1.,0.));
#678 = ORIENTED_EDGE('',*,*,#679,.F.);
#679 = EDGE_CURVE('',#680,#672,#682,.T.);
#680 = VERTEX_POINT('',#681);
#681 = CARTESIAN_POINT('',(2.1182,0.8482,0.4064));
#682 = LINE('',#683,#684);
#683 = CARTESIAN_POINT('',(-0.4241,0.8482,0.4064));
#684 = VECTOR('',#685,1.);
#685 = DIRECTION('',(-1.,-0.,0.));
#686 = ORIENTED_EDGE('',*,*,#687,.F.);
#687 = EDGE_CURVE('',#662,#680,#688,.T.);
#688 = LINE('',#689,#690);
#689 = CARTESIAN_POINT('',(2.1182,-0.64635,0.4064));
#690 = VECTOR('',#691,1.);
#691 = DIRECTION('',(-0.,1.,0.));
#692 = PLANE('',#693);
#693 = AXIS2_PLACEMENT_3D('',#694,#695,#696);
#694 = CARTESIAN_POINT('',(-2.54,-1.7145,0.4064));
#695 = DIRECTION('',(0.,0.,1.));
#696 = DIRECTION('',(1.,0.,-0.));
#697 = ADVANCED_FACE('',(#698),#704,.T.);
#698 = FACE_BOUND('',#699,.T.);
#699 = EDGE_LOOP('',(#700,#701,#702,#703));
#700 = ORIENTED_EDGE('',*,*,#78,.F.);
#701 = ORIENTED_EDGE('',*,*,#414,.T.);
#702 = ORIENTED_EDGE('',*,*,#398,.T.);
#703 = ORIENTED_EDGE('',*,*,#94,.F.);
#704 = PLANE('',#705);
#705 = AXIS2_PLACEMENT_3D('',#706,#707,#708);
#706 = CARTESIAN_POINT('',(2.54,-1.7145,0.4064));
#707 = DIRECTION('',(1.,0.,-0.));
#708 = DIRECTION('',(0.,0.,1.));
#709 = ADVANCED_FACE('',(#710),#726,.T.);
#710 = FACE_BOUND('',#711,.T.);
#711 = EDGE_LOOP('',(#712,#718,#719,#725));
#712 = ORIENTED_EDGE('',*,*,#713,.F.);
#713 = EDGE_CURVE('',#424,#111,#714,.T.);
#714 = LINE('',#715,#716);
#715 = CARTESIAN_POINT('',(-1.6918,-0.8482,0.3964));
#716 = VECTOR('',#717,1.);
#717 = DIRECTION('',(0.,0.,1.));
#718 = ORIENTED_EDGE('',*,*,#423,.T.);
#719 = ORIENTED_EDGE('',*,*,#720,.T.);
#720 = EDGE_CURVE('',#426,#113,#721,.T.);
#721 = LINE('',#722,#723);
#722 = CARTESIAN_POINT('',(-2.1182,-0.8482,0.3964));
#723 = VECTOR('',#724,1.);
#724 = DIRECTION('',(0.,0.,1.));
#725 = ORIENTED_EDGE('',*,*,#110,.F.);
#726 = PLANE('',#727);
#727 = AXIS2_PLACEMENT_3D('',#728,#729,#730);
#728 = CARTESIAN_POINT('',(-2.1182,-0.8482,0.3964));
#729 = DIRECTION('',(-0.,1.,0.));
#730 = DIRECTION('',(0.,0.,1.));
#731 = ADVANCED_FACE('',(#732),#743,.F.);
#732 = FACE_BOUND('',#733,.F.);
#733 = EDGE_LOOP('',(#734,#735,#736,#742));
#734 = ORIENTED_EDGE('',*,*,#713,.F.);
#735 = ORIENTED_EDGE('',*,*,#449,.T.);
#736 = ORIENTED_EDGE('',*,*,#737,.T.);
#737 = EDGE_CURVE('',#442,#129,#738,.T.);
#738 = LINE('',#739,#740);
#739 = CARTESIAN_POINT('',(-1.6918,-0.4218,0.3964));
#740 = VECTOR('',#741,1.);
#741 = DIRECTION('',(0.,0.,1.));
#742 = ORIENTED_EDGE('',*,*,#136,.F.);
#743 = PLANE('',#744);
#744 = AXIS2_PLACEMENT_3D('',#745,#746,#747);
#745 = CARTESIAN_POINT('',(-1.6918,-0.8482,0.3964));
#746 = DIRECTION('',(1.,0.,-0.));
#747 = DIRECTION('',(0.,0.,1.));
#748 = ADVANCED_FACE('',(#749),#760,.F.);
#749 = FACE_BOUND('',#750,.F.);
#750 = EDGE_LOOP('',(#751,#752,#753,#759));
#751 = ORIENTED_EDGE('',*,*,#737,.F.);
#752 = ORIENTED_EDGE('',*,*,#441,.T.);
#753 = ORIENTED_EDGE('',*,*,#754,.T.);
#754 = EDGE_CURVE('',#434,#121,#755,.T.);
#755 = LINE('',#756,#757);
#756 = CARTESIAN_POINT('',(-2.1182,-0.4218,0.3964));
#757 = VECTOR('',#758,1.);
#758 = DIRECTION('',(0.,0.,1.));
#759 = ORIENTED_EDGE('',*,*,#128,.F.);
#760 = PLANE('',#761);
#761 = AXIS2_PLACEMENT_3D('',#762,#763,#764);
#762 = CARTESIAN_POINT('',(-2.1182,-0.4218,0.3964));
#763 = DIRECTION('',(-0.,1.,0.));
#764 = DIRECTION('',(0.,0.,1.));
#765 = ADVANCED_FACE('',(#766),#772,.T.);
#766 = FACE_BOUND('',#767,.T.);
#767 = EDGE_LOOP('',(#768,#769,#770,#771));
#768 = ORIENTED_EDGE('',*,*,#720,.F.);
#769 = ORIENTED_EDGE('',*,*,#433,.T.);
#770 = ORIENTED_EDGE('',*,*,#754,.T.);
#771 = ORIENTED_EDGE('',*,*,#120,.F.);
#772 = PLANE('',#773);
#773 = AXIS2_PLACEMENT_3D('',#774,#775,#776);
#774 = CARTESIAN_POINT('',(-2.1182,-0.8482,0.3964));
#775 = DIRECTION('',(1.,0.,-0.));
#776 = DIRECTION('',(0.,0.,1.));
#777 = ADVANCED_FACE('',(#778),#794,.T.);
#778 = FACE_BOUND('',#779,.T.);
#779 = EDGE_LOOP('',(#780,#786,#787,#793));
#780 = ORIENTED_EDGE('',*,*,#781,.F.);
#781 = EDGE_CURVE('',#458,#145,#782,.T.);
#782 = LINE('',#783,#784);
#783 = CARTESIAN_POINT('',(-0.4218,-0.8482,0.3964));
#784 = VECTOR('',#785,1.);
#785 = DIRECTION('',(0.,0.,1.));
#786 = ORIENTED_EDGE('',*,*,#457,.T.);
#787 = ORIENTED_EDGE('',*,*,#788,.T.);
#788 = EDGE_CURVE('',#460,#147,#789,.T.);
#789 = LINE('',#790,#791);
#790 = CARTESIAN_POINT('',(-0.8482,-0.8482,0.3964));
#791 = VECTOR('',#792,1.);
#792 = DIRECTION('',(0.,0.,1.));
#793 = ORIENTED_EDGE('',*,*,#144,.F.);
#794 = PLANE('',#795);
#795 = AXIS2_PLACEMENT_3D('',#796,#797,#798);
#796 = CARTESIAN_POINT('',(-0.8482,-0.8482,0.3964));
#797 = DIRECTION('',(-0.,1.,0.));
#798 = DIRECTION('',(0.,0.,1.));
#799 = ADVANCED_FACE('',(#800),#811,.F.);
#800 = FACE_BOUND('',#801,.F.);
#801 = EDGE_LOOP('',(#802,#803,#804,#810));
#802 = ORIENTED_EDGE('',*,*,#781,.F.);
#803 = ORIENTED_EDGE('',*,*,#483,.T.);
#804 = ORIENTED_EDGE('',*,*,#805,.T.);
#805 = EDGE_CURVE('',#476,#163,#806,.T.);
#806 = LINE('',#807,#808);
#807 = CARTESIAN_POINT('',(-0.4218,-0.4218,0.3964));
#808 = VECTOR('',#809,1.);
#809 = DIRECTION('',(0.,0.,1.));
#810 = ORIENTED_EDGE('',*,*,#170,.F.);
#811 = PLANE('',#812);
#812 = AXIS2_PLACEMENT_3D('',#813,#814,#815);
#813 = CARTESIAN_POINT('',(-0.4218,-0.8482,0.3964));
#814 = DIRECTION('',(1.,0.,-0.));
#815 = DIRECTION('',(0.,0.,1.));
#816 = ADVANCED_FACE('',(#817),#828,.F.);
#817 = FACE_BOUND('',#818,.F.);
#818 = EDGE_LOOP('',(#819,#820,#821,#827));
#819 = ORIENTED_EDGE('',*,*,#805,.F.);
#820 = ORIENTED_EDGE('',*,*,#475,.T.);
#821 = ORIENTED_EDGE('',*,*,#822,.T.);
#822 = EDGE_CURVE('',#468,#155,#823,.T.);
#823 = LINE('',#824,#825);
#824 = CARTESIAN_POINT('',(-0.8482,-0.4218,0.3964));
#825 = VECTOR('',#826,1.);
#826 = DIRECTION('',(0.,0.,1.));
#827 = ORIENTED_EDGE('',*,*,#162,.F.);
#828 = PLANE('',#829);
#829 = AXIS2_PLACEMENT_3D('',#830,#831,#832);
#830 = CARTESIAN_POINT('',(-0.8482,-0.4218,0.3964));
#831 = DIRECTION('',(-0.,1.,0.));
#832 = DIRECTION('',(0.,0.,1.));
#833 = ADVANCED_FACE('',(#834),#840,.T.);
#834 = FACE_BOUND('',#835,.T.);
#835 = EDGE_LOOP('',(#836,#837,#838,#839));
#836 = ORIENTED_EDGE('',*,*,#788,.F.);
#837 = ORIENTED_EDGE('',*,*,#467,.T.);
#838 = ORIENTED_EDGE('',*,*,#822,.T.);
#839 = ORIENTED_EDGE('',*,*,#154,.F.);
#840 = PLANE('',#841);
#841 = AXIS2_PLACEMENT_3D('',#842,#843,#844);
#842 = CARTESIAN_POINT('',(-0.8482,-0.8482,0.3964));
#843 = DIRECTION('',(1.,0.,-0.));
#844 = DIRECTION('',(0.,0.,1.));
#845 = ADVANCED_FACE('',(#846),#862,.T.);
#846 = FACE_BOUND('',#847,.T.);
#847 = EDGE_LOOP('',(#848,#854,#855,#861));
#848 = ORIENTED_EDGE('',*,*,#849,.F.);
#849 = EDGE_CURVE('',#492,#179,#850,.T.);
#850 = LINE('',#851,#852);
#851 = CARTESIAN_POINT('',(0.8482,-0.8482,0.3964));
#852 = VECTOR('',#853,1.);
#853 = DIRECTION('',(0.,0.,1.));
#854 = ORIENTED_EDGE('',*,*,#491,.T.);
#855 = ORIENTED_EDGE('',*,*,#856,.T.);
#856 = EDGE_CURVE('',#494,#181,#857,.T.);
#857 = LINE('',#858,#859);
#858 = CARTESIAN_POINT('',(0.4218,-0.8482,0.3964));
#859 = VECTOR('',#860,1.);
#860 = DIRECTION('',(0.,0.,1.));
#861 = ORIENTED_EDGE('',*,*,#178,.F.);
#862 = PLANE('',#863);
#863 = AXIS2_PLACEMENT_3D('',#864,#865,#866);
#864 = CARTESIAN_POINT('',(0.4218,-0.8482,0.3964));
#865 = DIRECTION('',(-0.,1.,0.));
#866 = DIRECTION('',(0.,0.,1.));
#867 = ADVANCED_FACE('',(#868),#879,.F.);
#868 = FACE_BOUND('',#869,.F.);
#869 = EDGE_LOOP('',(#870,#871,#872,#878));
#870 = ORIENTED_EDGE('',*,*,#849,.F.);
#871 = ORIENTED_EDGE('',*,*,#517,.T.);
#872 = ORIENTED_EDGE('',*,*,#873,.T.);
#873 = EDGE_CURVE('',#510,#197,#874,.T.);
#874 = LINE('',#875,#876);
#875 = CARTESIAN_POINT('',(0.8482,-0.4218,0.3964));
#876 = VECTOR('',#877,1.);
#877 = DIRECTION('',(0.,0.,1.));
#878 = ORIENTED_EDGE('',*,*,#204,.F.);
#879 = PLANE('',#880);
#880 = AXIS2_PLACEMENT_3D('',#881,#882,#883);
#881 = CARTESIAN_POINT('',(0.8482,-0.8482,0.3964));
#882 = DIRECTION('',(1.,0.,-0.));
#883 = DIRECTION('',(0.,0.,1.));
#884 = ADVANCED_FACE('',(#885),#896,.F.);
#885 = FACE_BOUND('',#886,.F.);
#886 = EDGE_LOOP('',(#887,#888,#889,#895));
#887 = ORIENTED_EDGE('',*,*,#873,.F.);
#888 = ORIENTED_EDGE('',*,*,#509,.T.);
#889 = ORIENTED_EDGE('',*,*,#890,.T.);
#890 = EDGE_CURVE('',#502,#189,#891,.T.);
#891 = LINE('',#892,#893);
#892 = CARTESIAN_POINT('',(0.4218,-0.4218,0.3964));
#893 = VECTOR('',#894,1.);
#894 = DIRECTION('',(0.,0.,1.));
#895 = ORIENTED_EDGE('',*,*,#196,.F.);
#896 = PLANE('',#897);
#897 = AXIS2_PLACEMENT_3D('',#898,#899,#900);
#898 = CARTESIAN_POINT('',(0.4218,-0.4218,0.3964));
#899 = DIRECTION('',(-0.,1.,0.));
#900 = DIRECTION('',(0.,0.,1.));
#901 = ADVANCED_FACE('',(#902),#908,.T.);
#902 = FACE_BOUND('',#903,.T.);
#903 = EDGE_LOOP('',(#904,#905,#906,#907));
#904 = ORIENTED_EDGE('',*,*,#856,.F.);
#905 = ORIENTED_EDGE('',*,*,#501,.T.);
#906 = ORIENTED_EDGE('',*,*,#890,.T.);
#907 = ORIENTED_EDGE('',*,*,#188,.F.);
#908 = PLANE('',#909);
#909 = AXIS2_PLACEMENT_3D('',#910,#911,#912);
#910 = CARTESIAN_POINT('',(0.4218,-0.8482,0.3964));
#911 = DIRECTION('',(1.,0.,-0.));
#912 = DIRECTION('',(0.,0.,1.));
#913 = ADVANCED_FACE('',(#914),#930,.T.);
#914 = FACE_BOUND('',#915,.T.);
#915 = EDGE_LOOP('',(#916,#922,#923,#929));
#916 = ORIENTED_EDGE('',*,*,#917,.F.);
#917 = EDGE_CURVE('',#526,#213,#918,.T.);
#918 = LINE('',#919,#920);
#919 = CARTESIAN_POINT('',(2.1182,-0.8482,0.3964));
#920 = VECTOR('',#921,1.);
#921 = DIRECTION('',(0.,0.,1.));
#922 = ORIENTED_EDGE('',*,*,#525,.T.);
#923 = ORIENTED_EDGE('',*,*,#924,.T.);
#924 = EDGE_CURVE('',#528,#215,#925,.T.);
#925 = LINE('',#926,#927);
#926 = CARTESIAN_POINT('',(1.6918,-0.8482,0.3964));
#927 = VECTOR('',#928,1.);
#928 = DIRECTION('',(0.,0.,1.));
#929 = ORIENTED_EDGE('',*,*,#212,.F.);
#930 = PLANE('',#931);
#931 = AXIS2_PLACEMENT_3D('',#932,#933,#934);
#932 = CARTESIAN_POINT('',(1.6918,-0.8482,0.3964));
#933 = DIRECTION('',(-0.,1.,0.));
#934 = DIRECTION('',(0.,0.,1.));
#935 = ADVANCED_FACE('',(#936),#947,.F.);
#936 = FACE_BOUND('',#937,.F.);
#937 = EDGE_LOOP('',(#938,#939,#940,#946));
#938 = ORIENTED_EDGE('',*,*,#917,.F.);
#939 = ORIENTED_EDGE('',*,*,#551,.T.);
#940 = ORIENTED_EDGE('',*,*,#941,.T.);
#941 = EDGE_CURVE('',#544,#231,#942,.T.);
#942 = LINE('',#943,#944);
#943 = CARTESIAN_POINT('',(2.1182,-0.4218,0.3964));
#944 = VECTOR('',#945,1.);
#945 = DIRECTION('',(0.,0.,1.));
#946 = ORIENTED_EDGE('',*,*,#238,.F.);
#947 = PLANE('',#948);
#948 = AXIS2_PLACEMENT_3D('',#949,#950,#951);
#949 = CARTESIAN_POINT('',(2.1182,-0.8482,0.3964));
#950 = DIRECTION('',(1.,0.,-0.));
#951 = DIRECTION('',(0.,0.,1.));
#952 = ADVANCED_FACE('',(#953),#964,.F.);
#953 = FACE_BOUND('',#954,.F.);
#954 = EDGE_LOOP('',(#955,#956,#957,#963));
#955 = ORIENTED_EDGE('',*,*,#941,.F.);
#956 = ORIENTED_EDGE('',*,*,#543,.T.);
#957 = ORIENTED_EDGE('',*,*,#958,.T.);
#958 = EDGE_CURVE('',#536,#223,#959,.T.);
#959 = LINE('',#960,#961);
#960 = CARTESIAN_POINT('',(1.6918,-0.4218,0.3964));
#961 = VECTOR('',#962,1.);
#962 = DIRECTION('',(0.,0.,1.));
#963 = ORIENTED_EDGE('',*,*,#230,.F.);
#964 = PLANE('',#965);
#965 = AXIS2_PLACEMENT_3D('',#966,#967,#968);
#966 = CARTESIAN_POINT('',(1.6918,-0.4218,0.3964));
#967 = DIRECTION('',(-0.,1.,0.));
#968 = DIRECTION('',(0.,0.,1.));
#969 = ADVANCED_FACE('',(#970),#976,.T.);
#970 = FACE_BOUND('',#971,.T.);
#971 = EDGE_LOOP('',(#972,#973,#974,#975));
#972 = ORIENTED_EDGE('',*,*,#924,.F.);
#973 = ORIENTED_EDGE('',*,*,#535,.T.);
#974 = ORIENTED_EDGE('',*,*,#958,.T.);
#975 = ORIENTED_EDGE('',*,*,#222,.F.);
#976 = PLANE('',#977);
#977 = AXIS2_PLACEMENT_3D('',#978,#979,#980);
#978 = CARTESIAN_POINT('',(1.6918,-0.8482,0.3964));
#979 = DIRECTION('',(1.,0.,-0.));
#980 = DIRECTION('',(0.,0.,1.));
#981 = ADVANCED_FACE('',(#982),#998,.T.);
#982 = FACE_BOUND('',#983,.T.);
#983 = EDGE_LOOP('',(#984,#990,#991,#997));
#984 = ORIENTED_EDGE('',*,*,#985,.F.);
#985 = EDGE_CURVE('',#560,#247,#986,.T.);
#986 = LINE('',#987,#988);
#987 = CARTESIAN_POINT('',(-1.6918,0.4218,0.3964));
#988 = VECTOR('',#989,1.);
#989 = DIRECTION('',(0.,0.,1.));
#990 = ORIENTED_EDGE('',*,*,#559,.T.);
#991 = ORIENTED_EDGE('',*,*,#992,.T.);
#992 = EDGE_CURVE('',#562,#249,#993,.T.);
#993 = LINE('',#994,#995);
#994 = CARTESIAN_POINT('',(-2.1182,0.4218,0.3964));
#995 = VECTOR('',#996,1.);
#996 = DIRECTION('',(0.,0.,1.));
#997 = ORIENTED_EDGE('',*,*,#246,.F.);
#998 = PLANE('',#999);
#999 = AXIS2_PLACEMENT_3D('',#1000,#1001,#1002);
#1000 = CARTESIAN_POINT('',(-2.1182,0.4218,0.3964));
#1001 = DIRECTION('',(-0.,1.,0.));
#1002 = DIRECTION('',(0.,0.,1.));
#1003 = ADVANCED_FACE('',(#1004),#1015,.F.);
#1004 = FACE_BOUND('',#1005,.F.);
#1005 = EDGE_LOOP('',(#1006,#1007,#1008,#1014));
#1006 = ORIENTED_EDGE('',*,*,#985,.F.);
#1007 = ORIENTED_EDGE('',*,*,#585,.T.);
#1008 = ORIENTED_EDGE('',*,*,#1009,.T.);
#1009 = EDGE_CURVE('',#578,#265,#1010,.T.);
#1010 = LINE('',#1011,#1012);
#1011 = CARTESIAN_POINT('',(-1.6918,0.8482,0.3964));
#1012 = VECTOR('',#1013,1.);
#1013 = DIRECTION('',(0.,0.,1.));
#1014 = ORIENTED_EDGE('',*,*,#272,.F.);
#1015 = PLANE('',#1016);
#1016 = AXIS2_PLACEMENT_3D('',#1017,#1018,#1019);
#1017 = CARTESIAN_POINT('',(-1.6918,0.4218,0.3964));
#1018 = DIRECTION('',(1.,0.,-0.));
#1019 = DIRECTION('',(0.,0.,1.));
#1020 = ADVANCED_FACE('',(#1021),#1032,.F.);
#1021 = FACE_BOUND('',#1022,.F.);
#1022 = EDGE_LOOP('',(#1023,#1024,#1025,#1031));
#1023 = ORIENTED_EDGE('',*,*,#1009,.F.);
#1024 = ORIENTED_EDGE('',*,*,#577,.T.);
#1025 = ORIENTED_EDGE('',*,*,#1026,.T.);
#1026 = EDGE_CURVE('',#570,#257,#1027,.T.);
#1027 = LINE('',#1028,#1029);
#1028 = CARTESIAN_POINT('',(-2.1182,0.8482,0.3964));
#1029 = VECTOR('',#1030,1.);
#1030 = DIRECTION('',(0.,0.,1.));
#1031 = ORIENTED_EDGE('',*,*,#264,.F.);
#1032 = PLANE('',#1033);
#1033 = AXIS2_PLACEMENT_3D('',#1034,#1035,#1036);
#1034 = CARTESIAN_POINT('',(-2.1182,0.8482,0.3964));
#1035 = DIRECTION('',(-0.,1.,0.));
#1036 = DIRECTION('',(0.,0.,1.));
#1037 = ADVANCED_FACE('',(#1038),#1044,.T.);
#1038 = FACE_BOUND('',#1039,.T.);
#1039 = EDGE_LOOP('',(#1040,#1041,#1042,#1043));
#1040 = ORIENTED_EDGE('',*,*,#992,.F.);
#1041 = ORIENTED_EDGE('',*,*,#569,.T.);
#1042 = ORIENTED_EDGE('',*,*,#1026,.T.);
#1043 = ORIENTED_EDGE('',*,*,#256,.F.);
#1044 = PLANE('',#1045);
#1045 = AXIS2_PLACEMENT_3D('',#1046,#1047,#1048);
#1046 = CARTESIAN_POINT('',(-2.1182,0.4218,0.3964));
#1047 = DIRECTION('',(1.,0.,-0.));
#1048 = DIRECTION('',(0.,0.,1.));
#1049 = ADVANCED_FACE('',(#1050),#1066,.T.);
#1050 = FACE_BOUND('',#1051,.T.);
#1051 = EDGE_LOOP('',(#1052,#1058,#1059,#1065));
#1052 = ORIENTED_EDGE('',*,*,#1053,.F.);
#1053 = EDGE_CURVE('',#594,#281,#1054,.T.);
#1054 = LINE('',#1055,#1056);
#1055 = CARTESIAN_POINT('',(-0.4218,0.4218,0.3964));
#1056 = VECTOR('',#1057,1.);
#1057 = DIRECTION('',(0.,0.,1.));
#1058 = ORIENTED_EDGE('',*,*,#593,.T.);
#1059 = ORIENTED_EDGE('',*,*,#1060,.T.);
#1060 = EDGE_CURVE('',#596,#283,#1061,.T.);
#1061 = LINE('',#1062,#1063);
#1062 = CARTESIAN_POINT('',(-0.8482,0.4218,0.3964));
#1063 = VECTOR('',#1064,1.);
#1064 = DIRECTION('',(0.,0.,1.));
#1065 = ORIENTED_EDGE('',*,*,#280,.F.);
#1066 = PLANE('',#1067);
#1067 = AXIS2_PLACEMENT_3D('',#1068,#1069,#1070);
#1068 = CARTESIAN_POINT('',(-0.8482,0.4218,0.3964));
#1069 = DIRECTION('',(-0.,1.,0.));
#1070 = DIRECTION('',(0.,0.,1.));
#1071 = ADVANCED_FACE('',(#1072),#1083,.F.);
#1072 = FACE_BOUND('',#1073,.F.);
#1073 = EDGE_LOOP('',(#1074,#1075,#1076,#1082));
#1074 = ORIENTED_EDGE('',*,*,#1053,.F.);
#1075 = ORIENTED_EDGE('',*,*,#619,.T.);
#1076 = ORIENTED_EDGE('',*,*,#1077,.T.);
#1077 = EDGE_CURVE('',#612,#299,#1078,.T.);
#1078 = LINE('',#1079,#1080);
#1079 = CARTESIAN_POINT('',(-0.4218,0.8482,0.3964));
#1080 = VECTOR('',#1081,1.);
#1081 = DIRECTION('',(0.,0.,1.));
#1082 = ORIENTED_EDGE('',*,*,#306,.F.);
#1083 = PLANE('',#1084);
#1084 = AXIS2_PLACEMENT_3D('',#1085,#1086,#1087);
#1085 = CARTESIAN_POINT('',(-0.4218,0.4218,0.3964));
#1086 = DIRECTION('',(1.,0.,-0.));
#1087 = DIRECTION('',(0.,0.,1.));
#1088 = ADVANCED_FACE('',(#1089),#1100,.F.);
#1089 = FACE_BOUND('',#1090,.F.);
#1090 = EDGE_LOOP('',(#1091,#1092,#1093,#1099));
#1091 = ORIENTED_EDGE('',*,*,#1077,.F.);
#1092 = ORIENTED_EDGE('',*,*,#611,.T.);
#1093 = ORIENTED_EDGE('',*,*,#1094,.T.);
#1094 = EDGE_CURVE('',#604,#291,#1095,.T.);
#1095 = LINE('',#1096,#1097);
#1096 = CARTESIAN_POINT('',(-0.8482,0.8482,0.3964));
#1097 = VECTOR('',#1098,1.);
#1098 = DIRECTION('',(0.,0.,1.));
#1099 = ORIENTED_EDGE('',*,*,#298,.F.);
#1100 = PLANE('',#1101);
#1101 = AXIS2_PLACEMENT_3D('',#1102,#1103,#1104);
#1102 = CARTESIAN_POINT('',(-0.8482,0.8482,0.3964));
#1103 = DIRECTION('',(-0.,1.,0.));
#1104 = DIRECTION('',(0.,0.,1.));
#1105 = ADVANCED_FACE('',(#1106),#1112,.T.);
#1106 = FACE_BOUND('',#1107,.T.);
#1107 = EDGE_LOOP('',(#1108,#1109,#1110,#1111));
#1108 = ORIENTED_EDGE('',*,*,#1060,.F.);
#1109 = ORIENTED_EDGE('',*,*,#603,.T.);
#1110 = ORIENTED_EDGE('',*,*,#1094,.T.);
#1111 = ORIENTED_EDGE('',*,*,#290,.F.);
#1112 = PLANE('',#1113);
#1113 = AXIS2_PLACEMENT_3D('',#1114,#1115,#1116);
#1114 = CARTESIAN_POINT('',(-0.8482,0.4218,0.3964));
#1115 = DIRECTION('',(1.,0.,-0.));
#1116 = DIRECTION('',(0.,0.,1.));
#1117 = ADVANCED_FACE('',(#1118),#1134,.T.);
#1118 = FACE_BOUND('',#1119,.T.);
#1119 = EDGE_LOOP('',(#1120,#1126,#1127,#1133));
#1120 = ORIENTED_EDGE('',*,*,#1121,.F.);
#1121 = EDGE_CURVE('',#628,#315,#1122,.T.);
#1122 = LINE('',#1123,#1124);
#1123 = CARTESIAN_POINT('',(0.8482,0.4218,0.3964));
#1124 = VECTOR('',#1125,1.);
#1125 = DIRECTION('',(0.,0.,1.));
#1126 = ORIENTED_EDGE('',*,*,#627,.T.);
#1127 = ORIENTED_EDGE('',*,*,#1128,.T.);
#1128 = EDGE_CURVE('',#630,#317,#1129,.T.);
#1129 = LINE('',#1130,#1131);
#1130 = CARTESIAN_POINT('',(0.4218,0.4218,0.3964));
#1131 = VECTOR('',#1132,1.);
#1132 = DIRECTION('',(0.,0.,1.));
#1133 = ORIENTED_EDGE('',*,*,#314,.F.);
#1134 = PLANE('',#1135);
#1135 = AXIS2_PLACEMENT_3D('',#1136,#1137,#1138);
#1136 = CARTESIAN_POINT('',(0.4218,0.4218,0.3964));
#1137 = DIRECTION('',(-0.,1.,0.));
#1138 = DIRECTION('',(0.,0.,1.));
#1139 = ADVANCED_FACE('',(#1140),#1151,.F.);
#1140 = FACE_BOUND('',#1141,.F.);
#1141 = EDGE_LOOP('',(#1142,#1143,#1144,#1150));
#1142 = ORIENTED_EDGE('',*,*,#1121,.F.);
#1143 = ORIENTED_EDGE('',*,*,#653,.T.);
#1144 = ORIENTED_EDGE('',*,*,#1145,.T.);
#1145 = EDGE_CURVE('',#646,#333,#1146,.T.);
#1146 = LINE('',#1147,#1148);
#1147 = CARTESIAN_POINT('',(0.8482,0.8482,0.3964));
#1148 = VECTOR('',#1149,1.);
#1149 = DIRECTION('',(0.,0.,1.));
#1150 = ORIENTED_EDGE('',*,*,#340,.F.);
#1151 = PLANE('',#1152);
#1152 = AXIS2_PLACEMENT_3D('',#1153,#1154,#1155);
#1153 = CARTESIAN_POINT('',(0.8482,0.4218,0.3964));
#1154 = DIRECTION('',(1.,0.,-0.));
#1155 = DIRECTION('',(0.,0.,1.));
#1156 = ADVANCED_FACE('',(#1157),#1168,.F.);
#1157 = FACE_BOUND('',#1158,.F.);
#1158 = EDGE_LOOP('',(#1159,#1160,#1161,#1167));
#1159 = ORIENTED_EDGE('',*,*,#1145,.F.);
#1160 = ORIENTED_EDGE('',*,*,#645,.T.);
#1161 = ORIENTED_EDGE('',*,*,#1162,.T.);
#1162 = EDGE_CURVE('',#638,#325,#1163,.T.);
#1163 = LINE('',#1164,#1165);
#1164 = CARTESIAN_POINT('',(0.4218,0.8482,0.3964));
#1165 = VECTOR('',#1166,1.);
#1166 = DIRECTION('',(0.,0.,1.));
#1167 = ORIENTED_EDGE('',*,*,#332,.F.);
#1168 = PLANE('',#1169);
#1169 = AXIS2_PLACEMENT_3D('',#1170,#1171,#1172);
#1170 = CARTESIAN_POINT('',(0.4218,0.8482,0.3964));
#1171 = DIRECTION('',(-0.,1.,0.));
#1172 = DIRECTION('',(0.,0.,1.));
#1173 = ADVANCED_FACE('',(#1174),#1180,.T.);
#1174 = FACE_BOUND('',#1175,.T.);
#1175 = EDGE_LOOP('',(#1176,#1177,#1178,#1179));
#1176 = ORIENTED_EDGE('',*,*,#1128,.F.);
#1177 = ORIENTED_EDGE('',*,*,#637,.T.);
#1178 = ORIENTED_EDGE('',*,*,#1162,.T.);
#1179 = ORIENTED_EDGE('',*,*,#324,.F.);
#1180 = PLANE('',#1181);
#1181 = AXIS2_PLACEMENT_3D('',#1182,#1183,#1184);
#1182 = CARTESIAN_POINT('',(0.4218,0.4218,0.3964));
#1183 = DIRECTION('',(1.,0.,-0.));
#1184 = DIRECTION('',(0.,0.,1.));
#1185 = ADVANCED_FACE('',(#1186),#1202,.T.);
#1186 = FACE_BOUND('',#1187,.T.);
#1187 = EDGE_LOOP('',(#1188,#1194,#1195,#1201));
#1188 = ORIENTED_EDGE('',*,*,#1189,.F.);
#1189 = EDGE_CURVE('',#662,#349,#1190,.T.);
#1190 = LINE('',#1191,#1192);
#1191 = CARTESIAN_POINT('',(2.1182,0.4218,0.3964));
#1192 = VECTOR('',#1193,1.);
#1193 = DIRECTION('',(0.,0.,1.));
#1194 = ORIENTED_EDGE('',*,*,#661,.T.);
#1195 = ORIENTED_EDGE('',*,*,#1196,.T.);
#1196 = EDGE_CURVE('',#664,#351,#1197,.T.);
#1197 = LINE('',#1198,#1199);
#1198 = CARTESIAN_POINT('',(1.6918,0.4218,0.3964));
#1199 = VECTOR('',#1200,1.);
#1200 = DIRECTION('',(0.,0.,1.));
#1201 = ORIENTED_EDGE('',*,*,#348,.F.);
#1202 = PLANE('',#1203);
#1203 = AXIS2_PLACEMENT_3D('',#1204,#1205,#1206);
#1204 = CARTESIAN_POINT('',(1.6918,0.4218,0.3964));
#1205 = DIRECTION('',(-0.,1.,0.));
#1206 = DIRECTION('',(0.,0.,1.));
#1207 = ADVANCED_FACE('',(#1208),#1219,.F.);
#1208 = FACE_BOUND('',#1209,.F.);
#1209 = EDGE_LOOP('',(#1210,#1211,#1212,#1218));
#1210 = ORIENTED_EDGE('',*,*,#1189,.F.);
#1211 = ORIENTED_EDGE('',*,*,#687,.T.);
#1212 = ORIENTED_EDGE('',*,*,#1213,.T.);
#1213 = EDGE_CURVE('',#680,#367,#1214,.T.);
#1214 = LINE('',#1215,#1216);
#1215 = CARTESIAN_POINT('',(2.1182,0.8482,0.3964));
#1216 = VECTOR('',#1217,1.);
#1217 = DIRECTION('',(0.,0.,1.));
#1218 = ORIENTED_EDGE('',*,*,#374,.F.);
#1219 = PLANE('',#1220);
#1220 = AXIS2_PLACEMENT_3D('',#1221,#1222,#1223);
#1221 = CARTESIAN_POINT('',(2.1182,0.4218,0.3964));
#1222 = DIRECTION('',(1.,0.,-0.));
#1223 = DIRECTION('',(0.,0.,1.));
#1224 = ADVANCED_FACE('',(#1225),#1236,.F.);
#1225 = FACE_BOUND('',#1226,.F.);
#1226 = EDGE_LOOP('',(#1227,#1228,#1229,#1235));
#1227 = ORIENTED_EDGE('',*,*,#1213,.F.);
#1228 = ORIENTED_EDGE('',*,*,#679,.T.);
#1229 = ORIENTED_EDGE('',*,*,#1230,.T.);
#1230 = EDGE_CURVE('',#672,#359,#1231,.T.);
#1231 = LINE('',#1232,#1233);
#1232 = CARTESIAN_POINT('',(1.6918,0.8482,0.3964));
#1233 = VECTOR('',#1234,1.);
#1234 = DIRECTION('',(0.,0.,1.));
#1235 = ORIENTED_EDGE('',*,*,#366,.F.);
#1236 = PLANE('',#1237);
#1237 = AXIS2_PLACEMENT_3D('',#1238,#1239,#1240);
#1238 = CARTESIAN_POINT('',(1.6918,0.8482,0.3964));
#1239 = DIRECTION('',(-0.,1.,0.));
#1240 = DIRECTION('',(0.,0.,1.));
#1241 = ADVANCED_FACE('',(#1242),#1248,.T.);
#1242 = FACE_BOUND('',#1243,.T.);
#1243 = EDGE_LOOP('',(#1244,#1245,#1246,#1247));
#1244 = ORIENTED_EDGE('',*,*,#1196,.F.);
#1245 = ORIENTED_EDGE('',*,*,#671,.T.);
#1246 = ORIENTED_EDGE('',*,*,#1230,.T.);
#1247 = ORIENTED_EDGE('',*,*,#358,.F.);
#1248 = PLANE('',#1249);
#1249 = AXIS2_PLACEMENT_3D('',#1250,#1251,#1252);
#1250 = CARTESIAN_POINT('',(1.6918,0.4218,0.3964));
#1251 = DIRECTION('',(1.,0.,-0.));
#1252 = DIRECTION('',(0.,0.,1.));
#1253 = MANIFOLD_SOLID_BREP('',#1254);
#1254 = CLOSED_SHELL('',(#1255,#1295,#1326,#1357,#1388,#1414,#1438,#1455
    ));
#1255 = ADVANCED_FACE('',(#1256),#1290,.T.);
#1256 = FACE_BOUND('',#1257,.T.);
#1257 = EDGE_LOOP('',(#1258,#1268,#1276,#1284));
#1258 = ORIENTED_EDGE('',*,*,#1259,.F.);
#1259 = EDGE_CURVE('',#1260,#1262,#1264,.T.);
#1260 = VERTEX_POINT('',#1261);
#1261 = CARTESIAN_POINT('',(-2.1082,-2.921,0.4064));
#1262 = VERTEX_POINT('',#1263);
#1263 = CARTESIAN_POINT('',(-2.1082,-0.8382,0.4064));
#1264 = LINE('',#1265,#1266);
#1265 = CARTESIAN_POINT('',(-2.1082,-2.921,0.4064));
#1266 = VECTOR('',#1267,1.);
#1267 = DIRECTION('',(-0.,1.,0.));
#1268 = ORIENTED_EDGE('',*,*,#1269,.T.);
#1269 = EDGE_CURVE('',#1260,#1270,#1272,.T.);
#1270 = VERTEX_POINT('',#1271);
#1271 = CARTESIAN_POINT('',(-1.7018,-2.921,0.4064));
#1272 = LINE('',#1273,#1274);
#1273 = CARTESIAN_POINT('',(-2.1082,-2.921,0.4064));
#1274 = VECTOR('',#1275,1.);
#1275 = DIRECTION('',(1.,0.,-0.));
#1276 = ORIENTED_EDGE('',*,*,#1277,.T.);
#1277 = EDGE_CURVE('',#1270,#1278,#1280,.T.);
#1278 = VERTEX_POINT('',#1279);
#1279 = CARTESIAN_POINT('',(-1.7018,-0.8382,0.4064));
#1280 = LINE('',#1281,#1282);
#1281 = CARTESIAN_POINT('',(-1.7018,-2.921,0.4064));
#1282 = VECTOR('',#1283,1.);
#1283 = DIRECTION('',(-0.,1.,0.));
#1284 = ORIENTED_EDGE('',*,*,#1285,.F.);
#1285 = EDGE_CURVE('',#1262,#1278,#1286,.T.);
#1286 = LINE('',#1287,#1288);
#1287 = CARTESIAN_POINT('',(-2.1082,-0.8382,0.4064));
#1288 = VECTOR('',#1289,1.);
#1289 = DIRECTION('',(1.,0.,-0.));
#1290 = PLANE('',#1291);
#1291 = AXIS2_PLACEMENT_3D('',#1292,#1293,#1294);
#1292 = CARTESIAN_POINT('',(-2.1082,-2.921,0.4064));
#1293 = DIRECTION('',(0.,0.,1.));
#1294 = DIRECTION('',(1.,0.,-0.));
#1295 = ADVANCED_FACE('',(#1296),#1321,.F.);
#1296 = FACE_BOUND('',#1297,.F.);
#1297 = EDGE_LOOP('',(#1298,#1308,#1314,#1315));
#1298 = ORIENTED_EDGE('',*,*,#1299,.F.);
#1299 = EDGE_CURVE('',#1300,#1302,#1304,.T.);
#1300 = VERTEX_POINT('',#1301);
#1301 = CARTESIAN_POINT('',(-2.1082,-2.921,0.));
#1302 = VERTEX_POINT('',#1303);
#1303 = CARTESIAN_POINT('',(-1.7018,-2.921,0.));
#1304 = LINE('',#1305,#1306);
#1305 = CARTESIAN_POINT('',(-2.1082,-2.921,0.));
#1306 = VECTOR('',#1307,1.);
#1307 = DIRECTION('',(1.,0.,-0.));
#1308 = ORIENTED_EDGE('',*,*,#1309,.T.);
#1309 = EDGE_CURVE('',#1300,#1260,#1310,.T.);
#1310 = LINE('',#1311,#1312);
#1311 = CARTESIAN_POINT('',(-2.1082,-2.921,0.));
#1312 = VECTOR('',#1313,1.);
#1313 = DIRECTION('',(0.,0.,1.));
#1314 = ORIENTED_EDGE('',*,*,#1269,.T.);
#1315 = ORIENTED_EDGE('',*,*,#1316,.F.);
#1316 = EDGE_CURVE('',#1302,#1270,#1317,.T.);
#1317 = LINE('',#1318,#1319);
#1318 = CARTESIAN_POINT('',(-1.7018,-2.921,0.));
#1319 = VECTOR('',#1320,1.);
#1320 = DIRECTION('',(0.,0.,1.));
#1321 = PLANE('',#1322);
#1322 = AXIS2_PLACEMENT_3D('',#1323,#1324,#1325);
#1323 = CARTESIAN_POINT('',(-2.1082,-2.921,0.));
#1324 = DIRECTION('',(-0.,1.,0.));
#1325 = DIRECTION('',(0.,0.,1.));
#1326 = ADVANCED_FACE('',(#1327),#1352,.F.);
#1327 = FACE_BOUND('',#1328,.F.);
#1328 = EDGE_LOOP('',(#1329,#1330,#1338,#1346));
#1329 = ORIENTED_EDGE('',*,*,#1285,.F.);
#1330 = ORIENTED_EDGE('',*,*,#1331,.T.);
#1331 = EDGE_CURVE('',#1262,#1332,#1334,.T.);
#1332 = VERTEX_POINT('',#1333);
#1333 = CARTESIAN_POINT('',(-2.1082,-0.8382,4.572));
#1334 = LINE('',#1335,#1336);
#1335 = CARTESIAN_POINT('',(-2.1082,-0.8382,0.));
#1336 = VECTOR('',#1337,1.);
#1337 = DIRECTION('',(0.,0.,1.));
#1338 = ORIENTED_EDGE('',*,*,#1339,.T.);
#1339 = EDGE_CURVE('',#1332,#1340,#1342,.T.);
#1340 = VERTEX_POINT('',#1341);
#1341 = CARTESIAN_POINT('',(-1.7018,-0.8382,4.572));
#1342 = LINE('',#1343,#1344);
#1343 = CARTESIAN_POINT('',(-2.1082,-0.8382,4.572));
#1344 = VECTOR('',#1345,1.);
#1345 = DIRECTION('',(1.,0.,-0.));
#1346 = ORIENTED_EDGE('',*,*,#1347,.F.);
#1347 = EDGE_CURVE('',#1278,#1340,#1348,.T.);
#1348 = LINE('',#1349,#1350);
#1349 = CARTESIAN_POINT('',(-1.7018,-0.8382,0.));
#1350 = VECTOR('',#1351,1.);
#1351 = DIRECTION('',(0.,0.,1.));
#1352 = PLANE('',#1353);
#1353 = AXIS2_PLACEMENT_3D('',#1354,#1355,#1356);
#1354 = CARTESIAN_POINT('',(-2.1082,-0.8382,0.));
#1355 = DIRECTION('',(-0.,1.,0.));
#1356 = DIRECTION('',(0.,0.,1.));
#1357 = ADVANCED_FACE('',(#1358),#1383,.T.);
#1358 = FACE_BOUND('',#1359,.T.);
#1359 = EDGE_LOOP('',(#1360,#1368,#1369,#1377));
#1360 = ORIENTED_EDGE('',*,*,#1361,.F.);
#1361 = EDGE_CURVE('',#1332,#1362,#1364,.T.);
#1362 = VERTEX_POINT('',#1363);
#1363 = CARTESIAN_POINT('',(-2.1082,-0.4318,4.572));
#1364 = LINE('',#1365,#1366);
#1365 = CARTESIAN_POINT('',(-2.1082,-0.8382,4.572));
#1366 = VECTOR('',#1367,1.);
#1367 = DIRECTION('',(-0.,1.,0.));
#1368 = ORIENTED_EDGE('',*,*,#1339,.T.);
#1369 = ORIENTED_EDGE('',*,*,#1370,.T.);
#1370 = EDGE_CURVE('',#1340,#1371,#1373,.T.);
#1371 = VERTEX_POINT('',#1372);
#1372 = CARTESIAN_POINT('',(-1.7018,-0.4318,4.572));
#1373 = LINE('',#1374,#1375);
#1374 = CARTESIAN_POINT('',(-1.7018,-0.8382,4.572));
#1375 = VECTOR('',#1376,1.);
#1376 = DIRECTION('',(-0.,1.,0.));
#1377 = ORIENTED_EDGE('',*,*,#1378,.F.);
#1378 = EDGE_CURVE('',#1362,#1371,#1379,.T.);
#1379 = LINE('',#1380,#1381);
#1380 = CARTESIAN_POINT('',(-2.1082,-0.4318,4.572));
#1381 = VECTOR('',#1382,1.);
#1382 = DIRECTION('',(1.,0.,-0.));
#1383 = PLANE('',#1384);
#1384 = AXIS2_PLACEMENT_3D('',#1385,#1386,#1387);
#1385 = CARTESIAN_POINT('',(-2.1082,-0.8382,4.572));
#1386 = DIRECTION('',(0.,0.,1.));
#1387 = DIRECTION('',(1.,0.,-0.));
#1388 = ADVANCED_FACE('',(#1389),#1409,.T.);
#1389 = FACE_BOUND('',#1390,.T.);
#1390 = EDGE_LOOP('',(#1391,#1399,#1400,#1401,#1402,#1403));
#1391 = ORIENTED_EDGE('',*,*,#1392,.F.);
#1392 = EDGE_CURVE('',#1300,#1393,#1395,.T.);
#1393 = VERTEX_POINT('',#1394);
#1394 = CARTESIAN_POINT('',(-2.1082,-0.4318,0.));
#1395 = LINE('',#1396,#1397);
#1396 = CARTESIAN_POINT('',(-2.1082,-0.8382,0.));
#1397 = VECTOR('',#1398,1.);
#1398 = DIRECTION('',(-0.,1.,0.));
#1399 = ORIENTED_EDGE('',*,*,#1309,.T.);
#1400 = ORIENTED_EDGE('',*,*,#1259,.T.);
#1401 = ORIENTED_EDGE('',*,*,#1331,.T.);
#1402 = ORIENTED_EDGE('',*,*,#1361,.T.);
#1403 = ORIENTED_EDGE('',*,*,#1404,.F.);
#1404 = EDGE_CURVE('',#1393,#1362,#1405,.T.);
#1405 = LINE('',#1406,#1407);
#1406 = CARTESIAN_POINT('',(-2.1082,-0.4318,0.));
#1407 = VECTOR('',#1408,1.);
#1408 = DIRECTION('',(0.,0.,1.));
#1409 = PLANE('',#1410);
#1410 = AXIS2_PLACEMENT_3D('',#1411,#1412,#1413);
#1411 = CARTESIAN_POINT('',(-2.1082,-1.062048920863,1.671648920863));
#1412 = DIRECTION('',(-1.,-0.,-0.));
#1413 = DIRECTION('',(0.,0.,-1.));
#1414 = ADVANCED_FACE('',(#1415),#1433,.T.);
#1415 = FACE_BOUND('',#1416,.T.);
#1416 = EDGE_LOOP('',(#1417,#1425,#1426,#1427));
#1417 = ORIENTED_EDGE('',*,*,#1418,.F.);
#1418 = EDGE_CURVE('',#1393,#1419,#1421,.T.);
#1419 = VERTEX_POINT('',#1420);
#1420 = CARTESIAN_POINT('',(-1.7018,-0.4318,0.));
#1421 = LINE('',#1422,#1423);
#1422 = CARTESIAN_POINT('',(-2.1082,-0.4318,0.));
#1423 = VECTOR('',#1424,1.);
#1424 = DIRECTION('',(1.,0.,-0.));
#1425 = ORIENTED_EDGE('',*,*,#1404,.T.);
#1426 = ORIENTED_EDGE('',*,*,#1378,.T.);
#1427 = ORIENTED_EDGE('',*,*,#1428,.F.);
#1428 = EDGE_CURVE('',#1419,#1371,#1429,.T.);
#1429 = LINE('',#1430,#1431);
#1430 = CARTESIAN_POINT('',(-1.7018,-0.4318,0.));
#1431 = VECTOR('',#1432,1.);
#1432 = DIRECTION('',(0.,0.,1.));
#1433 = PLANE('',#1434);
#1434 = AXIS2_PLACEMENT_3D('',#1435,#1436,#1437);
#1435 = CARTESIAN_POINT('',(-2.1082,-0.4318,0.));
#1436 = DIRECTION('',(-0.,1.,0.));
#1437 = DIRECTION('',(0.,0.,1.));
#1438 = ADVANCED_FACE('',(#1439),#1450,.T.);
#1439 = FACE_BOUND('',#1440,.T.);
#1440 = EDGE_LOOP('',(#1441,#1442,#1443,#1449));
#1441 = ORIENTED_EDGE('',*,*,#1392,.T.);
#1442 = ORIENTED_EDGE('',*,*,#1418,.T.);
#1443 = ORIENTED_EDGE('',*,*,#1444,.F.);
#1444 = EDGE_CURVE('',#1302,#1419,#1445,.T.);
#1445 = LINE('',#1446,#1447);
#1446 = CARTESIAN_POINT('',(-1.7018,-0.8382,0.));
#1447 = VECTOR('',#1448,1.);
#1448 = DIRECTION('',(-0.,1.,0.));
#1449 = ORIENTED_EDGE('',*,*,#1299,.F.);
#1450 = PLANE('',#1451);
#1451 = AXIS2_PLACEMENT_3D('',#1452,#1453,#1454);
#1452 = CARTESIAN_POINT('',(-1.905,-1.6764,0.));
#1453 = DIRECTION('',(-0.,-0.,-1.));
#1454 = DIRECTION('',(-1.,0.,0.));
#1455 = ADVANCED_FACE('',(#1456),#1464,.T.);
#1456 = FACE_BOUND('',#1457,.T.);
#1457 = EDGE_LOOP('',(#1458,#1459,#1460,#1461,#1462,#1463));
#1458 = ORIENTED_EDGE('',*,*,#1428,.T.);
#1459 = ORIENTED_EDGE('',*,*,#1370,.F.);
#1460 = ORIENTED_EDGE('',*,*,#1347,.F.);
#1461 = ORIENTED_EDGE('',*,*,#1277,.F.);
#1462 = ORIENTED_EDGE('',*,*,#1316,.F.);
#1463 = ORIENTED_EDGE('',*,*,#1444,.T.);
#1464 = PLANE('',#1465);
#1465 = AXIS2_PLACEMENT_3D('',#1466,#1467,#1468);
#1466 = CARTESIAN_POINT('',(-1.7018,-1.062048920863,1.671648920863));
#1467 = DIRECTION('',(1.,0.,0.));
#1468 = DIRECTION('',(-0.,0.,1.));
#1469 = MANIFOLD_SOLID_BREP('',#1470);
#1470 = CLOSED_SHELL('',(#1471,#1511,#1542,#1573,#1604,#1630,#1654,#1671
    ));
#1471 = ADVANCED_FACE('',(#1472),#1506,.T.);
#1472 = FACE_BOUND('',#1473,.T.);
#1473 = EDGE_LOOP('',(#1474,#1484,#1492,#1500));
#1474 = ORIENTED_EDGE('',*,*,#1475,.F.);
#1475 = EDGE_CURVE('',#1476,#1478,#1480,.T.);
#1476 = VERTEX_POINT('',#1477);
#1477 = CARTESIAN_POINT('',(-2.1082,0.4318,4.572));
#1478 = VERTEX_POINT('',#1479);
#1479 = CARTESIAN_POINT('',(-2.1082,0.8382,4.572));
#1480 = LINE('',#1481,#1482);
#1481 = CARTESIAN_POINT('',(-2.1082,0.4318,4.572));
#1482 = VECTOR('',#1483,1.);
#1483 = DIRECTION('',(-0.,1.,0.));
#1484 = ORIENTED_EDGE('',*,*,#1485,.T.);
#1485 = EDGE_CURVE('',#1476,#1486,#1488,.T.);
#1486 = VERTEX_POINT('',#1487);
#1487 = CARTESIAN_POINT('',(-1.7018,0.4318,4.572));
#1488 = LINE('',#1489,#1490);
#1489 = CARTESIAN_POINT('',(-2.1082,0.4318,4.572));
#1490 = VECTOR('',#1491,1.);
#1491 = DIRECTION('',(1.,0.,-0.));
#1492 = ORIENTED_EDGE('',*,*,#1493,.T.);
#1493 = EDGE_CURVE('',#1486,#1494,#1496,.T.);
#1494 = VERTEX_POINT('',#1495);
#1495 = CARTESIAN_POINT('',(-1.7018,0.8382,4.572));
#1496 = LINE('',#1497,#1498);
#1497 = CARTESIAN_POINT('',(-1.7018,0.4318,4.572));
#1498 = VECTOR('',#1499,1.);
#1499 = DIRECTION('',(-0.,1.,0.));
#1500 = ORIENTED_EDGE('',*,*,#1501,.F.);
#1501 = EDGE_CURVE('',#1478,#1494,#1502,.T.);
#1502 = LINE('',#1503,#1504);
#1503 = CARTESIAN_POINT('',(-2.1082,0.8382,4.572));
#1504 = VECTOR('',#1505,1.);
#1505 = DIRECTION('',(1.,0.,-0.));
#1506 = PLANE('',#1507);
#1507 = AXIS2_PLACEMENT_3D('',#1508,#1509,#1510);
#1508 = CARTESIAN_POINT('',(-2.1082,0.4318,4.572));
#1509 = DIRECTION('',(0.,0.,1.));
#1510 = DIRECTION('',(1.,0.,-0.));
#1511 = ADVANCED_FACE('',(#1512),#1537,.T.);
#1512 = FACE_BOUND('',#1513,.T.);
#1513 = EDGE_LOOP('',(#1514,#1524,#1530,#1531));
#1514 = ORIENTED_EDGE('',*,*,#1515,.F.);
#1515 = EDGE_CURVE('',#1516,#1518,#1520,.T.);
#1516 = VERTEX_POINT('',#1517);
#1517 = CARTESIAN_POINT('',(-2.1082,0.8382,0.4064));
#1518 = VERTEX_POINT('',#1519);
#1519 = CARTESIAN_POINT('',(-1.7018,0.8382,0.4064));
#1520 = LINE('',#1521,#1522);
#1521 = CARTESIAN_POINT('',(-2.1082,0.8382,0.4064));
#1522 = VECTOR('',#1523,1.);
#1523 = DIRECTION('',(1.,0.,-0.));
#1524 = ORIENTED_EDGE('',*,*,#1525,.T.);
#1525 = EDGE_CURVE('',#1516,#1478,#1526,.T.);
#1526 = LINE('',#1527,#1528);
#1527 = CARTESIAN_POINT('',(-2.1082,0.8382,0.));
#1528 = VECTOR('',#1529,1.);
#1529 = DIRECTION('',(0.,0.,1.));
#1530 = ORIENTED_EDGE('',*,*,#1501,.T.);
#1531 = ORIENTED_EDGE('',*,*,#1532,.F.);
#1532 = EDGE_CURVE('',#1518,#1494,#1533,.T.);
#1533 = LINE('',#1534,#1535);
#1534 = CARTESIAN_POINT('',(-1.7018,0.8382,0.));
#1535 = VECTOR('',#1536,1.);
#1536 = DIRECTION('',(0.,0.,1.));
#1537 = PLANE('',#1538);
#1538 = AXIS2_PLACEMENT_3D('',#1539,#1540,#1541);
#1539 = CARTESIAN_POINT('',(-2.1082,0.8382,0.));
#1540 = DIRECTION('',(-0.,1.,0.));
#1541 = DIRECTION('',(0.,0.,1.));
#1542 = ADVANCED_FACE('',(#1543),#1568,.T.);
#1543 = FACE_BOUND('',#1544,.T.);
#1544 = EDGE_LOOP('',(#1545,#1553,#1554,#1562));
#1545 = ORIENTED_EDGE('',*,*,#1546,.F.);
#1546 = EDGE_CURVE('',#1516,#1547,#1549,.T.);
#1547 = VERTEX_POINT('',#1548);
#1548 = CARTESIAN_POINT('',(-2.1082,2.921,0.4064));
#1549 = LINE('',#1550,#1551);
#1550 = CARTESIAN_POINT('',(-2.1082,0.4318,0.4064));
#1551 = VECTOR('',#1552,1.);
#1552 = DIRECTION('',(-0.,1.,0.));
#1553 = ORIENTED_EDGE('',*,*,#1515,.T.);
#1554 = ORIENTED_EDGE('',*,*,#1555,.T.);
#1555 = EDGE_CURVE('',#1518,#1556,#1558,.T.);
#1556 = VERTEX_POINT('',#1557);
#1557 = CARTESIAN_POINT('',(-1.7018,2.921,0.4064));
#1558 = LINE('',#1559,#1560);
#1559 = CARTESIAN_POINT('',(-1.7018,0.4318,0.4064));
#1560 = VECTOR('',#1561,1.);
#1561 = DIRECTION('',(-0.,1.,0.));
#1562 = ORIENTED_EDGE('',*,*,#1563,.F.);
#1563 = EDGE_CURVE('',#1547,#1556,#1564,.T.);
#1564 = LINE('',#1565,#1566);
#1565 = CARTESIAN_POINT('',(-2.1082,2.921,0.4064));
#1566 = VECTOR('',#1567,1.);
#1567 = DIRECTION('',(1.,0.,-0.));
#1568 = PLANE('',#1569);
#1569 = AXIS2_PLACEMENT_3D('',#1570,#1571,#1572);
#1570 = CARTESIAN_POINT('',(-2.1082,0.4318,0.4064));
#1571 = DIRECTION('',(0.,0.,1.));
#1572 = DIRECTION('',(1.,0.,-0.));
#1573 = ADVANCED_FACE('',(#1574),#1599,.T.);
#1574 = FACE_BOUND('',#1575,.T.);
#1575 = EDGE_LOOP('',(#1576,#1586,#1592,#1593));
#1576 = ORIENTED_EDGE('',*,*,#1577,.F.);
#1577 = EDGE_CURVE('',#1578,#1580,#1582,.T.);
#1578 = VERTEX_POINT('',#1579);
#1579 = CARTESIAN_POINT('',(-2.1082,2.921,0.));
#1580 = VERTEX_POINT('',#1581);
#1581 = CARTESIAN_POINT('',(-1.7018,2.921,0.));
#1582 = LINE('',#1583,#1584);
#1583 = CARTESIAN_POINT('',(-2.1082,2.921,0.));
#1584 = VECTOR('',#1585,1.);
#1585 = DIRECTION('',(1.,0.,-0.));
#1586 = ORIENTED_EDGE('',*,*,#1587,.T.);
#1587 = EDGE_CURVE('',#1578,#1547,#1588,.T.);
#1588 = LINE('',#1589,#1590);
#1589 = CARTESIAN_POINT('',(-2.1082,2.921,0.));
#1590 = VECTOR('',#1591,1.);
#1591 = DIRECTION('',(0.,0.,1.));
#1592 = ORIENTED_EDGE('',*,*,#1563,.T.);
#1593 = ORIENTED_EDGE('',*,*,#1594,.F.);
#1594 = EDGE_CURVE('',#1580,#1556,#1595,.T.);
#1595 = LINE('',#1596,#1597);
#1596 = CARTESIAN_POINT('',(-1.7018,2.921,0.));
#1597 = VECTOR('',#1598,1.);
#1598 = DIRECTION('',(0.,0.,1.));
#1599 = PLANE('',#1600);
#1600 = AXIS2_PLACEMENT_3D('',#1601,#1602,#1603);
#1601 = CARTESIAN_POINT('',(-2.1082,2.921,0.));
#1602 = DIRECTION('',(-0.,1.,0.));
#1603 = DIRECTION('',(0.,0.,1.));
#1604 = ADVANCED_FACE('',(#1605),#1625,.T.);
#1605 = FACE_BOUND('',#1606,.T.);
#1606 = EDGE_LOOP('',(#1607,#1615,#1616,#1617,#1618,#1619));
#1607 = ORIENTED_EDGE('',*,*,#1608,.T.);
#1608 = EDGE_CURVE('',#1609,#1476,#1611,.T.);
#1609 = VERTEX_POINT('',#1610);
#1610 = CARTESIAN_POINT('',(-2.1082,0.4318,0.));
#1611 = LINE('',#1612,#1613);
#1612 = CARTESIAN_POINT('',(-2.1082,0.4318,0.));
#1613 = VECTOR('',#1614,1.);
#1614 = DIRECTION('',(0.,0.,1.));
#1615 = ORIENTED_EDGE('',*,*,#1475,.T.);
#1616 = ORIENTED_EDGE('',*,*,#1525,.F.);
#1617 = ORIENTED_EDGE('',*,*,#1546,.T.);
#1618 = ORIENTED_EDGE('',*,*,#1587,.F.);
#1619 = ORIENTED_EDGE('',*,*,#1620,.F.);
#1620 = EDGE_CURVE('',#1609,#1578,#1621,.T.);
#1621 = LINE('',#1622,#1623);
#1622 = CARTESIAN_POINT('',(-2.1082,0.4318,0.));
#1623 = VECTOR('',#1624,1.);
#1624 = DIRECTION('',(-0.,1.,0.));
#1625 = PLANE('',#1626);
#1626 = AXIS2_PLACEMENT_3D('',#1627,#1628,#1629);
#1627 = CARTESIAN_POINT('',(-2.1082,1.062048920863,1.671648920863));
#1628 = DIRECTION('',(-1.,-0.,-0.));
#1629 = DIRECTION('',(0.,0.,-1.));
#1630 = ADVANCED_FACE('',(#1631),#1649,.F.);
#1631 = FACE_BOUND('',#1632,.T.);
#1632 = EDGE_LOOP('',(#1633,#1641,#1647,#1648));
#1633 = ORIENTED_EDGE('',*,*,#1634,.T.);
#1634 = EDGE_CURVE('',#1609,#1635,#1637,.T.);
#1635 = VERTEX_POINT('',#1636);
#1636 = CARTESIAN_POINT('',(-1.7018,0.4318,0.));
#1637 = LINE('',#1638,#1639);
#1638 = CARTESIAN_POINT('',(-2.1082,0.4318,0.));
#1639 = VECTOR('',#1640,1.);
#1640 = DIRECTION('',(1.,0.,-0.));
#1641 = ORIENTED_EDGE('',*,*,#1642,.T.);
#1642 = EDGE_CURVE('',#1635,#1486,#1643,.T.);
#1643 = LINE('',#1644,#1645);
#1644 = CARTESIAN_POINT('',(-1.7018,0.4318,0.));
#1645 = VECTOR('',#1646,1.);
#1646 = DIRECTION('',(0.,0.,1.));
#1647 = ORIENTED_EDGE('',*,*,#1485,.F.);
#1648 = ORIENTED_EDGE('',*,*,#1608,.F.);
#1649 = PLANE('',#1650);
#1650 = AXIS2_PLACEMENT_3D('',#1651,#1652,#1653);
#1651 = CARTESIAN_POINT('',(-2.1082,0.4318,0.));
#1652 = DIRECTION('',(-0.,1.,0.));
#1653 = DIRECTION('',(0.,0.,1.));
#1654 = ADVANCED_FACE('',(#1655),#1666,.T.);
#1655 = FACE_BOUND('',#1656,.T.);
#1656 = EDGE_LOOP('',(#1657,#1658,#1659,#1665));
#1657 = ORIENTED_EDGE('',*,*,#1620,.T.);
#1658 = ORIENTED_EDGE('',*,*,#1577,.T.);
#1659 = ORIENTED_EDGE('',*,*,#1660,.F.);
#1660 = EDGE_CURVE('',#1635,#1580,#1661,.T.);
#1661 = LINE('',#1662,#1663);
#1662 = CARTESIAN_POINT('',(-1.7018,0.4318,0.));
#1663 = VECTOR('',#1664,1.);
#1664 = DIRECTION('',(-0.,1.,0.));
#1665 = ORIENTED_EDGE('',*,*,#1634,.F.);
#1666 = PLANE('',#1667);
#1667 = AXIS2_PLACEMENT_3D('',#1668,#1669,#1670);
#1668 = CARTESIAN_POINT('',(-1.905,1.6764,0.));
#1669 = DIRECTION('',(-0.,-0.,-1.));
#1670 = DIRECTION('',(-1.,0.,0.));
#1671 = ADVANCED_FACE('',(#1672),#1680,.T.);
#1672 = FACE_BOUND('',#1673,.T.);
#1673 = EDGE_LOOP('',(#1674,#1675,#1676,#1677,#1678,#1679));
#1674 = ORIENTED_EDGE('',*,*,#1642,.F.);
#1675 = ORIENTED_EDGE('',*,*,#1660,.T.);
#1676 = ORIENTED_EDGE('',*,*,#1594,.T.);
#1677 = ORIENTED_EDGE('',*,*,#1555,.F.);
#1678 = ORIENTED_EDGE('',*,*,#1532,.T.);
#1679 = ORIENTED_EDGE('',*,*,#1493,.F.);
#1680 = PLANE('',#1681);
#1681 = AXIS2_PLACEMENT_3D('',#1682,#1683,#1684);
#1682 = CARTESIAN_POINT('',(-1.7018,1.062048920863,1.671648920863));
#1683 = DIRECTION('',(1.,0.,0.));
#1684 = DIRECTION('',(-0.,0.,1.));
#1685 = MANIFOLD_SOLID_BREP('',#1686);
#1686 = CLOSED_SHELL('',(#1687,#1727,#1758,#1789,#1820,#1846,#1870,#1887
    ));
#1687 = ADVANCED_FACE('',(#1688),#1722,.T.);
#1688 = FACE_BOUND('',#1689,.T.);
#1689 = EDGE_LOOP('',(#1690,#1700,#1708,#1716));
#1690 = ORIENTED_EDGE('',*,*,#1691,.F.);
#1691 = EDGE_CURVE('',#1692,#1694,#1696,.T.);
#1692 = VERTEX_POINT('',#1693);
#1693 = CARTESIAN_POINT('',(-0.8382,-2.921,0.4064));
#1694 = VERTEX_POINT('',#1695);
#1695 = CARTESIAN_POINT('',(-0.8382,-0.8382,0.4064));
#1696 = LINE('',#1697,#1698);
#1697 = CARTESIAN_POINT('',(-0.8382,-2.921,0.4064));
#1698 = VECTOR('',#1699,1.);
#1699 = DIRECTION('',(-0.,1.,0.));
#1700 = ORIENTED_EDGE('',*,*,#1701,.T.);
#1701 = EDGE_CURVE('',#1692,#1702,#1704,.T.);
#1702 = VERTEX_POINT('',#1703);
#1703 = CARTESIAN_POINT('',(-0.4318,-2.921,0.4064));
#1704 = LINE('',#1705,#1706);
#1705 = CARTESIAN_POINT('',(-0.8382,-2.921,0.4064));
#1706 = VECTOR('',#1707,1.);
#1707 = DIRECTION('',(1.,0.,-0.));
#1708 = ORIENTED_EDGE('',*,*,#1709,.T.);
#1709 = EDGE_CURVE('',#1702,#1710,#1712,.T.);
#1710 = VERTEX_POINT('',#1711);
#1711 = CARTESIAN_POINT('',(-0.4318,-0.8382,0.4064));
#1712 = LINE('',#1713,#1714);
#1713 = CARTESIAN_POINT('',(-0.4318,-2.921,0.4064));
#1714 = VECTOR('',#1715,1.);
#1715 = DIRECTION('',(-0.,1.,0.));
#1716 = ORIENTED_EDGE('',*,*,#1717,.F.);
#1717 = EDGE_CURVE('',#1694,#1710,#1718,.T.);
#1718 = LINE('',#1719,#1720);
#1719 = CARTESIAN_POINT('',(-0.8382,-0.8382,0.4064));
#1720 = VECTOR('',#1721,1.);
#1721 = DIRECTION('',(1.,0.,-0.));
#1722 = PLANE('',#1723);
#1723 = AXIS2_PLACEMENT_3D('',#1724,#1725,#1726);
#1724 = CARTESIAN_POINT('',(-0.8382,-2.921,0.4064));
#1725 = DIRECTION('',(0.,0.,1.));
#1726 = DIRECTION('',(1.,0.,-0.));
#1727 = ADVANCED_FACE('',(#1728),#1753,.F.);
#1728 = FACE_BOUND('',#1729,.F.);
#1729 = EDGE_LOOP('',(#1730,#1740,#1746,#1747));
#1730 = ORIENTED_EDGE('',*,*,#1731,.F.);
#1731 = EDGE_CURVE('',#1732,#1734,#1736,.T.);
#1732 = VERTEX_POINT('',#1733);
#1733 = CARTESIAN_POINT('',(-0.8382,-2.921,0.));
#1734 = VERTEX_POINT('',#1735);
#1735 = CARTESIAN_POINT('',(-0.4318,-2.921,0.));
#1736 = LINE('',#1737,#1738);
#1737 = CARTESIAN_POINT('',(-0.8382,-2.921,0.));
#1738 = VECTOR('',#1739,1.);
#1739 = DIRECTION('',(1.,0.,-0.));
#1740 = ORIENTED_EDGE('',*,*,#1741,.T.);
#1741 = EDGE_CURVE('',#1732,#1692,#1742,.T.);
#1742 = LINE('',#1743,#1744);
#1743 = CARTESIAN_POINT('',(-0.8382,-2.921,0.));
#1744 = VECTOR('',#1745,1.);
#1745 = DIRECTION('',(0.,0.,1.));
#1746 = ORIENTED_EDGE('',*,*,#1701,.T.);
#1747 = ORIENTED_EDGE('',*,*,#1748,.F.);
#1748 = EDGE_CURVE('',#1734,#1702,#1749,.T.);
#1749 = LINE('',#1750,#1751);
#1750 = CARTESIAN_POINT('',(-0.4318,-2.921,0.));
#1751 = VECTOR('',#1752,1.);
#1752 = DIRECTION('',(0.,0.,1.));
#1753 = PLANE('',#1754);
#1754 = AXIS2_PLACEMENT_3D('',#1755,#1756,#1757);
#1755 = CARTESIAN_POINT('',(-0.8382,-2.921,0.));
#1756 = DIRECTION('',(-0.,1.,0.));
#1757 = DIRECTION('',(0.,0.,1.));
#1758 = ADVANCED_FACE('',(#1759),#1784,.F.);
#1759 = FACE_BOUND('',#1760,.F.);
#1760 = EDGE_LOOP('',(#1761,#1762,#1770,#1778));
#1761 = ORIENTED_EDGE('',*,*,#1717,.F.);
#1762 = ORIENTED_EDGE('',*,*,#1763,.T.);
#1763 = EDGE_CURVE('',#1694,#1764,#1766,.T.);
#1764 = VERTEX_POINT('',#1765);
#1765 = CARTESIAN_POINT('',(-0.8382,-0.8382,4.572));
#1766 = LINE('',#1767,#1768);
#1767 = CARTESIAN_POINT('',(-0.8382,-0.8382,0.));
#1768 = VECTOR('',#1769,1.);
#1769 = DIRECTION('',(0.,0.,1.));
#1770 = ORIENTED_EDGE('',*,*,#1771,.T.);
#1771 = EDGE_CURVE('',#1764,#1772,#1774,.T.);
#1772 = VERTEX_POINT('',#1773);
#1773 = CARTESIAN_POINT('',(-0.4318,-0.8382,4.572));
#1774 = LINE('',#1775,#1776);
#1775 = CARTESIAN_POINT('',(-0.8382,-0.8382,4.572));
#1776 = VECTOR('',#1777,1.);
#1777 = DIRECTION('',(1.,0.,-0.));
#1778 = ORIENTED_EDGE('',*,*,#1779,.F.);
#1779 = EDGE_CURVE('',#1710,#1772,#1780,.T.);
#1780 = LINE('',#1781,#1782);
#1781 = CARTESIAN_POINT('',(-0.4318,-0.8382,0.));
#1782 = VECTOR('',#1783,1.);
#1783 = DIRECTION('',(0.,0.,1.));
#1784 = PLANE('',#1785);
#1785 = AXIS2_PLACEMENT_3D('',#1786,#1787,#1788);
#1786 = CARTESIAN_POINT('',(-0.8382,-0.8382,0.));
#1787 = DIRECTION('',(-0.,1.,0.));
#1788 = DIRECTION('',(0.,0.,1.));
#1789 = ADVANCED_FACE('',(#1790),#1815,.T.);
#1790 = FACE_BOUND('',#1791,.T.);
#1791 = EDGE_LOOP('',(#1792,#1800,#1801,#1809));
#1792 = ORIENTED_EDGE('',*,*,#1793,.F.);
#1793 = EDGE_CURVE('',#1764,#1794,#1796,.T.);
#1794 = VERTEX_POINT('',#1795);
#1795 = CARTESIAN_POINT('',(-0.8382,-0.4318,4.572));
#1796 = LINE('',#1797,#1798);
#1797 = CARTESIAN_POINT('',(-0.8382,-0.8382,4.572));
#1798 = VECTOR('',#1799,1.);
#1799 = DIRECTION('',(-0.,1.,0.));
#1800 = ORIENTED_EDGE('',*,*,#1771,.T.);
#1801 = ORIENTED_EDGE('',*,*,#1802,.T.);
#1802 = EDGE_CURVE('',#1772,#1803,#1805,.T.);
#1803 = VERTEX_POINT('',#1804);
#1804 = CARTESIAN_POINT('',(-0.4318,-0.4318,4.572));
#1805 = LINE('',#1806,#1807);
#1806 = CARTESIAN_POINT('',(-0.4318,-0.8382,4.572));
#1807 = VECTOR('',#1808,1.);
#1808 = DIRECTION('',(-0.,1.,0.));
#1809 = ORIENTED_EDGE('',*,*,#1810,.F.);
#1810 = EDGE_CURVE('',#1794,#1803,#1811,.T.);
#1811 = LINE('',#1812,#1813);
#1812 = CARTESIAN_POINT('',(-0.8382,-0.4318,4.572));
#1813 = VECTOR('',#1814,1.);
#1814 = DIRECTION('',(1.,0.,-0.));
#1815 = PLANE('',#1816);
#1816 = AXIS2_PLACEMENT_3D('',#1817,#1818,#1819);
#1817 = CARTESIAN_POINT('',(-0.8382,-0.8382,4.572));
#1818 = DIRECTION('',(0.,0.,1.));
#1819 = DIRECTION('',(1.,0.,-0.));
#1820 = ADVANCED_FACE('',(#1821),#1841,.T.);
#1821 = FACE_BOUND('',#1822,.T.);
#1822 = EDGE_LOOP('',(#1823,#1831,#1832,#1833,#1834,#1835));
#1823 = ORIENTED_EDGE('',*,*,#1824,.F.);
#1824 = EDGE_CURVE('',#1732,#1825,#1827,.T.);
#1825 = VERTEX_POINT('',#1826);
#1826 = CARTESIAN_POINT('',(-0.8382,-0.4318,0.));
#1827 = LINE('',#1828,#1829);
#1828 = CARTESIAN_POINT('',(-0.8382,-0.8382,0.));
#1829 = VECTOR('',#1830,1.);
#1830 = DIRECTION('',(-0.,1.,0.));
#1831 = ORIENTED_EDGE('',*,*,#1741,.T.);
#1832 = ORIENTED_EDGE('',*,*,#1691,.T.);
#1833 = ORIENTED_EDGE('',*,*,#1763,.T.);
#1834 = ORIENTED_EDGE('',*,*,#1793,.T.);
#1835 = ORIENTED_EDGE('',*,*,#1836,.F.);
#1836 = EDGE_CURVE('',#1825,#1794,#1837,.T.);
#1837 = LINE('',#1838,#1839);
#1838 = CARTESIAN_POINT('',(-0.8382,-0.4318,0.));
#1839 = VECTOR('',#1840,1.);
#1840 = DIRECTION('',(0.,0.,1.));
#1841 = PLANE('',#1842);
#1842 = AXIS2_PLACEMENT_3D('',#1843,#1844,#1845);
#1843 = CARTESIAN_POINT('',(-0.8382,-1.062048920863,1.671648920863));
#1844 = DIRECTION('',(-1.,-0.,-0.));
#1845 = DIRECTION('',(0.,0.,-1.));
#1846 = ADVANCED_FACE('',(#1847),#1865,.T.);
#1847 = FACE_BOUND('',#1848,.T.);
#1848 = EDGE_LOOP('',(#1849,#1857,#1858,#1859));
#1849 = ORIENTED_EDGE('',*,*,#1850,.F.);
#1850 = EDGE_CURVE('',#1825,#1851,#1853,.T.);
#1851 = VERTEX_POINT('',#1852);
#1852 = CARTESIAN_POINT('',(-0.4318,-0.4318,0.));
#1853 = LINE('',#1854,#1855);
#1854 = CARTESIAN_POINT('',(-0.8382,-0.4318,0.));
#1855 = VECTOR('',#1856,1.);
#1856 = DIRECTION('',(1.,0.,-0.));
#1857 = ORIENTED_EDGE('',*,*,#1836,.T.);
#1858 = ORIENTED_EDGE('',*,*,#1810,.T.);
#1859 = ORIENTED_EDGE('',*,*,#1860,.F.);
#1860 = EDGE_CURVE('',#1851,#1803,#1861,.T.);
#1861 = LINE('',#1862,#1863);
#1862 = CARTESIAN_POINT('',(-0.4318,-0.4318,0.));
#1863 = VECTOR('',#1864,1.);
#1864 = DIRECTION('',(0.,0.,1.));
#1865 = PLANE('',#1866);
#1866 = AXIS2_PLACEMENT_3D('',#1867,#1868,#1869);
#1867 = CARTESIAN_POINT('',(-0.8382,-0.4318,0.));
#1868 = DIRECTION('',(-0.,1.,0.));
#1869 = DIRECTION('',(0.,0.,1.));
#1870 = ADVANCED_FACE('',(#1871),#1882,.T.);
#1871 = FACE_BOUND('',#1872,.T.);
#1872 = EDGE_LOOP('',(#1873,#1874,#1875,#1881));
#1873 = ORIENTED_EDGE('',*,*,#1824,.T.);
#1874 = ORIENTED_EDGE('',*,*,#1850,.T.);
#1875 = ORIENTED_EDGE('',*,*,#1876,.F.);
#1876 = EDGE_CURVE('',#1734,#1851,#1877,.T.);
#1877 = LINE('',#1878,#1879);
#1878 = CARTESIAN_POINT('',(-0.4318,-0.8382,0.));
#1879 = VECTOR('',#1880,1.);
#1880 = DIRECTION('',(-0.,1.,0.));
#1881 = ORIENTED_EDGE('',*,*,#1731,.F.);
#1882 = PLANE('',#1883);
#1883 = AXIS2_PLACEMENT_3D('',#1884,#1885,#1886);
#1884 = CARTESIAN_POINT('',(-0.635,-1.6764,0.));
#1885 = DIRECTION('',(-0.,-0.,-1.));
#1886 = DIRECTION('',(-1.,0.,0.));
#1887 = ADVANCED_FACE('',(#1888),#1896,.T.);
#1888 = FACE_BOUND('',#1889,.T.);
#1889 = EDGE_LOOP('',(#1890,#1891,#1892,#1893,#1894,#1895));
#1890 = ORIENTED_EDGE('',*,*,#1860,.T.);
#1891 = ORIENTED_EDGE('',*,*,#1802,.F.);
#1892 = ORIENTED_EDGE('',*,*,#1779,.F.);
#1893 = ORIENTED_EDGE('',*,*,#1709,.F.);
#1894 = ORIENTED_EDGE('',*,*,#1748,.F.);
#1895 = ORIENTED_EDGE('',*,*,#1876,.T.);
#1896 = PLANE('',#1897);
#1897 = AXIS2_PLACEMENT_3D('',#1898,#1899,#1900);
#1898 = CARTESIAN_POINT('',(-0.4318,-1.062048920863,1.671648920863));
#1899 = DIRECTION('',(1.,0.,0.));
#1900 = DIRECTION('',(-0.,0.,1.));
#1901 = MANIFOLD_SOLID_BREP('',#1902);
#1902 = CLOSED_SHELL('',(#1903,#1943,#1974,#2005,#2036,#2062,#2086,#2103
    ));
#1903 = ADVANCED_FACE('',(#1904),#1938,.T.);
#1904 = FACE_BOUND('',#1905,.T.);
#1905 = EDGE_LOOP('',(#1906,#1916,#1924,#1932));
#1906 = ORIENTED_EDGE('',*,*,#1907,.F.);
#1907 = EDGE_CURVE('',#1908,#1910,#1912,.T.);
#1908 = VERTEX_POINT('',#1909);
#1909 = CARTESIAN_POINT('',(-0.8382,0.4318,4.572));
#1910 = VERTEX_POINT('',#1911);
#1911 = CARTESIAN_POINT('',(-0.8382,0.8382,4.572));
#1912 = LINE('',#1913,#1914);
#1913 = CARTESIAN_POINT('',(-0.8382,0.4318,4.572));
#1914 = VECTOR('',#1915,1.);
#1915 = DIRECTION('',(-0.,1.,0.));
#1916 = ORIENTED_EDGE('',*,*,#1917,.T.);
#1917 = EDGE_CURVE('',#1908,#1918,#1920,.T.);
#1918 = VERTEX_POINT('',#1919);
#1919 = CARTESIAN_POINT('',(-0.4318,0.4318,4.572));
#1920 = LINE('',#1921,#1922);
#1921 = CARTESIAN_POINT('',(-0.8382,0.4318,4.572));
#1922 = VECTOR('',#1923,1.);
#1923 = DIRECTION('',(1.,0.,-0.));
#1924 = ORIENTED_EDGE('',*,*,#1925,.T.);
#1925 = EDGE_CURVE('',#1918,#1926,#1928,.T.);
#1926 = VERTEX_POINT('',#1927);
#1927 = CARTESIAN_POINT('',(-0.4318,0.8382,4.572));
#1928 = LINE('',#1929,#1930);
#1929 = CARTESIAN_POINT('',(-0.4318,0.4318,4.572));
#1930 = VECTOR('',#1931,1.);
#1931 = DIRECTION('',(-0.,1.,0.));
#1932 = ORIENTED_EDGE('',*,*,#1933,.F.);
#1933 = EDGE_CURVE('',#1910,#1926,#1934,.T.);
#1934 = LINE('',#1935,#1936);
#1935 = CARTESIAN_POINT('',(-0.8382,0.8382,4.572));
#1936 = VECTOR('',#1937,1.);
#1937 = DIRECTION('',(1.,0.,-0.));
#1938 = PLANE('',#1939);
#1939 = AXIS2_PLACEMENT_3D('',#1940,#1941,#1942);
#1940 = CARTESIAN_POINT('',(-0.8382,0.4318,4.572));
#1941 = DIRECTION('',(0.,0.,1.));
#1942 = DIRECTION('',(1.,0.,-0.));
#1943 = ADVANCED_FACE('',(#1944),#1969,.T.);
#1944 = FACE_BOUND('',#1945,.T.);
#1945 = EDGE_LOOP('',(#1946,#1956,#1962,#1963));
#1946 = ORIENTED_EDGE('',*,*,#1947,.F.);
#1947 = EDGE_CURVE('',#1948,#1950,#1952,.T.);
#1948 = VERTEX_POINT('',#1949);
#1949 = CARTESIAN_POINT('',(-0.8382,0.8382,0.4064));
#1950 = VERTEX_POINT('',#1951);
#1951 = CARTESIAN_POINT('',(-0.4318,0.8382,0.4064));
#1952 = LINE('',#1953,#1954);
#1953 = CARTESIAN_POINT('',(-0.8382,0.8382,0.4064));
#1954 = VECTOR('',#1955,1.);
#1955 = DIRECTION('',(1.,0.,-0.));
#1956 = ORIENTED_EDGE('',*,*,#1957,.T.);
#1957 = EDGE_CURVE('',#1948,#1910,#1958,.T.);
#1958 = LINE('',#1959,#1960);
#1959 = CARTESIAN_POINT('',(-0.8382,0.8382,0.));
#1960 = VECTOR('',#1961,1.);
#1961 = DIRECTION('',(0.,0.,1.));
#1962 = ORIENTED_EDGE('',*,*,#1933,.T.);
#1963 = ORIENTED_EDGE('',*,*,#1964,.F.);
#1964 = EDGE_CURVE('',#1950,#1926,#1965,.T.);
#1965 = LINE('',#1966,#1967);
#1966 = CARTESIAN_POINT('',(-0.4318,0.8382,0.));
#1967 = VECTOR('',#1968,1.);
#1968 = DIRECTION('',(0.,0.,1.));
#1969 = PLANE('',#1970);
#1970 = AXIS2_PLACEMENT_3D('',#1971,#1972,#1973);
#1971 = CARTESIAN_POINT('',(-0.8382,0.8382,0.));
#1972 = DIRECTION('',(-0.,1.,0.));
#1973 = DIRECTION('',(0.,0.,1.));
#1974 = ADVANCED_FACE('',(#1975),#2000,.T.);
#1975 = FACE_BOUND('',#1976,.T.);
#1976 = EDGE_LOOP('',(#1977,#1985,#1986,#1994));
#1977 = ORIENTED_EDGE('',*,*,#1978,.F.);
#1978 = EDGE_CURVE('',#1948,#1979,#1981,.T.);
#1979 = VERTEX_POINT('',#1980);
#1980 = CARTESIAN_POINT('',(-0.8382,2.921,0.4064));
#1981 = LINE('',#1982,#1983);
#1982 = CARTESIAN_POINT('',(-0.8382,0.4318,0.4064));
#1983 = VECTOR('',#1984,1.);
#1984 = DIRECTION('',(-0.,1.,0.));
#1985 = ORIENTED_EDGE('',*,*,#1947,.T.);
#1986 = ORIENTED_EDGE('',*,*,#1987,.T.);
#1987 = EDGE_CURVE('',#1950,#1988,#1990,.T.);
#1988 = VERTEX_POINT('',#1989);
#1989 = CARTESIAN_POINT('',(-0.4318,2.921,0.4064));
#1990 = LINE('',#1991,#1992);
#1991 = CARTESIAN_POINT('',(-0.4318,0.4318,0.4064));
#1992 = VECTOR('',#1993,1.);
#1993 = DIRECTION('',(-0.,1.,0.));
#1994 = ORIENTED_EDGE('',*,*,#1995,.F.);
#1995 = EDGE_CURVE('',#1979,#1988,#1996,.T.);
#1996 = LINE('',#1997,#1998);
#1997 = CARTESIAN_POINT('',(-0.8382,2.921,0.4064));
#1998 = VECTOR('',#1999,1.);
#1999 = DIRECTION('',(1.,0.,-0.));
#2000 = PLANE('',#2001);
#2001 = AXIS2_PLACEMENT_3D('',#2002,#2003,#2004);
#2002 = CARTESIAN_POINT('',(-0.8382,0.4318,0.4064));
#2003 = DIRECTION('',(0.,0.,1.));
#2004 = DIRECTION('',(1.,0.,-0.));
#2005 = ADVANCED_FACE('',(#2006),#2031,.T.);
#2006 = FACE_BOUND('',#2007,.T.);
#2007 = EDGE_LOOP('',(#2008,#2018,#2024,#2025));
#2008 = ORIENTED_EDGE('',*,*,#2009,.F.);
#2009 = EDGE_CURVE('',#2010,#2012,#2014,.T.);
#2010 = VERTEX_POINT('',#2011);
#2011 = CARTESIAN_POINT('',(-0.8382,2.921,0.));
#2012 = VERTEX_POINT('',#2013);
#2013 = CARTESIAN_POINT('',(-0.4318,2.921,0.));
#2014 = LINE('',#2015,#2016);
#2015 = CARTESIAN_POINT('',(-0.8382,2.921,0.));
#2016 = VECTOR('',#2017,1.);
#2017 = DIRECTION('',(1.,0.,-0.));
#2018 = ORIENTED_EDGE('',*,*,#2019,.T.);
#2019 = EDGE_CURVE('',#2010,#1979,#2020,.T.);
#2020 = LINE('',#2021,#2022);
#2021 = CARTESIAN_POINT('',(-0.8382,2.921,0.));
#2022 = VECTOR('',#2023,1.);
#2023 = DIRECTION('',(0.,0.,1.));
#2024 = ORIENTED_EDGE('',*,*,#1995,.T.);
#2025 = ORIENTED_EDGE('',*,*,#2026,.F.);
#2026 = EDGE_CURVE('',#2012,#1988,#2027,.T.);
#2027 = LINE('',#2028,#2029);
#2028 = CARTESIAN_POINT('',(-0.4318,2.921,0.));
#2029 = VECTOR('',#2030,1.);
#2030 = DIRECTION('',(0.,0.,1.));
#2031 = PLANE('',#2032);
#2032 = AXIS2_PLACEMENT_3D('',#2033,#2034,#2035);
#2033 = CARTESIAN_POINT('',(-0.8382,2.921,0.));
#2034 = DIRECTION('',(-0.,1.,0.));
#2035 = DIRECTION('',(0.,0.,1.));
#2036 = ADVANCED_FACE('',(#2037),#2057,.T.);
#2037 = FACE_BOUND('',#2038,.T.);
#2038 = EDGE_LOOP('',(#2039,#2047,#2048,#2049,#2050,#2051));
#2039 = ORIENTED_EDGE('',*,*,#2040,.T.);
#2040 = EDGE_CURVE('',#2041,#1908,#2043,.T.);
#2041 = VERTEX_POINT('',#2042);
#2042 = CARTESIAN_POINT('',(-0.8382,0.4318,0.));
#2043 = LINE('',#2044,#2045);
#2044 = CARTESIAN_POINT('',(-0.8382,0.4318,0.));
#2045 = VECTOR('',#2046,1.);
#2046 = DIRECTION('',(0.,0.,1.));
#2047 = ORIENTED_EDGE('',*,*,#1907,.T.);
#2048 = ORIENTED_EDGE('',*,*,#1957,.F.);
#2049 = ORIENTED_EDGE('',*,*,#1978,.T.);
#2050 = ORIENTED_EDGE('',*,*,#2019,.F.);
#2051 = ORIENTED_EDGE('',*,*,#2052,.F.);
#2052 = EDGE_CURVE('',#2041,#2010,#2053,.T.);
#2053 = LINE('',#2054,#2055);
#2054 = CARTESIAN_POINT('',(-0.8382,0.4318,0.));
#2055 = VECTOR('',#2056,1.);
#2056 = DIRECTION('',(-0.,1.,0.));
#2057 = PLANE('',#2058);
#2058 = AXIS2_PLACEMENT_3D('',#2059,#2060,#2061);
#2059 = CARTESIAN_POINT('',(-0.8382,1.062048920863,1.671648920863));
#2060 = DIRECTION('',(-1.,-0.,-0.));
#2061 = DIRECTION('',(0.,0.,-1.));
#2062 = ADVANCED_FACE('',(#2063),#2081,.F.);
#2063 = FACE_BOUND('',#2064,.T.);
#2064 = EDGE_LOOP('',(#2065,#2073,#2079,#2080));
#2065 = ORIENTED_EDGE('',*,*,#2066,.T.);
#2066 = EDGE_CURVE('',#2041,#2067,#2069,.T.);
#2067 = VERTEX_POINT('',#2068);
#2068 = CARTESIAN_POINT('',(-0.4318,0.4318,0.));
#2069 = LINE('',#2070,#2071);
#2070 = CARTESIAN_POINT('',(-0.8382,0.4318,0.));
#2071 = VECTOR('',#2072,1.);
#2072 = DIRECTION('',(1.,0.,-0.));
#2073 = ORIENTED_EDGE('',*,*,#2074,.T.);
#2074 = EDGE_CURVE('',#2067,#1918,#2075,.T.);
#2075 = LINE('',#2076,#2077);
#2076 = CARTESIAN_POINT('',(-0.4318,0.4318,0.));
#2077 = VECTOR('',#2078,1.);
#2078 = DIRECTION('',(0.,0.,1.));
#2079 = ORIENTED_EDGE('',*,*,#1917,.F.);
#2080 = ORIENTED_EDGE('',*,*,#2040,.F.);
#2081 = PLANE('',#2082);
#2082 = AXIS2_PLACEMENT_3D('',#2083,#2084,#2085);
#2083 = CARTESIAN_POINT('',(-0.8382,0.4318,0.));
#2084 = DIRECTION('',(-0.,1.,0.));
#2085 = DIRECTION('',(0.,0.,1.));
#2086 = ADVANCED_FACE('',(#2087),#2098,.T.);
#2087 = FACE_BOUND('',#2088,.T.);
#2088 = EDGE_LOOP('',(#2089,#2090,#2091,#2097));
#2089 = ORIENTED_EDGE('',*,*,#2052,.T.);
#2090 = ORIENTED_EDGE('',*,*,#2009,.T.);
#2091 = ORIENTED_EDGE('',*,*,#2092,.F.);
#2092 = EDGE_CURVE('',#2067,#2012,#2093,.T.);
#2093 = LINE('',#2094,#2095);
#2094 = CARTESIAN_POINT('',(-0.4318,0.4318,0.));
#2095 = VECTOR('',#2096,1.);
#2096 = DIRECTION('',(-0.,1.,0.));
#2097 = ORIENTED_EDGE('',*,*,#2066,.F.);
#2098 = PLANE('',#2099);
#2099 = AXIS2_PLACEMENT_3D('',#2100,#2101,#2102);
#2100 = CARTESIAN_POINT('',(-0.635,1.6764,0.));
#2101 = DIRECTION('',(-0.,-0.,-1.));
#2102 = DIRECTION('',(-1.,0.,0.));
#2103 = ADVANCED_FACE('',(#2104),#2112,.T.);
#2104 = FACE_BOUND('',#2105,.T.);
#2105 = EDGE_LOOP('',(#2106,#2107,#2108,#2109,#2110,#2111));
#2106 = ORIENTED_EDGE('',*,*,#2074,.F.);
#2107 = ORIENTED_EDGE('',*,*,#2092,.T.);
#2108 = ORIENTED_EDGE('',*,*,#2026,.T.);
#2109 = ORIENTED_EDGE('',*,*,#1987,.F.);
#2110 = ORIENTED_EDGE('',*,*,#1964,.T.);
#2111 = ORIENTED_EDGE('',*,*,#1925,.F.);
#2112 = PLANE('',#2113);
#2113 = AXIS2_PLACEMENT_3D('',#2114,#2115,#2116);
#2114 = CARTESIAN_POINT('',(-0.4318,1.062048920863,1.671648920863));
#2115 = DIRECTION('',(1.,0.,0.));
#2116 = DIRECTION('',(-0.,0.,1.));
#2117 = MANIFOLD_SOLID_BREP('',#2118);
#2118 = CLOSED_SHELL('',(#2119,#2159,#2190,#2221,#2252,#2278,#2302,#2319
    ));
#2119 = ADVANCED_FACE('',(#2120),#2154,.T.);
#2120 = FACE_BOUND('',#2121,.T.);
#2121 = EDGE_LOOP('',(#2122,#2132,#2140,#2148));
#2122 = ORIENTED_EDGE('',*,*,#2123,.F.);
#2123 = EDGE_CURVE('',#2124,#2126,#2128,.T.);
#2124 = VERTEX_POINT('',#2125);
#2125 = CARTESIAN_POINT('',(0.4318,-2.921,0.4064));
#2126 = VERTEX_POINT('',#2127);
#2127 = CARTESIAN_POINT('',(0.4318,-0.8382,0.4064));
#2128 = LINE('',#2129,#2130);
#2129 = CARTESIAN_POINT('',(0.4318,-2.921,0.4064));
#2130 = VECTOR('',#2131,1.);
#2131 = DIRECTION('',(-0.,1.,0.));
#2132 = ORIENTED_EDGE('',*,*,#2133,.T.);
#2133 = EDGE_CURVE('',#2124,#2134,#2136,.T.);
#2134 = VERTEX_POINT('',#2135);
#2135 = CARTESIAN_POINT('',(0.8382,-2.921,0.4064));
#2136 = LINE('',#2137,#2138);
#2137 = CARTESIAN_POINT('',(0.4318,-2.921,0.4064));
#2138 = VECTOR('',#2139,1.);
#2139 = DIRECTION('',(1.,0.,-0.));
#2140 = ORIENTED_EDGE('',*,*,#2141,.T.);
#2141 = EDGE_CURVE('',#2134,#2142,#2144,.T.);
#2142 = VERTEX_POINT('',#2143);
#2143 = CARTESIAN_POINT('',(0.8382,-0.8382,0.4064));
#2144 = LINE('',#2145,#2146);
#2145 = CARTESIAN_POINT('',(0.8382,-2.921,0.4064));
#2146 = VECTOR('',#2147,1.);
#2147 = DIRECTION('',(-0.,1.,0.));
#2148 = ORIENTED_EDGE('',*,*,#2149,.F.);
#2149 = EDGE_CURVE('',#2126,#2142,#2150,.T.);
#2150 = LINE('',#2151,#2152);
#2151 = CARTESIAN_POINT('',(0.4318,-0.8382,0.4064));
#2152 = VECTOR('',#2153,1.);
#2153 = DIRECTION('',(1.,0.,-0.));
#2154 = PLANE('',#2155);
#2155 = AXIS2_PLACEMENT_3D('',#2156,#2157,#2158);
#2156 = CARTESIAN_POINT('',(0.4318,-2.921,0.4064));
#2157 = DIRECTION('',(0.,0.,1.));
#2158 = DIRECTION('',(1.,0.,-0.));
#2159 = ADVANCED_FACE('',(#2160),#2185,.F.);
#2160 = FACE_BOUND('',#2161,.F.);
#2161 = EDGE_LOOP('',(#2162,#2172,#2178,#2179));
#2162 = ORIENTED_EDGE('',*,*,#2163,.F.);
#2163 = EDGE_CURVE('',#2164,#2166,#2168,.T.);
#2164 = VERTEX_POINT('',#2165);
#2165 = CARTESIAN_POINT('',(0.4318,-2.921,0.));
#2166 = VERTEX_POINT('',#2167);
#2167 = CARTESIAN_POINT('',(0.8382,-2.921,0.));
#2168 = LINE('',#2169,#2170);
#2169 = CARTESIAN_POINT('',(0.4318,-2.921,0.));
#2170 = VECTOR('',#2171,1.);
#2171 = DIRECTION('',(1.,0.,-0.));
#2172 = ORIENTED_EDGE('',*,*,#2173,.T.);
#2173 = EDGE_CURVE('',#2164,#2124,#2174,.T.);
#2174 = LINE('',#2175,#2176);
#2175 = CARTESIAN_POINT('',(0.4318,-2.921,0.));
#2176 = VECTOR('',#2177,1.);
#2177 = DIRECTION('',(0.,0.,1.));
#2178 = ORIENTED_EDGE('',*,*,#2133,.T.);
#2179 = ORIENTED_EDGE('',*,*,#2180,.F.);
#2180 = EDGE_CURVE('',#2166,#2134,#2181,.T.);
#2181 = LINE('',#2182,#2183);
#2182 = CARTESIAN_POINT('',(0.8382,-2.921,0.));
#2183 = VECTOR('',#2184,1.);
#2184 = DIRECTION('',(0.,0.,1.));
#2185 = PLANE('',#2186);
#2186 = AXIS2_PLACEMENT_3D('',#2187,#2188,#2189);
#2187 = CARTESIAN_POINT('',(0.4318,-2.921,0.));
#2188 = DIRECTION('',(-0.,1.,0.));
#2189 = DIRECTION('',(0.,0.,1.));
#2190 = ADVANCED_FACE('',(#2191),#2216,.F.);
#2191 = FACE_BOUND('',#2192,.F.);
#2192 = EDGE_LOOP('',(#2193,#2194,#2202,#2210));
#2193 = ORIENTED_EDGE('',*,*,#2149,.F.);
#2194 = ORIENTED_EDGE('',*,*,#2195,.T.);
#2195 = EDGE_CURVE('',#2126,#2196,#2198,.T.);
#2196 = VERTEX_POINT('',#2197);
#2197 = CARTESIAN_POINT('',(0.4318,-0.8382,4.572));
#2198 = LINE('',#2199,#2200);
#2199 = CARTESIAN_POINT('',(0.4318,-0.8382,0.));
#2200 = VECTOR('',#2201,1.);
#2201 = DIRECTION('',(0.,0.,1.));
#2202 = ORIENTED_EDGE('',*,*,#2203,.T.);
#2203 = EDGE_CURVE('',#2196,#2204,#2206,.T.);
#2204 = VERTEX_POINT('',#2205);
#2205 = CARTESIAN_POINT('',(0.8382,-0.8382,4.572));
#2206 = LINE('',#2207,#2208);
#2207 = CARTESIAN_POINT('',(0.4318,-0.8382,4.572));
#2208 = VECTOR('',#2209,1.);
#2209 = DIRECTION('',(1.,0.,-0.));
#2210 = ORIENTED_EDGE('',*,*,#2211,.F.);
#2211 = EDGE_CURVE('',#2142,#2204,#2212,.T.);
#2212 = LINE('',#2213,#2214);
#2213 = CARTESIAN_POINT('',(0.8382,-0.8382,0.));
#2214 = VECTOR('',#2215,1.);
#2215 = DIRECTION('',(0.,0.,1.));
#2216 = PLANE('',#2217);
#2217 = AXIS2_PLACEMENT_3D('',#2218,#2219,#2220);
#2218 = CARTESIAN_POINT('',(0.4318,-0.8382,0.));
#2219 = DIRECTION('',(-0.,1.,0.));
#2220 = DIRECTION('',(0.,0.,1.));
#2221 = ADVANCED_FACE('',(#2222),#2247,.T.);
#2222 = FACE_BOUND('',#2223,.T.);
#2223 = EDGE_LOOP('',(#2224,#2232,#2233,#2241));
#2224 = ORIENTED_EDGE('',*,*,#2225,.F.);
#2225 = EDGE_CURVE('',#2196,#2226,#2228,.T.);
#2226 = VERTEX_POINT('',#2227);
#2227 = CARTESIAN_POINT('',(0.4318,-0.4318,4.572));
#2228 = LINE('',#2229,#2230);
#2229 = CARTESIAN_POINT('',(0.4318,-0.8382,4.572));
#2230 = VECTOR('',#2231,1.);
#2231 = DIRECTION('',(-0.,1.,0.));
#2232 = ORIENTED_EDGE('',*,*,#2203,.T.);
#2233 = ORIENTED_EDGE('',*,*,#2234,.T.);
#2234 = EDGE_CURVE('',#2204,#2235,#2237,.T.);
#2235 = VERTEX_POINT('',#2236);
#2236 = CARTESIAN_POINT('',(0.8382,-0.4318,4.572));
#2237 = LINE('',#2238,#2239);
#2238 = CARTESIAN_POINT('',(0.8382,-0.8382,4.572));
#2239 = VECTOR('',#2240,1.);
#2240 = DIRECTION('',(-0.,1.,0.));
#2241 = ORIENTED_EDGE('',*,*,#2242,.F.);
#2242 = EDGE_CURVE('',#2226,#2235,#2243,.T.);
#2243 = LINE('',#2244,#2245);
#2244 = CARTESIAN_POINT('',(0.4318,-0.4318,4.572));
#2245 = VECTOR('',#2246,1.);
#2246 = DIRECTION('',(1.,0.,-0.));
#2247 = PLANE('',#2248);
#2248 = AXIS2_PLACEMENT_3D('',#2249,#2250,#2251);
#2249 = CARTESIAN_POINT('',(0.4318,-0.8382,4.572));
#2250 = DIRECTION('',(0.,0.,1.));
#2251 = DIRECTION('',(1.,0.,-0.));
#2252 = ADVANCED_FACE('',(#2253),#2273,.T.);
#2253 = FACE_BOUND('',#2254,.T.);
#2254 = EDGE_LOOP('',(#2255,#2263,#2264,#2265,#2266,#2267));
#2255 = ORIENTED_EDGE('',*,*,#2256,.F.);
#2256 = EDGE_CURVE('',#2164,#2257,#2259,.T.);
#2257 = VERTEX_POINT('',#2258);
#2258 = CARTESIAN_POINT('',(0.4318,-0.4318,0.));
#2259 = LINE('',#2260,#2261);
#2260 = CARTESIAN_POINT('',(0.4318,-0.8382,0.));
#2261 = VECTOR('',#2262,1.);
#2262 = DIRECTION('',(-0.,1.,0.));
#2263 = ORIENTED_EDGE('',*,*,#2173,.T.);
#2264 = ORIENTED_EDGE('',*,*,#2123,.T.);
#2265 = ORIENTED_EDGE('',*,*,#2195,.T.);
#2266 = ORIENTED_EDGE('',*,*,#2225,.T.);
#2267 = ORIENTED_EDGE('',*,*,#2268,.F.);
#2268 = EDGE_CURVE('',#2257,#2226,#2269,.T.);
#2269 = LINE('',#2270,#2271);
#2270 = CARTESIAN_POINT('',(0.4318,-0.4318,0.));
#2271 = VECTOR('',#2272,1.);
#2272 = DIRECTION('',(0.,0.,1.));
#2273 = PLANE('',#2274);
#2274 = AXIS2_PLACEMENT_3D('',#2275,#2276,#2277);
#2275 = CARTESIAN_POINT('',(0.4318,-1.062048920863,1.671648920863));
#2276 = DIRECTION('',(-1.,-0.,-0.));
#2277 = DIRECTION('',(0.,0.,-1.));
#2278 = ADVANCED_FACE('',(#2279),#2297,.T.);
#2279 = FACE_BOUND('',#2280,.T.);
#2280 = EDGE_LOOP('',(#2281,#2289,#2290,#2291));
#2281 = ORIENTED_EDGE('',*,*,#2282,.F.);
#2282 = EDGE_CURVE('',#2257,#2283,#2285,.T.);
#2283 = VERTEX_POINT('',#2284);
#2284 = CARTESIAN_POINT('',(0.8382,-0.4318,0.));
#2285 = LINE('',#2286,#2287);
#2286 = CARTESIAN_POINT('',(0.4318,-0.4318,0.));
#2287 = VECTOR('',#2288,1.);
#2288 = DIRECTION('',(1.,0.,-0.));
#2289 = ORIENTED_EDGE('',*,*,#2268,.T.);
#2290 = ORIENTED_EDGE('',*,*,#2242,.T.);
#2291 = ORIENTED_EDGE('',*,*,#2292,.F.);
#2292 = EDGE_CURVE('',#2283,#2235,#2293,.T.);
#2293 = LINE('',#2294,#2295);
#2294 = CARTESIAN_POINT('',(0.8382,-0.4318,0.));
#2295 = VECTOR('',#2296,1.);
#2296 = DIRECTION('',(0.,0.,1.));
#2297 = PLANE('',#2298);
#2298 = AXIS2_PLACEMENT_3D('',#2299,#2300,#2301);
#2299 = CARTESIAN_POINT('',(0.4318,-0.4318,0.));
#2300 = DIRECTION('',(-0.,1.,0.));
#2301 = DIRECTION('',(0.,0.,1.));
#2302 = ADVANCED_FACE('',(#2303),#2314,.T.);
#2303 = FACE_BOUND('',#2304,.T.);
#2304 = EDGE_LOOP('',(#2305,#2306,#2307,#2313));
#2305 = ORIENTED_EDGE('',*,*,#2256,.T.);
#2306 = ORIENTED_EDGE('',*,*,#2282,.T.);
#2307 = ORIENTED_EDGE('',*,*,#2308,.F.);
#2308 = EDGE_CURVE('',#2166,#2283,#2309,.T.);
#2309 = LINE('',#2310,#2311);
#2310 = CARTESIAN_POINT('',(0.8382,-0.8382,0.));
#2311 = VECTOR('',#2312,1.);
#2312 = DIRECTION('',(-0.,1.,0.));
#2313 = ORIENTED_EDGE('',*,*,#2163,.F.);
#2314 = PLANE('',#2315);
#2315 = AXIS2_PLACEMENT_3D('',#2316,#2317,#2318);
#2316 = CARTESIAN_POINT('',(0.635,-1.6764,0.));
#2317 = DIRECTION('',(-0.,-0.,-1.));
#2318 = DIRECTION('',(-1.,0.,0.));
#2319 = ADVANCED_FACE('',(#2320),#2328,.T.);
#2320 = FACE_BOUND('',#2321,.T.);
#2321 = EDGE_LOOP('',(#2322,#2323,#2324,#2325,#2326,#2327));
#2322 = ORIENTED_EDGE('',*,*,#2292,.T.);
#2323 = ORIENTED_EDGE('',*,*,#2234,.F.);
#2324 = ORIENTED_EDGE('',*,*,#2211,.F.);
#2325 = ORIENTED_EDGE('',*,*,#2141,.F.);
#2326 = ORIENTED_EDGE('',*,*,#2180,.F.);
#2327 = ORIENTED_EDGE('',*,*,#2308,.T.);
#2328 = PLANE('',#2329);
#2329 = AXIS2_PLACEMENT_3D('',#2330,#2331,#2332);
#2330 = CARTESIAN_POINT('',(0.8382,-1.062048920863,1.671648920863));
#2331 = DIRECTION('',(1.,0.,0.));
#2332 = DIRECTION('',(-0.,0.,1.));
#2333 = MANIFOLD_SOLID_BREP('',#2334);
#2334 = CLOSED_SHELL('',(#2335,#2375,#2406,#2437,#2468,#2494,#2518,#2535
    ));
#2335 = ADVANCED_FACE('',(#2336),#2370,.T.);
#2336 = FACE_BOUND('',#2337,.T.);
#2337 = EDGE_LOOP('',(#2338,#2348,#2356,#2364));
#2338 = ORIENTED_EDGE('',*,*,#2339,.F.);
#2339 = EDGE_CURVE('',#2340,#2342,#2344,.T.);
#2340 = VERTEX_POINT('',#2341);
#2341 = CARTESIAN_POINT('',(0.4318,0.4318,4.572));
#2342 = VERTEX_POINT('',#2343);
#2343 = CARTESIAN_POINT('',(0.4318,0.8382,4.572));
#2344 = LINE('',#2345,#2346);
#2345 = CARTESIAN_POINT('',(0.4318,0.4318,4.572));
#2346 = VECTOR('',#2347,1.);
#2347 = DIRECTION('',(-0.,1.,0.));
#2348 = ORIENTED_EDGE('',*,*,#2349,.T.);
#2349 = EDGE_CURVE('',#2340,#2350,#2352,.T.);
#2350 = VERTEX_POINT('',#2351);
#2351 = CARTESIAN_POINT('',(0.8382,0.4318,4.572));
#2352 = LINE('',#2353,#2354);
#2353 = CARTESIAN_POINT('',(0.4318,0.4318,4.572));
#2354 = VECTOR('',#2355,1.);
#2355 = DIRECTION('',(1.,0.,-0.));
#2356 = ORIENTED_EDGE('',*,*,#2357,.T.);
#2357 = EDGE_CURVE('',#2350,#2358,#2360,.T.);
#2358 = VERTEX_POINT('',#2359);
#2359 = CARTESIAN_POINT('',(0.8382,0.8382,4.572));
#2360 = LINE('',#2361,#2362);
#2361 = CARTESIAN_POINT('',(0.8382,0.4318,4.572));
#2362 = VECTOR('',#2363,1.);
#2363 = DIRECTION('',(-0.,1.,0.));
#2364 = ORIENTED_EDGE('',*,*,#2365,.F.);
#2365 = EDGE_CURVE('',#2342,#2358,#2366,.T.);
#2366 = LINE('',#2367,#2368);
#2367 = CARTESIAN_POINT('',(0.4318,0.8382,4.572));
#2368 = VECTOR('',#2369,1.);
#2369 = DIRECTION('',(1.,0.,-0.));
#2370 = PLANE('',#2371);
#2371 = AXIS2_PLACEMENT_3D('',#2372,#2373,#2374);
#2372 = CARTESIAN_POINT('',(0.4318,0.4318,4.572));
#2373 = DIRECTION('',(0.,0.,1.));
#2374 = DIRECTION('',(1.,0.,-0.));
#2375 = ADVANCED_FACE('',(#2376),#2401,.T.);
#2376 = FACE_BOUND('',#2377,.T.);
#2377 = EDGE_LOOP('',(#2378,#2388,#2394,#2395));
#2378 = ORIENTED_EDGE('',*,*,#2379,.F.);
#2379 = EDGE_CURVE('',#2380,#2382,#2384,.T.);
#2380 = VERTEX_POINT('',#2381);
#2381 = CARTESIAN_POINT('',(0.4318,0.8382,0.4064));
#2382 = VERTEX_POINT('',#2383);
#2383 = CARTESIAN_POINT('',(0.8382,0.8382,0.4064));
#2384 = LINE('',#2385,#2386);
#2385 = CARTESIAN_POINT('',(0.4318,0.8382,0.4064));
#2386 = VECTOR('',#2387,1.);
#2387 = DIRECTION('',(1.,0.,-0.));
#2388 = ORIENTED_EDGE('',*,*,#2389,.T.);
#2389 = EDGE_CURVE('',#2380,#2342,#2390,.T.);
#2390 = LINE('',#2391,#2392);
#2391 = CARTESIAN_POINT('',(0.4318,0.8382,0.));
#2392 = VECTOR('',#2393,1.);
#2393 = DIRECTION('',(0.,0.,1.));
#2394 = ORIENTED_EDGE('',*,*,#2365,.T.);
#2395 = ORIENTED_EDGE('',*,*,#2396,.F.);
#2396 = EDGE_CURVE('',#2382,#2358,#2397,.T.);
#2397 = LINE('',#2398,#2399);
#2398 = CARTESIAN_POINT('',(0.8382,0.8382,0.));
#2399 = VECTOR('',#2400,1.);
#2400 = DIRECTION('',(0.,0.,1.));
#2401 = PLANE('',#2402);
#2402 = AXIS2_PLACEMENT_3D('',#2403,#2404,#2405);
#2403 = CARTESIAN_POINT('',(0.4318,0.8382,0.));
#2404 = DIRECTION('',(-0.,1.,0.));
#2405 = DIRECTION('',(0.,0.,1.));
#2406 = ADVANCED_FACE('',(#2407),#2432,.T.);
#2407 = FACE_BOUND('',#2408,.T.);
#2408 = EDGE_LOOP('',(#2409,#2417,#2418,#2426));
#2409 = ORIENTED_EDGE('',*,*,#2410,.F.);
#2410 = EDGE_CURVE('',#2380,#2411,#2413,.T.);
#2411 = VERTEX_POINT('',#2412);
#2412 = CARTESIAN_POINT('',(0.4318,2.921,0.4064));
#2413 = LINE('',#2414,#2415);
#2414 = CARTESIAN_POINT('',(0.4318,0.4318,0.4064));
#2415 = VECTOR('',#2416,1.);
#2416 = DIRECTION('',(-0.,1.,0.));
#2417 = ORIENTED_EDGE('',*,*,#2379,.T.);
#2418 = ORIENTED_EDGE('',*,*,#2419,.T.);
#2419 = EDGE_CURVE('',#2382,#2420,#2422,.T.);
#2420 = VERTEX_POINT('',#2421);
#2421 = CARTESIAN_POINT('',(0.8382,2.921,0.4064));
#2422 = LINE('',#2423,#2424);
#2423 = CARTESIAN_POINT('',(0.8382,0.4318,0.4064));
#2424 = VECTOR('',#2425,1.);
#2425 = DIRECTION('',(-0.,1.,0.));
#2426 = ORIENTED_EDGE('',*,*,#2427,.F.);
#2427 = EDGE_CURVE('',#2411,#2420,#2428,.T.);
#2428 = LINE('',#2429,#2430);
#2429 = CARTESIAN_POINT('',(0.4318,2.921,0.4064));
#2430 = VECTOR('',#2431,1.);
#2431 = DIRECTION('',(1.,0.,-0.));
#2432 = PLANE('',#2433);
#2433 = AXIS2_PLACEMENT_3D('',#2434,#2435,#2436);
#2434 = CARTESIAN_POINT('',(0.4318,0.4318,0.4064));
#2435 = DIRECTION('',(0.,0.,1.));
#2436 = DIRECTION('',(1.,0.,-0.));
#2437 = ADVANCED_FACE('',(#2438),#2463,.T.);
#2438 = FACE_BOUND('',#2439,.T.);
#2439 = EDGE_LOOP('',(#2440,#2450,#2456,#2457));
#2440 = ORIENTED_EDGE('',*,*,#2441,.F.);
#2441 = EDGE_CURVE('',#2442,#2444,#2446,.T.);
#2442 = VERTEX_POINT('',#2443);
#2443 = CARTESIAN_POINT('',(0.4318,2.921,0.));
#2444 = VERTEX_POINT('',#2445);
#2445 = CARTESIAN_POINT('',(0.8382,2.921,0.));
#2446 = LINE('',#2447,#2448);
#2447 = CARTESIAN_POINT('',(0.4318,2.921,0.));
#2448 = VECTOR('',#2449,1.);
#2449 = DIRECTION('',(1.,0.,-0.));
#2450 = ORIENTED_EDGE('',*,*,#2451,.T.);
#2451 = EDGE_CURVE('',#2442,#2411,#2452,.T.);
#2452 = LINE('',#2453,#2454);
#2453 = CARTESIAN_POINT('',(0.4318,2.921,0.));
#2454 = VECTOR('',#2455,1.);
#2455 = DIRECTION('',(0.,0.,1.));
#2456 = ORIENTED_EDGE('',*,*,#2427,.T.);
#2457 = ORIENTED_EDGE('',*,*,#2458,.F.);
#2458 = EDGE_CURVE('',#2444,#2420,#2459,.T.);
#2459 = LINE('',#2460,#2461);
#2460 = CARTESIAN_POINT('',(0.8382,2.921,0.));
#2461 = VECTOR('',#2462,1.);
#2462 = DIRECTION('',(0.,0.,1.));
#2463 = PLANE('',#2464);
#2464 = AXIS2_PLACEMENT_3D('',#2465,#2466,#2467);
#2465 = CARTESIAN_POINT('',(0.4318,2.921,0.));
#2466 = DIRECTION('',(-0.,1.,0.));
#2467 = DIRECTION('',(0.,0.,1.));
#2468 = ADVANCED_FACE('',(#2469),#2489,.T.);
#2469 = FACE_BOUND('',#2470,.T.);
#2470 = EDGE_LOOP('',(#2471,#2479,#2480,#2481,#2482,#2483));
#2471 = ORIENTED_EDGE('',*,*,#2472,.T.);
#2472 = EDGE_CURVE('',#2473,#2340,#2475,.T.);
#2473 = VERTEX_POINT('',#2474);
#2474 = CARTESIAN_POINT('',(0.4318,0.4318,0.));
#2475 = LINE('',#2476,#2477);
#2476 = CARTESIAN_POINT('',(0.4318,0.4318,0.));
#2477 = VECTOR('',#2478,1.);
#2478 = DIRECTION('',(0.,0.,1.));
#2479 = ORIENTED_EDGE('',*,*,#2339,.T.);
#2480 = ORIENTED_EDGE('',*,*,#2389,.F.);
#2481 = ORIENTED_EDGE('',*,*,#2410,.T.);
#2482 = ORIENTED_EDGE('',*,*,#2451,.F.);
#2483 = ORIENTED_EDGE('',*,*,#2484,.F.);
#2484 = EDGE_CURVE('',#2473,#2442,#2485,.T.);
#2485 = LINE('',#2486,#2487);
#2486 = CARTESIAN_POINT('',(0.4318,0.4318,0.));
#2487 = VECTOR('',#2488,1.);
#2488 = DIRECTION('',(-0.,1.,0.));
#2489 = PLANE('',#2490);
#2490 = AXIS2_PLACEMENT_3D('',#2491,#2492,#2493);
#2491 = CARTESIAN_POINT('',(0.4318,1.062048920863,1.671648920863));
#2492 = DIRECTION('',(-1.,-0.,-0.));
#2493 = DIRECTION('',(0.,0.,-1.));
#2494 = ADVANCED_FACE('',(#2495),#2513,.F.);
#2495 = FACE_BOUND('',#2496,.T.);
#2496 = EDGE_LOOP('',(#2497,#2505,#2511,#2512));
#2497 = ORIENTED_EDGE('',*,*,#2498,.T.);
#2498 = EDGE_CURVE('',#2473,#2499,#2501,.T.);
#2499 = VERTEX_POINT('',#2500);
#2500 = CARTESIAN_POINT('',(0.8382,0.4318,0.));
#2501 = LINE('',#2502,#2503);
#2502 = CARTESIAN_POINT('',(0.4318,0.4318,0.));
#2503 = VECTOR('',#2504,1.);
#2504 = DIRECTION('',(1.,0.,-0.));
#2505 = ORIENTED_EDGE('',*,*,#2506,.T.);
#2506 = EDGE_CURVE('',#2499,#2350,#2507,.T.);
#2507 = LINE('',#2508,#2509);
#2508 = CARTESIAN_POINT('',(0.8382,0.4318,0.));
#2509 = VECTOR('',#2510,1.);
#2510 = DIRECTION('',(0.,0.,1.));
#2511 = ORIENTED_EDGE('',*,*,#2349,.F.);
#2512 = ORIENTED_EDGE('',*,*,#2472,.F.);
#2513 = PLANE('',#2514);
#2514 = AXIS2_PLACEMENT_3D('',#2515,#2516,#2517);
#2515 = CARTESIAN_POINT('',(0.4318,0.4318,0.));
#2516 = DIRECTION('',(-0.,1.,0.));
#2517 = DIRECTION('',(0.,0.,1.));
#2518 = ADVANCED_FACE('',(#2519),#2530,.T.);
#2519 = FACE_BOUND('',#2520,.T.);
#2520 = EDGE_LOOP('',(#2521,#2522,#2523,#2529));
#2521 = ORIENTED_EDGE('',*,*,#2484,.T.);
#2522 = ORIENTED_EDGE('',*,*,#2441,.T.);
#2523 = ORIENTED_EDGE('',*,*,#2524,.F.);
#2524 = EDGE_CURVE('',#2499,#2444,#2525,.T.);
#2525 = LINE('',#2526,#2527);
#2526 = CARTESIAN_POINT('',(0.8382,0.4318,0.));
#2527 = VECTOR('',#2528,1.);
#2528 = DIRECTION('',(-0.,1.,0.));
#2529 = ORIENTED_EDGE('',*,*,#2498,.F.);
#2530 = PLANE('',#2531);
#2531 = AXIS2_PLACEMENT_3D('',#2532,#2533,#2534);
#2532 = CARTESIAN_POINT('',(0.635,1.6764,0.));
#2533 = DIRECTION('',(-0.,-0.,-1.));
#2534 = DIRECTION('',(-1.,0.,0.));
#2535 = ADVANCED_FACE('',(#2536),#2544,.T.);
#2536 = FACE_BOUND('',#2537,.T.);
#2537 = EDGE_LOOP('',(#2538,#2539,#2540,#2541,#2542,#2543));
#2538 = ORIENTED_EDGE('',*,*,#2506,.F.);
#2539 = ORIENTED_EDGE('',*,*,#2524,.T.);
#2540 = ORIENTED_EDGE('',*,*,#2458,.T.);
#2541 = ORIENTED_EDGE('',*,*,#2419,.F.);
#2542 = ORIENTED_EDGE('',*,*,#2396,.T.);
#2543 = ORIENTED_EDGE('',*,*,#2357,.F.);
#2544 = PLANE('',#2545);
#2545 = AXIS2_PLACEMENT_3D('',#2546,#2547,#2548);
#2546 = CARTESIAN_POINT('',(0.8382,1.062048920863,1.671648920863));
#2547 = DIRECTION('',(1.,0.,0.));
#2548 = DIRECTION('',(-0.,0.,1.));
#2549 = MANIFOLD_SOLID_BREP('',#2550);
#2550 = CLOSED_SHELL('',(#2551,#2591,#2622,#2653,#2684,#2710,#2734,#2751
    ));
#2551 = ADVANCED_FACE('',(#2552),#2586,.T.);
#2552 = FACE_BOUND('',#2553,.T.);
#2553 = EDGE_LOOP('',(#2554,#2564,#2572,#2580));
#2554 = ORIENTED_EDGE('',*,*,#2555,.F.);
#2555 = EDGE_CURVE('',#2556,#2558,#2560,.T.);
#2556 = VERTEX_POINT('',#2557);
#2557 = CARTESIAN_POINT('',(1.7018,-2.921,0.4064));
#2558 = VERTEX_POINT('',#2559);
#2559 = CARTESIAN_POINT('',(1.7018,-0.8382,0.4064));
#2560 = LINE('',#2561,#2562);
#2561 = CARTESIAN_POINT('',(1.7018,-2.921,0.4064));
#2562 = VECTOR('',#2563,1.);
#2563 = DIRECTION('',(-0.,1.,0.));
#2564 = ORIENTED_EDGE('',*,*,#2565,.T.);
#2565 = EDGE_CURVE('',#2556,#2566,#2568,.T.);
#2566 = VERTEX_POINT('',#2567);
#2567 = CARTESIAN_POINT('',(2.1082,-2.921,0.4064));
#2568 = LINE('',#2569,#2570);
#2569 = CARTESIAN_POINT('',(1.7018,-2.921,0.4064));
#2570 = VECTOR('',#2571,1.);
#2571 = DIRECTION('',(1.,0.,-0.));
#2572 = ORIENTED_EDGE('',*,*,#2573,.T.);
#2573 = EDGE_CURVE('',#2566,#2574,#2576,.T.);
#2574 = VERTEX_POINT('',#2575);
#2575 = CARTESIAN_POINT('',(2.1082,-0.8382,0.4064));
#2576 = LINE('',#2577,#2578);
#2577 = CARTESIAN_POINT('',(2.1082,-2.921,0.4064));
#2578 = VECTOR('',#2579,1.);
#2579 = DIRECTION('',(-0.,1.,0.));
#2580 = ORIENTED_EDGE('',*,*,#2581,.F.);
#2581 = EDGE_CURVE('',#2558,#2574,#2582,.T.);
#2582 = LINE('',#2583,#2584);
#2583 = CARTESIAN_POINT('',(1.7018,-0.8382,0.4064));
#2584 = VECTOR('',#2585,1.);
#2585 = DIRECTION('',(1.,0.,-0.));
#2586 = PLANE('',#2587);
#2587 = AXIS2_PLACEMENT_3D('',#2588,#2589,#2590);
#2588 = CARTESIAN_POINT('',(1.7018,-2.921,0.4064));
#2589 = DIRECTION('',(0.,0.,1.));
#2590 = DIRECTION('',(1.,0.,-0.));
#2591 = ADVANCED_FACE('',(#2592),#2617,.F.);
#2592 = FACE_BOUND('',#2593,.F.);
#2593 = EDGE_LOOP('',(#2594,#2604,#2610,#2611));
#2594 = ORIENTED_EDGE('',*,*,#2595,.F.);
#2595 = EDGE_CURVE('',#2596,#2598,#2600,.T.);
#2596 = VERTEX_POINT('',#2597);
#2597 = CARTESIAN_POINT('',(1.7018,-2.921,0.));
#2598 = VERTEX_POINT('',#2599);
#2599 = CARTESIAN_POINT('',(2.1082,-2.921,0.));
#2600 = LINE('',#2601,#2602);
#2601 = CARTESIAN_POINT('',(1.7018,-2.921,0.));
#2602 = VECTOR('',#2603,1.);
#2603 = DIRECTION('',(1.,0.,-0.));
#2604 = ORIENTED_EDGE('',*,*,#2605,.T.);
#2605 = EDGE_CURVE('',#2596,#2556,#2606,.T.);
#2606 = LINE('',#2607,#2608);
#2607 = CARTESIAN_POINT('',(1.7018,-2.921,0.));
#2608 = VECTOR('',#2609,1.);
#2609 = DIRECTION('',(0.,0.,1.));
#2610 = ORIENTED_EDGE('',*,*,#2565,.T.);
#2611 = ORIENTED_EDGE('',*,*,#2612,.F.);
#2612 = EDGE_CURVE('',#2598,#2566,#2613,.T.);
#2613 = LINE('',#2614,#2615);
#2614 = CARTESIAN_POINT('',(2.1082,-2.921,0.));
#2615 = VECTOR('',#2616,1.);
#2616 = DIRECTION('',(0.,0.,1.));
#2617 = PLANE('',#2618);
#2618 = AXIS2_PLACEMENT_3D('',#2619,#2620,#2621);
#2619 = CARTESIAN_POINT('',(1.7018,-2.921,0.));
#2620 = DIRECTION('',(-0.,1.,0.));
#2621 = DIRECTION('',(0.,0.,1.));
#2622 = ADVANCED_FACE('',(#2623),#2648,.F.);
#2623 = FACE_BOUND('',#2624,.F.);
#2624 = EDGE_LOOP('',(#2625,#2626,#2634,#2642));
#2625 = ORIENTED_EDGE('',*,*,#2581,.F.);
#2626 = ORIENTED_EDGE('',*,*,#2627,.T.);
#2627 = EDGE_CURVE('',#2558,#2628,#2630,.T.);
#2628 = VERTEX_POINT('',#2629);
#2629 = CARTESIAN_POINT('',(1.7018,-0.8382,4.572));
#2630 = LINE('',#2631,#2632);
#2631 = CARTESIAN_POINT('',(1.7018,-0.8382,0.));
#2632 = VECTOR('',#2633,1.);
#2633 = DIRECTION('',(0.,0.,1.));
#2634 = ORIENTED_EDGE('',*,*,#2635,.T.);
#2635 = EDGE_CURVE('',#2628,#2636,#2638,.T.);
#2636 = VERTEX_POINT('',#2637);
#2637 = CARTESIAN_POINT('',(2.1082,-0.8382,4.572));
#2638 = LINE('',#2639,#2640);
#2639 = CARTESIAN_POINT('',(1.7018,-0.8382,4.572));
#2640 = VECTOR('',#2641,1.);
#2641 = DIRECTION('',(1.,0.,-0.));
#2642 = ORIENTED_EDGE('',*,*,#2643,.F.);
#2643 = EDGE_CURVE('',#2574,#2636,#2644,.T.);
#2644 = LINE('',#2645,#2646);
#2645 = CARTESIAN_POINT('',(2.1082,-0.8382,0.));
#2646 = VECTOR('',#2647,1.);
#2647 = DIRECTION('',(0.,0.,1.));
#2648 = PLANE('',#2649);
#2649 = AXIS2_PLACEMENT_3D('',#2650,#2651,#2652);
#2650 = CARTESIAN_POINT('',(1.7018,-0.8382,0.));
#2651 = DIRECTION('',(-0.,1.,0.));
#2652 = DIRECTION('',(0.,0.,1.));
#2653 = ADVANCED_FACE('',(#2654),#2679,.T.);
#2654 = FACE_BOUND('',#2655,.T.);
#2655 = EDGE_LOOP('',(#2656,#2664,#2665,#2673));
#2656 = ORIENTED_EDGE('',*,*,#2657,.F.);
#2657 = EDGE_CURVE('',#2628,#2658,#2660,.T.);
#2658 = VERTEX_POINT('',#2659);
#2659 = CARTESIAN_POINT('',(1.7018,-0.4318,4.572));
#2660 = LINE('',#2661,#2662);
#2661 = CARTESIAN_POINT('',(1.7018,-0.8382,4.572));
#2662 = VECTOR('',#2663,1.);
#2663 = DIRECTION('',(-0.,1.,0.));
#2664 = ORIENTED_EDGE('',*,*,#2635,.T.);
#2665 = ORIENTED_EDGE('',*,*,#2666,.T.);
#2666 = EDGE_CURVE('',#2636,#2667,#2669,.T.);
#2667 = VERTEX_POINT('',#2668);
#2668 = CARTESIAN_POINT('',(2.1082,-0.4318,4.572));
#2669 = LINE('',#2670,#2671);
#2670 = CARTESIAN_POINT('',(2.1082,-0.8382,4.572));
#2671 = VECTOR('',#2672,1.);
#2672 = DIRECTION('',(-0.,1.,0.));
#2673 = ORIENTED_EDGE('',*,*,#2674,.F.);
#2674 = EDGE_CURVE('',#2658,#2667,#2675,.T.);
#2675 = LINE('',#2676,#2677);
#2676 = CARTESIAN_POINT('',(1.7018,-0.4318,4.572));
#2677 = VECTOR('',#2678,1.);
#2678 = DIRECTION('',(1.,0.,-0.));
#2679 = PLANE('',#2680);
#2680 = AXIS2_PLACEMENT_3D('',#2681,#2682,#2683);
#2681 = CARTESIAN_POINT('',(1.7018,-0.8382,4.572));
#2682 = DIRECTION('',(0.,0.,1.));
#2683 = DIRECTION('',(1.,0.,-0.));
#2684 = ADVANCED_FACE('',(#2685),#2705,.T.);
#2685 = FACE_BOUND('',#2686,.T.);
#2686 = EDGE_LOOP('',(#2687,#2695,#2696,#2697,#2698,#2699));
#2687 = ORIENTED_EDGE('',*,*,#2688,.F.);
#2688 = EDGE_CURVE('',#2596,#2689,#2691,.T.);
#2689 = VERTEX_POINT('',#2690);
#2690 = CARTESIAN_POINT('',(1.7018,-0.4318,0.));
#2691 = LINE('',#2692,#2693);
#2692 = CARTESIAN_POINT('',(1.7018,-0.8382,0.));
#2693 = VECTOR('',#2694,1.);
#2694 = DIRECTION('',(-0.,1.,0.));
#2695 = ORIENTED_EDGE('',*,*,#2605,.T.);
#2696 = ORIENTED_EDGE('',*,*,#2555,.T.);
#2697 = ORIENTED_EDGE('',*,*,#2627,.T.);
#2698 = ORIENTED_EDGE('',*,*,#2657,.T.);
#2699 = ORIENTED_EDGE('',*,*,#2700,.F.);
#2700 = EDGE_CURVE('',#2689,#2658,#2701,.T.);
#2701 = LINE('',#2702,#2703);
#2702 = CARTESIAN_POINT('',(1.7018,-0.4318,0.));
#2703 = VECTOR('',#2704,1.);
#2704 = DIRECTION('',(0.,0.,1.));
#2705 = PLANE('',#2706);
#2706 = AXIS2_PLACEMENT_3D('',#2707,#2708,#2709);
#2707 = CARTESIAN_POINT('',(1.7018,-1.062048920863,1.671648920863));
#2708 = DIRECTION('',(-1.,-0.,-0.));
#2709 = DIRECTION('',(0.,0.,-1.));
#2710 = ADVANCED_FACE('',(#2711),#2729,.T.);
#2711 = FACE_BOUND('',#2712,.T.);
#2712 = EDGE_LOOP('',(#2713,#2721,#2722,#2723));
#2713 = ORIENTED_EDGE('',*,*,#2714,.F.);
#2714 = EDGE_CURVE('',#2689,#2715,#2717,.T.);
#2715 = VERTEX_POINT('',#2716);
#2716 = CARTESIAN_POINT('',(2.1082,-0.4318,0.));
#2717 = LINE('',#2718,#2719);
#2718 = CARTESIAN_POINT('',(1.7018,-0.4318,0.));
#2719 = VECTOR('',#2720,1.);
#2720 = DIRECTION('',(1.,0.,-0.));
#2721 = ORIENTED_EDGE('',*,*,#2700,.T.);
#2722 = ORIENTED_EDGE('',*,*,#2674,.T.);
#2723 = ORIENTED_EDGE('',*,*,#2724,.F.);
#2724 = EDGE_CURVE('',#2715,#2667,#2725,.T.);
#2725 = LINE('',#2726,#2727);
#2726 = CARTESIAN_POINT('',(2.1082,-0.4318,0.));
#2727 = VECTOR('',#2728,1.);
#2728 = DIRECTION('',(0.,0.,1.));
#2729 = PLANE('',#2730);
#2730 = AXIS2_PLACEMENT_3D('',#2731,#2732,#2733);
#2731 = CARTESIAN_POINT('',(1.7018,-0.4318,0.));
#2732 = DIRECTION('',(-0.,1.,0.));
#2733 = DIRECTION('',(0.,0.,1.));
#2734 = ADVANCED_FACE('',(#2735),#2746,.T.);
#2735 = FACE_BOUND('',#2736,.T.);
#2736 = EDGE_LOOP('',(#2737,#2738,#2739,#2745));
#2737 = ORIENTED_EDGE('',*,*,#2688,.T.);
#2738 = ORIENTED_EDGE('',*,*,#2714,.T.);
#2739 = ORIENTED_EDGE('',*,*,#2740,.F.);
#2740 = EDGE_CURVE('',#2598,#2715,#2741,.T.);
#2741 = LINE('',#2742,#2743);
#2742 = CARTESIAN_POINT('',(2.1082,-0.8382,0.));
#2743 = VECTOR('',#2744,1.);
#2744 = DIRECTION('',(-0.,1.,0.));
#2745 = ORIENTED_EDGE('',*,*,#2595,.F.);
#2746 = PLANE('',#2747);
#2747 = AXIS2_PLACEMENT_3D('',#2748,#2749,#2750);
#2748 = CARTESIAN_POINT('',(1.905,-1.6764,0.));
#2749 = DIRECTION('',(-0.,-0.,-1.));
#2750 = DIRECTION('',(-1.,0.,0.));
#2751 = ADVANCED_FACE('',(#2752),#2760,.T.);
#2752 = FACE_BOUND('',#2753,.T.);
#2753 = EDGE_LOOP('',(#2754,#2755,#2756,#2757,#2758,#2759));
#2754 = ORIENTED_EDGE('',*,*,#2724,.T.);
#2755 = ORIENTED_EDGE('',*,*,#2666,.F.);
#2756 = ORIENTED_EDGE('',*,*,#2643,.F.);
#2757 = ORIENTED_EDGE('',*,*,#2573,.F.);
#2758 = ORIENTED_EDGE('',*,*,#2612,.F.);
#2759 = ORIENTED_EDGE('',*,*,#2740,.T.);
#2760 = PLANE('',#2761);
#2761 = AXIS2_PLACEMENT_3D('',#2762,#2763,#2764);
#2762 = CARTESIAN_POINT('',(2.1082,-1.062048920863,1.671648920863));
#2763 = DIRECTION('',(1.,0.,0.));
#2764 = DIRECTION('',(-0.,0.,1.));
#2765 = MANIFOLD_SOLID_BREP('',#2766);
#2766 = CLOSED_SHELL('',(#2767,#2807,#2838,#2869,#2900,#2926,#2950,#2967
    ));
#2767 = ADVANCED_FACE('',(#2768),#2802,.T.);
#2768 = FACE_BOUND('',#2769,.T.);
#2769 = EDGE_LOOP('',(#2770,#2780,#2788,#2796));
#2770 = ORIENTED_EDGE('',*,*,#2771,.F.);
#2771 = EDGE_CURVE('',#2772,#2774,#2776,.T.);
#2772 = VERTEX_POINT('',#2773);
#2773 = CARTESIAN_POINT('',(1.7018,0.4318,4.572));
#2774 = VERTEX_POINT('',#2775);
#2775 = CARTESIAN_POINT('',(1.7018,0.8382,4.572));
#2776 = LINE('',#2777,#2778);
#2777 = CARTESIAN_POINT('',(1.7018,0.4318,4.572));
#2778 = VECTOR('',#2779,1.);
#2779 = DIRECTION('',(-0.,1.,0.));
#2780 = ORIENTED_EDGE('',*,*,#2781,.T.);
#2781 = EDGE_CURVE('',#2772,#2782,#2784,.T.);
#2782 = VERTEX_POINT('',#2783);
#2783 = CARTESIAN_POINT('',(2.1082,0.4318,4.572));
#2784 = LINE('',#2785,#2786);
#2785 = CARTESIAN_POINT('',(1.7018,0.4318,4.572));
#2786 = VECTOR('',#2787,1.);
#2787 = DIRECTION('',(1.,0.,-0.));
#2788 = ORIENTED_EDGE('',*,*,#2789,.T.);
#2789 = EDGE_CURVE('',#2782,#2790,#2792,.T.);
#2790 = VERTEX_POINT('',#2791);
#2791 = CARTESIAN_POINT('',(2.1082,0.8382,4.572));
#2792 = LINE('',#2793,#2794);
#2793 = CARTESIAN_POINT('',(2.1082,0.4318,4.572));
#2794 = VECTOR('',#2795,1.);
#2795 = DIRECTION('',(-0.,1.,0.));
#2796 = ORIENTED_EDGE('',*,*,#2797,.F.);
#2797 = EDGE_CURVE('',#2774,#2790,#2798,.T.);
#2798 = LINE('',#2799,#2800);
#2799 = CARTESIAN_POINT('',(1.7018,0.8382,4.572));
#2800 = VECTOR('',#2801,1.);
#2801 = DIRECTION('',(1.,0.,-0.));
#2802 = PLANE('',#2803);
#2803 = AXIS2_PLACEMENT_3D('',#2804,#2805,#2806);
#2804 = CARTESIAN_POINT('',(1.7018,0.4318,4.572));
#2805 = DIRECTION('',(0.,0.,1.));
#2806 = DIRECTION('',(1.,0.,-0.));
#2807 = ADVANCED_FACE('',(#2808),#2833,.T.);
#2808 = FACE_BOUND('',#2809,.T.);
#2809 = EDGE_LOOP('',(#2810,#2820,#2826,#2827));
#2810 = ORIENTED_EDGE('',*,*,#2811,.F.);
#2811 = EDGE_CURVE('',#2812,#2814,#2816,.T.);
#2812 = VERTEX_POINT('',#2813);
#2813 = CARTESIAN_POINT('',(1.7018,0.8382,0.4064));
#2814 = VERTEX_POINT('',#2815);
#2815 = CARTESIAN_POINT('',(2.1082,0.8382,0.4064));
#2816 = LINE('',#2817,#2818);
#2817 = CARTESIAN_POINT('',(1.7018,0.8382,0.4064));
#2818 = VECTOR('',#2819,1.);
#2819 = DIRECTION('',(1.,0.,-0.));
#2820 = ORIENTED_EDGE('',*,*,#2821,.T.);
#2821 = EDGE_CURVE('',#2812,#2774,#2822,.T.);
#2822 = LINE('',#2823,#2824);
#2823 = CARTESIAN_POINT('',(1.7018,0.8382,0.));
#2824 = VECTOR('',#2825,1.);
#2825 = DIRECTION('',(0.,0.,1.));
#2826 = ORIENTED_EDGE('',*,*,#2797,.T.);
#2827 = ORIENTED_EDGE('',*,*,#2828,.F.);
#2828 = EDGE_CURVE('',#2814,#2790,#2829,.T.);
#2829 = LINE('',#2830,#2831);
#2830 = CARTESIAN_POINT('',(2.1082,0.8382,0.));
#2831 = VECTOR('',#2832,1.);
#2832 = DIRECTION('',(0.,0.,1.));
#2833 = PLANE('',#2834);
#2834 = AXIS2_PLACEMENT_3D('',#2835,#2836,#2837);
#2835 = CARTESIAN_POINT('',(1.7018,0.8382,0.));
#2836 = DIRECTION('',(-0.,1.,0.));
#2837 = DIRECTION('',(0.,0.,1.));
#2838 = ADVANCED_FACE('',(#2839),#2864,.T.);
#2839 = FACE_BOUND('',#2840,.T.);
#2840 = EDGE_LOOP('',(#2841,#2849,#2850,#2858));
#2841 = ORIENTED_EDGE('',*,*,#2842,.F.);
#2842 = EDGE_CURVE('',#2812,#2843,#2845,.T.);
#2843 = VERTEX_POINT('',#2844);
#2844 = CARTESIAN_POINT('',(1.7018,2.921,0.4064));
#2845 = LINE('',#2846,#2847);
#2846 = CARTESIAN_POINT('',(1.7018,0.4318,0.4064));
#2847 = VECTOR('',#2848,1.);
#2848 = DIRECTION('',(-0.,1.,0.));
#2849 = ORIENTED_EDGE('',*,*,#2811,.T.);
#2850 = ORIENTED_EDGE('',*,*,#2851,.T.);
#2851 = EDGE_CURVE('',#2814,#2852,#2854,.T.);
#2852 = VERTEX_POINT('',#2853);
#2853 = CARTESIAN_POINT('',(2.1082,2.921,0.4064));
#2854 = LINE('',#2855,#2856);
#2855 = CARTESIAN_POINT('',(2.1082,0.4318,0.4064));
#2856 = VECTOR('',#2857,1.);
#2857 = DIRECTION('',(-0.,1.,0.));
#2858 = ORIENTED_EDGE('',*,*,#2859,.F.);
#2859 = EDGE_CURVE('',#2843,#2852,#2860,.T.);
#2860 = LINE('',#2861,#2862);
#2861 = CARTESIAN_POINT('',(1.7018,2.921,0.4064));
#2862 = VECTOR('',#2863,1.);
#2863 = DIRECTION('',(1.,0.,-0.));
#2864 = PLANE('',#2865);
#2865 = AXIS2_PLACEMENT_3D('',#2866,#2867,#2868);
#2866 = CARTESIAN_POINT('',(1.7018,0.4318,0.4064));
#2867 = DIRECTION('',(0.,0.,1.));
#2868 = DIRECTION('',(1.,0.,-0.));
#2869 = ADVANCED_FACE('',(#2870),#2895,.T.);
#2870 = FACE_BOUND('',#2871,.T.);
#2871 = EDGE_LOOP('',(#2872,#2882,#2888,#2889));
#2872 = ORIENTED_EDGE('',*,*,#2873,.F.);
#2873 = EDGE_CURVE('',#2874,#2876,#2878,.T.);
#2874 = VERTEX_POINT('',#2875);
#2875 = CARTESIAN_POINT('',(1.7018,2.921,0.));
#2876 = VERTEX_POINT('',#2877);
#2877 = CARTESIAN_POINT('',(2.1082,2.921,0.));
#2878 = LINE('',#2879,#2880);
#2879 = CARTESIAN_POINT('',(1.7018,2.921,0.));
#2880 = VECTOR('',#2881,1.);
#2881 = DIRECTION('',(1.,0.,-0.));
#2882 = ORIENTED_EDGE('',*,*,#2883,.T.);
#2883 = EDGE_CURVE('',#2874,#2843,#2884,.T.);
#2884 = LINE('',#2885,#2886);
#2885 = CARTESIAN_POINT('',(1.7018,2.921,0.));
#2886 = VECTOR('',#2887,1.);
#2887 = DIRECTION('',(0.,0.,1.));
#2888 = ORIENTED_EDGE('',*,*,#2859,.T.);
#2889 = ORIENTED_EDGE('',*,*,#2890,.F.);
#2890 = EDGE_CURVE('',#2876,#2852,#2891,.T.);
#2891 = LINE('',#2892,#2893);
#2892 = CARTESIAN_POINT('',(2.1082,2.921,0.));
#2893 = VECTOR('',#2894,1.);
#2894 = DIRECTION('',(0.,0.,1.));
#2895 = PLANE('',#2896);
#2896 = AXIS2_PLACEMENT_3D('',#2897,#2898,#2899);
#2897 = CARTESIAN_POINT('',(1.7018,2.921,0.));
#2898 = DIRECTION('',(-0.,1.,0.));
#2899 = DIRECTION('',(0.,0.,1.));
#2900 = ADVANCED_FACE('',(#2901),#2921,.T.);
#2901 = FACE_BOUND('',#2902,.T.);
#2902 = EDGE_LOOP('',(#2903,#2911,#2912,#2913,#2914,#2915));
#2903 = ORIENTED_EDGE('',*,*,#2904,.T.);
#2904 = EDGE_CURVE('',#2905,#2772,#2907,.T.);
#2905 = VERTEX_POINT('',#2906);
#2906 = CARTESIAN_POINT('',(1.7018,0.4318,0.));
#2907 = LINE('',#2908,#2909);
#2908 = CARTESIAN_POINT('',(1.7018,0.4318,0.));
#2909 = VECTOR('',#2910,1.);
#2910 = DIRECTION('',(0.,0.,1.));
#2911 = ORIENTED_EDGE('',*,*,#2771,.T.);
#2912 = ORIENTED_EDGE('',*,*,#2821,.F.);
#2913 = ORIENTED_EDGE('',*,*,#2842,.T.);
#2914 = ORIENTED_EDGE('',*,*,#2883,.F.);
#2915 = ORIENTED_EDGE('',*,*,#2916,.F.);
#2916 = EDGE_CURVE('',#2905,#2874,#2917,.T.);
#2917 = LINE('',#2918,#2919);
#2918 = CARTESIAN_POINT('',(1.7018,0.4318,0.));
#2919 = VECTOR('',#2920,1.);
#2920 = DIRECTION('',(-0.,1.,0.));
#2921 = PLANE('',#2922);
#2922 = AXIS2_PLACEMENT_3D('',#2923,#2924,#2925);
#2923 = CARTESIAN_POINT('',(1.7018,1.062048920863,1.671648920863));
#2924 = DIRECTION('',(-1.,-0.,-0.));
#2925 = DIRECTION('',(0.,0.,-1.));
#2926 = ADVANCED_FACE('',(#2927),#2945,.F.);
#2927 = FACE_BOUND('',#2928,.T.);
#2928 = EDGE_LOOP('',(#2929,#2937,#2943,#2944));
#2929 = ORIENTED_EDGE('',*,*,#2930,.T.);
#2930 = EDGE_CURVE('',#2905,#2931,#2933,.T.);
#2931 = VERTEX_POINT('',#2932);
#2932 = CARTESIAN_POINT('',(2.1082,0.4318,0.));
#2933 = LINE('',#2934,#2935);
#2934 = CARTESIAN_POINT('',(1.7018,0.4318,0.));
#2935 = VECTOR('',#2936,1.);
#2936 = DIRECTION('',(1.,0.,-0.));
#2937 = ORIENTED_EDGE('',*,*,#2938,.T.);
#2938 = EDGE_CURVE('',#2931,#2782,#2939,.T.);
#2939 = LINE('',#2940,#2941);
#2940 = CARTESIAN_POINT('',(2.1082,0.4318,0.));
#2941 = VECTOR('',#2942,1.);
#2942 = DIRECTION('',(0.,0.,1.));
#2943 = ORIENTED_EDGE('',*,*,#2781,.F.);
#2944 = ORIENTED_EDGE('',*,*,#2904,.F.);
#2945 = PLANE('',#2946);
#2946 = AXIS2_PLACEMENT_3D('',#2947,#2948,#2949);
#2947 = CARTESIAN_POINT('',(1.7018,0.4318,0.));
#2948 = DIRECTION('',(-0.,1.,0.));
#2949 = DIRECTION('',(0.,0.,1.));
#2950 = ADVANCED_FACE('',(#2951),#2962,.T.);
#2951 = FACE_BOUND('',#2952,.T.);
#2952 = EDGE_LOOP('',(#2953,#2954,#2955,#2961));
#2953 = ORIENTED_EDGE('',*,*,#2916,.T.);
#2954 = ORIENTED_EDGE('',*,*,#2873,.T.);
#2955 = ORIENTED_EDGE('',*,*,#2956,.F.);
#2956 = EDGE_CURVE('',#2931,#2876,#2957,.T.);
#2957 = LINE('',#2958,#2959);
#2958 = CARTESIAN_POINT('',(2.1082,0.4318,0.));
#2959 = VECTOR('',#2960,1.);
#2960 = DIRECTION('',(-0.,1.,0.));
#2961 = ORIENTED_EDGE('',*,*,#2930,.F.);
#2962 = PLANE('',#2963);
#2963 = AXIS2_PLACEMENT_3D('',#2964,#2965,#2966);
#2964 = CARTESIAN_POINT('',(1.905,1.6764,0.));
#2965 = DIRECTION('',(-0.,-0.,-1.));
#2966 = DIRECTION('',(-1.,0.,0.));
#2967 = ADVANCED_FACE('',(#2968),#2976,.T.);
#2968 = FACE_BOUND('',#2969,.T.);
#2969 = EDGE_LOOP('',(#2970,#2971,#2972,#2973,#2974,#2975));
#2970 = ORIENTED_EDGE('',*,*,#2938,.F.);
#2971 = ORIENTED_EDGE('',*,*,#2956,.T.);
#2972 = ORIENTED_EDGE('',*,*,#2890,.T.);
#2973 = ORIENTED_EDGE('',*,*,#2851,.F.);
#2974 = ORIENTED_EDGE('',*,*,#2828,.T.);
#2975 = ORIENTED_EDGE('',*,*,#2789,.F.);
#2976 = PLANE('',#2977);
#2977 = AXIS2_PLACEMENT_3D('',#2978,#2979,#2980);
#2978 = CARTESIAN_POINT('',(2.1082,1.062048920863,1.671648920863));
#2979 = DIRECTION('',(1.,0.,0.));
#2980 = DIRECTION('',(-0.,0.,1.));
#2981 = ( GEOMETRIC_REPRESENTATION_CONTEXT(3) 
GLOBAL_UNCERTAINTY_ASSIGNED_CONTEXT((#2985)) 
GLOBAL_UNIT_ASSIGNED_CONTEXT((#2982,#2983,#2984)) REPRESENTATION_CONTEXT
('Context #1','3D Context with UNIT and UNCERTAINTY') );
#2982 = ( LENGTH_UNIT() NAMED_UNIT(*) SI_UNIT(.MILLI.,.METRE.) );
#2983 = ( NAMED_UNIT(*) PLANE_ANGLE_UNIT() SI_UNIT($,.RADIAN.) );
#2984 = ( NAMED_UNIT(*) SI_UNIT($,.STERADIAN.) SOLID_ANGLE_UNIT() );
#2985 = UNCERTAINTY_MEASURE_WITH_UNIT(LENGTH_MEASURE(1.E-07),#2982,
  'distance_accuracy_value','confusion accuracy');
#2986 = PRODUCT_RELATED_PRODUCT_CATEGORY('part',$,(#7));
ENDSEC;
END-ISO-10303-21;
