ISO-10303-21;
HEADER;
FILE_DESCRIPTION(('Open CASCADE Model'),'2;1');
FILE_NAME('Open CASCADE Shape Model','2026-09-05T21:26:10',('Author'),(
    'Open CASCADE'),'Open CASCADE STEP processor 7.9','Open CASCADE 7.9'
  ,'Unknown');
FILE_SCHEMA(('AUTOMOTIVE_DESIGN { 1 0 10303 214 1 1 1 1 }'));
ENDSEC;
DATA;
#1 = APPLICATION_PROTOCOL_DEFINITION('international standard',
  'automotive_design',2000,#2);
#2 = APPLICATION_CONTEXT(
  'core data for automotive mechanical design processes');
#3 = SHAPE_DEFINITION_REPRESENTATION(#4,#10);
#4 = PRODUCT_DEFINITION_SHAPE('','',#5);
#5 = PRODUCT_DEFINITION('design','',#6,#9);
#6 = PRODUCT_DEFINITION_FORMATION('','',#7);
#7 = PRODUCT('Open CASCADE STEP translator 7.9 3',
  'Open CASCADE STEP translator 7.9 3','',(#8));
#8 = PRODUCT_CONTEXT('',#2,'mechanical');
#9 = PRODUCT_DEFINITION_CONTEXT('part definition',#2,'design');
#10 = ADVANCED_BREP_SHAPE_REPRESENTATION('',(#11,#15),#1768);
#11 = AXIS2_PLACEMENT_3D('',#12,#13,#14);
#12 = CARTESIAN_POINT('',(0.,0.,0.));
#13 = DIRECTION('',(0.,0.,1.));
#14 = DIRECTION('',(1.,0.,-0.));
#15 = MANIFOLD_SOLID_BREP('',#16);
#16 = CLOSED_SHELL('',(#17,#617,#1145,#1176,#1204,#1261,#1363,#1424,
    #1450,#1504,#1510,#1564,#1603,#1642,#1646,#1650,#1705,#1760,#1764));
#17 = ADVANCED_FACE('',(#18),#32,.T.);
#18 = FACE_BOUND('',#19,.F.);
#19 = EDGE_LOOP('',(#20,#50,#77,#78,#107,#204,#230,#327,#351,#472,#498,
    #595));
#20 = ORIENTED_EDGE('',*,*,#21,.T.);
#21 = EDGE_CURVE('',#22,#24,#26,.T.);
#22 = VERTEX_POINT('',#23);
#23 = CARTESIAN_POINT('',(4.5,0.,8.5));
#24 = VERTEX_POINT('',#25);
#25 = CARTESIAN_POINT('',(4.5,-1.45,8.5));
#26 = SEAM_CURVE('',#27,(#31,#43),.PCURVE_S1.);
#27 = LINE('',#28,#29);
#28 = CARTESIAN_POINT('',(4.5,0.,8.5));
#29 = VECTOR('',#30,1.);
#30 = DIRECTION('',(0.,-1.,0.));
#31 = PCURVE('',#32,#37);
#32 = CYLINDRICAL_SURFACE('',#33,4.5);
#33 = AXIS2_PLACEMENT_3D('',#34,#35,#36);
#34 = CARTESIAN_POINT('',(0.,0.,8.5));
#35 = DIRECTION('',(-0.,1.,-0.));
#36 = DIRECTION('',(1.,0.,0.));
#37 = DEFINITIONAL_REPRESENTATION('',(#38),#42);
#38 = LINE('',#39,#40);
#39 = CARTESIAN_POINT('',(-0.,0.));
#40 = VECTOR('',#41,1.);
#41 = DIRECTION('',(-0.,-1.));
#42 = ( GEOMETRIC_REPRESENTATION_CONTEXT(2) 
PARAMETRIC_REPRESENTATION_CONTEXT() REPRESENTATION_CONTEXT('2D SPACE',''
  ) );
#43 = PCURVE('',#32,#44);
#44 = DEFINITIONAL_REPRESENTATION('',(#45),#49);
#45 = LINE('',#46,#47);
#46 = CARTESIAN_POINT('',(-6.28318530718,0.));
#47 = VECTOR('',#48,1.);
#48 = DIRECTION('',(-0.,-1.));
#49 = ( GEOMETRIC_REPRESENTATION_CONTEXT(2) 
PARAMETRIC_REPRESENTATION_CONTEXT() REPRESENTATION_CONTEXT('2D SPACE',''
  ) );
#50 = ORIENTED_EDGE('',*,*,#51,.T.);
#51 = EDGE_CURVE('',#24,#24,#52,.T.);
#52 = SURFACE_CURVE('',#53,(#58,#65),.PCURVE_S1.);
#53 = CIRCLE('',#54,4.5);
#54 = AXIS2_PLACEMENT_3D('',#55,#56,#57);
#55 = CARTESIAN_POINT('',(0.,-1.45,8.5));
#56 = DIRECTION('',(0.,-1.,-0.));
#57 = DIRECTION('',(1.,0.,0.));
#58 = PCURVE('',#32,#59);
#59 = DEFINITIONAL_REPRESENTATION('',(#60),#64);
#60 = LINE('',#61,#62);
#61 = CARTESIAN_POINT('',(-0.,-1.45));
#62 = VECTOR('',#63,1.);
#63 = DIRECTION('',(-1.,0.));
#64 = ( GEOMETRIC_REPRESENTATION_CONTEXT(2) 
PARAMETRIC_REPRESENTATION_CONTEXT() REPRESENTATION_CONTEXT('2D SPACE',''
  ) );
#65 = PCURVE('',#66,#71);
#66 = TOROIDAL_SURFACE('',#67,3.7,0.8);
#67 = AXIS2_PLACEMENT_3D('',#68,#69,#70);
#68 = CARTESIAN_POINT('',(0.,-1.45,8.5));
#69 = DIRECTION('',(0.,-1.,-0.));
#70 = DIRECTION('',(1.,0.,0.));
#71 = DEFINITIONAL_REPRESENTATION('',(#72),#76);
#72 = LINE('',#73,#74);
#73 = CARTESIAN_POINT('',(0.,0.));
#74 = VECTOR('',#75,1.);
#75 = DIRECTION('',(1.,0.));
#76 = ( GEOMETRIC_REPRESENTATION_CONTEXT(2) 
PARAMETRIC_REPRESENTATION_CONTEXT() REPRESENTATION_CONTEXT('2D SPACE',''
  ) );
#77 = ORIENTED_EDGE('',*,*,#21,.F.);
#78 = ORIENTED_EDGE('',*,*,#79,.F.);
#79 = EDGE_CURVE('',#80,#22,#82,.T.);
#80 = VERTEX_POINT('',#81);
#81 = CARTESIAN_POINT('',(4.05,0.,6.538495475407));
#82 = SURFACE_CURVE('',#83,(#88,#95),.PCURVE_S1.);
#83 = CIRCLE('',#84,4.5);
#84 = AXIS2_PLACEMENT_3D('',#85,#86,#87);
#85 = CARTESIAN_POINT('',(0.,0.,8.5));
#86 = DIRECTION('',(0.,-1.,0.));
#87 = DIRECTION('',(1.,0.,0.));
#88 = PCURVE('',#32,#89);
#89 = DEFINITIONAL_REPRESENTATION('',(#90),#94);
#90 = LINE('',#91,#92);
#91 = CARTESIAN_POINT('',(-0.,0.));
#92 = VECTOR('',#93,1.);
#93 = DIRECTION('',(-1.,0.));
#94 = ( GEOMETRIC_REPRESENTATION_CONTEXT(2) 
PARAMETRIC_REPRESENTATION_CONTEXT() REPRESENTATION_CONTEXT('2D SPACE',''
  ) );
#95 = PCURVE('',#96,#101);
#96 = CYLINDRICAL_SURFACE('',#97,4.5);
#97 = AXIS2_PLACEMENT_3D('',#98,#99,#100);
#98 = CARTESIAN_POINT('',(0.,0.,8.5));
#99 = DIRECTION('',(0.,-1.,0.));
#100 = DIRECTION('',(1.,0.,0.));
#101 = DEFINITIONAL_REPRESENTATION('',(#102),#106);
#102 = LINE('',#103,#104);
#103 = CARTESIAN_POINT('',(0.,0.));
#104 = VECTOR('',#105,1.);
#105 = DIRECTION('',(1.,0.));
#106 = ( GEOMETRIC_REPRESENTATION_CONTEXT(2) 
PARAMETRIC_REPRESENTATION_CONTEXT() REPRESENTATION_CONTEXT('2D SPACE',''
  ) );
#107 = ORIENTED_EDGE('',*,*,#108,.F.);
#108 = EDGE_CURVE('',#109,#80,#111,.T.);
#109 = VERTEX_POINT('',#110);
#110 = CARTESIAN_POINT('',(3.741657386774,-0.299883978906,6.));
#111 = SURFACE_CURVE('',#112,(#139,#169),.PCURVE_S1.);
#112 = B_SPLINE_CURVE_WITH_KNOTS('',7,(#113,#114,#115,#116,#117,#118,
    #119,#120,#121,#122,#123,#124,#125,#126,#127,#128,#129,#130,#131,
    #132,#133,#134,#135,#136,#137,#138),.UNSPECIFIED.,.F.,.F.,(8,6,6,6,8
    ),(0.,0.332845460602,0.598214512393,0.842091783649,1.),
  .UNSPECIFIED.);
#113 = CARTESIAN_POINT('',(3.450000000001,6.000000003503E-07,
    5.610795957362));
#114 = CARTESIAN_POINT('',(3.449999903474,-4.826257466648E-02,
    5.6107958421));
#115 = CARTESIAN_POINT('',(3.459058108653,-9.637333082358E-02,
    5.62161227497));
#116 = CARTESIAN_POINT('',(3.477073383008,-0.142079363605,5.64312421183)
  );
#117 = CARTESIAN_POINT('',(3.503122543993,-0.183221340578,5.67466365057)
  );
#118 = CARTESIAN_POINT('',(3.535608188088,-0.218178451753,5.715164870282
    ));
#119 = CARTESIAN_POINT('',(3.572610493073,-0.245985844226,5.763060881062
    ));
#120 = CARTESIAN_POINT('',(3.64356227614,-0.282713801432,5.85855361454)
  );
#121 = CARTESIAN_POINT('',(3.676700806081,-0.294367438668,5.904364837585
    ));
#122 = CARTESIAN_POINT('',(3.710758500864,-0.301362109871,5.952934653535
    ));
#123 = CARTESIAN_POINT('',(3.745064687092,-0.303767323228,6.003567449423
    ));
#124 = CARTESIAN_POINT('',(3.779013557428,-0.301717842095,6.055515995651
    ));
#125 = CARTESIAN_POINT('',(3.812052961544,-0.295393221639,6.107940417211
    ));
#126 = CARTESIAN_POINT('',(3.872729255738,-0.275450713126,6.207601607652
    ));
#127 = CARTESIAN_POINT('',(3.900649591111,-0.262444400311,6.255018457867
    ));
#128 = CARTESIAN_POINT('',(3.927113813744,-0.246087099015,6.301510401129
    ));
#129 = CARTESIAN_POINT('',(3.951750150157,-0.226463483301,6.346279803097
    ));
#130 = CARTESIAN_POINT('',(3.974144097022,-0.203677159318,6.38828182646)
  );
#131 = CARTESIAN_POINT('',(3.993828434728,-0.177870638602,6.426200323195
    ));
#132 = CARTESIAN_POINT('',(4.020887546001,-0.13067909694,6.47935336315)
  );
#133 = CARTESIAN_POINT('',(4.030223015116,-0.110824494817,6.498005148783
    ));
#134 = CARTESIAN_POINT('',(4.037965695956,-8.987966138493E-02,
    6.513718390355));
#135 = CARTESIAN_POINT('',(4.043920401596,-6.808570021829E-02,
    6.525942343992));
#136 = CARTESIAN_POINT('',(4.047958955668,-4.56837768667E-02,
    6.534281388956));
#137 = CARTESIAN_POINT('',(4.05,-2.290872912484E-02,6.538495475407));
#138 = CARTESIAN_POINT('',(4.05,-5.551115123126E-17,6.538495475407));
#139 = PCURVE('',#32,#140);
#140 = DEFINITIONAL_REPRESENTATION('',(#141),#168);
#141 = B_SPLINE_CURVE_WITH_KNOTS('',7,(#142,#143,#144,#145,#146,#147,
    #148,#149,#150,#151,#152,#153,#154,#155,#156,#157,#158,#159,#160,
    #161,#162,#163,#164,#165,#166,#167),.UNSPECIFIED.,.F.,.F.,(8,6,6,6,8
    ),(0.,0.332845460602,0.598214512393,0.842091783649,1.),
  .UNSPECIFIED.);
#142 = CARTESIAN_POINT('',(-5.586022173538,6.000000000173E-07));
#143 = CARTESIAN_POINT('',(-5.586022140128,-4.826257466648E-02));
#144 = CARTESIAN_POINT('',(-5.589157332289,-9.637333082358E-02));
#145 = CARTESIAN_POINT('',(-5.595392698695,-0.142079363605));
#146 = CARTESIAN_POINT('',(-5.60448270199,-0.183221340578));
#147 = CARTESIAN_POINT('',(-5.616017677327,-0.218178451753));
#148 = CARTESIAN_POINT('',(-5.629465176439,-0.245985844226));
#149 = CARTESIAN_POINT('',(-5.655902166675,-0.282713801432));
#150 = CARTESIAN_POINT('',(-5.668465708275,-0.294367438668));
#151 = CARTESIAN_POINT('',(-5.68164573953,-0.301362109871));
#152 = CARTESIAN_POINT('',(-5.695233698183,-0.303767323228));
#153 = CARTESIAN_POINT('',(-5.709021295909,-0.301717842095));
#154 = CARTESIAN_POINT('',(-5.722790123607,-0.295393221639));
#155 = CARTESIAN_POINT('',(-5.74871876791,-0.275450713126));
#156 = CARTESIAN_POINT('',(-5.760945550033,-0.262444400311));
#157 = CARTESIAN_POINT('',(-5.772831540071,-0.246087099015));
#158 = CARTESIAN_POINT('',(-5.784185309275,-0.226463483301));
#159 = CARTESIAN_POINT('',(-5.794761753644,-0.203677159318));
#160 = CARTESIAN_POINT('',(-5.804255547547,-0.177870638602));
#161 = CARTESIAN_POINT('',(-5.817509833896,-0.13067909694));
#162 = CARTESIAN_POINT('',(-5.822144746798,-0.110824494817));
#163 = CARTESIAN_POINT('',(-5.826037390614,-8.987966138493E-02));
#164 = CARTESIAN_POINT('',(-5.829058962724,-6.808570021829E-02));
#165 = CARTESIAN_POINT('',(-5.831117977424,-4.56837768667E-02));
#166 = CARTESIAN_POINT('',(-5.832158495383,-2.290872912484E-02));
#167 = CARTESIAN_POINT('',(-5.832158495383,-5.551115123126E-17));
#168 = ( GEOMETRIC_REPRESENTATION_CONTEXT(2) 
PARAMETRIC_REPRESENTATION_CONTEXT() REPRESENTATION_CONTEXT('2D SPACE',''
  ) );
#169 = PCURVE('',#170,#175);
#170 = CYLINDRICAL_SURFACE('',#171,0.3);
#171 = AXIS2_PLACEMENT_3D('',#172,#173,#174);
#172 = CARTESIAN_POINT('',(3.75,0.,-4.5));
#173 = DIRECTION('',(-0.,-0.,-1.));
#174 = DIRECTION('',(1.,0.,0.));
#175 = DEFINITIONAL_REPRESENTATION('',(#176),#203);
#176 = B_SPLINE_CURVE_WITH_KNOTS('',7,(#177,#178,#179,#180,#181,#182,
    #183,#184,#185,#186,#187,#188,#189,#190,#191,#192,#193,#194,#195,
    #196,#197,#198,#199,#200,#201,#202),.UNSPECIFIED.,.F.,.F.,(8,6,6,6,8
    ),(0.,0.332845460602,0.598214512393,0.842091783649,1.),
  .UNSPECIFIED.);
#177 = CARTESIAN_POINT('',(-3.14159065359,-10.11079595736));
#178 = CARTESIAN_POINT('',(-3.302467902478,-10.1107958421));
#179 = CARTESIAN_POINT('',(-3.462837730274,-10.12161227497));
#180 = CARTESIAN_POINT('',(-3.62198772145,-10.14312421183));
#181 = CARTESIAN_POINT('',(-3.779349926142,-10.17466365057));
#182 = CARTESIAN_POINT('',(-3.934401892797,-10.21516487028));
#183 = CARTESIAN_POINT('',(-4.086547073075,-10.26306088106));
#184 = CARTESIAN_POINT('',(-4.352861389476,-10.35855361454));
#185 = CARTESIAN_POINT('',(-4.468817435494,-10.40436483758));
#186 = CARTESIAN_POINT('',(-4.5830451372,-10.45293465353));
#187 = CARTESIAN_POINT('',(-4.695920481167,-10.50356744942));
#188 = CARTESIAN_POINT('',(-4.807787061012,-10.55551599565));
#189 = CARTESIAN_POINT('',(-4.918995441577,-10.60794041721));
#190 = CARTESIAN_POINT('',(-5.131893860833,-10.70760160765));
#191 = CARTESIAN_POINT('',(-5.233847986367,-10.75501845786));
#192 = CARTESIAN_POINT('',(-5.336399282549,-10.80151040112));
#193 = CARTESIAN_POINT('',(-5.440041999779,-10.84627980309));
#194 = CARTESIAN_POINT('',(-5.545233791957,-10.88828182646));
#195 = CARTESIAN_POINT('',(-5.652498467724,-10.92620032319));
#196 = CARTESIAN_POINT('',(-5.833828035923,-10.97935336315));
#197 = CARTESIAN_POINT('',(-5.906719912648,-10.99800514878));
#198 = CARTESIAN_POINT('',(-5.980716756592,-11.01371839035));
#199 = CARTESIAN_POINT('',(-6.055504632981,-11.02594234399));
#200 = CARTESIAN_POINT('',(-6.130906428149,-11.03428138895));
#201 = CARTESIAN_POINT('',(-6.206822876763,-11.0384954754));
#202 = CARTESIAN_POINT('',(-6.28318530718,-11.0384954754));
#203 = ( GEOMETRIC_REPRESENTATION_CONTEXT(2) 
PARAMETRIC_REPRESENTATION_CONTEXT() REPRESENTATION_CONTEXT('2D SPACE',''
  ) );
#204 = ORIENTED_EDGE('',*,*,#205,.F.);
#205 = EDGE_CURVE('',#206,#109,#208,.T.);
#206 = VERTEX_POINT('',#207);
#207 = CARTESIAN_POINT('',(3.741657386774,-1.099968363547,6.));
#208 = SURFACE_CURVE('',#209,(#213,#219),.PCURVE_S1.);
#209 = LINE('',#210,#211);
#210 = CARTESIAN_POINT('',(3.741657386774,0.,6.));
#211 = VECTOR('',#212,1.);
#212 = DIRECTION('',(-0.,1.,-0.));
#213 = PCURVE('',#32,#214);
#214 = DEFINITIONAL_REPRESENTATION('',(#215),#218);
#215 = B_SPLINE_CURVE_WITH_KNOTS('',1,(#216,#217),.UNSPECIFIED.,.F.,.F.,
  (2,2),(-1.32,6.E-07),.PIECEWISE_BEZIER_KNOTS.);
#216 = CARTESIAN_POINT('',(-5.694154336963,-1.32));
#217 = CARTESIAN_POINT('',(-5.694154336963,6.E-07));
#218 = ( GEOMETRIC_REPRESENTATION_CONTEXT(2) 
PARAMETRIC_REPRESENTATION_CONTEXT() REPRESENTATION_CONTEXT('2D SPACE',''
  ) );
#219 = PCURVE('',#220,#225);
#220 = PLANE('',#221);
#221 = AXIS2_PLACEMENT_3D('',#222,#223,#224);
#222 = CARTESIAN_POINT('',(3.75,-6.055984930685E-18,6.));
#223 = DIRECTION('',(0.,0.,1.));
#224 = DIRECTION('',(1.,0.,-0.));
#225 = DEFINITIONAL_REPRESENTATION('',(#226),#229);
#226 = B_SPLINE_CURVE_WITH_KNOTS('',1,(#227,#228),.UNSPECIFIED.,.F.,.F.,
  (2,2),(-1.32,6.E-07),.PIECEWISE_BEZIER_KNOTS.);
#227 = CARTESIAN_POINT('',(-8.342613226059E-03,-1.32));
#228 = CARTESIAN_POINT('',(-8.342613226059E-03,6.000000000061E-07));
#229 = ( GEOMETRIC_REPRESENTATION_CONTEXT(2) 
PARAMETRIC_REPRESENTATION_CONTEXT() REPRESENTATION_CONTEXT('2D SPACE',''
  ) );
#230 = ORIENTED_EDGE('',*,*,#231,.F.);
#231 = EDGE_CURVE('',#232,#206,#234,.T.);
#232 = VERTEX_POINT('',#233);
#233 = CARTESIAN_POINT('',(2.65,0.,4.863036981216));
#234 = SURFACE_CURVE('',#235,(#262,#292),.PCURVE_S1.);
#235 = B_SPLINE_CURVE_WITH_KNOTS('',5,(#236,#237,#238,#239,#240,#241,
    #242,#243,#244,#245,#246,#247,#248,#249,#250,#251,#252,#253,#254,
    #255,#256,#257,#258,#259,#260,#261),.UNSPECIFIED.,.F.,.F.,(6,4,4,4,4
    ,4,6),(0.,0.204088953923,0.383843708791,0.557576461939,
    0.629589462812,0.746144828712,1.),.UNSPECIFIED.);
#236 = CARTESIAN_POINT('',(2.65,5.999999999062E-07,4.863036981216));
#237 = CARTESIAN_POINT('',(2.649999957061,-7.872124024418E-02,
    4.86303694993));
#238 = CARTESIAN_POINT('',(2.657042425461,-0.157487261317,4.868168634436
    ));
#239 = CARTESIAN_POINT('',(2.671141132208,-0.235349772187,4.878439888816
    ));
#240 = CARTESIAN_POINT('',(2.69209192858,-0.311403869145,4.893918302414)
  );
#241 = CARTESIAN_POINT('',(2.74365652775,-0.449485663347,4.933031052691)
  );
#242 = CARTESIAN_POINT('',(2.772827222398,-0.51212326187,4.955478018353)
  );
#243 = CARTESIAN_POINT('',(2.806699918102,-0.572004546277,4.982085590105
    ));
#244 = CARTESIAN_POINT('',(2.844765421254,-0.628547414229,5.012843999133
    ));
#245 = CARTESIAN_POINT('',(2.926669282119,-0.732359301866,5.081321889587
    ));
#246 = CARTESIAN_POINT('',(2.970240851984,-0.779836890239,5.118747807175
    ));
#247 = CARTESIAN_POINT('',(3.016523422206,-0.823348709459,5.159814696647
    ));
#248 = CARTESIAN_POINT('',(3.064804905271,-0.862667519696,5.204292917572
    ));
#249 = CARTESIAN_POINT('',(3.134908570396,-0.912302640976,5.271508365443
    ));
#250 = CARTESIAN_POINT('',(3.155674453803,-0.926123105465,5.291730400377
    ));
#251 = CARTESIAN_POINT('',(3.176614360647,-0.939218212986,5.312454011486
    ));
#252 = CARTESIAN_POINT('',(3.197682393779,-0.951592756944,5.333654540752
    ));
#253 = CARTESIAN_POINT('',(3.25307258032,-0.982136313368,5.390350652971)
  );
#254 = CARTESIAN_POINT('',(3.287521512109,-0.999148557867,5.426565637137
    ));
#255 = CARTESIAN_POINT('',(3.322019435636,-1.014349891351,5.463862371955
    ));
#256 = CARTESIAN_POINT('',(3.356414193574,-1.027811195205,5.502137177108
    ));
#257 = CARTESIAN_POINT('',(3.464942738162,-1.065333648779,5.626505816722
    ));
#258 = CARTESIAN_POINT('',(3.538066225641,-1.083168963155,5.715708501645
    ));
#259 = CARTESIAN_POINT('',(3.608956735354,-1.094205987294,5.808172016472
    ));
#260 = CARTESIAN_POINT('',(3.676964737894,-1.099477731426,5.903176875368
    ));
#261 = CARTESIAN_POINT('',(3.741657787666,-1.099968366588,6.0000006));
#262 = PCURVE('',#32,#263);
#263 = DEFINITIONAL_REPRESENTATION('',(#264),#291);
#264 = B_SPLINE_CURVE_WITH_KNOTS('',5,(#265,#266,#267,#268,#269,#270,
    #271,#272,#273,#274,#275,#276,#277,#278,#279,#280,#281,#282,#283,
    #284,#285,#286,#287,#288,#289,#290),.UNSPECIFIED.,.F.,.F.,(6,4,4,4,4
    ,4,6),(0.,0.204088953923,0.383843708791,0.557576461939,
    0.629589462812,0.746144828712,1.),.UNSPECIFIED.);
#265 = CARTESIAN_POINT('',(-5.342072358086,5.999999999062E-07));
#266 = CARTESIAN_POINT('',(-5.34207234628,-7.872124024418E-02));
#267 = CARTESIAN_POINT('',(-5.344008725216,-0.157487261317));
#268 = CARTESIAN_POINT('',(-5.347885144581,-0.235349772187));
#269 = CARTESIAN_POINT('',(-5.353673230746,-0.311403869145));
#270 = CARTESIAN_POINT('',(-5.368055516012,-0.449485663347));
#271 = CARTESIAN_POINT('',(-5.376234780973,-0.51212326187));
#272 = CARTESIAN_POINT('',(-5.385805902382,-0.572004546277));
#273 = CARTESIAN_POINT('',(-5.396679788434,-0.628547414229));
#274 = CARTESIAN_POINT('',(-5.420403989659,-0.732359301866));
#275 = CARTESIAN_POINT('',(-5.43316699278,-0.779836890239));
#276 = CARTESIAN_POINT('',(-5.446914340489,-0.823348709459));
#277 = CARTESIAN_POINT('',(-5.461499443219,-0.862667519696));
#278 = CARTESIAN_POINT('',(-5.483081832355,-0.912302640976));
#279 = CARTESIAN_POINT('',(-5.489522833275,-0.926123105465));
#280 = CARTESIAN_POINT('',(-5.496069421472,-0.939218212986));
#281 = CARTESIAN_POINT('',(-5.502711075033,-0.951592756944));
#282 = CARTESIAN_POINT('',(-5.520324933081,-0.982136313368));
#283 = CARTESIAN_POINT('',(-5.531431149703,-0.999148557867));
#284 = CARTESIAN_POINT('',(-5.542719688149,-1.014349891351));
#285 = CARTESIAN_POINT('',(-5.554153634911,-1.027811195205));
#286 = CARTESIAN_POINT('',(-5.590834442628,-1.065333648779));
#287 = CARTESIAN_POINT('',(-5.61645417181,-1.083168963155));
#288 = CARTESIAN_POINT('',(-5.642326840389,-1.094205987294));
#289 = CARTESIAN_POINT('',(-5.668277271201,-1.099477731426));
#290 = CARTESIAN_POINT('',(-5.69415449732,-1.099968366588));
#291 = ( GEOMETRIC_REPRESENTATION_CONTEXT(2) 
PARAMETRIC_REPRESENTATION_CONTEXT() REPRESENTATION_CONTEXT('2D SPACE',''
  ) );
#292 = PCURVE('',#293,#298);
#293 = CYLINDRICAL_SURFACE('',#294,1.1);
#294 = AXIS2_PLACEMENT_3D('',#295,#296,#297);
#295 = CARTESIAN_POINT('',(3.75,0.,2.));
#296 = DIRECTION('',(-0.,-0.,-1.));
#297 = DIRECTION('',(1.,0.,0.));
#298 = DEFINITIONAL_REPRESENTATION('',(#299),#326);
#299 = B_SPLINE_CURVE_WITH_KNOTS('',5,(#300,#301,#302,#303,#304,#305,
    #306,#307,#308,#309,#310,#311,#312,#313,#314,#315,#316,#317,#318,
    #319,#320,#321,#322,#323,#324,#325),.UNSPECIFIED.,.F.,.F.,(6,4,4,4,4
    ,4,6),(0.,0.204088953923,0.383843708791,0.557576461939,
    0.629589462812,0.746144828712,1.),.UNSPECIFIED.);
#300 = CARTESIAN_POINT('',(-3.141592108135,-2.863036981216));
#301 = CARTESIAN_POINT('',(-3.213157417448,-2.86303694993));
#302 = CARTESIAN_POINT('',(-3.284762811558,-2.868168634436));
#303 = CARTESIAN_POINT('',(-3.356310923898,-2.878439888816));
#304 = CARTESIAN_POINT('',(-3.427745261558,-2.893918302414));
#305 = CARTESIAN_POINT('',(-3.561741344446,-2.933031052691));
#306 = CARTESIAN_POINT('',(-3.624363472755,-2.955478018353));
#307 = CARTESIAN_POINT('',(-3.686649480279,-2.982085590105));
#308 = CARTESIAN_POINT('',(-3.748438975043,-3.012843999133));
#309 = CARTESIAN_POINT('',(-3.86864936375,-3.081321889587));
#310 = CARTESIAN_POINT('',(-3.927068880475,-3.118747807175));
#311 = CARTESIAN_POINT('',(-3.984615358571,-3.159814696647));
#312 = CARTESIAN_POINT('',(-4.041092781898,-3.204292917572));
#313 = CARTESIAN_POINT('',(-4.119180299702,-3.271508365443));
#314 = CARTESIAN_POINT('',(-4.141847631298,-3.291730400377));
#315 = CARTESIAN_POINT('',(-4.164288062052,-3.312454011486));
#316 = CARTESIAN_POINT('',(-4.186492045655,-3.333654540752));
#317 = CARTESIAN_POINT('',(-4.243995057463,-3.390350652971));
#318 = CARTESIAN_POINT('',(-4.278887207944,-3.426565637137));
#319 = CARTESIAN_POINT('',(-4.313116895727,-3.463862371955));
#320 = CARTESIAN_POINT('',(-4.346667216883,-3.502137177108));
#321 = CARTESIAN_POINT('',(-4.451059909673,-3.626505816722));
#322 = CARTESIAN_POINT('',(-4.519185468867,-3.715708501645));
#323 = CARTESIAN_POINT('',(-4.584132173141,-3.808172016472));
#324 = CARTESIAN_POINT('',(-4.645991523523,-3.903176875368));
#325 = CARTESIAN_POINT('',(-4.704805078291,-4.0000006));
#326 = ( GEOMETRIC_REPRESENTATION_CONTEXT(2) 
PARAMETRIC_REPRESENTATION_CONTEXT() REPRESENTATION_CONTEXT('2D SPACE',''
  ) );
#327 = ORIENTED_EDGE('',*,*,#328,.F.);
#328 = EDGE_CURVE('',#329,#232,#331,.T.);
#329 = VERTEX_POINT('',#330);
#330 = CARTESIAN_POINT('',(-2.65,0.,4.863036981216));
#331 = SURFACE_CURVE('',#332,(#337,#344),.PCURVE_S1.);
#332 = CIRCLE('',#333,4.5);
#333 = AXIS2_PLACEMENT_3D('',#334,#335,#336);
#334 = CARTESIAN_POINT('',(0.,0.,8.5));
#335 = DIRECTION('',(0.,-1.,0.));
#336 = DIRECTION('',(1.,0.,0.));
#337 = PCURVE('',#32,#338);
#338 = DEFINITIONAL_REPRESENTATION('',(#339),#343);
#339 = LINE('',#340,#341);
#340 = CARTESIAN_POINT('',(-0.,0.));
#341 = VECTOR('',#342,1.);
#342 = DIRECTION('',(-1.,0.));
#343 = ( GEOMETRIC_REPRESENTATION_CONTEXT(2) 
PARAMETRIC_REPRESENTATION_CONTEXT() REPRESENTATION_CONTEXT('2D SPACE',''
  ) );
#344 = PCURVE('',#96,#345);
#345 = DEFINITIONAL_REPRESENTATION('',(#346),#350);
#346 = LINE('',#347,#348);
#347 = CARTESIAN_POINT('',(0.,0.));
#348 = VECTOR('',#349,1.);
#349 = DIRECTION('',(1.,0.));
#350 = ( GEOMETRIC_REPRESENTATION_CONTEXT(2) 
PARAMETRIC_REPRESENTATION_CONTEXT() REPRESENTATION_CONTEXT('2D SPACE',''
  ) );
#351 = ORIENTED_EDGE('',*,*,#352,.F.);
#352 = EDGE_CURVE('',#353,#329,#355,.T.);
#353 = VERTEX_POINT('',#354);
#354 = CARTESIAN_POINT('',(-3.741657386774,-1.099968363547,6.));
#355 = SURFACE_CURVE('',#356,(#391,#429),.PCURVE_S1.);
#356 = B_SPLINE_CURVE_WITH_KNOTS('',5,(#357,#358,#359,#360,#361,#362,
    #363,#364,#365,#366,#367,#368,#369,#370,#371,#372,#373,#374,#375,
    #376,#377,#378,#379,#380,#381,#382,#383,#384,#385,#386,#387,#388,
    #389,#390),.UNSPECIFIED.,.F.,.F.,(6,4,4,4,4,4,4,4,6),(0.,
    0.2536158822,0.372192200629,0.444766972202,0.61516189081,
    0.795642302191,0.99712833915,0.998420563948,1.),.UNSPECIFIED.);
#357 = CARTESIAN_POINT('',(-3.741657787666,-1.099968366588,6.0000006));
#358 = CARTESIAN_POINT('',(-3.677025735608,-1.099478194035,
    5.903268168418));
#359 = CARTESIAN_POINT('',(-3.609086312135,-1.094215927064,
    5.808353165285));
#360 = CARTESIAN_POINT('',(-3.538269774639,-1.08320058963,5.715974042484
    ));
#361 = CARTESIAN_POINT('',(-3.465222564919,-1.065402001525,
    5.626847107492));
#362 = CARTESIAN_POINT('',(-3.356178071332,-1.027742735124,
    5.501857022135));
#363 = CARTESIAN_POINT('',(-3.321183342595,-1.014033195055,
    5.462925234268));
#364 = CARTESIAN_POINT('',(-3.286083412212,-0.998521623058,
    5.425007168692));
#365 = CARTESIAN_POINT('',(-3.25103889748,-0.981133732402,5.38821206423)
  );
#366 = CARTESIAN_POINT('',(-3.194912077218,-0.949984930264,
    5.330857352487));
#367 = CARTESIAN_POINT('',(-3.173691934915,-0.937436531453,
    5.309541672072));
#368 = CARTESIAN_POINT('',(-3.15260568347,-0.924155674013,5.288712492037
    ));
#369 = CARTESIAN_POINT('',(-3.131700472648,-0.910137783041,
    5.268394999282));
#370 = CARTESIAN_POINT('',(-3.062486599521,-0.860744634681,
    5.202169044167));
#371 = CARTESIAN_POINT('',(-3.015204763027,-0.822038582439,
    5.158663351279));
#372 = CARTESIAN_POINT('',(-2.969860058287,-0.779304475468,
    5.118442977187));
#373 = CARTESIAN_POINT('',(-2.927123343664,-0.732758375191,
    5.081724300111));
#374 = CARTESIAN_POINT('',(-2.845671290831,-0.629877251743,
    5.013577920391));
#375 = CARTESIAN_POINT('',(-2.807376840605,-0.573167536665,
    4.982619962348));
#376 = CARTESIAN_POINT('',(-2.773302328821,-0.513084809903,
    4.955846091696));
#377 = CARTESIAN_POINT('',(-2.743964747071,-0.450217680081,
    4.933266778489));
#378 = CARTESIAN_POINT('',(-2.692588914054,-0.312838193711,
    4.894293130028));
#379 = CARTESIAN_POINT('',(-2.671788467457,-0.237797326957,
    4.878917662455));
#380 = CARTESIAN_POINT('',(-2.657660755671,-0.160979569735,
    4.868619270024));
#381 = CARTESIAN_POINT('',(-2.650405243287,-8.325568675242E-02,
    4.863332255929));
#382 = CARTESIAN_POINT('',(-2.650011432884,-5.039906829233E-03,
    4.863045311584));
#383 = CARTESIAN_POINT('',(-2.65000920561,-4.541467441368E-03,
    4.863043688715));
#384 = CARTESIAN_POINT('',(-2.650007260658,-4.043026786498E-03,
    4.863042271559));
#385 = CARTESIAN_POINT('',(-2.650005598031,-3.544585088211E-03,
    4.863041060115));
#386 = CARTESIAN_POINT('',(-2.650002530638,-2.43691568911E-03,
    4.863038825116));
#387 = CARTESIAN_POINT('',(-2.650001265319,-1.827687583323E-03,
    4.863037903166));
#388 = CARTESIAN_POINT('',(-2.650000421773,-1.218458661068E-03,
    4.863037288533));
#389 = CARTESIAN_POINT('',(-2.65,-6.092293305816E-04,4.863036981216));
#390 = CARTESIAN_POINT('',(-2.65,-2.22044604925E-16,4.863036981216));
#391 = PCURVE('',#32,#392);
#392 = DEFINITIONAL_REPRESENTATION('',(#393),#428);
#393 = B_SPLINE_CURVE_WITH_KNOTS('',5,(#394,#395,#396,#397,#398,#399,
    #400,#401,#402,#403,#404,#405,#406,#407,#408,#409,#410,#411,#412,
    #413,#414,#415,#416,#417,#418,#419,#420,#421,#422,#423,#424,#425,
    #426,#427),.UNSPECIFIED.,.F.,.F.,(6,4,4,4,4,4,4,4,6),(0.,
    0.2536158822,0.372192200629,0.444766972202,0.61516189081,
    0.795642302191,0.99712833915,0.998420563948,1.),.UNSPECIFIED.);
#394 = CARTESIAN_POINT('',(-3.730623463449,-1.099968366588));
#395 = CARTESIAN_POINT('',(-3.756476290477,-1.099478194035));
#396 = CARTESIAN_POINT('',(-3.782401651286,-1.094215927064));
#397 = CARTESIAN_POINT('',(-3.808249493374,-1.08320058963));
#398 = CARTESIAN_POINT('',(-3.833845488348,-1.065402001525));
#399 = CARTESIAN_POINT('',(-3.870705733599,-1.027742735124));
#400 = CARTESIAN_POINT('',(-3.882337321382,-1.014033195055));
#401 = CARTESIAN_POINT('',(-3.893817986524,-0.998521623058));
#402 = CARTESIAN_POINT('',(-3.905108780748,-0.981133732402));
#403 = CARTESIAN_POINT('',(-3.92294172697,-0.949984930264));
#404 = CARTESIAN_POINT('',(-3.929625355783,-0.937436531453));
#405 = CARTESIAN_POINT('',(-3.936211558744,-0.924155674013));
#406 = CARTESIAN_POINT('',(-3.942689540838,-0.910137783041));
#407 = CARTESIAN_POINT('',(-3.963977034835,-0.860744634681));
#408 = CARTESIAN_POINT('',(-3.978252515447,-0.822038582439));
#409 = CARTESIAN_POINT('',(-3.991719284391,-0.779304475468));
#410 = CARTESIAN_POINT('',(-4.004239200303,-0.732758375191));
#411 = CARTESIAN_POINT('',(-4.02783912286,-0.629877251743));
#412 = CARTESIAN_POINT('',(-4.03878042339,-0.573167536665));
#413 = CARTESIAN_POINT('',(-4.048409627466,-0.513084809903));
#414 = CARTESIAN_POINT('',(-4.056636216964,-0.450217680081));
#415 = CARTESIAN_POINT('',(-4.070966400068,-0.312838193711));
#416 = CARTESIAN_POINT('',(-4.076714035871,-0.237797326957));
#417 = CARTESIAN_POINT('',(-4.080599207565,-0.160979569735));
#418 = CARTESIAN_POINT('',(-4.082594178839,-8.325568675242E-02));
#419 = CARTESIAN_POINT('',(-4.082702459155,-5.039906829233E-03));
#420 = CARTESIAN_POINT('',(-4.082703071556,-4.541467441368E-03));
#421 = CARTESIAN_POINT('',(-4.08270360633,-4.043026786498E-03));
#422 = CARTESIAN_POINT('',(-4.082704063478,-3.544585088211E-03));
#423 = CARTESIAN_POINT('',(-4.082704906872,-2.43691568911E-03));
#424 = CARTESIAN_POINT('',(-4.082705254778,-1.827687583323E-03));
#425 = CARTESIAN_POINT('',(-4.082705486715,-1.218458661068E-03));
#426 = CARTESIAN_POINT('',(-4.082705602683,-6.092293305816E-04));
#427 = CARTESIAN_POINT('',(-4.082705602683,-2.22044604925E-16));
#428 = ( GEOMETRIC_REPRESENTATION_CONTEXT(2) 
PARAMETRIC_REPRESENTATION_CONTEXT() REPRESENTATION_CONTEXT('2D SPACE',''
  ) );
#429 = PCURVE('',#430,#435);
#430 = CYLINDRICAL_SURFACE('',#431,1.1);
#431 = AXIS2_PLACEMENT_3D('',#432,#433,#434);
#432 = CARTESIAN_POINT('',(-3.75,0.,2.));
#433 = DIRECTION('',(-0.,-0.,-1.));
#434 = DIRECTION('',(1.,0.,0.));
#435 = DEFINITIONAL_REPRESENTATION('',(#436),#471);
#436 = B_SPLINE_CURVE_WITH_KNOTS('',5,(#437,#438,#439,#440,#441,#442,
    #443,#444,#445,#446,#447,#448,#449,#450,#451,#452,#453,#454,#455,
    #456,#457,#458,#459,#460,#461,#462,#463,#464,#465,#466,#467,#468,
    #469,#470),.UNSPECIFIED.,.F.,.F.,(6,4,4,4,4,4,4,4,6),(0.,
    0.2536158822,0.372192200629,0.444766972202,0.61516189081,
    0.795642302191,0.99712833915,0.998420563948,1.),.UNSPECIFIED.);
#437 = CARTESIAN_POINT('',(-4.719972882478,-4.0000006));
#438 = CARTESIAN_POINT('',(-4.778730983185,-3.903268168418));
#439 = CARTESIAN_POINT('',(-4.840527940347,-3.808353165285));
#440 = CARTESIAN_POINT('',(-4.905406014241,-3.715974042484));
#441 = CARTESIAN_POINT('',(-4.973457318512,-3.626847107492));
#442 = CARTESIAN_POINT('',(-5.078333955715,-3.501857022135));
#443 = CARTESIAN_POINT('',(-5.11247302921,-3.462925234268));
#444 = CARTESIAN_POINT('',(-5.147314993965,-3.425007168692));
#445 = CARTESIAN_POINT('',(-5.182841859875,-3.38821206423));
#446 = CARTESIAN_POINT('',(-5.241197196493,-3.330857352487));
#447 = CARTESIAN_POINT('',(-5.263600336669,-3.309541672072));
#448 = CARTESIAN_POINT('',(-5.286242899092,-3.288712492037));
#449 = CARTESIAN_POINT('',(-5.309114991078,-3.268394999282));
#450 = CARTESIAN_POINT('',(-5.386415752507,-3.202169044167));
#451 = CARTESIAN_POINT('',(-5.441843642894,-3.158663351279));
#452 = CARTESIAN_POINT('',(-5.498296208839,-3.118442977187));
#453 = CARTESIAN_POINT('',(-5.555588015146,-3.081724300111));
#454 = CARTESIAN_POINT('',(-5.674879873619,-3.013577920391));
#455 = CARTESIAN_POINT('',(-5.736909504695,-2.982619962348));
#456 = CARTESIAN_POINT('',(-5.799442151709,-2.955846091696));
#457 = CARTESIAN_POINT('',(-5.86231516611,-2.933266778489));
#458 = CARTESIAN_POINT('',(-5.995653112118,-2.894293130028));
#459 = CARTESIAN_POINT('',(-6.066173817584,-2.878917662455));
#460 = CARTESIAN_POINT('',(-6.136807085333,-2.868619270024));
#461 = CARTESIAN_POINT('',(-6.207497402425,-2.863332255929));
#462 = CARTESIAN_POINT('',(-6.27860355817,-2.863045311584));
#463 = CARTESIAN_POINT('',(-6.279056689337,-2.863043688715));
#464 = CARTESIAN_POINT('',(-6.279509820558,-2.863042271559));
#465 = CARTESIAN_POINT('',(-6.279962951823,-2.863041060115));
#466 = CARTESIAN_POINT('',(-6.280969927865,-2.863038825116));
#467 = CARTESIAN_POINT('',(-6.281523772659,-2.863037903166));
#468 = CARTESIAN_POINT('',(-6.282077617488,-2.863037288533));
#469 = CARTESIAN_POINT('',(-6.282631462334,-2.863036981216));
#470 = CARTESIAN_POINT('',(-6.28318530718,-2.863036981216));
#471 = ( GEOMETRIC_REPRESENTATION_CONTEXT(2) 
PARAMETRIC_REPRESENTATION_CONTEXT() REPRESENTATION_CONTEXT('2D SPACE',''
  ) );
#472 = ORIENTED_EDGE('',*,*,#473,.T.);
#473 = EDGE_CURVE('',#353,#474,#476,.T.);
#474 = VERTEX_POINT('',#475);
#475 = CARTESIAN_POINT('',(-3.741657386774,-0.299883978906,6.));
#476 = SURFACE_CURVE('',#477,(#481,#487),.PCURVE_S1.);
#477 = LINE('',#478,#479);
#478 = CARTESIAN_POINT('',(-3.741657386774,0.,6.));
#479 = VECTOR('',#480,1.);
#480 = DIRECTION('',(-0.,1.,-0.));
#481 = PCURVE('',#32,#482);
#482 = DEFINITIONAL_REPRESENTATION('',(#483),#486);
#483 = B_SPLINE_CURVE_WITH_KNOTS('',1,(#484,#485),.UNSPECIFIED.,.F.,.F.,
  (2,2),(-1.32,6.E-07),.PIECEWISE_BEZIER_KNOTS.);
#484 = CARTESIAN_POINT('',(-3.730623623806,-1.32));
#485 = CARTESIAN_POINT('',(-3.730623623806,6.E-07));
#486 = ( GEOMETRIC_REPRESENTATION_CONTEXT(2) 
PARAMETRIC_REPRESENTATION_CONTEXT() REPRESENTATION_CONTEXT('2D SPACE',''
  ) );
#487 = PCURVE('',#488,#493);
#488 = PLANE('',#489);
#489 = AXIS2_PLACEMENT_3D('',#490,#491,#492);
#490 = CARTESIAN_POINT('',(-3.75,-6.055984930685E-18,6.));
#491 = DIRECTION('',(0.,0.,1.));
#492 = DIRECTION('',(1.,0.,-0.));
#493 = DEFINITIONAL_REPRESENTATION('',(#494),#497);
#494 = B_SPLINE_CURVE_WITH_KNOTS('',1,(#495,#496),.UNSPECIFIED.,.F.,.F.,
  (2,2),(-1.32,6.E-07),.PIECEWISE_BEZIER_KNOTS.);
#495 = CARTESIAN_POINT('',(8.342613226059E-03,-1.32));
#496 = CARTESIAN_POINT('',(8.342613226059E-03,6.000000000061E-07));
#497 = ( GEOMETRIC_REPRESENTATION_CONTEXT(2) 
PARAMETRIC_REPRESENTATION_CONTEXT() REPRESENTATION_CONTEXT('2D SPACE',''
  ) );
#498 = ORIENTED_EDGE('',*,*,#499,.F.);
#499 = EDGE_CURVE('',#500,#474,#502,.T.);
#500 = VERTEX_POINT('',#501);
#501 = CARTESIAN_POINT('',(-4.05,0.,6.538495475407));
#502 = SURFACE_CURVE('',#503,(#530,#560),.PCURVE_S1.);
#503 = B_SPLINE_CURVE_WITH_KNOTS('',7,(#504,#505,#506,#507,#508,#509,
    #510,#511,#512,#513,#514,#515,#516,#517,#518,#519,#520,#521,#522,
    #523,#524,#525,#526,#527,#528,#529),.UNSPECIFIED.,.F.,.F.,(8,6,6,6,8
    ),(0.,0.156895830522,0.404023847463,0.669942216177,1.),
  .UNSPECIFIED.);
#504 = CARTESIAN_POINT('',(-4.049999999999,6.000000003503E-07,
    6.538495475405));
#505 = CARTESIAN_POINT('',(-4.050000045522,-2.276093036837E-02,
    6.538495569399));
#506 = CARTESIAN_POINT('',(-4.047985194588,-4.539231990235E-02,
    6.534335559786));
#507 = CARTESIAN_POINT('',(-4.043997552481,-6.765781752422E-02,
    6.52610165314));
#508 = CARTESIAN_POINT('',(-4.038116603995,-8.93260617392E-02,
    6.514028170282));
#509 = CARTESIAN_POINT('',(-4.030467853366,-0.110159572757,
    6.498502068887));
#510 = CARTESIAN_POINT('',(-4.021242387585,-0.12992091924,6.480062539239
    ));
#511 = CARTESIAN_POINT('',(-3.994165054598,-0.177495129987,
    6.426843108651));
#512 = CARTESIAN_POINT('',(-3.974242468702,-0.203685334672,
    6.388447692778));
#513 = CARTESIAN_POINT('',(-3.951532639032,-0.226776454561,
    6.345847651061));
#514 = CARTESIAN_POINT('',(-3.926520299613,-0.246619410873,
    6.300411530887));
#515 = CARTESIAN_POINT('',(-3.899636529153,-0.26310432044,6.253225458765
    ));
#516 = CARTESIAN_POINT('',(-3.871271314418,-0.276140941731,6.2051210409)
  );
#517 = CARTESIAN_POINT('',(-3.810013168023,-0.295821897679,
    6.104688423126));
#518 = CARTESIAN_POINT('',(-3.776851843849,-0.301933141569,
    6.052171518641));
#519 = CARTESIAN_POINT('',(-3.742797949241,-0.303742852616,
    6.000165905129));
#520 = CARTESIAN_POINT('',(-3.708411714678,-0.301070327257,
    5.949517939808));
#521 = CARTESIAN_POINT('',(-3.674307888719,-0.293782346964,
    5.900980661025));
#522 = CARTESIAN_POINT('',(-3.641166275191,-0.281813848464,
    5.855254625979));
#523 = CARTESIAN_POINT('',(-3.570735132509,-0.244563133356,
    5.760635490951));
#524 = CARTESIAN_POINT('',(-3.534239347473,-0.216695144958,
    5.713458957961));
#525 = CARTESIAN_POINT('',(-3.502244002989,-0.181827420484,
    5.673599901672));
#526 = CARTESIAN_POINT('',(-3.476616174419,-0.140916945118,
    5.642578281458));
#527 = CARTESIAN_POINT('',(-3.458904081847,-9.555520568182E-02,
    5.621428346926));
#528 = CARTESIAN_POINT('',(-3.45,-4.785053685801E-02,5.610795957361));
#529 = CARTESIAN_POINT('',(-3.45,-5.551115123126E-17,5.610795957361));
#530 = PCURVE('',#32,#531);
#531 = DEFINITIONAL_REPRESENTATION('',(#532),#559);
#532 = B_SPLINE_CURVE_WITH_KNOTS('',7,(#533,#534,#535,#536,#537,#538,
    #539,#540,#541,#542,#543,#544,#545,#546,#547,#548,#549,#550,#551,
    #552,#553,#554,#555,#556,#557,#558),.UNSPECIFIED.,.F.,.F.,(8,6,6,6,8
    ),(0.,0.156895830522,0.404023847463,0.669942216177,1.),
  .UNSPECIFIED.);
#533 = CARTESIAN_POINT('',(-3.592619465386,6.000000000173E-07));
#534 = CARTESIAN_POINT('',(-3.592619442178,-2.276093036837E-02));
#535 = CARTESIAN_POINT('',(-3.59364660772,-4.539231990235E-02));
#536 = CARTESIAN_POINT('',(-3.59567966264,-6.765781752422E-02));
#537 = CARTESIAN_POINT('',(-3.598663996912,-8.93260617392E-02));
#538 = CARTESIAN_POINT('',(-3.6025101139,-0.110159572757));
#539 = CARTESIAN_POINT('',(-3.607091909569,-0.12992091924));
#540 = CARTESIAN_POINT('',(-3.620361181143,-0.177495129987));
#541 = CARTESIAN_POINT('',(-3.629973425541,-0.203685334672));
#542 = CARTESIAN_POINT('',(-3.640700117705,-0.226776454561));
#543 = CARTESIAN_POINT('',(-3.652223886898,-0.246619410873));
#544 = CARTESIAN_POINT('',(-3.664289953731,-0.26310432044));
#545 = CARTESIAN_POINT('',(-3.676698509761,-0.276140941731));
#546 = CARTESIAN_POINT('',(-3.702840827956,-0.295821897679));
#547 = CARTESIAN_POINT('',(-3.716641478896,-0.301933141569));
#548 = CARTESIAN_POINT('',(-3.730452443627,-0.303742852616));
#549 = CARTESIAN_POINT('',(-3.744053167272,-0.301070327257));
#550 = CARTESIAN_POINT('',(-3.757233176568,-0.293782346964));
#551 = CARTESIAN_POINT('',(-3.769781796712,-0.281813848464));
#552 = CARTESIAN_POINT('',(-3.795993966699,-0.244563133356));
#553 = CARTESIAN_POINT('',(-3.809246217254,-0.216695144958));
#554 = CARTESIAN_POINT('',(-3.820601835698,-0.181827420484));
#555 = CARTESIAN_POINT('',(-3.829543506918,-0.140916945118));
#556 = CARTESIAN_POINT('',(-3.83567394001,-9.555520568182E-02));
#557 = CARTESIAN_POINT('',(-3.838755787232,-4.785053685801E-02));
#558 = CARTESIAN_POINT('',(-3.838755787232,-5.551115123126E-17));
#559 = ( GEOMETRIC_REPRESENTATION_CONTEXT(2) 
PARAMETRIC_REPRESENTATION_CONTEXT() REPRESENTATION_CONTEXT('2D SPACE',''
  ) );
#560 = PCURVE('',#561,#566);
#561 = CYLINDRICAL_SURFACE('',#562,0.3);
#562 = AXIS2_PLACEMENT_3D('',#563,#564,#565);
#563 = CARTESIAN_POINT('',(-3.75,0.,-4.5));
#564 = DIRECTION('',(-0.,-0.,-1.));
#565 = DIRECTION('',(1.,0.,0.));
#566 = DEFINITIONAL_REPRESENTATION('',(#567),#594);
#567 = B_SPLINE_CURVE_WITH_KNOTS('',7,(#568,#569,#570,#571,#572,#573,
    #574,#575,#576,#577,#578,#579,#580,#581,#582,#583,#584,#585,#586,
    #587,#588,#589,#590,#591,#592,#593),.UNSPECIFIED.,.F.,.F.,(8,6,6,6,8
    ),(0.,0.156895830522,0.404023847463,0.669942216177,1.),
  .UNSPECIFIED.);
#568 = CARTESIAN_POINT('',(-3.14159065359,-11.0384954754));
#569 = CARTESIAN_POINT('',(-3.217462421484,-11.03849556939));
#570 = CARTESIAN_POINT('',(-3.292900007866,-11.03433555978));
#571 = CARTESIAN_POINT('',(-3.36783304838,-11.02610165314));
#572 = CARTESIAN_POINT('',(-3.442161606872,-11.01402817028));
#573 = CARTESIAN_POINT('',(-3.515709907287,-10.99850206888));
#574 = CARTESIAN_POINT('',(-3.588168786289,-10.98006253923));
#575 = CARTESIAN_POINT('',(-3.770636058539,-10.92684310865));
#576 = CARTESIAN_POINT('',(-3.879359603603,-10.88844769277));
#577 = CARTESIAN_POINT('',(-3.985961194678,-10.84584765106));
#578 = CARTESIAN_POINT('',(-4.090985540649,-10.80041153088));
#579 = CARTESIAN_POINT('',(-4.194903399405,-10.75322545876));
#580 = CARTESIAN_POINT('',(-4.298217059721,-10.7051210409));
#581 = CARTESIAN_POINT('',(-4.512690588955,-10.60468842312));
#582 = CARTESIAN_POINT('',(-4.624161841785,-10.55217151864));
#583 = CARTESIAN_POINT('',(-4.73632116089,-10.50016590512));
#584 = CARTESIAN_POINT('',(-4.849512906304,-10.4495179398));
#585 = CARTESIAN_POINT('',(-4.964076377089,-10.40098066102));
#586 = CARTESIAN_POINT('',(-5.080383841669,-10.35525462597));
#587 = CARTESIAN_POINT('',(-5.345968346646,-10.26063549095));
#588 = CARTESIAN_POINT('',(-5.496935803823,-10.21345895796));
#589 = CARTESIAN_POINT('',(-5.650754987703,-10.17359990167));
#590 = CARTESIAN_POINT('',(-5.806837534539,-10.14257828145));
#591 = CARTESIAN_POINT('',(-5.964667294875,-10.12142834692));
#592 = CARTESIAN_POINT('',(-6.123683517653,-10.11079595736));
#593 = CARTESIAN_POINT('',(-6.28318530718,-10.11079595736));
#594 = ( GEOMETRIC_REPRESENTATION_CONTEXT(2) 
PARAMETRIC_REPRESENTATION_CONTEXT() REPRESENTATION_CONTEXT('2D SPACE',''
  ) );
#595 = ORIENTED_EDGE('',*,*,#596,.F.);
#596 = EDGE_CURVE('',#22,#500,#597,.T.);
#597 = SURFACE_CURVE('',#598,(#603,#610),.PCURVE_S1.);
#598 = CIRCLE('',#599,4.5);
#599 = AXIS2_PLACEMENT_3D('',#600,#601,#602);
#600 = CARTESIAN_POINT('',(0.,0.,8.5));
#601 = DIRECTION('',(0.,-1.,0.));
#602 = DIRECTION('',(1.,0.,0.));
#603 = PCURVE('',#32,#604);
#604 = DEFINITIONAL_REPRESENTATION('',(#605),#609);
#605 = LINE('',#606,#607);
#606 = CARTESIAN_POINT('',(-0.,0.));
#607 = VECTOR('',#608,1.);
#608 = DIRECTION('',(-1.,0.));
#609 = ( GEOMETRIC_REPRESENTATION_CONTEXT(2) 
PARAMETRIC_REPRESENTATION_CONTEXT() REPRESENTATION_CONTEXT('2D SPACE',''
  ) );
#610 = PCURVE('',#96,#611);
#611 = DEFINITIONAL_REPRESENTATION('',(#612),#616);
#612 = LINE('',#613,#614);
#613 = CARTESIAN_POINT('',(0.,0.));
#614 = VECTOR('',#615,1.);
#615 = DIRECTION('',(1.,0.));
#616 = ( GEOMETRIC_REPRESENTATION_CONTEXT(2) 
PARAMETRIC_REPRESENTATION_CONTEXT() REPRESENTATION_CONTEXT('2D SPACE',''
  ) );
#617 = ADVANCED_FACE('',(#618),#96,.T.);
#618 = FACE_BOUND('',#619,.T.);
#619 = EDGE_LOOP('',(#620,#643,#670,#671,#672,#787,#808,#922,#923,#1015,
    #1036,#1144));
#620 = ORIENTED_EDGE('',*,*,#621,.T.);
#621 = EDGE_CURVE('',#22,#622,#624,.T.);
#622 = VERTEX_POINT('',#623);
#623 = CARTESIAN_POINT('',(4.5,1.45,8.5));
#624 = SEAM_CURVE('',#625,(#629,#636),.PCURVE_S1.);
#625 = LINE('',#626,#627);
#626 = CARTESIAN_POINT('',(4.5,0.,8.5));
#627 = VECTOR('',#628,1.);
#628 = DIRECTION('',(-0.,1.,-0.));
#629 = PCURVE('',#96,#630);
#630 = DEFINITIONAL_REPRESENTATION('',(#631),#635);
#631 = LINE('',#632,#633);
#632 = CARTESIAN_POINT('',(0.,0.));
#633 = VECTOR('',#634,1.);
#634 = DIRECTION('',(0.,-1.));
#635 = ( GEOMETRIC_REPRESENTATION_CONTEXT(2) 
PARAMETRIC_REPRESENTATION_CONTEXT() REPRESENTATION_CONTEXT('2D SPACE',''
  ) );
#636 = PCURVE('',#96,#637);
#637 = DEFINITIONAL_REPRESENTATION('',(#638),#642);
#638 = LINE('',#639,#640);
#639 = CARTESIAN_POINT('',(6.28318530718,0.));
#640 = VECTOR('',#641,1.);
#641 = DIRECTION('',(0.,-1.));
#642 = ( GEOMETRIC_REPRESENTATION_CONTEXT(2) 
PARAMETRIC_REPRESENTATION_CONTEXT() REPRESENTATION_CONTEXT('2D SPACE',''
  ) );
#643 = ORIENTED_EDGE('',*,*,#644,.T.);
#644 = EDGE_CURVE('',#622,#622,#645,.T.);
#645 = SURFACE_CURVE('',#646,(#651,#658),.PCURVE_S1.);
#646 = CIRCLE('',#647,4.5);
#647 = AXIS2_PLACEMENT_3D('',#648,#649,#650);
#648 = CARTESIAN_POINT('',(0.,1.45,8.5));
#649 = DIRECTION('',(0.,-1.,-0.));
#650 = DIRECTION('',(1.,0.,0.));
#651 = PCURVE('',#96,#652);
#652 = DEFINITIONAL_REPRESENTATION('',(#653),#657);
#653 = LINE('',#654,#655);
#654 = CARTESIAN_POINT('',(0.,-1.45));
#655 = VECTOR('',#656,1.);
#656 = DIRECTION('',(1.,0.));
#657 = ( GEOMETRIC_REPRESENTATION_CONTEXT(2) 
PARAMETRIC_REPRESENTATION_CONTEXT() REPRESENTATION_CONTEXT('2D SPACE',''
  ) );
#658 = PCURVE('',#659,#664);
#659 = TOROIDAL_SURFACE('',#660,3.7,0.8);
#660 = AXIS2_PLACEMENT_3D('',#661,#662,#663);
#661 = CARTESIAN_POINT('',(0.,1.45,8.5));
#662 = DIRECTION('',(-0.,1.,0.));
#663 = DIRECTION('',(1.,0.,0.));
#664 = DEFINITIONAL_REPRESENTATION('',(#665),#669);
#665 = LINE('',#666,#667);
#666 = CARTESIAN_POINT('',(-0.,0.));
#667 = VECTOR('',#668,1.);
#668 = DIRECTION('',(-1.,0.));
#669 = ( GEOMETRIC_REPRESENTATION_CONTEXT(2) 
PARAMETRIC_REPRESENTATION_CONTEXT() REPRESENTATION_CONTEXT('2D SPACE',''
  ) );
#670 = ORIENTED_EDGE('',*,*,#621,.F.);
#671 = ORIENTED_EDGE('',*,*,#79,.F.);
#672 = ORIENTED_EDGE('',*,*,#673,.T.);
#673 = EDGE_CURVE('',#80,#674,#676,.T.);
#674 = VERTEX_POINT('',#675);
#675 = CARTESIAN_POINT('',(3.741657386774,0.299883978906,6.));
#676 = SURFACE_CURVE('',#677,(#710,#746),.PCURVE_S1.);
#677 = B_SPLINE_CURVE_WITH_KNOTS('',7,(#678,#679,#680,#681,#682,#683,
    #684,#685,#686,#687,#688,#689,#690,#691,#692,#693,#694,#695,#696,
    #697,#698,#699,#700,#701,#702,#703,#704,#705,#706,#707,#708,#709),
  .UNSPECIFIED.,.F.,.F.,(8,6,6,6,6,8),(0.,0.158600606777,0.403557987848,
    0.669595614512,0.965242833344,1.),.UNSPECIFIED.);
#678 = CARTESIAN_POINT('',(4.05,-7.347883762489E-17,6.538495475407));
#679 = CARTESIAN_POINT('',(4.05,2.302735177499E-02,6.538495475407));
#680 = CARTESIAN_POINT('',(4.047937761056,4.591806498086E-02,
    6.534237632412));
#681 = CARTESIAN_POINT('',(4.04385801463,6.842972364209E-02,
    6.525813519731));
#682 = CARTESIAN_POINT('',(4.037843657719,9.032469813979E-02,
    6.513467890754));
#683 = CARTESIAN_POINT('',(4.030025038825,0.111358865556,6.497603420193)
  );
#684 = CARTESIAN_POINT('',(4.020600662307,0.131288180876,6.478780213196)
  );
#685 = CARTESIAN_POINT('',(3.993294824181,0.178628247818,6.425167432087)
  );
#686 = CARTESIAN_POINT('',(3.973426130898,0.204509554647,6.386917999028)
  );
#687 = CARTESIAN_POINT('',(3.950815010872,0.227348311198,6.344543928478)
  );
#688 = CARTESIAN_POINT('',(3.925924139801,0.246994295785,6.299362134175)
  );
#689 = CARTESIAN_POINT('',(3.899181093504,0.263323019675,6.252449129504)
  );
#690 = CARTESIAN_POINT('',(3.870999027581,0.276228421773,6.204674627135)
  );
#691 = CARTESIAN_POINT('',(3.810013168023,0.295821897679,6.104688423126)
  );
#692 = CARTESIAN_POINT('',(3.776851843849,0.301933141569,6.052171518641)
  );
#693 = CARTESIAN_POINT('',(3.742797949241,0.303742852616,6.000165905129)
  );
#694 = CARTESIAN_POINT('',(3.708411714678,0.301070327257,5.949517939808)
  );
#695 = CARTESIAN_POINT('',(3.674307888719,0.293782346964,5.900980661025)
  );
#696 = CARTESIAN_POINT('',(3.641166275191,0.281813848464,5.855254625979)
  );
#697 = CARTESIAN_POINT('',(3.574817359164,0.246722204703,5.766119666563)
  );
#698 = CARTESIAN_POINT('',(3.541942451006,0.222468366393,5.723439961631)
  );
#699 = CARTESIAN_POINT('',(3.512511070255,0.192610491709,5.686448869156)
  );
#700 = CARTESIAN_POINT('',(3.48784909677,0.157770135699,5.656253763583)
  );
#701 = CARTESIAN_POINT('',(3.469104318047,0.118968985233,5.633664412663)
  );
#702 = CARTESIAN_POINT('',(3.457068502205,7.758055595493E-02,
    5.619246930231));
#703 = CARTESIAN_POINT('',(3.451474832202,3.013276651539E-02,
    5.61255782325));
#704 = CARTESIAN_POINT('',(3.450983753902,2.512823486607E-02,
    5.611970915039));
#705 = CARTESIAN_POINT('',(3.450590460212,2.011310393612E-02,
    5.611501077609));
#706 = CARTESIAN_POINT('',(3.450295275417,1.50900075853E-02,
    5.611148545621));
#707 = CARTESIAN_POINT('',(3.450098415985,1.006159119968E-02,
    5.610913475633));
#708 = CARTESIAN_POINT('',(3.449999990567,5.030511691663E-03,
    5.610795946098));
#709 = CARTESIAN_POINT('',(3.450000000001,-5.62499999875E-07,
    5.610795957362));
#710 = PCURVE('',#96,#711);
#711 = DEFINITIONAL_REPRESENTATION('',(#712),#745);
#712 = B_SPLINE_CURVE_WITH_KNOTS('',7,(#713,#714,#715,#716,#717,#718,
    #719,#720,#721,#722,#723,#724,#725,#726,#727,#728,#729,#730,#731,
    #732,#733,#734,#735,#736,#737,#738,#739,#740,#741,#742,#743,#744),
  .UNSPECIFIED.,.F.,.F.,(8,6,6,6,6,8),(0.,0.158600606777,0.403557987848,
    0.669595614512,0.965242833344,1.),.UNSPECIFIED.);
#713 = CARTESIAN_POINT('',(5.832158495383,5.551115123126E-17));
#714 = CARTESIAN_POINT('',(5.832158495383,-2.302735177499E-02));
#715 = CARTESIAN_POINT('',(5.831107173246,-4.591806498086E-02));
#716 = CARTESIAN_POINT('',(5.829027154461,-6.842972364209E-02));
#717 = CARTESIAN_POINT('',(5.825975469829,-9.032469813979E-02));
#718 = CARTESIAN_POINT('',(5.822045224275,-0.111358865556));
#719 = CARTESIAN_POINT('',(5.817367406342,-0.131288180876));
#720 = CARTESIAN_POINT('',(5.803997199747,-0.178628247818));
#721 = CARTESIAN_POINT('',(5.794419268102,-0.204509554647));
#722 = CARTESIAN_POINT('',(5.783747185874,-0.227348311198));
#723 = CARTESIAN_POINT('',(5.772285917601,-0.246994295785));
#724 = CARTESIAN_POINT('',(5.760288019645,-0.263323019675));
#725 = CARTESIAN_POINT('',(5.747963250805,-0.276228421773));
#726 = CARTESIAN_POINT('',(5.721937132813,-0.295821897679));
#727 = CARTESIAN_POINT('',(5.708136481874,-0.301933141569));
#728 = CARTESIAN_POINT('',(5.694325517143,-0.303742852616));
#729 = CARTESIAN_POINT('',(5.680724793498,-0.301070327257));
#730 = CARTESIAN_POINT('',(5.667544784201,-0.293782346964));
#731 = CARTESIAN_POINT('',(5.654996164058,-0.281813848464));
#732 = CARTESIAN_POINT('',(5.630303265445,-0.246722204703));
#733 = CARTESIAN_POINT('',(5.618333070638,-0.222468366393));
#734 = CARTESIAN_POINT('',(5.607830288386,-0.192610491709));
#735 = CARTESIAN_POINT('',(5.599167063988,-0.157770135699));
#736 = CARTESIAN_POINT('',(5.592644024241,-0.118968985233));
#737 = CARTESIAN_POINT('',(5.58847048029,-7.758055595493E-02));
#738 = CARTESIAN_POINT('',(5.586532767545,-3.013276651539E-02));
#739 = CARTESIAN_POINT('',(5.58636271031,-2.512823486607E-02));
#740 = CARTESIAN_POINT('',(5.586226550073,-2.011310393612E-02));
#741 = CARTESIAN_POINT('',(5.586124373068,-1.50900075853E-02));
#742 = CARTESIAN_POINT('',(5.586056236845,-1.006159119968E-02));
#743 = CARTESIAN_POINT('',(5.586022170273,-5.030511691663E-03));
#744 = CARTESIAN_POINT('',(5.586022173538,5.624999998566E-07));
#745 = ( GEOMETRIC_REPRESENTATION_CONTEXT(2) 
PARAMETRIC_REPRESENTATION_CONTEXT() REPRESENTATION_CONTEXT('2D SPACE',''
  ) );
#746 = PCURVE('',#747,#752);
#747 = CYLINDRICAL_SURFACE('',#748,0.3);
#748 = AXIS2_PLACEMENT_3D('',#749,#750,#751);
#749 = CARTESIAN_POINT('',(3.75,0.,-4.5));
#750 = DIRECTION('',(-0.,-0.,-1.));
#751 = DIRECTION('',(1.,0.,0.));
#752 = DEFINITIONAL_REPRESENTATION('',(#753),#786);
#753 = B_SPLINE_CURVE_WITH_KNOTS('',7,(#754,#755,#756,#757,#758,#759,
    #760,#761,#762,#763,#764,#765,#766,#767,#768,#769,#770,#771,#772,
    #773,#774,#775,#776,#777,#778,#779,#780,#781,#782,#783,#784,#785),
  .UNSPECIFIED.,.F.,.F.,(8,6,6,6,6,8),(0.,0.158600606777,0.403557987848,
    0.669595614512,0.965242833344,1.),.UNSPECIFIED.);
#754 = CARTESIAN_POINT('',(0.,-11.0384954754));
#755 = CARTESIAN_POINT('',(-7.675783924996E-02,-11.0384954754));
#756 = CARTESIAN_POINT('',(-0.153059829506,-11.03423763241));
#757 = CARTESIAN_POINT('',(-0.228838803413,-11.02581351973));
#758 = CARTESIAN_POINT('',(-0.303996144969,-11.01346789075));
#759 = CARTESIAN_POINT('',(-0.378353767931,-10.99760342019));
#760 = CARTESIAN_POINT('',(-0.451593998533,-10.97878021319));
#761 = CARTESIAN_POINT('',(-0.633762746122,-10.92516743208));
#762 = CARTESIAN_POINT('',(-0.741586109166,-10.88691799902));
#763 = CARTESIAN_POINT('',(-0.847391213818,-10.84454392847));
#764 = CARTESIAN_POINT('',(-0.951714471094,-10.79936213417));
#765 = CARTESIAN_POINT('',(-1.054980041301,-10.7524491295));
#766 = CARTESIAN_POINT('',(-1.157577721277,-10.70467462713));
#767 = CARTESIAN_POINT('',(-1.371097935366,-10.60468842312));
#768 = CARTESIAN_POINT('',(-1.482569188195,-10.55217151864));
#769 = CARTESIAN_POINT('',(-1.5947285073,-10.50016590512));
#770 = CARTESIAN_POINT('',(-1.707920252714,-10.4495179398));
#771 = CARTESIAN_POINT('',(-1.8224837235,-10.40098066102));
#772 = CARTESIAN_POINT('',(-1.93879118808,-10.35525462597));
#773 = CARTESIAN_POINT('',(-2.188982273271,-10.26611966656));
#774 = CARTESIAN_POINT('',(-2.323648737615,-10.22343996163));
#775 = CARTESIAN_POINT('',(-2.460635072415,-10.18644886915));
#776 = CARTESIAN_POINT('',(-2.599543504518,-10.15625376358));
#777 = CARTESIAN_POINT('',(-2.740031544468,-10.13366441266));
#778 = CARTESIAN_POINT('',(-2.881741590307,-10.11924693023));
#779 = CARTESIAN_POINT('',(-3.040996168709,-10.11255782325));
#780 = CARTESIAN_POINT('',(-3.057754852113,-10.11197091503));
#781 = CARTESIAN_POINT('',(-3.074518156491,-10.1115010776));
#782 = CARTESIAN_POINT('',(-3.091284933103,-10.11114854562));
#783 = CARTESIAN_POINT('',(-3.108054027852,-10.11091347563));
#784 = CARTESIAN_POINT('',(-3.124824281284,-10.11079594609));
#785 = CARTESIAN_POINT('',(-3.14159452859,-10.11079595736));
#786 = ( GEOMETRIC_REPRESENTATION_CONTEXT(2) 
PARAMETRIC_REPRESENTATION_CONTEXT() REPRESENTATION_CONTEXT('2D SPACE',''
  ) );
#787 = ORIENTED_EDGE('',*,*,#788,.F.);
#788 = EDGE_CURVE('',#789,#674,#791,.T.);
#789 = VERTEX_POINT('',#790);
#790 = CARTESIAN_POINT('',(3.741657386774,1.099968363547,6.));
#791 = SURFACE_CURVE('',#792,(#796,#802),.PCURVE_S1.);
#792 = LINE('',#793,#794);
#793 = CARTESIAN_POINT('',(3.741657386774,0.,6.));
#794 = VECTOR('',#795,1.);
#795 = DIRECTION('',(0.,-1.,0.));
#796 = PCURVE('',#96,#797);
#797 = DEFINITIONAL_REPRESENTATION('',(#798),#801);
#798 = B_SPLINE_CURVE_WITH_KNOTS('',1,(#799,#800),.UNSPECIFIED.,.F.,.F.,
  (2,2),(-1.32,6.00000000222E-07),.PIECEWISE_BEZIER_KNOTS.);
#799 = CARTESIAN_POINT('',(5.694154336963,-1.32));
#800 = CARTESIAN_POINT('',(5.694154336963,6.00000000222E-07));
#801 = ( GEOMETRIC_REPRESENTATION_CONTEXT(2) 
PARAMETRIC_REPRESENTATION_CONTEXT() REPRESENTATION_CONTEXT('2D SPACE',''
  ) );
#802 = PCURVE('',#220,#803);
#803 = DEFINITIONAL_REPRESENTATION('',(#804),#807);
#804 = B_SPLINE_CURVE_WITH_KNOTS('',1,(#805,#806),.UNSPECIFIED.,.F.,.F.,
  (2,2),(-1.32,6.00000000222E-07),.PIECEWISE_BEZIER_KNOTS.);
#805 = CARTESIAN_POINT('',(-8.342613226059E-03,1.32));
#806 = CARTESIAN_POINT('',(-8.342613226059E-03,-6.00000000216E-07));
#807 = ( GEOMETRIC_REPRESENTATION_CONTEXT(2) 
PARAMETRIC_REPRESENTATION_CONTEXT() REPRESENTATION_CONTEXT('2D SPACE',''
  ) );
#808 = ORIENTED_EDGE('',*,*,#809,.T.);
#809 = EDGE_CURVE('',#789,#232,#810,.T.);
#810 = SURFACE_CURVE('',#811,(#846,#884),.PCURVE_S1.);
#811 = B_SPLINE_CURVE_WITH_KNOTS('',5,(#812,#813,#814,#815,#816,#817,
    #818,#819,#820,#821,#822,#823,#824,#825,#826,#827,#828,#829,#830,
    #831,#832,#833,#834,#835,#836,#837,#838,#839,#840,#841,#842,#843,
    #844,#845),.UNSPECIFIED.,.F.,.F.,(6,4,4,4,4,4,4,4,6),(0.,
    0.253615742873,0.372192015521,0.444766771437,0.615161653284,
    0.795642025729,0.997217165966,0.998509390957,1.),.UNSPECIFIED.);
#812 = CARTESIAN_POINT('',(3.741657787666,1.099968366588,6.0000006));
#813 = CARTESIAN_POINT('',(3.677025735598,1.099478194035,5.903268168404)
  );
#814 = CARTESIAN_POINT('',(3.609086312142,1.094215927062,5.808353165298)
  );
#815 = CARTESIAN_POINT('',(3.538269774649,1.083200589635,5.715974042494)
  );
#816 = CARTESIAN_POINT('',(3.465222564909,1.065402001522,5.62684710748)
  );
#817 = CARTESIAN_POINT('',(3.356178065665,1.027742733166,5.501857015639)
  );
#818 = CARTESIAN_POINT('',(3.321183347504,1.014033197564,5.462925239407)
  );
#819 = CARTESIAN_POINT('',(3.286083416989,0.9985216249,5.425007174049));
#820 = CARTESIAN_POINT('',(3.251038891549,0.98113372911,5.388212058168)
  );
#821 = CARTESIAN_POINT('',(3.194912077218,0.949984930264,5.330857352487)
  );
#822 = CARTESIAN_POINT('',(3.173691934915,0.937436531453,5.309541672072)
  );
#823 = CARTESIAN_POINT('',(3.15260568347,0.924155674013,5.288712492036)
  );
#824 = CARTESIAN_POINT('',(3.131700472648,0.910137783041,5.268394999282)
  );
#825 = CARTESIAN_POINT('',(3.062486599521,0.860744634681,5.202169044167)
  );
#826 = CARTESIAN_POINT('',(3.015204763027,0.822038582439,5.158663351279)
  );
#827 = CARTESIAN_POINT('',(2.969860058287,0.779304475468,5.118442977187)
  );
#828 = CARTESIAN_POINT('',(2.927123343664,0.732758375191,5.081724300111)
  );
#829 = CARTESIAN_POINT('',(2.845671290831,0.629877251743,5.013577920391)
  );
#830 = CARTESIAN_POINT('',(2.807376840605,0.573167536665,4.982619962348)
  );
#831 = CARTESIAN_POINT('',(2.773302328821,0.513084809903,4.955846091696)
  );
#832 = CARTESIAN_POINT('',(2.743964747071,0.45021768008,4.933266778489)
  );
#833 = CARTESIAN_POINT('',(2.6925769235,0.312806130851,4.894284034008));
#834 = CARTESIAN_POINT('',(2.671770073285,0.23773095082,4.878904066493)
  );
#835 = CARTESIAN_POINT('',(2.657642022187,0.160877676823,4.868605613341)
  );
#836 = CARTESIAN_POINT('',(2.650392415452,8.311822977051E-02,
    4.863322908974));
#837 = CARTESIAN_POINT('',(2.650010658816,4.868031194447E-03,
    4.863044747571));
#838 = CARTESIAN_POINT('',(2.650008509424,4.369591462507E-03,
    4.863043181451));
#839 = CARTESIAN_POINT('',(2.650006642355,3.87115050982E-03,
    4.863041821043));
#840 = CARTESIAN_POINT('',(2.65000505761,3.37270855997E-03,
    4.863040666347));
#841 = CARTESIAN_POINT('',(2.650002252821,2.299301541561E-03,
    4.86303862269));
#842 = CARTESIAN_POINT('',(2.650001126117,1.724336217197E-03,
    4.863037801739));
#843 = CARTESIAN_POINT('',(2.650000375078,1.149370206728E-03,
    4.86303725451));
#844 = CARTESIAN_POINT('',(2.649999999706,5.74403853312E-04,
    4.863036981002));
#845 = CARTESIAN_POINT('',(2.65,-5.625000007988E-07,4.863036981216));
#846 = PCURVE('',#96,#847);
#847 = DEFINITIONAL_REPRESENTATION('',(#848),#883);
#848 = B_SPLINE_CURVE_WITH_KNOTS('',5,(#849,#850,#851,#852,#853,#854,
    #855,#856,#857,#858,#859,#860,#861,#862,#863,#864,#865,#866,#867,
    #868,#869,#870,#871,#872,#873,#874,#875,#876,#877,#878,#879,#880,
    #881,#882),.UNSPECIFIED.,.F.,.F.,(6,4,4,4,4,4,4,4,6),(0.,
    0.253615742873,0.372192015521,0.444766771437,0.615161653284,
    0.795642025729,0.997217165966,0.998509390957,1.),.UNSPECIFIED.);
#849 = CARTESIAN_POINT('',(5.69415449732,-1.099968366588));
#850 = CARTESIAN_POINT('',(5.668301670288,-1.099478194035));
#851 = CARTESIAN_POINT('',(5.642376309487,-1.094215927062));
#852 = CARTESIAN_POINT('',(5.616528467399,-1.083200589635));
#853 = CARTESIAN_POINT('',(5.590932472418,-1.065402001522));
#854 = CARTESIAN_POINT('',(5.554072225255,-1.027742733166));
#855 = CARTESIAN_POINT('',(5.542440640967,-1.014033197564));
#856 = CARTESIAN_POINT('',(5.530959975841,-0.9985216249));
#857 = CARTESIAN_POINT('',(5.519669178137,-0.98113372911));
#858 = CARTESIAN_POINT('',(5.5018362338,-0.949984930264));
#859 = CARTESIAN_POINT('',(5.495152604987,-0.937436531453));
#860 = CARTESIAN_POINT('',(5.488566402025,-0.924155674013));
#861 = CARTESIAN_POINT('',(5.482088419932,-0.910137783041));
#862 = CARTESIAN_POINT('',(5.460800925934,-0.860744634681));
#863 = CARTESIAN_POINT('',(5.446525445322,-0.822038582439));
#864 = CARTESIAN_POINT('',(5.433058676379,-0.779304475468));
#865 = CARTESIAN_POINT('',(5.420538760466,-0.732758375191));
#866 = CARTESIAN_POINT('',(5.39693883791,-0.629877251743));
#867 = CARTESIAN_POINT('',(5.385997537379,-0.573167536665));
#868 = CARTESIAN_POINT('',(5.376368333304,-0.513084809903));
#869 = CARTESIAN_POINT('',(5.368141743805,-0.45021768008));
#870 = CARTESIAN_POINT('',(5.353808216195,-0.312806130851));
#871 = CARTESIAN_POINT('',(5.348058842238,-0.23773095082));
#872 = CARTESIAN_POINT('',(5.344173601379,-0.160877676823));
#873 = CARTESIAN_POINT('',(5.342180254829,-8.311822977051E-02));
#874 = CARTESIAN_POINT('',(5.342075288781,-4.868031194447E-03));
#875 = CARTESIAN_POINT('',(5.342074697794,-4.369591462507E-03));
#876 = CARTESIAN_POINT('',(5.342074184434,-3.87115050982E-03));
#877 = CARTESIAN_POINT('',(5.3420737487,-3.37270855997E-03));
#878 = CARTESIAN_POINT('',(5.34207297751,-2.299301541561E-03));
#879 = CARTESIAN_POINT('',(5.342072667717,-1.724336217197E-03));
#880 = CARTESIAN_POINT('',(5.342072461216,-1.149370206728E-03));
#881 = CARTESIAN_POINT('',(5.342072358005,-5.744038533121E-04));
#882 = CARTESIAN_POINT('',(5.342072358086,5.625000008003E-07));
#883 = ( GEOMETRIC_REPRESENTATION_CONTEXT(2) 
PARAMETRIC_REPRESENTATION_CONTEXT() REPRESENTATION_CONTEXT('2D SPACE',''
  ) );
#884 = PCURVE('',#293,#885);
#885 = DEFINITIONAL_REPRESENTATION('',(#886),#921);
#886 = B_SPLINE_CURVE_WITH_KNOTS('',5,(#887,#888,#889,#890,#891,#892,
    #893,#894,#895,#896,#897,#898,#899,#900,#901,#902,#903,#904,#905,
    #906,#907,#908,#909,#910,#911,#912,#913,#914,#915,#916,#917,#918,
    #919,#920),.UNSPECIFIED.,.F.,.F.,(6,4,4,4,4,4,4,4,6),(0.,
    0.253615742873,0.372192015521,0.444766771437,0.615161653284,
    0.795642025729,0.997217165966,0.998509390957,1.),.UNSPECIFIED.);
#887 = CARTESIAN_POINT('',(-1.578380228888,-4.0000006));
#888 = CARTESIAN_POINT('',(-1.637138329604,-3.903268168404));
#889 = CARTESIAN_POINT('',(-1.698935286751,-3.808353165298));
#890 = CARTESIAN_POINT('',(-1.763813360642,-3.715974042494));
#891 = CARTESIAN_POINT('',(-1.831864664931,-3.62684710748));
#892 = CARTESIAN_POINT('',(-1.936741307575,-3.501857015639));
#893 = CARTESIAN_POINT('',(-1.970880370599,-3.462925239407));
#894 = CARTESIAN_POINT('',(-2.005722335712,-3.425007174049));
#895 = CARTESIAN_POINT('',(-2.041249212452,-3.388212058168));
#896 = CARTESIAN_POINT('',(-2.099604542903,-3.330857352487));
#897 = CARTESIAN_POINT('',(-2.12200768308,-3.309541672072));
#898 = CARTESIAN_POINT('',(-2.144650245502,-3.288712492036));
#899 = CARTESIAN_POINT('',(-2.167522337489,-3.268394999282));
#900 = CARTESIAN_POINT('',(-2.244823098918,-3.202169044167));
#901 = CARTESIAN_POINT('',(-2.300250989304,-3.158663351279));
#902 = CARTESIAN_POINT('',(-2.356703555249,-3.118442977187));
#903 = CARTESIAN_POINT('',(-2.413995361556,-3.081724300111));
#904 = CARTESIAN_POINT('',(-2.533287220029,-3.013577920391));
#905 = CARTESIAN_POINT('',(-2.595316851105,-2.982619962348));
#906 = CARTESIAN_POINT('',(-2.657849498119,-2.955846091696));
#907 = CARTESIAN_POINT('',(-2.720722512521,-2.933266778489));
#908 = CARTESIAN_POINT('',(-2.854091578138,-2.894284034008));
#909 = CARTESIAN_POINT('',(-2.924643540617,-2.878904066493));
#910 = CARTESIAN_POINT('',(-2.995308120538,-2.868605613341));
#911 = CARTESIAN_POINT('',(-3.066029765996,-2.863322908974));
#912 = CARTESIAN_POINT('',(-3.137167156726,-2.863044747571));
#913 = CARTESIAN_POINT('',(-3.137620287895,-2.863043181451));
#914 = CARTESIAN_POINT('',(-3.138073419116,-2.863041821043));
#915 = CARTESIAN_POINT('',(-3.138526550379,-2.863040666347));
#916 = CARTESIAN_POINT('',(-3.139502378272,-2.86303862269));
#917 = CARTESIAN_POINT('',(-3.140025074914,-2.863037801739));
#918 = CARTESIAN_POINT('',(-3.140547771584,-2.86303725451));
#919 = CARTESIAN_POINT('',(-3.141070468269,-2.863036981002));
#920 = CARTESIAN_POINT('',(-3.141593164953,-2.863036981216));
#921 = ( GEOMETRIC_REPRESENTATION_CONTEXT(2) 
PARAMETRIC_REPRESENTATION_CONTEXT() REPRESENTATION_CONTEXT('2D SPACE',''
  ) );
#922 = ORIENTED_EDGE('',*,*,#328,.F.);
#923 = ORIENTED_EDGE('',*,*,#924,.T.);
#924 = EDGE_CURVE('',#329,#925,#927,.T.);
#925 = VERTEX_POINT('',#926);
#926 = CARTESIAN_POINT('',(-3.741657386774,1.099968363547,6.));
#927 = SURFACE_CURVE('',#928,(#955,#985),.PCURVE_S1.);
#928 = B_SPLINE_CURVE_WITH_KNOTS('',5,(#929,#930,#931,#932,#933,#934,
    #935,#936,#937,#938,#939,#940,#941,#942,#943,#944,#945,#946,#947,
    #948,#949,#950,#951,#952,#953,#954),.UNSPECIFIED.,.F.,.F.,(6,4,4,4,4
    ,4,6),(0.,0.204088706234,0.383843517041,0.557576324255,
    0.629589347538,0.74614474971,1.),.UNSPECIFIED.);
#929 = CARTESIAN_POINT('',(-2.65,-2.694222958124E-16,4.863036981216));
#930 = CARTESIAN_POINT('',(-2.65,7.872172031425E-02,4.863036981216));
#931 = CARTESIAN_POINT('',(-2.657042489903,0.157487617246,4.868168681388
    ));
#932 = CARTESIAN_POINT('',(-2.671141196063,0.235350004029,4.878439935989
    ));
#933 = CARTESIAN_POINT('',(-2.692091970386,0.311403981095,4.893918334124
    ));
#934 = CARTESIAN_POINT('',(-2.74365652775,0.449485663347,4.933031052691)
  );
#935 = CARTESIAN_POINT('',(-2.772827222398,0.51212326187,4.955478018353)
  );
#936 = CARTESIAN_POINT('',(-2.806699918102,0.572004546277,4.982085590105
    ));
#937 = CARTESIAN_POINT('',(-2.844765421254,0.628547414229,5.012843999133
    ));
#938 = CARTESIAN_POINT('',(-2.926669282119,0.732359301866,5.081321889587
    ));
#939 = CARTESIAN_POINT('',(-2.970240851984,0.779836890239,5.118747807175
    ));
#940 = CARTESIAN_POINT('',(-3.016523422206,0.823348709459,5.159814696647
    ));
#941 = CARTESIAN_POINT('',(-3.064804905271,0.862667519696,5.204292917572
    ));
#942 = CARTESIAN_POINT('',(-3.134908570396,0.912302640976,5.271508365443
    ));
#943 = CARTESIAN_POINT('',(-3.155674453803,0.926123105465,5.291730400377
    ));
#944 = CARTESIAN_POINT('',(-3.176614360647,0.939218212986,5.312454011486
    ));
#945 = CARTESIAN_POINT('',(-3.197682393779,0.951592756944,5.333654540752
    ));
#946 = CARTESIAN_POINT('',(-3.25307258032,0.982136313368,5.390350652971)
  );
#947 = CARTESIAN_POINT('',(-3.287521512109,0.999148557867,5.426565637137
    ));
#948 = CARTESIAN_POINT('',(-3.322019435635,1.014349891351,5.463862371955
    ));
#949 = CARTESIAN_POINT('',(-3.356414193574,1.027811195205,5.502137177108
    ));
#950 = CARTESIAN_POINT('',(-3.464942738162,1.065333648779,5.626505816722
    ));
#951 = CARTESIAN_POINT('',(-3.538066225641,1.083168963155,5.715708501645
    ));
#952 = CARTESIAN_POINT('',(-3.608956735354,1.094205987294,5.808172016472
    ));
#953 = CARTESIAN_POINT('',(-3.676964737894,1.099477731426,5.903176875368
    ));
#954 = CARTESIAN_POINT('',(-3.741657787666,1.099968366588,6.0000006));
#955 = PCURVE('',#96,#956);
#956 = DEFINITIONAL_REPRESENTATION('',(#957),#984);
#957 = B_SPLINE_CURVE_WITH_KNOTS('',5,(#958,#959,#960,#961,#962,#963,
    #964,#965,#966,#967,#968,#969,#970,#971,#972,#973,#974,#975,#976,
    #977,#978,#979,#980,#981,#982,#983),.UNSPECIFIED.,.F.,.F.,(6,4,4,4,4
    ,4,6),(0.,0.204088706234,0.383843517041,0.557576324255,
    0.629589347538,0.74614474971,1.),.UNSPECIFIED.);
#958 = CARTESIAN_POINT('',(4.082705602683,2.22044604925E-16));
#959 = CARTESIAN_POINT('',(4.082705602683,-7.872172031425E-02));
#960 = CARTESIAN_POINT('',(4.080769217835,-0.157487617246));
#961 = CARTESIAN_POINT('',(4.076892798547,-0.235350004029));
#962 = CARTESIAN_POINT('',(4.071104718363,-0.311403981095));
#963 = CARTESIAN_POINT('',(4.056722444757,-0.449485663347));
#964 = CARTESIAN_POINT('',(4.048543179796,-0.51212326187));
#965 = CARTESIAN_POINT('',(4.038972058387,-0.572004546277));
#966 = CARTESIAN_POINT('',(4.028098172335,-0.628547414229));
#967 = CARTESIAN_POINT('',(4.004373971111,-0.732359301866));
#968 = CARTESIAN_POINT('',(3.991610967989,-0.779836890239));
#969 = CARTESIAN_POINT('',(3.977863620281,-0.823348709459));
#970 = CARTESIAN_POINT('',(3.963278517551,-0.862667519696));
#971 = CARTESIAN_POINT('',(3.941696128415,-0.912302640976));
#972 = CARTESIAN_POINT('',(3.935255127494,-0.926123105465));
#973 = CARTESIAN_POINT('',(3.928708539297,-0.939218212986));
#974 = CARTESIAN_POINT('',(3.922066885736,-0.951592756944));
#975 = CARTESIAN_POINT('',(3.904453027688,-0.982136313368));
#976 = CARTESIAN_POINT('',(3.893346811067,-0.999148557867));
#977 = CARTESIAN_POINT('',(3.882058272621,-1.014349891351));
#978 = CARTESIAN_POINT('',(3.870624325859,-1.027811195205));
#979 = CARTESIAN_POINT('',(3.833943518141,-1.065333648779));
#980 = CARTESIAN_POINT('',(3.808323788959,-1.083168963155));
#981 = CARTESIAN_POINT('',(3.78245112038,-1.094205987294));
#982 = CARTESIAN_POINT('',(3.756500689568,-1.099477731426));
#983 = CARTESIAN_POINT('',(3.730623463449,-1.099968366588));
#984 = ( GEOMETRIC_REPRESENTATION_CONTEXT(2) 
PARAMETRIC_REPRESENTATION_CONTEXT() REPRESENTATION_CONTEXT('2D SPACE',''
  ) );
#985 = PCURVE('',#430,#986);
#986 = DEFINITIONAL_REPRESENTATION('',(#987),#1014);
#987 = B_SPLINE_CURVE_WITH_KNOTS('',5,(#988,#989,#990,#991,#992,#993,
    #994,#995,#996,#997,#998,#999,#1000,#1001,#1002,#1003,#1004,#1005,
    #1006,#1007,#1008,#1009,#1010,#1011,#1012,#1013),.UNSPECIFIED.,.F.,
  .F.,(6,4,4,4,4,4,6),(0.,0.204088706234,0.383843517041,0.557576324255,
    0.629589347538,0.74614474971,1.),.UNSPECIFIED.);
#988 = CARTESIAN_POINT('',(0.,-2.863036981216));
#989 = CARTESIAN_POINT('',(-7.156520028568E-02,-2.863036981216));
#990 = CARTESIAN_POINT('',(-0.143170485033,-2.868168681388));
#991 = CARTESIAN_POINT('',(-0.214718488065,-2.878439935989));
#992 = CARTESIAN_POINT('',(-0.286152716605,-2.893918334124));
#993 = CARTESIAN_POINT('',(-0.420148690856,-2.933031052691));
#994 = CARTESIAN_POINT('',(-0.482770819165,-2.955478018353));
#995 = CARTESIAN_POINT('',(-0.545056826689,-2.982085590105));
#996 = CARTESIAN_POINT('',(-0.606846321453,-3.012843999133));
#997 = CARTESIAN_POINT('',(-0.727056710161,-3.081321889587));
#998 = CARTESIAN_POINT('',(-0.785476226885,-3.118747807175));
#999 = CARTESIAN_POINT('',(-0.843022704981,-3.159814696647));
#1000 = CARTESIAN_POINT('',(-0.899500128308,-3.204292917572));
#1001 = CARTESIAN_POINT('',(-0.977587646112,-3.271508365443));
#1002 = CARTESIAN_POINT('',(-1.000254977708,-3.291730400377));
#1003 = CARTESIAN_POINT('',(-1.022695408462,-3.312454011486));
#1004 = CARTESIAN_POINT('',(-1.044899392065,-3.333654540752));
#1005 = CARTESIAN_POINT('',(-1.102402403874,-3.390350652971));
#1006 = CARTESIAN_POINT('',(-1.137294554354,-3.426565637137));
#1007 = CARTESIAN_POINT('',(-1.171524242137,-3.463862371955));
#1008 = CARTESIAN_POINT('',(-1.205074563293,-3.502137177108));
#1009 = CARTESIAN_POINT('',(-1.309467256083,-3.626505816722));
#1010 = CARTESIAN_POINT('',(-1.377592815277,-3.715708501645));
#1011 = CARTESIAN_POINT('',(-1.442539519552,-3.808172016472));
#1012 = CARTESIAN_POINT('',(-1.504398869933,-3.903176875368));
#1013 = CARTESIAN_POINT('',(-1.563212424702,-4.0000006));
#1014 = ( GEOMETRIC_REPRESENTATION_CONTEXT(2) 
PARAMETRIC_REPRESENTATION_CONTEXT() REPRESENTATION_CONTEXT('2D SPACE',''
  ) );
#1015 = ORIENTED_EDGE('',*,*,#1016,.T.);
#1016 = EDGE_CURVE('',#925,#1017,#1019,.T.);
#1017 = VERTEX_POINT('',#1018);
#1018 = CARTESIAN_POINT('',(-3.741657386774,0.299883978906,6.));
#1019 = SURFACE_CURVE('',#1020,(#1024,#1030),.PCURVE_S1.);
#1020 = LINE('',#1021,#1022);
#1021 = CARTESIAN_POINT('',(-3.741657386774,0.,6.));
#1022 = VECTOR('',#1023,1.);
#1023 = DIRECTION('',(0.,-1.,0.));
#1024 = PCURVE('',#96,#1025);
#1025 = DEFINITIONAL_REPRESENTATION('',(#1026),#1029);
#1026 = B_SPLINE_CURVE_WITH_KNOTS('',1,(#1027,#1028),.UNSPECIFIED.,.F.,
  .F.,(2,2),(-1.32,6.E-07),.PIECEWISE_BEZIER_KNOTS.);
#1027 = CARTESIAN_POINT('',(3.730623623806,-1.32));
#1028 = CARTESIAN_POINT('',(3.730623623806,6.E-07));
#1029 = ( GEOMETRIC_REPRESENTATION_CONTEXT(2) 
PARAMETRIC_REPRESENTATION_CONTEXT() REPRESENTATION_CONTEXT('2D SPACE',''
  ) );
#1030 = PCURVE('',#488,#1031);
#1031 = DEFINITIONAL_REPRESENTATION('',(#1032),#1035);
#1032 = B_SPLINE_CURVE_WITH_KNOTS('',1,(#1033,#1034),.UNSPECIFIED.,.F.,
  .F.,(2,2),(-1.32,6.E-07),.PIECEWISE_BEZIER_KNOTS.);
#1033 = CARTESIAN_POINT('',(8.342613226059E-03,1.32));
#1034 = CARTESIAN_POINT('',(8.342613226059E-03,-5.999999999939E-07));
#1035 = ( GEOMETRIC_REPRESENTATION_CONTEXT(2) 
PARAMETRIC_REPRESENTATION_CONTEXT() REPRESENTATION_CONTEXT('2D SPACE',''
  ) );
#1036 = ORIENTED_EDGE('',*,*,#1037,.T.);
#1037 = EDGE_CURVE('',#1017,#500,#1038,.T.);
#1038 = SURFACE_CURVE('',#1039,(#1072,#1108),.PCURVE_S1.);
#1039 = B_SPLINE_CURVE_WITH_KNOTS('',7,(#1040,#1041,#1042,#1043,#1044,
    #1045,#1046,#1047,#1048,#1049,#1050,#1051,#1052,#1053,#1054,#1055,
    #1056,#1057,#1058,#1059,#1060,#1061,#1062,#1063,#1064,#1065,#1066,
    #1067,#1068,#1069,#1070,#1071),.UNSPECIFIED.,.F.,.F.,(8,6,6,6,6,8),(
    0.,0.332673303573,0.597905567299,0.84544343753,0.965151649615,1.),
  .UNSPECIFIED.);
#1040 = CARTESIAN_POINT('',(-3.45,-7.347883762489E-17,5.610795957361));
#1041 = CARTESIAN_POINT('',(-3.45,4.826308848524E-02,5.610795957361));
#1042 = CARTESIAN_POINT('',(-3.459058269052,9.637373819616E-02,
    5.621612466504));
#1043 = CARTESIAN_POINT('',(-3.477073568831,0.142079657019,
    5.643124436802));
#1044 = CARTESIAN_POINT('',(-3.503122717681,0.183221527218,
    5.674663867133));
#1045 = CARTESIAN_POINT('',(-3.535608319566,0.218178550368,
    5.715165040512));
#1046 = CARTESIAN_POINT('',(-3.572610562771,0.245985880305,
    5.763060974866));
#1047 = CARTESIAN_POINT('',(-3.64356227614,0.282713801432,5.85855361454)
  );
#1048 = CARTESIAN_POINT('',(-3.676700806081,0.294367438668,
    5.904364837585));
#1049 = CARTESIAN_POINT('',(-3.710758500864,0.301362109871,
    5.952934653535));
#1050 = CARTESIAN_POINT('',(-3.745064687092,0.303767323228,
    6.003567449423));
#1051 = CARTESIAN_POINT('',(-3.779013557428,0.301717842095,
    6.055515995651));
#1052 = CARTESIAN_POINT('',(-3.812052961544,0.295393221639,
    6.107940417211));
#1053 = CARTESIAN_POINT('',(-3.873180624084,0.275302361662,
    6.208342982967));
#1054 = CARTESIAN_POINT('',(-3.901491688514,0.262047600237,
    6.256449405422));
#1055 = CARTESIAN_POINT('',(-3.92829393571,0.245352186016,6.303588052693
    ));
#1056 = CARTESIAN_POINT('',(-3.953214746815,0.225291253143,
    6.348940465089));
#1057 = CARTESIAN_POINT('',(-3.975806437127,0.201974805684,
    6.391403859169));
#1058 = CARTESIAN_POINT('',(-3.995581130795,0.175551090828,
    6.429580239619));
#1059 = CARTESIAN_POINT('',(-4.019870298273,0.132037442755,
    6.477390709368));
#1060 = CARTESIAN_POINT('',(-4.027007511668,0.117145534339,
    6.491614632757));
#1061 = CARTESIAN_POINT('',(-4.03325627311,0.101630022913,6.504207621619
    ));
#1062 = CARTESIAN_POINT('',(-4.038532341779,8.557934647128E-02,
    6.514938474383));
#1063 = CARTESIAN_POINT('',(-4.042770488739,6.908417634872E-02,
    6.523615535777));
#1064 = CARTESIAN_POINT('',(-4.045919426233,5.223572879668E-02,
    6.530086975914));
#1065 = CARTESIAN_POINT('',(-4.048523997884,3.014269020508E-02,
    6.535450370735));
#1066 = CARTESIAN_POINT('',(-4.049014873622,2.514324403477E-02,
    6.536462270663));
#1067 = CARTESIAN_POINT('',(-4.049408473229,2.012922437244E-02,
    6.537274291792));
#1068 = CARTESIAN_POINT('',(-4.049704125993,1.510418326632E-02,
    6.537884569168));
#1069 = CARTESIAN_POINT('',(-4.049901381462,1.007173848012E-02,
    6.538291850249));
#1070 = CARTESIAN_POINT('',(-4.050000009442,5.035573493098E-03,
    6.538495494902));
#1071 = CARTESIAN_POINT('',(-4.049999999999,-5.625000002747E-07,
    6.538495475406));
#1072 = PCURVE('',#96,#1073);
#1073 = DEFINITIONAL_REPRESENTATION('',(#1074),#1107);
#1074 = B_SPLINE_CURVE_WITH_KNOTS('',7,(#1075,#1076,#1077,#1078,#1079,
    #1080,#1081,#1082,#1083,#1084,#1085,#1086,#1087,#1088,#1089,#1090,
    #1091,#1092,#1093,#1094,#1095,#1096,#1097,#1098,#1099,#1100,#1101,
    #1102,#1103,#1104,#1105,#1106),.UNSPECIFIED.,.F.,.F.,(8,6,6,6,6,8),(
    0.,0.332673303573,0.597905567299,0.84544343753,0.965151649615,1.),
  .UNSPECIFIED.);
#1075 = CARTESIAN_POINT('',(3.838755787232,5.551115123126E-17));
#1076 = CARTESIAN_POINT('',(3.838755787232,-4.826308848524E-02));
#1077 = CARTESIAN_POINT('',(3.835620572964,-9.637373819615E-02));
#1078 = CARTESIAN_POINT('',(3.829385197233,-0.142079657019));
#1079 = CARTESIAN_POINT('',(3.820295197103,-0.183221527218));
#1080 = CARTESIAN_POINT('',(3.808760235653,-0.218178550368));
#1081 = CARTESIAN_POINT('',(3.79531275836,-0.245985880305));
#1082 = CARTESIAN_POINT('',(3.768875794094,-0.282713801432));
#1083 = CARTESIAN_POINT('',(3.756312252494,-0.294367438668));
#1084 = CARTESIAN_POINT('',(3.743132221239,-0.301362109871));
#1085 = CARTESIAN_POINT('',(3.729544262586,-0.303767323228));
#1086 = CARTESIAN_POINT('',(3.71575666486,-0.301717842095));
#1087 = CARTESIAN_POINT('',(3.701987837163,-0.295393221639));
#1088 = CARTESIAN_POINT('',(3.675866310788,-0.275302361662));
#1089 = CARTESIAN_POINT('',(3.663463510867,-0.262047600237));
#1090 = CARTESIAN_POINT('',(3.651415478337,-0.245352186015));
#1091 = CARTESIAN_POINT('',(3.63991789315,-0.225291253143));
#1092 = CARTESIAN_POINT('',(3.629230268151,-0.201974805684));
#1093 = CARTESIAN_POINT('',(3.619676365901,-0.175551090828));
#1094 = CARTESIAN_POINT('',(3.607759359328,-0.132037442755));
#1095 = CARTESIAN_POINT('',(3.604222930138,-0.117145534339));
#1096 = CARTESIAN_POINT('',(3.601098944874,-0.101630022913));
#1097 = CARTESIAN_POINT('',(3.598441684332,-8.557934647128E-02));
#1098 = CARTESIAN_POINT('',(3.596295740149,-6.908417634872E-02));
#1099 = CARTESIAN_POINT('',(3.594696428459,-5.223572879668E-02));
#1100 = CARTESIAN_POINT('',(3.593371458439,-3.014269020508E-02));
#1101 = CARTESIAN_POINT('',(3.593121530016,-2.514324403477E-02));
#1102 = CARTESIAN_POINT('',(3.592921000001,-2.012922437244E-02));
#1103 = CARTESIAN_POINT('',(3.592770306308,-1.510418326632E-02));
#1104 = CARTESIAN_POINT('',(3.592669743057,-1.007173848012E-02));
#1105 = CARTESIAN_POINT('',(3.592619460572,-5.035573493098E-03));
#1106 = CARTESIAN_POINT('',(3.592619465386,5.625000003007E-07));
#1107 = ( GEOMETRIC_REPRESENTATION_CONTEXT(2) 
PARAMETRIC_REPRESENTATION_CONTEXT() REPRESENTATION_CONTEXT('2D SPACE',''
  ) );
#1108 = PCURVE('',#561,#1109);
#1109 = DEFINITIONAL_REPRESENTATION('',(#1110),#1143);
#1110 = B_SPLINE_CURVE_WITH_KNOTS('',7,(#1111,#1112,#1113,#1114,#1115,
    #1116,#1117,#1118,#1119,#1120,#1121,#1122,#1123,#1124,#1125,#1126,
    #1127,#1128,#1129,#1130,#1131,#1132,#1133,#1134,#1135,#1136,#1137,
    #1138,#1139,#1140,#1141,#1142),.UNSPECIFIED.,.F.,.F.,(8,6,6,6,6,8),(
    0.,0.332673303573,0.597905567299,0.84544343753,0.965151649615,1.),
  .UNSPECIFIED.);
#1111 = CARTESIAN_POINT('',(0.,-10.11079595736));
#1112 = CARTESIAN_POINT('',(-0.160876961617,-10.11079595736));
#1113 = CARTESIAN_POINT('',(-0.32124649497,-10.1216124665));
#1114 = CARTESIAN_POINT('',(-0.480396190017,-10.1431244368));
#1115 = CARTESIAN_POINT('',(-0.637758100927,-10.17466386713));
#1116 = CARTESIAN_POINT('',(-0.792809779511,-10.21516504051));
#1117 = CARTESIAN_POINT('',(-0.944954681092,-10.26306097486));
#1118 = CARTESIAN_POINT('',(-1.211268735886,-10.35855361454));
#1119 = CARTESIAN_POINT('',(-1.327224781904,-10.40436483758));
#1120 = CARTESIAN_POINT('',(-1.44145248361,-10.45293465353));
#1121 = CARTESIAN_POINT('',(-1.554327827577,-10.50356744942));
#1122 = CARTESIAN_POINT('',(-1.666194407423,-10.55551599565));
#1123 = CARTESIAN_POINT('',(-1.777402787988,-10.60794041721));
#1124 = CARTESIAN_POINT('',(-1.991884949438,-10.70834298296));
#1125 = CARTESIAN_POINT('',(-2.095332410863,-10.75644940542));
#1126 = CARTESIAN_POINT('',(-2.199396450221,-10.80358805269));
#1127 = CARTESIAN_POINT('',(-2.304615499125,-10.84894046508));
#1128 = CARTESIAN_POINT('',(-2.411475872642,-10.89140385916));
#1129 = CARTESIAN_POINT('',(-2.520512176417,-10.92958023961));
#1130 = CARTESIAN_POINT('',(-2.686624629136,-10.97739070936));
#1131 = CARTESIAN_POINT('',(-2.741563736483,-10.99161463275));
#1132 = CARTESIAN_POINT('',(-2.797136059195,-11.00420762161));
#1133 = CARTESIAN_POINT('',(-2.853236747513,-11.01493847438));
#1134 = CARTESIAN_POINT('',(-2.909804335529,-11.02361553577));
#1135 = CARTESIAN_POINT('',(-2.966809405087,-11.03008697591));
#1136 = CARTESIAN_POINT('',(-3.040962860666,-11.03545037073));
#1137 = CARTESIAN_POINT('',(-3.057704610785,-11.03646227066));
#1138 = CARTESIAN_POINT('',(-3.074464317218,-11.03727429179));
#1139 = CARTESIAN_POINT('',(-3.091237667979,-11.03788456916));
#1140 = CARTESIAN_POINT('',(-3.108020221896,-11.03829185024));
#1141 = CARTESIAN_POINT('',(-3.124807408613,-11.0384954949));
#1142 = CARTESIAN_POINT('',(-3.14159452859,-11.0384954754));
#1143 = ( GEOMETRIC_REPRESENTATION_CONTEXT(2) 
PARAMETRIC_REPRESENTATION_CONTEXT() REPRESENTATION_CONTEXT('2D SPACE',''
  ) );
#1144 = ORIENTED_EDGE('',*,*,#596,.F.);
#1145 = ADVANCED_FACE('',(#1146),#561,.T.);
#1146 = FACE_BOUND('',#1147,.F.);
#1147 = EDGE_LOOP('',(#1148,#1149,#1150));
#1148 = ORIENTED_EDGE('',*,*,#1037,.T.);
#1149 = ORIENTED_EDGE('',*,*,#499,.T.);
#1150 = ORIENTED_EDGE('',*,*,#1151,.T.);
#1151 = EDGE_CURVE('',#474,#1017,#1152,.T.);
#1152 = SURFACE_CURVE('',#1153,(#1158,#1165),.PCURVE_S1.);
#1153 = CIRCLE('',#1154,0.3);
#1154 = AXIS2_PLACEMENT_3D('',#1155,#1156,#1157);
#1155 = CARTESIAN_POINT('',(-3.75,0.,6.));
#1156 = DIRECTION('',(0.,0.,-1.));
#1157 = DIRECTION('',(1.,0.,0.));
#1158 = PCURVE('',#561,#1159);
#1159 = DEFINITIONAL_REPRESENTATION('',(#1160),#1164);
#1160 = LINE('',#1161,#1162);
#1161 = CARTESIAN_POINT('',(-6.28318530718,-10.5));
#1162 = VECTOR('',#1163,1.);
#1163 = DIRECTION('',(1.,-0.));
#1164 = ( GEOMETRIC_REPRESENTATION_CONTEXT(2) 
PARAMETRIC_REPRESENTATION_CONTEXT() REPRESENTATION_CONTEXT('2D SPACE',''
  ) );
#1165 = PCURVE('',#488,#1166);
#1166 = DEFINITIONAL_REPRESENTATION('',(#1167),#1175);
#1167 = ( BOUNDED_CURVE() B_SPLINE_CURVE(2,(#1168,#1169,#1170,#1171,
#1172,#1173,#1174),.UNSPECIFIED.,.T.,.F.) B_SPLINE_CURVE_WITH_KNOTS((1,2
    ,2,2,2,1),(-2.094395102393,0.,2.094395102393,4.188790204786,
6.28318530718,8.377580409573),.UNSPECIFIED.) CURVE() 
GEOMETRIC_REPRESENTATION_ITEM() RATIONAL_B_SPLINE_CURVE((1.,0.5,1.,0.5,
1.,0.5,1.)) REPRESENTATION_ITEM('') );
#1168 = CARTESIAN_POINT('',(0.3,6.055984930685E-18));
#1169 = CARTESIAN_POINT('',(0.3,-0.519615242271));
#1170 = CARTESIAN_POINT('',(-0.15,-0.259807621135));
#1171 = CARTESIAN_POINT('',(-0.6,-6.742282301816E-17));
#1172 = CARTESIAN_POINT('',(-0.15,0.259807621135));
#1173 = CARTESIAN_POINT('',(0.3,0.519615242271));
#1174 = CARTESIAN_POINT('',(0.3,6.055984930685E-18));
#1175 = ( GEOMETRIC_REPRESENTATION_CONTEXT(2) 
PARAMETRIC_REPRESENTATION_CONTEXT() REPRESENTATION_CONTEXT('2D SPACE',''
  ) );
#1176 = ADVANCED_FACE('',(#1177),#488,.T.);
#1177 = FACE_BOUND('',#1178,.T.);
#1178 = EDGE_LOOP('',(#1179,#1180,#1202,#1203));
#1179 = ORIENTED_EDGE('',*,*,#1016,.F.);
#1180 = ORIENTED_EDGE('',*,*,#1181,.T.);
#1181 = EDGE_CURVE('',#925,#353,#1182,.T.);
#1182 = SURFACE_CURVE('',#1183,(#1188,#1195),.PCURVE_S1.);
#1183 = CIRCLE('',#1184,1.1);
#1184 = AXIS2_PLACEMENT_3D('',#1185,#1186,#1187);
#1185 = CARTESIAN_POINT('',(-3.75,0.,6.));
#1186 = DIRECTION('',(0.,0.,1.));
#1187 = DIRECTION('',(1.,0.,0.));
#1188 = PCURVE('',#488,#1189);
#1189 = DEFINITIONAL_REPRESENTATION('',(#1190),#1194);
#1190 = CIRCLE('',#1191,1.1);
#1191 = AXIS2_PLACEMENT_2D('',#1192,#1193);
#1192 = CARTESIAN_POINT('',(0.,6.055984930685E-18));
#1193 = DIRECTION('',(1.,0.));
#1194 = ( GEOMETRIC_REPRESENTATION_CONTEXT(2) 
PARAMETRIC_REPRESENTATION_CONTEXT() REPRESENTATION_CONTEXT('2D SPACE',''
  ) );
#1195 = PCURVE('',#430,#1196);
#1196 = DEFINITIONAL_REPRESENTATION('',(#1197),#1201);
#1197 = LINE('',#1198,#1199);
#1198 = CARTESIAN_POINT('',(-0.,-4.));
#1199 = VECTOR('',#1200,1.);
#1200 = DIRECTION('',(-1.,0.));
#1201 = ( GEOMETRIC_REPRESENTATION_CONTEXT(2) 
PARAMETRIC_REPRESENTATION_CONTEXT() REPRESENTATION_CONTEXT('2D SPACE',''
  ) );
#1202 = ORIENTED_EDGE('',*,*,#473,.T.);
#1203 = ORIENTED_EDGE('',*,*,#1151,.T.);
#1204 = ADVANCED_FACE('',(#1205),#430,.T.);
#1205 = FACE_BOUND('',#1206,.F.);
#1206 = EDGE_LOOP('',(#1207,#1236,#1257,#1258,#1259,#1260));
#1207 = ORIENTED_EDGE('',*,*,#1208,.F.);
#1208 = EDGE_CURVE('',#1209,#1209,#1211,.T.);
#1209 = VERTEX_POINT('',#1210);
#1210 = CARTESIAN_POINT('',(-2.65,0.,2.));
#1211 = SURFACE_CURVE('',#1212,(#1217,#1224),.PCURVE_S1.);
#1212 = CIRCLE('',#1213,1.1);
#1213 = AXIS2_PLACEMENT_3D('',#1214,#1215,#1216);
#1214 = CARTESIAN_POINT('',(-3.75,0.,2.));
#1215 = DIRECTION('',(0.,0.,1.));
#1216 = DIRECTION('',(1.,0.,0.));
#1217 = PCURVE('',#430,#1218);
#1218 = DEFINITIONAL_REPRESENTATION('',(#1219),#1223);
#1219 = LINE('',#1220,#1221);
#1220 = CARTESIAN_POINT('',(-0.,0.));
#1221 = VECTOR('',#1222,1.);
#1222 = DIRECTION('',(-1.,0.));
#1223 = ( GEOMETRIC_REPRESENTATION_CONTEXT(2) 
PARAMETRIC_REPRESENTATION_CONTEXT() REPRESENTATION_CONTEXT('2D SPACE',''
  ) );
#1224 = PCURVE('',#1225,#1230);
#1225 = PLANE('',#1226);
#1226 = AXIS2_PLACEMENT_3D('',#1227,#1228,#1229);
#1227 = CARTESIAN_POINT('',(-3.75,-6.055984930685E-18,2.));
#1228 = DIRECTION('',(0.,0.,1.));
#1229 = DIRECTION('',(1.,0.,-0.));
#1230 = DEFINITIONAL_REPRESENTATION('',(#1231),#1235);
#1231 = CIRCLE('',#1232,1.1);
#1232 = AXIS2_PLACEMENT_2D('',#1233,#1234);
#1233 = CARTESIAN_POINT('',(0.,6.055984930685E-18));
#1234 = DIRECTION('',(1.,0.));
#1235 = ( GEOMETRIC_REPRESENTATION_CONTEXT(2) 
PARAMETRIC_REPRESENTATION_CONTEXT() REPRESENTATION_CONTEXT('2D SPACE',''
  ) );
#1236 = ORIENTED_EDGE('',*,*,#1237,.T.);
#1237 = EDGE_CURVE('',#1209,#329,#1238,.T.);
#1238 = SEAM_CURVE('',#1239,(#1243,#1250),.PCURVE_S1.);
#1239 = LINE('',#1240,#1241);
#1240 = CARTESIAN_POINT('',(-2.65,0.,2.));
#1241 = VECTOR('',#1242,1.);
#1242 = DIRECTION('',(0.,0.,1.));
#1243 = PCURVE('',#430,#1244);
#1244 = DEFINITIONAL_REPRESENTATION('',(#1245),#1249);
#1245 = LINE('',#1246,#1247);
#1246 = CARTESIAN_POINT('',(-6.28318530718,0.));
#1247 = VECTOR('',#1248,1.);
#1248 = DIRECTION('',(-0.,-1.));
#1249 = ( GEOMETRIC_REPRESENTATION_CONTEXT(2) 
PARAMETRIC_REPRESENTATION_CONTEXT() REPRESENTATION_CONTEXT('2D SPACE',''
  ) );
#1250 = PCURVE('',#430,#1251);
#1251 = DEFINITIONAL_REPRESENTATION('',(#1252),#1256);
#1252 = LINE('',#1253,#1254);
#1253 = CARTESIAN_POINT('',(-0.,0.));
#1254 = VECTOR('',#1255,1.);
#1255 = DIRECTION('',(-0.,-1.));
#1256 = ( GEOMETRIC_REPRESENTATION_CONTEXT(2) 
PARAMETRIC_REPRESENTATION_CONTEXT() REPRESENTATION_CONTEXT('2D SPACE',''
  ) );
#1257 = ORIENTED_EDGE('',*,*,#924,.T.);
#1258 = ORIENTED_EDGE('',*,*,#1181,.T.);
#1259 = ORIENTED_EDGE('',*,*,#352,.T.);
#1260 = ORIENTED_EDGE('',*,*,#1237,.F.);
#1261 = ADVANCED_FACE('',(#1262),#293,.T.);
#1262 = FACE_BOUND('',#1263,.F.);
#1263 = EDGE_LOOP('',(#1264,#1293,#1316,#1338,#1339,#1340,#1362));
#1264 = ORIENTED_EDGE('',*,*,#1265,.F.);
#1265 = EDGE_CURVE('',#1266,#1266,#1268,.T.);
#1266 = VERTEX_POINT('',#1267);
#1267 = CARTESIAN_POINT('',(4.85,0.,2.));
#1268 = SURFACE_CURVE('',#1269,(#1274,#1281),.PCURVE_S1.);
#1269 = CIRCLE('',#1270,1.1);
#1270 = AXIS2_PLACEMENT_3D('',#1271,#1272,#1273);
#1271 = CARTESIAN_POINT('',(3.75,0.,2.));
#1272 = DIRECTION('',(0.,0.,1.));
#1273 = DIRECTION('',(1.,0.,0.));
#1274 = PCURVE('',#293,#1275);
#1275 = DEFINITIONAL_REPRESENTATION('',(#1276),#1280);
#1276 = LINE('',#1277,#1278);
#1277 = CARTESIAN_POINT('',(-0.,0.));
#1278 = VECTOR('',#1279,1.);
#1279 = DIRECTION('',(-1.,0.));
#1280 = ( GEOMETRIC_REPRESENTATION_CONTEXT(2) 
PARAMETRIC_REPRESENTATION_CONTEXT() REPRESENTATION_CONTEXT('2D SPACE',''
  ) );
#1281 = PCURVE('',#1282,#1287);
#1282 = PLANE('',#1283);
#1283 = AXIS2_PLACEMENT_3D('',#1284,#1285,#1286);
#1284 = CARTESIAN_POINT('',(3.75,-6.055984930685E-18,2.));
#1285 = DIRECTION('',(0.,0.,1.));
#1286 = DIRECTION('',(1.,0.,-0.));
#1287 = DEFINITIONAL_REPRESENTATION('',(#1288),#1292);
#1288 = CIRCLE('',#1289,1.1);
#1289 = AXIS2_PLACEMENT_2D('',#1290,#1291);
#1290 = CARTESIAN_POINT('',(0.,6.055984930685E-18));
#1291 = DIRECTION('',(1.,0.));
#1292 = ( GEOMETRIC_REPRESENTATION_CONTEXT(2) 
PARAMETRIC_REPRESENTATION_CONTEXT() REPRESENTATION_CONTEXT('2D SPACE',''
  ) );
#1293 = ORIENTED_EDGE('',*,*,#1294,.T.);
#1294 = EDGE_CURVE('',#1266,#1295,#1297,.T.);
#1295 = VERTEX_POINT('',#1296);
#1296 = CARTESIAN_POINT('',(4.85,0.,6.));
#1297 = SEAM_CURVE('',#1298,(#1302,#1309),.PCURVE_S1.);
#1298 = LINE('',#1299,#1300);
#1299 = CARTESIAN_POINT('',(4.85,0.,2.));
#1300 = VECTOR('',#1301,1.);
#1301 = DIRECTION('',(0.,0.,1.));
#1302 = PCURVE('',#293,#1303);
#1303 = DEFINITIONAL_REPRESENTATION('',(#1304),#1308);
#1304 = LINE('',#1305,#1306);
#1305 = CARTESIAN_POINT('',(-6.28318530718,0.));
#1306 = VECTOR('',#1307,1.);
#1307 = DIRECTION('',(-0.,-1.));
#1308 = ( GEOMETRIC_REPRESENTATION_CONTEXT(2) 
PARAMETRIC_REPRESENTATION_CONTEXT() REPRESENTATION_CONTEXT('2D SPACE',''
  ) );
#1309 = PCURVE('',#293,#1310);
#1310 = DEFINITIONAL_REPRESENTATION('',(#1311),#1315);
#1311 = LINE('',#1312,#1313);
#1312 = CARTESIAN_POINT('',(-0.,0.));
#1313 = VECTOR('',#1314,1.);
#1314 = DIRECTION('',(-0.,-1.));
#1315 = ( GEOMETRIC_REPRESENTATION_CONTEXT(2) 
PARAMETRIC_REPRESENTATION_CONTEXT() REPRESENTATION_CONTEXT('2D SPACE',''
  ) );
#1316 = ORIENTED_EDGE('',*,*,#1317,.T.);
#1317 = EDGE_CURVE('',#1295,#789,#1318,.T.);
#1318 = SURFACE_CURVE('',#1319,(#1324,#1331),.PCURVE_S1.);
#1319 = CIRCLE('',#1320,1.1);
#1320 = AXIS2_PLACEMENT_3D('',#1321,#1322,#1323);
#1321 = CARTESIAN_POINT('',(3.75,0.,6.));
#1322 = DIRECTION('',(0.,0.,1.));
#1323 = DIRECTION('',(1.,0.,0.));
#1324 = PCURVE('',#293,#1325);
#1325 = DEFINITIONAL_REPRESENTATION('',(#1326),#1330);
#1326 = LINE('',#1327,#1328);
#1327 = CARTESIAN_POINT('',(-0.,-4.));
#1328 = VECTOR('',#1329,1.);
#1329 = DIRECTION('',(-1.,0.));
#1330 = ( GEOMETRIC_REPRESENTATION_CONTEXT(2) 
PARAMETRIC_REPRESENTATION_CONTEXT() REPRESENTATION_CONTEXT('2D SPACE',''
  ) );
#1331 = PCURVE('',#220,#1332);
#1332 = DEFINITIONAL_REPRESENTATION('',(#1333),#1337);
#1333 = CIRCLE('',#1334,1.1);
#1334 = AXIS2_PLACEMENT_2D('',#1335,#1336);
#1335 = CARTESIAN_POINT('',(0.,6.055984930685E-18));
#1336 = DIRECTION('',(1.,0.));
#1337 = ( GEOMETRIC_REPRESENTATION_CONTEXT(2) 
PARAMETRIC_REPRESENTATION_CONTEXT() REPRESENTATION_CONTEXT('2D SPACE',''
  ) );
#1338 = ORIENTED_EDGE('',*,*,#809,.T.);
#1339 = ORIENTED_EDGE('',*,*,#231,.T.);
#1340 = ORIENTED_EDGE('',*,*,#1341,.T.);
#1341 = EDGE_CURVE('',#206,#1295,#1342,.T.);
#1342 = SURFACE_CURVE('',#1343,(#1348,#1355),.PCURVE_S1.);
#1343 = CIRCLE('',#1344,1.1);
#1344 = AXIS2_PLACEMENT_3D('',#1345,#1346,#1347);
#1345 = CARTESIAN_POINT('',(3.75,0.,6.));
#1346 = DIRECTION('',(0.,0.,1.));
#1347 = DIRECTION('',(1.,0.,0.));
#1348 = PCURVE('',#293,#1349);
#1349 = DEFINITIONAL_REPRESENTATION('',(#1350),#1354);
#1350 = LINE('',#1351,#1352);
#1351 = CARTESIAN_POINT('',(-0.,-4.));
#1352 = VECTOR('',#1353,1.);
#1353 = DIRECTION('',(-1.,0.));
#1354 = ( GEOMETRIC_REPRESENTATION_CONTEXT(2) 
PARAMETRIC_REPRESENTATION_CONTEXT() REPRESENTATION_CONTEXT('2D SPACE',''
  ) );
#1355 = PCURVE('',#220,#1356);
#1356 = DEFINITIONAL_REPRESENTATION('',(#1357),#1361);
#1357 = CIRCLE('',#1358,1.1);
#1358 = AXIS2_PLACEMENT_2D('',#1359,#1360);
#1359 = CARTESIAN_POINT('',(0.,6.055984930685E-18));
#1360 = DIRECTION('',(1.,0.));
#1361 = ( GEOMETRIC_REPRESENTATION_CONTEXT(2) 
PARAMETRIC_REPRESENTATION_CONTEXT() REPRESENTATION_CONTEXT('2D SPACE',''
  ) );
#1362 = ORIENTED_EDGE('',*,*,#1294,.F.);
#1363 = ADVANCED_FACE('',(#1364),#220,.T.);
#1364 = FACE_BOUND('',#1365,.T.);
#1365 = EDGE_LOOP('',(#1366,#1367,#1368,#1369,#1370,#1398));
#1366 = ORIENTED_EDGE('',*,*,#205,.F.);
#1367 = ORIENTED_EDGE('',*,*,#1341,.T.);
#1368 = ORIENTED_EDGE('',*,*,#1317,.T.);
#1369 = ORIENTED_EDGE('',*,*,#788,.T.);
#1370 = ORIENTED_EDGE('',*,*,#1371,.T.);
#1371 = EDGE_CURVE('',#674,#1372,#1374,.T.);
#1372 = VERTEX_POINT('',#1373);
#1373 = CARTESIAN_POINT('',(4.05,0.,6.));
#1374 = SURFACE_CURVE('',#1375,(#1380,#1391),.PCURVE_S1.);
#1375 = CIRCLE('',#1376,0.3);
#1376 = AXIS2_PLACEMENT_3D('',#1377,#1378,#1379);
#1377 = CARTESIAN_POINT('',(3.75,0.,6.));
#1378 = DIRECTION('',(0.,0.,-1.));
#1379 = DIRECTION('',(1.,0.,0.));
#1380 = PCURVE('',#220,#1381);
#1381 = DEFINITIONAL_REPRESENTATION('',(#1382),#1390);
#1382 = ( BOUNDED_CURVE() B_SPLINE_CURVE(2,(#1383,#1384,#1385,#1386,
#1387,#1388,#1389),.UNSPECIFIED.,.T.,.F.) B_SPLINE_CURVE_WITH_KNOTS((1,2
    ,2,2,2,1),(-2.094395102393,0.,2.094395102393,4.188790204786,
6.28318530718,8.377580409573),.UNSPECIFIED.) CURVE() 
GEOMETRIC_REPRESENTATION_ITEM() RATIONAL_B_SPLINE_CURVE((1.,0.5,1.,0.5,
1.,0.5,1.)) REPRESENTATION_ITEM('') );
#1383 = CARTESIAN_POINT('',(0.3,6.055984930685E-18));
#1384 = CARTESIAN_POINT('',(0.3,-0.519615242271));
#1385 = CARTESIAN_POINT('',(-0.15,-0.259807621135));
#1386 = CARTESIAN_POINT('',(-0.6,-6.742282301816E-17));
#1387 = CARTESIAN_POINT('',(-0.15,0.259807621135));
#1388 = CARTESIAN_POINT('',(0.3,0.519615242271));
#1389 = CARTESIAN_POINT('',(0.3,6.055984930685E-18));
#1390 = ( GEOMETRIC_REPRESENTATION_CONTEXT(2) 
PARAMETRIC_REPRESENTATION_CONTEXT() REPRESENTATION_CONTEXT('2D SPACE',''
  ) );
#1391 = PCURVE('',#747,#1392);
#1392 = DEFINITIONAL_REPRESENTATION('',(#1393),#1397);
#1393 = LINE('',#1394,#1395);
#1394 = CARTESIAN_POINT('',(-6.28318530718,-10.5));
#1395 = VECTOR('',#1396,1.);
#1396 = DIRECTION('',(1.,-0.));
#1397 = ( GEOMETRIC_REPRESENTATION_CONTEXT(2) 
PARAMETRIC_REPRESENTATION_CONTEXT() REPRESENTATION_CONTEXT('2D SPACE',''
  ) );
#1398 = ORIENTED_EDGE('',*,*,#1399,.T.);
#1399 = EDGE_CURVE('',#1372,#109,#1400,.T.);
#1400 = SURFACE_CURVE('',#1401,(#1406,#1417),.PCURVE_S1.);
#1401 = CIRCLE('',#1402,0.3);
#1402 = AXIS2_PLACEMENT_3D('',#1403,#1404,#1405);
#1403 = CARTESIAN_POINT('',(3.75,0.,6.));
#1404 = DIRECTION('',(0.,0.,-1.));
#1405 = DIRECTION('',(1.,0.,0.));
#1406 = PCURVE('',#220,#1407);
#1407 = DEFINITIONAL_REPRESENTATION('',(#1408),#1416);
#1408 = ( BOUNDED_CURVE() B_SPLINE_CURVE(2,(#1409,#1410,#1411,#1412,
#1413,#1414,#1415),.UNSPECIFIED.,.T.,.F.) B_SPLINE_CURVE_WITH_KNOTS((1,2
    ,2,2,2,1),(-2.094395102393,0.,2.094395102393,4.188790204786,
6.28318530718,8.377580409573),.UNSPECIFIED.) CURVE() 
GEOMETRIC_REPRESENTATION_ITEM() RATIONAL_B_SPLINE_CURVE((1.,0.5,1.,0.5,
1.,0.5,1.)) REPRESENTATION_ITEM('') );
#1409 = CARTESIAN_POINT('',(0.3,6.055984930685E-18));
#1410 = CARTESIAN_POINT('',(0.3,-0.519615242271));
#1411 = CARTESIAN_POINT('',(-0.15,-0.259807621135));
#1412 = CARTESIAN_POINT('',(-0.6,-6.742282301816E-17));
#1413 = CARTESIAN_POINT('',(-0.15,0.259807621135));
#1414 = CARTESIAN_POINT('',(0.3,0.519615242271));
#1415 = CARTESIAN_POINT('',(0.3,6.055984930685E-18));
#1416 = ( GEOMETRIC_REPRESENTATION_CONTEXT(2) 
PARAMETRIC_REPRESENTATION_CONTEXT() REPRESENTATION_CONTEXT('2D SPACE',''
  ) );
#1417 = PCURVE('',#170,#1418);
#1418 = DEFINITIONAL_REPRESENTATION('',(#1419),#1423);
#1419 = LINE('',#1420,#1421);
#1420 = CARTESIAN_POINT('',(-6.28318530718,-10.5));
#1421 = VECTOR('',#1422,1.);
#1422 = DIRECTION('',(1.,-0.));
#1423 = ( GEOMETRIC_REPRESENTATION_CONTEXT(2) 
PARAMETRIC_REPRESENTATION_CONTEXT() REPRESENTATION_CONTEXT('2D SPACE',''
  ) );
#1424 = ADVANCED_FACE('',(#1425),#170,.T.);
#1425 = FACE_BOUND('',#1426,.F.);
#1426 = EDGE_LOOP('',(#1427,#1428,#1449));
#1427 = ORIENTED_EDGE('',*,*,#108,.T.);
#1428 = ORIENTED_EDGE('',*,*,#1429,.F.);
#1429 = EDGE_CURVE('',#1372,#80,#1430,.T.);
#1430 = SURFACE_CURVE('',#1431,(#1435,#1442),.PCURVE_S1.);
#1431 = LINE('',#1432,#1433);
#1432 = CARTESIAN_POINT('',(4.05,0.,-4.5));
#1433 = VECTOR('',#1434,1.);
#1434 = DIRECTION('',(0.,0.,1.));
#1435 = PCURVE('',#170,#1436);
#1436 = DEFINITIONAL_REPRESENTATION('',(#1437),#1441);
#1437 = LINE('',#1438,#1439);
#1438 = CARTESIAN_POINT('',(-6.28318530718,0.));
#1439 = VECTOR('',#1440,1.);
#1440 = DIRECTION('',(-0.,-1.));
#1441 = ( GEOMETRIC_REPRESENTATION_CONTEXT(2) 
PARAMETRIC_REPRESENTATION_CONTEXT() REPRESENTATION_CONTEXT('2D SPACE',''
  ) );
#1442 = PCURVE('',#747,#1443);
#1443 = DEFINITIONAL_REPRESENTATION('',(#1444),#1448);
#1444 = LINE('',#1445,#1446);
#1445 = CARTESIAN_POINT('',(-0.,0.));
#1446 = VECTOR('',#1447,1.);
#1447 = DIRECTION('',(-0.,-1.));
#1448 = ( GEOMETRIC_REPRESENTATION_CONTEXT(2) 
PARAMETRIC_REPRESENTATION_CONTEXT() REPRESENTATION_CONTEXT('2D SPACE',''
  ) );
#1449 = ORIENTED_EDGE('',*,*,#1399,.T.);
#1450 = ADVANCED_FACE('',(#1451),#66,.T.);
#1451 = FACE_BOUND('',#1452,.T.);
#1452 = EDGE_LOOP('',(#1453,#1475,#1476,#1477));
#1453 = ORIENTED_EDGE('',*,*,#1454,.F.);
#1454 = EDGE_CURVE('',#24,#1455,#1457,.T.);
#1455 = VERTEX_POINT('',#1456);
#1456 = CARTESIAN_POINT('',(3.7,-2.25,8.5));
#1457 = SEAM_CURVE('',#1458,(#1463,#1469),.PCURVE_S1.);
#1458 = CIRCLE('',#1459,0.8);
#1459 = AXIS2_PLACEMENT_3D('',#1460,#1461,#1462);
#1460 = CARTESIAN_POINT('',(3.7,-1.45,8.5));
#1461 = DIRECTION('',(0.,0.,-1.));
#1462 = DIRECTION('',(1.,0.,0.));
#1463 = PCURVE('',#66,#1464);
#1464 = DEFINITIONAL_REPRESENTATION('',(#1465),#1468);
#1465 = B_SPLINE_CURVE_WITH_KNOTS('',1,(#1466,#1467),.UNSPECIFIED.,.F.,
  .F.,(2,2),(0.,1.570796326795),.PIECEWISE_BEZIER_KNOTS.);
#1466 = CARTESIAN_POINT('',(0.,0.));
#1467 = CARTESIAN_POINT('',(0.,1.570796326795));
#1468 = ( GEOMETRIC_REPRESENTATION_CONTEXT(2) 
PARAMETRIC_REPRESENTATION_CONTEXT() REPRESENTATION_CONTEXT('2D SPACE',''
  ) );
#1469 = PCURVE('',#66,#1470);
#1470 = DEFINITIONAL_REPRESENTATION('',(#1471),#1474);
#1471 = B_SPLINE_CURVE_WITH_KNOTS('',1,(#1472,#1473),.UNSPECIFIED.,.F.,
  .F.,(2,2),(0.,1.570796326795),.PIECEWISE_BEZIER_KNOTS.);
#1472 = CARTESIAN_POINT('',(6.28318530718,0.));
#1473 = CARTESIAN_POINT('',(6.28318530718,1.570796326795));
#1474 = ( GEOMETRIC_REPRESENTATION_CONTEXT(2) 
PARAMETRIC_REPRESENTATION_CONTEXT() REPRESENTATION_CONTEXT('2D SPACE',''
  ) );
#1475 = ORIENTED_EDGE('',*,*,#51,.T.);
#1476 = ORIENTED_EDGE('',*,*,#1454,.T.);
#1477 = ORIENTED_EDGE('',*,*,#1478,.F.);
#1478 = EDGE_CURVE('',#1455,#1455,#1479,.T.);
#1479 = SURFACE_CURVE('',#1480,(#1485,#1492),.PCURVE_S1.);
#1480 = CIRCLE('',#1481,3.7);
#1481 = AXIS2_PLACEMENT_3D('',#1482,#1483,#1484);
#1482 = CARTESIAN_POINT('',(0.,-2.25,8.5));
#1483 = DIRECTION('',(0.,-1.,-0.));
#1484 = DIRECTION('',(1.,0.,0.));
#1485 = PCURVE('',#66,#1486);
#1486 = DEFINITIONAL_REPRESENTATION('',(#1487),#1491);
#1487 = LINE('',#1488,#1489);
#1488 = CARTESIAN_POINT('',(0.,1.570796326795));
#1489 = VECTOR('',#1490,1.);
#1490 = DIRECTION('',(1.,0.));
#1491 = ( GEOMETRIC_REPRESENTATION_CONTEXT(2) 
PARAMETRIC_REPRESENTATION_CONTEXT() REPRESENTATION_CONTEXT('2D SPACE',''
  ) );
#1492 = PCURVE('',#1493,#1498);
#1493 = PLANE('',#1494);
#1494 = AXIS2_PLACEMENT_3D('',#1495,#1496,#1497);
#1495 = CARTESIAN_POINT('',(-3.038755850088E-16,-2.25,8.5));
#1496 = DIRECTION('',(-0.,-1.,-0.));
#1497 = DIRECTION('',(0.,0.,-1.));
#1498 = DEFINITIONAL_REPRESENTATION('',(#1499),#1503);
#1499 = CIRCLE('',#1500,3.7);
#1500 = AXIS2_PLACEMENT_2D('',#1501,#1502);
#1501 = CARTESIAN_POINT('',(0.,3.038755850088E-16));
#1502 = DIRECTION('',(0.,1.));
#1503 = ( GEOMETRIC_REPRESENTATION_CONTEXT(2) 
PARAMETRIC_REPRESENTATION_CONTEXT() REPRESENTATION_CONTEXT('2D SPACE',''
  ) );
#1504 = ADVANCED_FACE('',(#1505),#747,.T.);
#1505 = FACE_BOUND('',#1506,.F.);
#1506 = EDGE_LOOP('',(#1507,#1508,#1509));
#1507 = ORIENTED_EDGE('',*,*,#1429,.T.);
#1508 = ORIENTED_EDGE('',*,*,#673,.T.);
#1509 = ORIENTED_EDGE('',*,*,#1371,.T.);
#1510 = ADVANCED_FACE('',(#1511),#659,.T.);
#1511 = FACE_BOUND('',#1512,.F.);
#1512 = EDGE_LOOP('',(#1513,#1535,#1536,#1537));
#1513 = ORIENTED_EDGE('',*,*,#1514,.F.);
#1514 = EDGE_CURVE('',#622,#1515,#1517,.T.);
#1515 = VERTEX_POINT('',#1516);
#1516 = CARTESIAN_POINT('',(3.7,2.25,8.5));
#1517 = SEAM_CURVE('',#1518,(#1523,#1529),.PCURVE_S1.);
#1518 = CIRCLE('',#1519,0.8);
#1519 = AXIS2_PLACEMENT_3D('',#1520,#1521,#1522);
#1520 = CARTESIAN_POINT('',(3.7,1.45,8.5));
#1521 = DIRECTION('',(0.,-0.,1.));
#1522 = DIRECTION('',(1.,0.,0.));
#1523 = PCURVE('',#659,#1524);
#1524 = DEFINITIONAL_REPRESENTATION('',(#1525),#1528);
#1525 = B_SPLINE_CURVE_WITH_KNOTS('',1,(#1526,#1527),.UNSPECIFIED.,.F.,
  .F.,(2,2),(0.,1.570796326795),.PIECEWISE_BEZIER_KNOTS.);
#1526 = CARTESIAN_POINT('',(0.,0.));
#1527 = CARTESIAN_POINT('',(0.,1.570796326795));
#1528 = ( GEOMETRIC_REPRESENTATION_CONTEXT(2) 
PARAMETRIC_REPRESENTATION_CONTEXT() REPRESENTATION_CONTEXT('2D SPACE',''
  ) );
#1529 = PCURVE('',#659,#1530);
#1530 = DEFINITIONAL_REPRESENTATION('',(#1531),#1534);
#1531 = B_SPLINE_CURVE_WITH_KNOTS('',1,(#1532,#1533),.UNSPECIFIED.,.F.,
  .F.,(2,2),(0.,1.570796326795),.PIECEWISE_BEZIER_KNOTS.);
#1532 = CARTESIAN_POINT('',(-6.28318530718,0.));
#1533 = CARTESIAN_POINT('',(-6.28318530718,1.570796326795));
#1534 = ( GEOMETRIC_REPRESENTATION_CONTEXT(2) 
PARAMETRIC_REPRESENTATION_CONTEXT() REPRESENTATION_CONTEXT('2D SPACE',''
  ) );
#1535 = ORIENTED_EDGE('',*,*,#644,.F.);
#1536 = ORIENTED_EDGE('',*,*,#1514,.T.);
#1537 = ORIENTED_EDGE('',*,*,#1538,.T.);
#1538 = EDGE_CURVE('',#1515,#1515,#1539,.T.);
#1539 = SURFACE_CURVE('',#1540,(#1545,#1552),.PCURVE_S1.);
#1540 = CIRCLE('',#1541,3.7);
#1541 = AXIS2_PLACEMENT_3D('',#1542,#1543,#1544);
#1542 = CARTESIAN_POINT('',(0.,2.25,8.5));
#1543 = DIRECTION('',(0.,-1.,-0.));
#1544 = DIRECTION('',(1.,0.,0.));
#1545 = PCURVE('',#659,#1546);
#1546 = DEFINITIONAL_REPRESENTATION('',(#1547),#1551);
#1547 = LINE('',#1548,#1549);
#1548 = CARTESIAN_POINT('',(-0.,1.570796326795));
#1549 = VECTOR('',#1550,1.);
#1550 = DIRECTION('',(-1.,0.));
#1551 = ( GEOMETRIC_REPRESENTATION_CONTEXT(2) 
PARAMETRIC_REPRESENTATION_CONTEXT() REPRESENTATION_CONTEXT('2D SPACE',''
  ) );
#1552 = PCURVE('',#1553,#1558);
#1553 = PLANE('',#1554);
#1554 = AXIS2_PLACEMENT_3D('',#1555,#1556,#1557);
#1555 = CARTESIAN_POINT('',(-3.038755850088E-16,2.25,8.5));
#1556 = DIRECTION('',(-0.,-1.,-0.));
#1557 = DIRECTION('',(0.,0.,-1.));
#1558 = DEFINITIONAL_REPRESENTATION('',(#1559),#1563);
#1559 = CIRCLE('',#1560,3.7);
#1560 = AXIS2_PLACEMENT_2D('',#1561,#1562);
#1561 = CARTESIAN_POINT('',(0.,3.038755850088E-16));
#1562 = DIRECTION('',(0.,1.));
#1563 = ( GEOMETRIC_REPRESENTATION_CONTEXT(2) 
PARAMETRIC_REPRESENTATION_CONTEXT() REPRESENTATION_CONTEXT('2D SPACE',''
  ) );
#1564 = ADVANCED_FACE('',(#1565,#1568),#1225,.F.);
#1565 = FACE_BOUND('',#1566,.F.);
#1566 = EDGE_LOOP('',(#1567));
#1567 = ORIENTED_EDGE('',*,*,#1208,.T.);
#1568 = FACE_BOUND('',#1569,.F.);
#1569 = EDGE_LOOP('',(#1570));
#1570 = ORIENTED_EDGE('',*,*,#1571,.T.);
#1571 = EDGE_CURVE('',#1572,#1572,#1574,.T.);
#1572 = VERTEX_POINT('',#1573);
#1573 = CARTESIAN_POINT('',(-3.45,0.,2.));
#1574 = SURFACE_CURVE('',#1575,(#1580,#1591),.PCURVE_S1.);
#1575 = CIRCLE('',#1576,0.3);
#1576 = AXIS2_PLACEMENT_3D('',#1577,#1578,#1579);
#1577 = CARTESIAN_POINT('',(-3.75,0.,2.));
#1578 = DIRECTION('',(0.,0.,-1.));
#1579 = DIRECTION('',(1.,0.,0.));
#1580 = PCURVE('',#1225,#1581);
#1581 = DEFINITIONAL_REPRESENTATION('',(#1582),#1590);
#1582 = ( BOUNDED_CURVE() B_SPLINE_CURVE(2,(#1583,#1584,#1585,#1586,
#1587,#1588,#1589),.UNSPECIFIED.,.T.,.F.) B_SPLINE_CURVE_WITH_KNOTS((1,2
    ,2,2,2,1),(-2.094395102393,0.,2.094395102393,4.188790204786,
6.28318530718,8.377580409573),.UNSPECIFIED.) CURVE() 
GEOMETRIC_REPRESENTATION_ITEM() RATIONAL_B_SPLINE_CURVE((1.,0.5,1.,0.5,
1.,0.5,1.)) REPRESENTATION_ITEM('') );
#1583 = CARTESIAN_POINT('',(0.3,6.055984930685E-18));
#1584 = CARTESIAN_POINT('',(0.3,-0.519615242271));
#1585 = CARTESIAN_POINT('',(-0.15,-0.259807621135));
#1586 = CARTESIAN_POINT('',(-0.6,-6.742282301816E-17));
#1587 = CARTESIAN_POINT('',(-0.15,0.259807621135));
#1588 = CARTESIAN_POINT('',(0.3,0.519615242271));
#1589 = CARTESIAN_POINT('',(0.3,6.055984930685E-18));
#1590 = ( GEOMETRIC_REPRESENTATION_CONTEXT(2) 
PARAMETRIC_REPRESENTATION_CONTEXT() REPRESENTATION_CONTEXT('2D SPACE',''
  ) );
#1591 = PCURVE('',#1592,#1597);
#1592 = CYLINDRICAL_SURFACE('',#1593,0.3);
#1593 = AXIS2_PLACEMENT_3D('',#1594,#1595,#1596);
#1594 = CARTESIAN_POINT('',(-3.75,0.,-4.5));
#1595 = DIRECTION('',(-0.,-0.,-1.));
#1596 = DIRECTION('',(1.,0.,0.));
#1597 = DEFINITIONAL_REPRESENTATION('',(#1598),#1602);
#1598 = LINE('',#1599,#1600);
#1599 = CARTESIAN_POINT('',(-6.28318530718,-6.5));
#1600 = VECTOR('',#1601,1.);
#1601 = DIRECTION('',(1.,-0.));
#1602 = ( GEOMETRIC_REPRESENTATION_CONTEXT(2) 
PARAMETRIC_REPRESENTATION_CONTEXT() REPRESENTATION_CONTEXT('2D SPACE',''
  ) );
#1603 = ADVANCED_FACE('',(#1604,#1607),#1282,.F.);
#1604 = FACE_BOUND('',#1605,.F.);
#1605 = EDGE_LOOP('',(#1606));
#1606 = ORIENTED_EDGE('',*,*,#1265,.T.);
#1607 = FACE_BOUND('',#1608,.F.);
#1608 = EDGE_LOOP('',(#1609));
#1609 = ORIENTED_EDGE('',*,*,#1610,.T.);
#1610 = EDGE_CURVE('',#1611,#1611,#1613,.T.);
#1611 = VERTEX_POINT('',#1612);
#1612 = CARTESIAN_POINT('',(4.05,0.,2.));
#1613 = SURFACE_CURVE('',#1614,(#1619,#1630),.PCURVE_S1.);
#1614 = CIRCLE('',#1615,0.3);
#1615 = AXIS2_PLACEMENT_3D('',#1616,#1617,#1618);
#1616 = CARTESIAN_POINT('',(3.75,0.,2.));
#1617 = DIRECTION('',(0.,0.,-1.));
#1618 = DIRECTION('',(1.,0.,0.));
#1619 = PCURVE('',#1282,#1620);
#1620 = DEFINITIONAL_REPRESENTATION('',(#1621),#1629);
#1621 = ( BOUNDED_CURVE() B_SPLINE_CURVE(2,(#1622,#1623,#1624,#1625,
#1626,#1627,#1628),.UNSPECIFIED.,.T.,.F.) B_SPLINE_CURVE_WITH_KNOTS((1,2
    ,2,2,2,1),(-2.094395102393,0.,2.094395102393,4.188790204786,
6.28318530718,8.377580409573),.UNSPECIFIED.) CURVE() 
GEOMETRIC_REPRESENTATION_ITEM() RATIONAL_B_SPLINE_CURVE((1.,0.5,1.,0.5,
1.,0.5,1.)) REPRESENTATION_ITEM('') );
#1622 = CARTESIAN_POINT('',(0.3,6.055984930685E-18));
#1623 = CARTESIAN_POINT('',(0.3,-0.519615242271));
#1624 = CARTESIAN_POINT('',(-0.15,-0.259807621135));
#1625 = CARTESIAN_POINT('',(-0.6,-6.742282301816E-17));
#1626 = CARTESIAN_POINT('',(-0.15,0.259807621135));
#1627 = CARTESIAN_POINT('',(0.3,0.519615242271));
#1628 = CARTESIAN_POINT('',(0.3,6.055984930685E-18));
#1629 = ( GEOMETRIC_REPRESENTATION_CONTEXT(2) 
PARAMETRIC_REPRESENTATION_CONTEXT() REPRESENTATION_CONTEXT('2D SPACE',''
  ) );
#1630 = PCURVE('',#1631,#1636);
#1631 = CYLINDRICAL_SURFACE('',#1632,0.3);
#1632 = AXIS2_PLACEMENT_3D('',#1633,#1634,#1635);
#1633 = CARTESIAN_POINT('',(3.75,0.,-4.5));
#1634 = DIRECTION('',(-0.,-0.,-1.));
#1635 = DIRECTION('',(1.,0.,0.));
#1636 = DEFINITIONAL_REPRESENTATION('',(#1637),#1641);
#1637 = LINE('',#1638,#1639);
#1638 = CARTESIAN_POINT('',(-6.28318530718,-6.5));
#1639 = VECTOR('',#1640,1.);
#1640 = DIRECTION('',(1.,-0.));
#1641 = ( GEOMETRIC_REPRESENTATION_CONTEXT(2) 
PARAMETRIC_REPRESENTATION_CONTEXT() REPRESENTATION_CONTEXT('2D SPACE',''
  ) );
#1642 = ADVANCED_FACE('',(#1643),#1493,.T.);
#1643 = FACE_BOUND('',#1644,.T.);
#1644 = EDGE_LOOP('',(#1645));
#1645 = ORIENTED_EDGE('',*,*,#1478,.T.);
#1646 = ADVANCED_FACE('',(#1647),#1553,.F.);
#1647 = FACE_BOUND('',#1648,.F.);
#1648 = EDGE_LOOP('',(#1649));
#1649 = ORIENTED_EDGE('',*,*,#1538,.T.);
#1650 = ADVANCED_FACE('',(#1651),#1592,.T.);
#1651 = FACE_BOUND('',#1652,.F.);
#1652 = EDGE_LOOP('',(#1653,#1682,#1703,#1704));
#1653 = ORIENTED_EDGE('',*,*,#1654,.F.);
#1654 = EDGE_CURVE('',#1655,#1655,#1657,.T.);
#1655 = VERTEX_POINT('',#1656);
#1656 = CARTESIAN_POINT('',(-3.45,0.,-4.5));
#1657 = SURFACE_CURVE('',#1658,(#1663,#1670),.PCURVE_S1.);
#1658 = CIRCLE('',#1659,0.3);
#1659 = AXIS2_PLACEMENT_3D('',#1660,#1661,#1662);
#1660 = CARTESIAN_POINT('',(-3.75,0.,-4.5));
#1661 = DIRECTION('',(0.,0.,1.));
#1662 = DIRECTION('',(1.,0.,0.));
#1663 = PCURVE('',#1592,#1664);
#1664 = DEFINITIONAL_REPRESENTATION('',(#1665),#1669);
#1665 = LINE('',#1666,#1667);
#1666 = CARTESIAN_POINT('',(-0.,0.));
#1667 = VECTOR('',#1668,1.);
#1668 = DIRECTION('',(-1.,0.));
#1669 = ( GEOMETRIC_REPRESENTATION_CONTEXT(2) 
PARAMETRIC_REPRESENTATION_CONTEXT() REPRESENTATION_CONTEXT('2D SPACE',''
  ) );
#1670 = PCURVE('',#1671,#1676);
#1671 = PLANE('',#1672);
#1672 = AXIS2_PLACEMENT_3D('',#1673,#1674,#1675);
#1673 = CARTESIAN_POINT('',(-3.75,5.558742067634E-18,-4.5));
#1674 = DIRECTION('',(0.,0.,1.));
#1675 = DIRECTION('',(1.,0.,-0.));
#1676 = DEFINITIONAL_REPRESENTATION('',(#1677),#1681);
#1677 = CIRCLE('',#1678,0.3);
#1678 = AXIS2_PLACEMENT_2D('',#1679,#1680);
#1679 = CARTESIAN_POINT('',(0.,-5.558742067634E-18));
#1680 = DIRECTION('',(1.,0.));
#1681 = ( GEOMETRIC_REPRESENTATION_CONTEXT(2) 
PARAMETRIC_REPRESENTATION_CONTEXT() REPRESENTATION_CONTEXT('2D SPACE',''
  ) );
#1682 = ORIENTED_EDGE('',*,*,#1683,.T.);
#1683 = EDGE_CURVE('',#1655,#1572,#1684,.T.);
#1684 = SEAM_CURVE('',#1685,(#1689,#1696),.PCURVE_S1.);
#1685 = LINE('',#1686,#1687);
#1686 = CARTESIAN_POINT('',(-3.45,0.,-4.5));
#1687 = VECTOR('',#1688,1.);
#1688 = DIRECTION('',(0.,0.,1.));
#1689 = PCURVE('',#1592,#1690);
#1690 = DEFINITIONAL_REPRESENTATION('',(#1691),#1695);
#1691 = LINE('',#1692,#1693);
#1692 = CARTESIAN_POINT('',(-6.28318530718,0.));
#1693 = VECTOR('',#1694,1.);
#1694 = DIRECTION('',(-0.,-1.));
#1695 = ( GEOMETRIC_REPRESENTATION_CONTEXT(2) 
PARAMETRIC_REPRESENTATION_CONTEXT() REPRESENTATION_CONTEXT('2D SPACE',''
  ) );
#1696 = PCURVE('',#1592,#1697);
#1697 = DEFINITIONAL_REPRESENTATION('',(#1698),#1702);
#1698 = LINE('',#1699,#1700);
#1699 = CARTESIAN_POINT('',(-0.,0.));
#1700 = VECTOR('',#1701,1.);
#1701 = DIRECTION('',(-0.,-1.));
#1702 = ( GEOMETRIC_REPRESENTATION_CONTEXT(2) 
PARAMETRIC_REPRESENTATION_CONTEXT() REPRESENTATION_CONTEXT('2D SPACE',''
  ) );
#1703 = ORIENTED_EDGE('',*,*,#1571,.F.);
#1704 = ORIENTED_EDGE('',*,*,#1683,.F.);
#1705 = ADVANCED_FACE('',(#1706),#1631,.T.);
#1706 = FACE_BOUND('',#1707,.F.);
#1707 = EDGE_LOOP('',(#1708,#1709,#1732,#1759));
#1708 = ORIENTED_EDGE('',*,*,#1610,.F.);
#1709 = ORIENTED_EDGE('',*,*,#1710,.F.);
#1710 = EDGE_CURVE('',#1711,#1611,#1713,.T.);
#1711 = VERTEX_POINT('',#1712);
#1712 = CARTESIAN_POINT('',(4.05,0.,-4.5));
#1713 = SEAM_CURVE('',#1714,(#1718,#1725),.PCURVE_S1.);
#1714 = LINE('',#1715,#1716);
#1715 = CARTESIAN_POINT('',(4.05,0.,-4.5));
#1716 = VECTOR('',#1717,1.);
#1717 = DIRECTION('',(0.,0.,1.));
#1718 = PCURVE('',#1631,#1719);
#1719 = DEFINITIONAL_REPRESENTATION('',(#1720),#1724);
#1720 = LINE('',#1721,#1722);
#1721 = CARTESIAN_POINT('',(-0.,0.));
#1722 = VECTOR('',#1723,1.);
#1723 = DIRECTION('',(-0.,-1.));
#1724 = ( GEOMETRIC_REPRESENTATION_CONTEXT(2) 
PARAMETRIC_REPRESENTATION_CONTEXT() REPRESENTATION_CONTEXT('2D SPACE',''
  ) );
#1725 = PCURVE('',#1631,#1726);
#1726 = DEFINITIONAL_REPRESENTATION('',(#1727),#1731);
#1727 = LINE('',#1728,#1729);
#1728 = CARTESIAN_POINT('',(-6.28318530718,0.));
#1729 = VECTOR('',#1730,1.);
#1730 = DIRECTION('',(-0.,-1.));
#1731 = ( GEOMETRIC_REPRESENTATION_CONTEXT(2) 
PARAMETRIC_REPRESENTATION_CONTEXT() REPRESENTATION_CONTEXT('2D SPACE',''
  ) );
#1732 = ORIENTED_EDGE('',*,*,#1733,.F.);
#1733 = EDGE_CURVE('',#1711,#1711,#1734,.T.);
#1734 = SURFACE_CURVE('',#1735,(#1740,#1747),.PCURVE_S1.);
#1735 = CIRCLE('',#1736,0.3);
#1736 = AXIS2_PLACEMENT_3D('',#1737,#1738,#1739);
#1737 = CARTESIAN_POINT('',(3.75,0.,-4.5));
#1738 = DIRECTION('',(0.,0.,1.));
#1739 = DIRECTION('',(1.,0.,0.));
#1740 = PCURVE('',#1631,#1741);
#1741 = DEFINITIONAL_REPRESENTATION('',(#1742),#1746);
#1742 = LINE('',#1743,#1744);
#1743 = CARTESIAN_POINT('',(-0.,0.));
#1744 = VECTOR('',#1745,1.);
#1745 = DIRECTION('',(-1.,0.));
#1746 = ( GEOMETRIC_REPRESENTATION_CONTEXT(2) 
PARAMETRIC_REPRESENTATION_CONTEXT() REPRESENTATION_CONTEXT('2D SPACE',''
  ) );
#1747 = PCURVE('',#1748,#1753);
#1748 = PLANE('',#1749);
#1749 = AXIS2_PLACEMENT_3D('',#1750,#1751,#1752);
#1750 = CARTESIAN_POINT('',(3.75,5.558742067634E-18,-4.5));
#1751 = DIRECTION('',(0.,0.,1.));
#1752 = DIRECTION('',(1.,0.,-0.));
#1753 = DEFINITIONAL_REPRESENTATION('',(#1754),#1758);
#1754 = CIRCLE('',#1755,0.3);
#1755 = AXIS2_PLACEMENT_2D('',#1756,#1757);
#1756 = CARTESIAN_POINT('',(0.,-5.558742067634E-18));
#1757 = DIRECTION('',(1.,0.));
#1758 = ( GEOMETRIC_REPRESENTATION_CONTEXT(2) 
PARAMETRIC_REPRESENTATION_CONTEXT() REPRESENTATION_CONTEXT('2D SPACE',''
  ) );
#1759 = ORIENTED_EDGE('',*,*,#1710,.T.);
#1760 = ADVANCED_FACE('',(#1761),#1671,.F.);
#1761 = FACE_BOUND('',#1762,.F.);
#1762 = EDGE_LOOP('',(#1763));
#1763 = ORIENTED_EDGE('',*,*,#1654,.T.);
#1764 = ADVANCED_FACE('',(#1765),#1748,.F.);
#1765 = FACE_BOUND('',#1766,.F.);
#1766 = EDGE_LOOP('',(#1767));
#1767 = ORIENTED_EDGE('',*,*,#1733,.T.);
#1768 = ( GEOMETRIC_REPRESENTATION_CONTEXT(3) 
GLOBAL_UNCERTAINTY_ASSIGNED_CONTEXT((#1772)) 
GLOBAL_UNIT_ASSIGNED_CONTEXT((#1769,#1770,#1771)) REPRESENTATION_CONTEXT
('Context #1','3D Context with UNIT and UNCERTAINTY') );
#1769 = ( LENGTH_UNIT() NAMED_UNIT(*) SI_UNIT(.MILLI.,.METRE.) );
#1770 = ( NAMED_UNIT(*) PLANE_ANGLE_UNIT() SI_UNIT($,.RADIAN.) );
#1771 = ( NAMED_UNIT(*) SI_UNIT($,.STERADIAN.) SOLID_ANGLE_UNIT() );
#1772 = UNCERTAINTY_MEASURE_WITH_UNIT(LENGTH_MEASURE(1.E-07),#1769,
  'distance_accuracy_value','confusion accuracy');
#1773 = PRODUCT_RELATED_PRODUCT_CATEGORY('part',$,(#7));
ENDSEC;
END-ISO-10303-21;
