ISO-10303-21;
HEADER;
FILE_DESCRIPTION(('Open CASCADE Model'),'2;1');
FILE_NAME('Open CASCADE Shape Model','2026-09-27T08:38:46',('Author'),(
    'Open CASCADE'),'Open CASCADE STEP processor 7.9','Open CASCADE 7.9'
  ,'Unknown');
FILE_SCHEMA(('AUTOMOTIVE_DESIGN { 1 0 10303 214 1 1 1 1 }'));
ENDSEC;
DATA;
#1 = APPLICATION_PROTOCOL_DEFINITION('international standard',
  'automotive_design',2000,#2);
#2 = APPLICATION_CONTEXT(
  'core data for automotive mechanical design processes');
#3 = SHAPE_DEFINITION_REPRESENTATION(#4,#10);
#4 = PRODUCT_DEFINITION_SHAPE('','',#5);
#5 = PRODUCT_DEFINITION('design','',#6,#9);
#6 = PRODUCT_DEFINITION_FORMATION('','',#7);
#7 = PRODUCT('ec1d6d5f-abfe-11f1-b731-ca68c36744a0',
  'ec1d6d5f-abfe-11f1-b731-ca68c36744a0','',(#8));
#8 = PRODUCT_CONTEXT('',#2,'mechanical');
#9 = PRODUCT_DEFINITION_CONTEXT('part definition',#2,'design');
#10 = SHAPE_REPRESENTATION('',(#11,#15,#19,#23),#27);
#11 = AXIS2_PLACEMENT_3D('',#12,#13,#14);
#12 = CARTESIAN_POINT('',(0.,0.,0.));
#13 = DIRECTION('',(0.,0.,1.));
#14 = DIRECTION('',(1.,0.,-0.));
#15 = AXIS2_PLACEMENT_3D('',#16,#17,#18);
#16 = CARTESIAN_POINT('',(0.,0.,0.));
#17 = DIRECTION('',(0.,0.,1.));
#18 = DIRECTION('',(1.,0.,0.));
#19 = AXIS2_PLACEMENT_3D('',#20,#21,#22);
#20 = CARTESIAN_POINT('',(0.,0.,0.));
#21 = DIRECTION('',(0.,0.,1.));
#22 = DIRECTION('',(1.,0.,0.));
#23 = AXIS2_PLACEMENT_3D('',#24,#25,#26);
#24 = CARTESIAN_POINT('',(0.,0.,0.));
#25 = DIRECTION('',(0.,0.,1.));
#26 = DIRECTION('',(1.,0.,0.));
#27 = ( GEOMETRIC_REPRESENTATION_CONTEXT(3) 
GLOBAL_UNCERTAINTY_ASSIGNED_CONTEXT((#31)) GLOBAL_UNIT_ASSIGNED_CONTEXT(
(#28,#29,#30)) REPRESENTATION_CONTEXT('Context #1',
  '3D Context with UNIT and UNCERTAINTY') );
#28 = ( LENGTH_UNIT() NAMED_UNIT(*) SI_UNIT(.MILLI.,.METRE.) );
#29 = ( NAMED_UNIT(*) PLANE_ANGLE_UNIT() SI_UNIT($,.RADIAN.) );
#30 = ( NAMED_UNIT(*) SI_UNIT($,.STERADIAN.) SOLID_ANGLE_UNIT() );
#31 = UNCERTAINTY_MEASURE_WITH_UNIT(LENGTH_MEASURE(1.E-07),#28,
  'distance_accuracy_value','confusion accuracy');
#32 = PRODUCT_RELATED_PRODUCT_CATEGORY('part',$,(#7));
#33 = SHAPE_DEFINITION_REPRESENTATION(#34,#40);
#34 = PRODUCT_DEFINITION_SHAPE('','',#35);
#35 = PRODUCT_DEFINITION('design','',#36,#39);
#36 = PRODUCT_DEFINITION_FORMATION('','',#37);
#37 = PRODUCT('Body','Body','',(#38));
#38 = PRODUCT_CONTEXT('',#2,'mechanical');
#39 = PRODUCT_DEFINITION_CONTEXT('part definition',#2,'design');
#40 = ADVANCED_BREP_SHAPE_REPRESENTATION('',(#11,#41),#970);
#41 = MANIFOLD_SOLID_BREP('',#42);
#42 = CLOSED_SHELL('',(#43,#163,#454,#508,#558,#683,#710,#737,#764,#791,
    #870,#902,#961,#966));
#43 = ADVANCED_FACE('',(#44),#58,.F.);
#44 = FACE_BOUND('',#45,.T.);
#45 = EDGE_LOOP('',(#46,#81,#109,#137));
#46 = ORIENTED_EDGE('',*,*,#47,.F.);
#47 = EDGE_CURVE('',#48,#50,#52,.T.);
#48 = VERTEX_POINT('',#49);
#49 = CARTESIAN_POINT('',(-3.75,4.85,2.5));
#50 = VERTEX_POINT('',#51);
#51 = CARTESIAN_POINT('',(-3.75,-4.85,2.5));
#52 = SURFACE_CURVE('',#53,(#57,#69),.PCURVE_S1.);
#53 = LINE('',#54,#55);
#54 = CARTESIAN_POINT('',(-3.75,5.15,2.5));
#55 = VECTOR('',#56,1.);
#56 = DIRECTION('',(-0.,-1.,-0.));
#57 = PCURVE('',#58,#63);
#58 = PLANE('',#59);
#59 = AXIS2_PLACEMENT_3D('',#60,#61,#62);
#60 = CARTESIAN_POINT('',(-3.75,5.15,0.2));
#61 = DIRECTION('',(1.,-0.,-0.));
#62 = DIRECTION('',(0.,0.,-1.));
#63 = DEFINITIONAL_REPRESENTATION('',(#64),#68);
#64 = LINE('',#65,#66);
#65 = CARTESIAN_POINT('',(-2.3,0.));
#66 = VECTOR('',#67,1.);
#67 = DIRECTION('',(-0.,-1.));
#68 = ( GEOMETRIC_REPRESENTATION_CONTEXT(2) 
PARAMETRIC_REPRESENTATION_CONTEXT() REPRESENTATION_CONTEXT('2D SPACE',''
  ) );
#69 = PCURVE('',#70,#75);
#70 = PLANE('',#71);
#71 = AXIS2_PLACEMENT_3D('',#72,#73,#74);
#72 = CARTESIAN_POINT('',(-3.75,5.15,2.5));
#73 = DIRECTION('',(-0.,-0.,1.));
#74 = DIRECTION('',(-1.,0.,0.));
#75 = DEFINITIONAL_REPRESENTATION('',(#76),#80);
#76 = LINE('',#77,#78);
#77 = CARTESIAN_POINT('',(-0.,-0.));
#78 = VECTOR('',#79,1.);
#79 = DIRECTION('',(-0.,1.));
#80 = ( GEOMETRIC_REPRESENTATION_CONTEXT(2) 
PARAMETRIC_REPRESENTATION_CONTEXT() REPRESENTATION_CONTEXT('2D SPACE',''
  ) );
#81 = ORIENTED_EDGE('',*,*,#82,.F.);
#82 = EDGE_CURVE('',#83,#48,#85,.T.);
#83 = VERTEX_POINT('',#84);
#84 = CARTESIAN_POINT('',(-3.75,4.85,0.2));
#85 = SURFACE_CURVE('',#86,(#90,#97),.PCURVE_S1.);
#86 = LINE('',#87,#88);
#87 = CARTESIAN_POINT('',(-3.75,4.85,0.2));
#88 = VECTOR('',#89,1.);
#89 = DIRECTION('',(-0.,-0.,1.));
#90 = PCURVE('',#58,#91);
#91 = DEFINITIONAL_REPRESENTATION('',(#92),#96);
#92 = LINE('',#93,#94);
#93 = CARTESIAN_POINT('',(-0.,-0.3));
#94 = VECTOR('',#95,1.);
#95 = DIRECTION('',(-1.,0.));
#96 = ( GEOMETRIC_REPRESENTATION_CONTEXT(2) 
PARAMETRIC_REPRESENTATION_CONTEXT() REPRESENTATION_CONTEXT('2D SPACE',''
  ) );
#97 = PCURVE('',#98,#103);
#98 = CYLINDRICAL_SURFACE('',#99,0.3);
#99 = AXIS2_PLACEMENT_3D('',#100,#101,#102);
#100 = CARTESIAN_POINT('',(-3.45,4.85,0.2));
#101 = DIRECTION('',(-0.,-0.,1.));
#102 = DIRECTION('',(-1.,-0.,0.));
#103 = DEFINITIONAL_REPRESENTATION('',(#104),#108);
#104 = LINE('',#105,#106);
#105 = CARTESIAN_POINT('',(-0.,0.));
#106 = VECTOR('',#107,1.);
#107 = DIRECTION('',(-0.,1.));
#108 = ( GEOMETRIC_REPRESENTATION_CONTEXT(2) 
PARAMETRIC_REPRESENTATION_CONTEXT() REPRESENTATION_CONTEXT('2D SPACE',''
  ) );
#109 = ORIENTED_EDGE('',*,*,#110,.T.);
#110 = EDGE_CURVE('',#83,#111,#113,.T.);
#111 = VERTEX_POINT('',#112);
#112 = CARTESIAN_POINT('',(-3.75,-4.85,0.2));
#113 = SURFACE_CURVE('',#114,(#118,#125),.PCURVE_S1.);
#114 = LINE('',#115,#116);
#115 = CARTESIAN_POINT('',(-3.75,5.15,0.2));
#116 = VECTOR('',#117,1.);
#117 = DIRECTION('',(-0.,-1.,-0.));
#118 = PCURVE('',#58,#119);
#119 = DEFINITIONAL_REPRESENTATION('',(#120),#124);
#120 = LINE('',#121,#122);
#121 = CARTESIAN_POINT('',(-0.,0.));
#122 = VECTOR('',#123,1.);
#123 = DIRECTION('',(-0.,-1.));
#124 = ( GEOMETRIC_REPRESENTATION_CONTEXT(2) 
PARAMETRIC_REPRESENTATION_CONTEXT() REPRESENTATION_CONTEXT('2D SPACE',''
  ) );
#125 = PCURVE('',#126,#131);
#126 = PLANE('',#127);
#127 = AXIS2_PLACEMENT_3D('',#128,#129,#130);
#128 = CARTESIAN_POINT('',(-3.75,5.15,0.2));
#129 = DIRECTION('',(-0.,-0.,1.));
#130 = DIRECTION('',(-1.,0.,0.));
#131 = DEFINITIONAL_REPRESENTATION('',(#132),#136);
#132 = LINE('',#133,#134);
#133 = CARTESIAN_POINT('',(-0.,-0.));
#134 = VECTOR('',#135,1.);
#135 = DIRECTION('',(-0.,1.));
#136 = ( GEOMETRIC_REPRESENTATION_CONTEXT(2) 
PARAMETRIC_REPRESENTATION_CONTEXT() REPRESENTATION_CONTEXT('2D SPACE',''
  ) );
#137 = ORIENTED_EDGE('',*,*,#138,.T.);
#138 = EDGE_CURVE('',#111,#50,#139,.T.);
#139 = SURFACE_CURVE('',#140,(#144,#151),.PCURVE_S1.);
#140 = LINE('',#141,#142);
#141 = CARTESIAN_POINT('',(-3.75,-4.85,0.2));
#142 = VECTOR('',#143,1.);
#143 = DIRECTION('',(-0.,-0.,1.));
#144 = PCURVE('',#58,#145);
#145 = DEFINITIONAL_REPRESENTATION('',(#146),#150);
#146 = LINE('',#147,#148);
#147 = CARTESIAN_POINT('',(-0.,-10.));
#148 = VECTOR('',#149,1.);
#149 = DIRECTION('',(-1.,0.));
#150 = ( GEOMETRIC_REPRESENTATION_CONTEXT(2) 
PARAMETRIC_REPRESENTATION_CONTEXT() REPRESENTATION_CONTEXT('2D SPACE',''
  ) );
#151 = PCURVE('',#152,#157);
#152 = CYLINDRICAL_SURFACE('',#153,0.3);
#153 = AXIS2_PLACEMENT_3D('',#154,#155,#156);
#154 = CARTESIAN_POINT('',(-3.45,-4.85,0.2));
#155 = DIRECTION('',(-0.,-0.,1.));
#156 = DIRECTION('',(-1.,-0.,0.));
#157 = DEFINITIONAL_REPRESENTATION('',(#158),#162);
#158 = LINE('',#159,#160);
#159 = CARTESIAN_POINT('',(-6.28318530718,0.));
#160 = VECTOR('',#161,1.);
#161 = DIRECTION('',(0.,1.));
#162 = ( GEOMETRIC_REPRESENTATION_CONTEXT(2) 
PARAMETRIC_REPRESENTATION_CONTEXT() REPRESENTATION_CONTEXT('2D SPACE',''
  ) );
#163 = ADVANCED_FACE('',(#164,#419),#70,.T.);
#164 = FACE_BOUND('',#165,.F.);
#165 = EDGE_LOOP('',(#166,#167,#195,#223,#256,#279,#308,#336,#369,#397)
  );
#166 = ORIENTED_EDGE('',*,*,#47,.F.);
#167 = ORIENTED_EDGE('',*,*,#168,.T.);
#168 = EDGE_CURVE('',#48,#169,#171,.T.);
#169 = VERTEX_POINT('',#170);
#170 = CARTESIAN_POINT('',(-3.45,5.15,2.5));
#171 = SURFACE_CURVE('',#172,(#177,#188),.PCURVE_S1.);
#172 = CIRCLE('',#173,0.3);
#173 = AXIS2_PLACEMENT_3D('',#174,#175,#176);
#174 = CARTESIAN_POINT('',(-3.45,4.85,2.5));
#175 = DIRECTION('',(-0.,-0.,-1.));
#176 = DIRECTION('',(-0.,1.,-0.));
#177 = PCURVE('',#70,#178);
#178 = DEFINITIONAL_REPRESENTATION('',(#179),#187);
#179 = ( BOUNDED_CURVE() B_SPLINE_CURVE(2,(#180,#181,#182,#183,#184,#185
,#186),.UNSPECIFIED.,.T.,.F.) B_SPLINE_CURVE_WITH_KNOTS((1,2,2,2,2,1),(
    -2.094395102393,0.,2.094395102393,4.188790204786,6.28318530718,
8.377580409573),.UNSPECIFIED.) CURVE() GEOMETRIC_REPRESENTATION_ITEM() 
RATIONAL_B_SPLINE_CURVE((1.,0.5,1.,0.5,1.,0.5,1.)) REPRESENTATION_ITEM(
  '') );
#180 = CARTESIAN_POINT('',(-0.3,8.881784197001E-16));
#181 = CARTESIAN_POINT('',(-0.819615242271,8.881784197001E-16));
#182 = CARTESIAN_POINT('',(-0.559807621135,0.45));
#183 = CARTESIAN_POINT('',(-0.3,0.9));
#184 = CARTESIAN_POINT('',(-4.019237886467E-02,0.45));
#185 = CARTESIAN_POINT('',(0.219615242271,1.33226762955E-15));
#186 = CARTESIAN_POINT('',(-0.3,8.881784197001E-16));
#187 = ( GEOMETRIC_REPRESENTATION_CONTEXT(2) 
PARAMETRIC_REPRESENTATION_CONTEXT() REPRESENTATION_CONTEXT('2D SPACE',''
  ) );
#188 = PCURVE('',#98,#189);
#189 = DEFINITIONAL_REPRESENTATION('',(#190),#194);
#190 = LINE('',#191,#192);
#191 = CARTESIAN_POINT('',(4.712388980385,2.3));
#192 = VECTOR('',#193,1.);
#193 = DIRECTION('',(-1.,0.));
#194 = ( GEOMETRIC_REPRESENTATION_CONTEXT(2) 
PARAMETRIC_REPRESENTATION_CONTEXT() REPRESENTATION_CONTEXT('2D SPACE',''
  ) );
#195 = ORIENTED_EDGE('',*,*,#196,.T.);
#196 = EDGE_CURVE('',#169,#197,#199,.T.);
#197 = VERTEX_POINT('',#198);
#198 = CARTESIAN_POINT('',(-0.8,5.15,2.5));
#199 = SURFACE_CURVE('',#200,(#204,#211),.PCURVE_S1.);
#200 = LINE('',#201,#202);
#201 = CARTESIAN_POINT('',(-3.75,5.15,2.5));
#202 = VECTOR('',#203,1.);
#203 = DIRECTION('',(1.,-0.,-0.));
#204 = PCURVE('',#70,#205);
#205 = DEFINITIONAL_REPRESENTATION('',(#206),#210);
#206 = LINE('',#207,#208);
#207 = CARTESIAN_POINT('',(-0.,-0.));
#208 = VECTOR('',#209,1.);
#209 = DIRECTION('',(-1.,0.));
#210 = ( GEOMETRIC_REPRESENTATION_CONTEXT(2) 
PARAMETRIC_REPRESENTATION_CONTEXT() REPRESENTATION_CONTEXT('2D SPACE',''
  ) );
#211 = PCURVE('',#212,#217);
#212 = PLANE('',#213);
#213 = AXIS2_PLACEMENT_3D('',#214,#215,#216);
#214 = CARTESIAN_POINT('',(-3.75,5.15,0.2));
#215 = DIRECTION('',(-0.,-1.,-0.));
#216 = DIRECTION('',(0.,0.,-1.));
#217 = DEFINITIONAL_REPRESENTATION('',(#218),#222);
#218 = LINE('',#219,#220);
#219 = CARTESIAN_POINT('',(-2.3,0.));
#220 = VECTOR('',#221,1.);
#221 = DIRECTION('',(-0.,1.));
#222 = ( GEOMETRIC_REPRESENTATION_CONTEXT(2) 
PARAMETRIC_REPRESENTATION_CONTEXT() REPRESENTATION_CONTEXT('2D SPACE',''
  ) );
#223 = ORIENTED_EDGE('',*,*,#224,.F.);
#224 = EDGE_CURVE('',#225,#197,#227,.T.);
#225 = VERTEX_POINT('',#226);
#226 = CARTESIAN_POINT('',(0.8,5.15,2.5));
#227 = SURFACE_CURVE('',#228,(#233,#244),.PCURVE_S1.);
#228 = CIRCLE('',#229,0.8);
#229 = AXIS2_PLACEMENT_3D('',#230,#231,#232);
#230 = CARTESIAN_POINT('',(0.,5.15,2.5));
#231 = DIRECTION('',(0.,0.,-1.));
#232 = DIRECTION('',(1.,-0.,-0.));
#233 = PCURVE('',#70,#234);
#234 = DEFINITIONAL_REPRESENTATION('',(#235),#243);
#235 = ( BOUNDED_CURVE() B_SPLINE_CURVE(2,(#236,#237,#238,#239,#240,#241
,#242),.UNSPECIFIED.,.T.,.F.) B_SPLINE_CURVE_WITH_KNOTS((1,2,2,2,2,1),(
    -2.094395102393,0.,2.094395102393,4.188790204786,6.28318530718,
8.377580409573),.UNSPECIFIED.) CURVE() GEOMETRIC_REPRESENTATION_ITEM() 
RATIONAL_B_SPLINE_CURVE((1.,0.5,1.,0.5,1.,0.5,1.)) REPRESENTATION_ITEM(
  '') );
#236 = CARTESIAN_POINT('',(-4.55,0.));
#237 = CARTESIAN_POINT('',(-4.55,1.385640646055));
#238 = CARTESIAN_POINT('',(-3.35,0.692820323028));
#239 = CARTESIAN_POINT('',(-2.15,1.959434878636E-16));
#240 = CARTESIAN_POINT('',(-3.35,-0.692820323028));
#241 = CARTESIAN_POINT('',(-4.55,-1.385640646055));
#242 = CARTESIAN_POINT('',(-4.55,0.));
#243 = ( GEOMETRIC_REPRESENTATION_CONTEXT(2) 
PARAMETRIC_REPRESENTATION_CONTEXT() REPRESENTATION_CONTEXT('2D SPACE',''
  ) );
#244 = PCURVE('',#245,#250);
#245 = CYLINDRICAL_SURFACE('',#246,0.8);
#246 = AXIS2_PLACEMENT_3D('',#247,#248,#249);
#247 = CARTESIAN_POINT('',(0.,5.15,2.5));
#248 = DIRECTION('',(-0.,-0.,1.));
#249 = DIRECTION('',(1.,-0.,-0.));
#250 = DEFINITIONAL_REPRESENTATION('',(#251),#255);
#251 = LINE('',#252,#253);
#252 = CARTESIAN_POINT('',(-0.,0.));
#253 = VECTOR('',#254,1.);
#254 = DIRECTION('',(-1.,0.));
#255 = ( GEOMETRIC_REPRESENTATION_CONTEXT(2) 
PARAMETRIC_REPRESENTATION_CONTEXT() REPRESENTATION_CONTEXT('2D SPACE',''
  ) );
#256 = ORIENTED_EDGE('',*,*,#257,.T.);
#257 = EDGE_CURVE('',#225,#258,#260,.T.);
#258 = VERTEX_POINT('',#259);
#259 = CARTESIAN_POINT('',(3.45,5.15,2.5));
#260 = SURFACE_CURVE('',#261,(#265,#272),.PCURVE_S1.);
#261 = LINE('',#262,#263);
#262 = CARTESIAN_POINT('',(-3.75,5.15,2.5));
#263 = VECTOR('',#264,1.);
#264 = DIRECTION('',(1.,-0.,-0.));
#265 = PCURVE('',#70,#266);
#266 = DEFINITIONAL_REPRESENTATION('',(#267),#271);
#267 = LINE('',#268,#269);
#268 = CARTESIAN_POINT('',(-0.,-0.));
#269 = VECTOR('',#270,1.);
#270 = DIRECTION('',(-1.,0.));
#271 = ( GEOMETRIC_REPRESENTATION_CONTEXT(2) 
PARAMETRIC_REPRESENTATION_CONTEXT() REPRESENTATION_CONTEXT('2D SPACE',''
  ) );
#272 = PCURVE('',#212,#273);
#273 = DEFINITIONAL_REPRESENTATION('',(#274),#278);
#274 = LINE('',#275,#276);
#275 = CARTESIAN_POINT('',(-2.3,0.));
#276 = VECTOR('',#277,1.);
#277 = DIRECTION('',(-0.,1.));
#278 = ( GEOMETRIC_REPRESENTATION_CONTEXT(2) 
PARAMETRIC_REPRESENTATION_CONTEXT() REPRESENTATION_CONTEXT('2D SPACE',''
  ) );
#279 = ORIENTED_EDGE('',*,*,#280,.F.);
#280 = EDGE_CURVE('',#281,#258,#283,.T.);
#281 = VERTEX_POINT('',#282);
#282 = CARTESIAN_POINT('',(3.75,4.85,2.5));
#283 = SURFACE_CURVE('',#284,(#289,#296),.PCURVE_S1.);
#284 = CIRCLE('',#285,0.3);
#285 = AXIS2_PLACEMENT_3D('',#286,#287,#288);
#286 = CARTESIAN_POINT('',(3.45,4.85,2.5));
#287 = DIRECTION('',(-0.,0.,1.));
#288 = DIRECTION('',(-0.,1.,-0.));
#289 = PCURVE('',#70,#290);
#290 = DEFINITIONAL_REPRESENTATION('',(#291),#295);
#291 = CIRCLE('',#292,0.3);
#292 = AXIS2_PLACEMENT_2D('',#293,#294);
#293 = CARTESIAN_POINT('',(-7.2,0.3));
#294 = DIRECTION('',(-0.,-1.));
#295 = ( GEOMETRIC_REPRESENTATION_CONTEXT(2) 
PARAMETRIC_REPRESENTATION_CONTEXT() REPRESENTATION_CONTEXT('2D SPACE',''
  ) );
#296 = PCURVE('',#297,#302);
#297 = CYLINDRICAL_SURFACE('',#298,0.3);
#298 = AXIS2_PLACEMENT_3D('',#299,#300,#301);
#299 = CARTESIAN_POINT('',(3.45,4.85,0.2));
#300 = DIRECTION('',(-0.,-0.,1.));
#301 = DIRECTION('',(1.,-0.,-0.));
#302 = DEFINITIONAL_REPRESENTATION('',(#303),#307);
#303 = LINE('',#304,#305);
#304 = CARTESIAN_POINT('',(-10.99557428756,2.3));
#305 = VECTOR('',#306,1.);
#306 = DIRECTION('',(1.,-0.));
#307 = ( GEOMETRIC_REPRESENTATION_CONTEXT(2) 
PARAMETRIC_REPRESENTATION_CONTEXT() REPRESENTATION_CONTEXT('2D SPACE',''
  ) );
#308 = ORIENTED_EDGE('',*,*,#309,.T.);
#309 = EDGE_CURVE('',#281,#310,#312,.T.);
#310 = VERTEX_POINT('',#311);
#311 = CARTESIAN_POINT('',(3.75,-4.85,2.5));
#312 = SURFACE_CURVE('',#313,(#317,#324),.PCURVE_S1.);
#313 = LINE('',#314,#315);
#314 = CARTESIAN_POINT('',(3.75,5.15,2.5));
#315 = VECTOR('',#316,1.);
#316 = DIRECTION('',(-0.,-1.,-0.));
#317 = PCURVE('',#70,#318);
#318 = DEFINITIONAL_REPRESENTATION('',(#319),#323);
#319 = LINE('',#320,#321);
#320 = CARTESIAN_POINT('',(-7.5,-0.));
#321 = VECTOR('',#322,1.);
#322 = DIRECTION('',(-0.,1.));
#323 = ( GEOMETRIC_REPRESENTATION_CONTEXT(2) 
PARAMETRIC_REPRESENTATION_CONTEXT() REPRESENTATION_CONTEXT('2D SPACE',''
  ) );
#324 = PCURVE('',#325,#330);
#325 = PLANE('',#326);
#326 = AXIS2_PLACEMENT_3D('',#327,#328,#329);
#327 = CARTESIAN_POINT('',(3.75,5.15,0.2));
#328 = DIRECTION('',(1.,-0.,-0.));
#329 = DIRECTION('',(0.,0.,-1.));
#330 = DEFINITIONAL_REPRESENTATION('',(#331),#335);
#331 = LINE('',#332,#333);
#332 = CARTESIAN_POINT('',(-2.3,0.));
#333 = VECTOR('',#334,1.);
#334 = DIRECTION('',(-0.,-1.));
#335 = ( GEOMETRIC_REPRESENTATION_CONTEXT(2) 
PARAMETRIC_REPRESENTATION_CONTEXT() REPRESENTATION_CONTEXT('2D SPACE',''
  ) );
#336 = ORIENTED_EDGE('',*,*,#337,.T.);
#337 = EDGE_CURVE('',#310,#338,#340,.T.);
#338 = VERTEX_POINT('',#339);
#339 = CARTESIAN_POINT('',(3.45,-5.15,2.5));
#340 = SURFACE_CURVE('',#341,(#346,#357),.PCURVE_S1.);
#341 = CIRCLE('',#342,0.3);
#342 = AXIS2_PLACEMENT_3D('',#343,#344,#345);
#343 = CARTESIAN_POINT('',(3.45,-4.85,2.5));
#344 = DIRECTION('',(-0.,-0.,-1.));
#345 = DIRECTION('',(-0.,1.,-0.));
#346 = PCURVE('',#70,#347);
#347 = DEFINITIONAL_REPRESENTATION('',(#348),#356);
#348 = ( BOUNDED_CURVE() B_SPLINE_CURVE(2,(#349,#350,#351,#352,#353,#354
,#355),.UNSPECIFIED.,.T.,.F.) B_SPLINE_CURVE_WITH_KNOTS((1,2,2,2,2,1),(
    -2.094395102393,0.,2.094395102393,4.188790204786,6.28318530718,
8.377580409573),.UNSPECIFIED.) CURVE() GEOMETRIC_REPRESENTATION_ITEM() 
RATIONAL_B_SPLINE_CURVE((1.,0.5,1.,0.5,1.,0.5,1.)) REPRESENTATION_ITEM(
  '') );
#349 = CARTESIAN_POINT('',(-7.2,9.7));
#350 = CARTESIAN_POINT('',(-7.719615242271,9.7));
#351 = CARTESIAN_POINT('',(-7.459807621135,10.15));
#352 = CARTESIAN_POINT('',(-7.2,10.6));
#353 = CARTESIAN_POINT('',(-6.940192378865,10.15));
#354 = CARTESIAN_POINT('',(-6.680384757729,9.7));
#355 = CARTESIAN_POINT('',(-7.2,9.7));
#356 = ( GEOMETRIC_REPRESENTATION_CONTEXT(2) 
PARAMETRIC_REPRESENTATION_CONTEXT() REPRESENTATION_CONTEXT('2D SPACE',''
  ) );
#357 = PCURVE('',#358,#363);
#358 = CYLINDRICAL_SURFACE('',#359,0.3);
#359 = AXIS2_PLACEMENT_3D('',#360,#361,#362);
#360 = CARTESIAN_POINT('',(3.45,-4.85,0.2));
#361 = DIRECTION('',(-0.,-0.,1.));
#362 = DIRECTION('',(1.,-0.,-0.));
#363 = DEFINITIONAL_REPRESENTATION('',(#364),#368);
#364 = LINE('',#365,#366);
#365 = CARTESIAN_POINT('',(1.570796326795,2.3));
#366 = VECTOR('',#367,1.);
#367 = DIRECTION('',(-1.,0.));
#368 = ( GEOMETRIC_REPRESENTATION_CONTEXT(2) 
PARAMETRIC_REPRESENTATION_CONTEXT() REPRESENTATION_CONTEXT('2D SPACE',''
  ) );
#369 = ORIENTED_EDGE('',*,*,#370,.F.);
#370 = EDGE_CURVE('',#371,#338,#373,.T.);
#371 = VERTEX_POINT('',#372);
#372 = CARTESIAN_POINT('',(-3.45,-5.15,2.5));
#373 = SURFACE_CURVE('',#374,(#378,#385),.PCURVE_S1.);
#374 = LINE('',#375,#376);
#375 = CARTESIAN_POINT('',(-3.75,-5.15,2.5));
#376 = VECTOR('',#377,1.);
#377 = DIRECTION('',(1.,-0.,-0.));
#378 = PCURVE('',#70,#379);
#379 = DEFINITIONAL_REPRESENTATION('',(#380),#384);
#380 = LINE('',#381,#382);
#381 = CARTESIAN_POINT('',(-0.,10.3));
#382 = VECTOR('',#383,1.);
#383 = DIRECTION('',(-1.,0.));
#384 = ( GEOMETRIC_REPRESENTATION_CONTEXT(2) 
PARAMETRIC_REPRESENTATION_CONTEXT() REPRESENTATION_CONTEXT('2D SPACE',''
  ) );
#385 = PCURVE('',#386,#391);
#386 = PLANE('',#387);
#387 = AXIS2_PLACEMENT_3D('',#388,#389,#390);
#388 = CARTESIAN_POINT('',(-3.75,-5.15,0.2));
#389 = DIRECTION('',(-0.,-1.,-0.));
#390 = DIRECTION('',(0.,0.,-1.));
#391 = DEFINITIONAL_REPRESENTATION('',(#392),#396);
#392 = LINE('',#393,#394);
#393 = CARTESIAN_POINT('',(-2.3,0.));
#394 = VECTOR('',#395,1.);
#395 = DIRECTION('',(-0.,1.));
#396 = ( GEOMETRIC_REPRESENTATION_CONTEXT(2) 
PARAMETRIC_REPRESENTATION_CONTEXT() REPRESENTATION_CONTEXT('2D SPACE',''
  ) );
#397 = ORIENTED_EDGE('',*,*,#398,.F.);
#398 = EDGE_CURVE('',#50,#371,#399,.T.);
#399 = SURFACE_CURVE('',#400,(#405,#412),.PCURVE_S1.);
#400 = CIRCLE('',#401,0.3);
#401 = AXIS2_PLACEMENT_3D('',#402,#403,#404);
#402 = CARTESIAN_POINT('',(-3.45,-4.85,2.5));
#403 = DIRECTION('',(-0.,0.,1.));
#404 = DIRECTION('',(-0.,1.,-0.));
#405 = PCURVE('',#70,#406);
#406 = DEFINITIONAL_REPRESENTATION('',(#407),#411);
#407 = CIRCLE('',#408,0.3);
#408 = AXIS2_PLACEMENT_2D('',#409,#410);
#409 = CARTESIAN_POINT('',(-0.3,10.));
#410 = DIRECTION('',(-0.,-1.));
#411 = ( GEOMETRIC_REPRESENTATION_CONTEXT(2) 
PARAMETRIC_REPRESENTATION_CONTEXT() REPRESENTATION_CONTEXT('2D SPACE',''
  ) );
#412 = PCURVE('',#152,#413);
#413 = DEFINITIONAL_REPRESENTATION('',(#414),#418);
#414 = LINE('',#415,#416);
#415 = CARTESIAN_POINT('',(-7.853981633975,2.3));
#416 = VECTOR('',#417,1.);
#417 = DIRECTION('',(1.,-0.));
#418 = ( GEOMETRIC_REPRESENTATION_CONTEXT(2) 
PARAMETRIC_REPRESENTATION_CONTEXT() REPRESENTATION_CONTEXT('2D SPACE',''
  ) );
#419 = FACE_BOUND('',#420,.F.);
#420 = EDGE_LOOP('',(#421));
#421 = ORIENTED_EDGE('',*,*,#422,.F.);
#422 = EDGE_CURVE('',#423,#423,#425,.T.);
#423 = VERTEX_POINT('',#424);
#424 = CARTESIAN_POINT('',(-2.1,4.445,2.5));
#425 = SURFACE_CURVE('',#426,(#431,#442),.PCURVE_S1.);
#426 = CIRCLE('',#427,0.5);
#427 = AXIS2_PLACEMENT_3D('',#428,#429,#430);
#428 = CARTESIAN_POINT('',(-2.6,4.445,2.5));
#429 = DIRECTION('',(0.,0.,-1.));
#430 = DIRECTION('',(1.,-0.,-0.));
#431 = PCURVE('',#70,#432);
#432 = DEFINITIONAL_REPRESENTATION('',(#433),#441);
#433 = ( BOUNDED_CURVE() B_SPLINE_CURVE(2,(#434,#435,#436,#437,#438,#439
,#440),.UNSPECIFIED.,.T.,.F.) B_SPLINE_CURVE_WITH_KNOTS((1,2,2,2,2,1),(
    -2.094395102393,0.,2.094395102393,4.188790204786,6.28318530718,
8.377580409573),.UNSPECIFIED.) CURVE() GEOMETRIC_REPRESENTATION_ITEM() 
RATIONAL_B_SPLINE_CURVE((1.,0.5,1.,0.5,1.,0.5,1.)) REPRESENTATION_ITEM(
  '') );
#434 = CARTESIAN_POINT('',(-1.65,0.705));
#435 = CARTESIAN_POINT('',(-1.65,1.571025403784));
#436 = CARTESIAN_POINT('',(-0.9,1.138012701892));
#437 = CARTESIAN_POINT('',(-0.15,0.705));
#438 = CARTESIAN_POINT('',(-0.9,0.271987298108));
#439 = CARTESIAN_POINT('',(-1.65,-0.161025403784));
#440 = CARTESIAN_POINT('',(-1.65,0.705));
#441 = ( GEOMETRIC_REPRESENTATION_CONTEXT(2) 
PARAMETRIC_REPRESENTATION_CONTEXT() REPRESENTATION_CONTEXT('2D SPACE',''
  ) );
#442 = PCURVE('',#443,#448);
#443 = CYLINDRICAL_SURFACE('',#444,0.5);
#444 = AXIS2_PLACEMENT_3D('',#445,#446,#447);
#445 = CARTESIAN_POINT('',(-2.6,4.445,2.5));
#446 = DIRECTION('',(-0.,-0.,1.));
#447 = DIRECTION('',(1.,-0.,-0.));
#448 = DEFINITIONAL_REPRESENTATION('',(#449),#453);
#449 = LINE('',#450,#451);
#450 = CARTESIAN_POINT('',(-0.,0.));
#451 = VECTOR('',#452,1.);
#452 = DIRECTION('',(-1.,0.));
#453 = ( GEOMETRIC_REPRESENTATION_CONTEXT(2) 
PARAMETRIC_REPRESENTATION_CONTEXT() REPRESENTATION_CONTEXT('2D SPACE',''
  ) );
#454 = ADVANCED_FACE('',(#455),#98,.T.);
#455 = FACE_BOUND('',#456,.F.);
#456 = EDGE_LOOP('',(#457,#485,#506,#507));
#457 = ORIENTED_EDGE('',*,*,#458,.T.);
#458 = EDGE_CURVE('',#83,#459,#461,.T.);
#459 = VERTEX_POINT('',#460);
#460 = CARTESIAN_POINT('',(-3.45,5.15,0.2));
#461 = SURFACE_CURVE('',#462,(#467,#474),.PCURVE_S1.);
#462 = CIRCLE('',#463,0.3);
#463 = AXIS2_PLACEMENT_3D('',#464,#465,#466);
#464 = CARTESIAN_POINT('',(-3.45,4.85,0.2));
#465 = DIRECTION('',(-0.,-0.,-1.));
#466 = DIRECTION('',(-0.,1.,-0.));
#467 = PCURVE('',#98,#468);
#468 = DEFINITIONAL_REPRESENTATION('',(#469),#473);
#469 = LINE('',#470,#471);
#470 = CARTESIAN_POINT('',(4.712388980385,-0.));
#471 = VECTOR('',#472,1.);
#472 = DIRECTION('',(-1.,0.));
#473 = ( GEOMETRIC_REPRESENTATION_CONTEXT(2) 
PARAMETRIC_REPRESENTATION_CONTEXT() REPRESENTATION_CONTEXT('2D SPACE',''
  ) );
#474 = PCURVE('',#126,#475);
#475 = DEFINITIONAL_REPRESENTATION('',(#476),#484);
#476 = ( BOUNDED_CURVE() B_SPLINE_CURVE(2,(#477,#478,#479,#480,#481,#482
,#483),.UNSPECIFIED.,.T.,.F.) B_SPLINE_CURVE_WITH_KNOTS((1,2,2,2,2,1),(
    -2.094395102393,0.,2.094395102393,4.188790204786,6.28318530718,
8.377580409573),.UNSPECIFIED.) CURVE() GEOMETRIC_REPRESENTATION_ITEM() 
RATIONAL_B_SPLINE_CURVE((1.,0.5,1.,0.5,1.,0.5,1.)) REPRESENTATION_ITEM(
  '') );
#477 = CARTESIAN_POINT('',(-0.3,8.881784197001E-16));
#478 = CARTESIAN_POINT('',(-0.819615242271,8.881784197001E-16));
#479 = CARTESIAN_POINT('',(-0.559807621135,0.45));
#480 = CARTESIAN_POINT('',(-0.3,0.9));
#481 = CARTESIAN_POINT('',(-4.019237886467E-02,0.45));
#482 = CARTESIAN_POINT('',(0.219615242271,1.33226762955E-15));
#483 = CARTESIAN_POINT('',(-0.3,8.881784197001E-16));
#484 = ( GEOMETRIC_REPRESENTATION_CONTEXT(2) 
PARAMETRIC_REPRESENTATION_CONTEXT() REPRESENTATION_CONTEXT('2D SPACE',''
  ) );
#485 = ORIENTED_EDGE('',*,*,#486,.T.);
#486 = EDGE_CURVE('',#459,#169,#487,.T.);
#487 = SURFACE_CURVE('',#488,(#492,#499),.PCURVE_S1.);
#488 = LINE('',#489,#490);
#489 = CARTESIAN_POINT('',(-3.45,5.15,0.2));
#490 = VECTOR('',#491,1.);
#491 = DIRECTION('',(-0.,-0.,1.));
#492 = PCURVE('',#98,#493);
#493 = DEFINITIONAL_REPRESENTATION('',(#494),#498);
#494 = LINE('',#495,#496);
#495 = CARTESIAN_POINT('',(-1.570796326795,0.));
#496 = VECTOR('',#497,1.);
#497 = DIRECTION('',(-0.,1.));
#498 = ( GEOMETRIC_REPRESENTATION_CONTEXT(2) 
PARAMETRIC_REPRESENTATION_CONTEXT() REPRESENTATION_CONTEXT('2D SPACE',''
  ) );
#499 = PCURVE('',#212,#500);
#500 = DEFINITIONAL_REPRESENTATION('',(#501),#505);
#501 = LINE('',#502,#503);
#502 = CARTESIAN_POINT('',(-0.,0.3));
#503 = VECTOR('',#504,1.);
#504 = DIRECTION('',(-1.,0.));
#505 = ( GEOMETRIC_REPRESENTATION_CONTEXT(2) 
PARAMETRIC_REPRESENTATION_CONTEXT() REPRESENTATION_CONTEXT('2D SPACE',''
  ) );
#506 = ORIENTED_EDGE('',*,*,#168,.F.);
#507 = ORIENTED_EDGE('',*,*,#82,.F.);
#508 = ADVANCED_FACE('',(#509),#152,.T.);
#509 = FACE_BOUND('',#510,.F.);
#510 = EDGE_LOOP('',(#511,#512,#513,#536));
#511 = ORIENTED_EDGE('',*,*,#138,.T.);
#512 = ORIENTED_EDGE('',*,*,#398,.T.);
#513 = ORIENTED_EDGE('',*,*,#514,.F.);
#514 = EDGE_CURVE('',#515,#371,#517,.T.);
#515 = VERTEX_POINT('',#516);
#516 = CARTESIAN_POINT('',(-3.45,-5.15,0.2));
#517 = SURFACE_CURVE('',#518,(#522,#529),.PCURVE_S1.);
#518 = LINE('',#519,#520);
#519 = CARTESIAN_POINT('',(-3.45,-5.15,0.2));
#520 = VECTOR('',#521,1.);
#521 = DIRECTION('',(-0.,-0.,1.));
#522 = PCURVE('',#152,#523);
#523 = DEFINITIONAL_REPRESENTATION('',(#524),#528);
#524 = LINE('',#525,#526);
#525 = CARTESIAN_POINT('',(-4.712388980385,0.));
#526 = VECTOR('',#527,1.);
#527 = DIRECTION('',(0.,1.));
#528 = ( GEOMETRIC_REPRESENTATION_CONTEXT(2) 
PARAMETRIC_REPRESENTATION_CONTEXT() REPRESENTATION_CONTEXT('2D SPACE',''
  ) );
#529 = PCURVE('',#386,#530);
#530 = DEFINITIONAL_REPRESENTATION('',(#531),#535);
#531 = LINE('',#532,#533);
#532 = CARTESIAN_POINT('',(-0.,0.3));
#533 = VECTOR('',#534,1.);
#534 = DIRECTION('',(-1.,0.));
#535 = ( GEOMETRIC_REPRESENTATION_CONTEXT(2) 
PARAMETRIC_REPRESENTATION_CONTEXT() REPRESENTATION_CONTEXT('2D SPACE',''
  ) );
#536 = ORIENTED_EDGE('',*,*,#537,.F.);
#537 = EDGE_CURVE('',#111,#515,#538,.T.);
#538 = SURFACE_CURVE('',#539,(#544,#551),.PCURVE_S1.);
#539 = CIRCLE('',#540,0.3);
#540 = AXIS2_PLACEMENT_3D('',#541,#542,#543);
#541 = CARTESIAN_POINT('',(-3.45,-4.85,0.2));
#542 = DIRECTION('',(-0.,0.,1.));
#543 = DIRECTION('',(-0.,1.,-0.));
#544 = PCURVE('',#152,#545);
#545 = DEFINITIONAL_REPRESENTATION('',(#546),#550);
#546 = LINE('',#547,#548);
#547 = CARTESIAN_POINT('',(-7.853981633975,0.));
#548 = VECTOR('',#549,1.);
#549 = DIRECTION('',(1.,-0.));
#550 = ( GEOMETRIC_REPRESENTATION_CONTEXT(2) 
PARAMETRIC_REPRESENTATION_CONTEXT() REPRESENTATION_CONTEXT('2D SPACE',''
  ) );
#551 = PCURVE('',#126,#552);
#552 = DEFINITIONAL_REPRESENTATION('',(#553),#557);
#553 = CIRCLE('',#554,0.3);
#554 = AXIS2_PLACEMENT_2D('',#555,#556);
#555 = CARTESIAN_POINT('',(-0.3,10.));
#556 = DIRECTION('',(-0.,-1.));
#557 = ( GEOMETRIC_REPRESENTATION_CONTEXT(2) 
PARAMETRIC_REPRESENTATION_CONTEXT() REPRESENTATION_CONTEXT('2D SPACE',''
  ) );
#558 = ADVANCED_FACE('',(#559),#126,.F.);
#559 = FACE_BOUND('',#560,.T.);
#560 = EDGE_LOOP('',(#561,#562,#563,#586,#610,#633,#661,#682));
#561 = ORIENTED_EDGE('',*,*,#110,.F.);
#562 = ORIENTED_EDGE('',*,*,#458,.T.);
#563 = ORIENTED_EDGE('',*,*,#564,.T.);
#564 = EDGE_CURVE('',#459,#565,#567,.T.);
#565 = VERTEX_POINT('',#566);
#566 = CARTESIAN_POINT('',(3.45,5.15,0.2));
#567 = SURFACE_CURVE('',#568,(#572,#579),.PCURVE_S1.);
#568 = LINE('',#569,#570);
#569 = CARTESIAN_POINT('',(-3.75,5.15,0.2));
#570 = VECTOR('',#571,1.);
#571 = DIRECTION('',(1.,-0.,-0.));
#572 = PCURVE('',#126,#573);
#573 = DEFINITIONAL_REPRESENTATION('',(#574),#578);
#574 = LINE('',#575,#576);
#575 = CARTESIAN_POINT('',(-0.,-0.));
#576 = VECTOR('',#577,1.);
#577 = DIRECTION('',(-1.,0.));
#578 = ( GEOMETRIC_REPRESENTATION_CONTEXT(2) 
PARAMETRIC_REPRESENTATION_CONTEXT() REPRESENTATION_CONTEXT('2D SPACE',''
  ) );
#579 = PCURVE('',#212,#580);
#580 = DEFINITIONAL_REPRESENTATION('',(#581),#585);
#581 = LINE('',#582,#583);
#582 = CARTESIAN_POINT('',(-0.,0.));
#583 = VECTOR('',#584,1.);
#584 = DIRECTION('',(-0.,1.));
#585 = ( GEOMETRIC_REPRESENTATION_CONTEXT(2) 
PARAMETRIC_REPRESENTATION_CONTEXT() REPRESENTATION_CONTEXT('2D SPACE',''
  ) );
#586 = ORIENTED_EDGE('',*,*,#587,.F.);
#587 = EDGE_CURVE('',#588,#565,#590,.T.);
#588 = VERTEX_POINT('',#589);
#589 = CARTESIAN_POINT('',(3.75,4.85,0.2));
#590 = SURFACE_CURVE('',#591,(#596,#603),.PCURVE_S1.);
#591 = CIRCLE('',#592,0.3);
#592 = AXIS2_PLACEMENT_3D('',#593,#594,#595);
#593 = CARTESIAN_POINT('',(3.45,4.85,0.2));
#594 = DIRECTION('',(-0.,0.,1.));
#595 = DIRECTION('',(-0.,1.,-0.));
#596 = PCURVE('',#126,#597);
#597 = DEFINITIONAL_REPRESENTATION('',(#598),#602);
#598 = CIRCLE('',#599,0.3);
#599 = AXIS2_PLACEMENT_2D('',#600,#601);
#600 = CARTESIAN_POINT('',(-7.2,0.3));
#601 = DIRECTION('',(-0.,-1.));
#602 = ( GEOMETRIC_REPRESENTATION_CONTEXT(2) 
PARAMETRIC_REPRESENTATION_CONTEXT() REPRESENTATION_CONTEXT('2D SPACE',''
  ) );
#603 = PCURVE('',#297,#604);
#604 = DEFINITIONAL_REPRESENTATION('',(#605),#609);
#605 = LINE('',#606,#607);
#606 = CARTESIAN_POINT('',(-10.99557428756,0.));
#607 = VECTOR('',#608,1.);
#608 = DIRECTION('',(1.,-0.));
#609 = ( GEOMETRIC_REPRESENTATION_CONTEXT(2) 
PARAMETRIC_REPRESENTATION_CONTEXT() REPRESENTATION_CONTEXT('2D SPACE',''
  ) );
#610 = ORIENTED_EDGE('',*,*,#611,.T.);
#611 = EDGE_CURVE('',#588,#612,#614,.T.);
#612 = VERTEX_POINT('',#613);
#613 = CARTESIAN_POINT('',(3.75,-4.85,0.2));
#614 = SURFACE_CURVE('',#615,(#619,#626),.PCURVE_S1.);
#615 = LINE('',#616,#617);
#616 = CARTESIAN_POINT('',(3.75,5.15,0.2));
#617 = VECTOR('',#618,1.);
#618 = DIRECTION('',(-0.,-1.,-0.));
#619 = PCURVE('',#126,#620);
#620 = DEFINITIONAL_REPRESENTATION('',(#621),#625);
#621 = LINE('',#622,#623);
#622 = CARTESIAN_POINT('',(-7.5,-0.));
#623 = VECTOR('',#624,1.);
#624 = DIRECTION('',(-0.,1.));
#625 = ( GEOMETRIC_REPRESENTATION_CONTEXT(2) 
PARAMETRIC_REPRESENTATION_CONTEXT() REPRESENTATION_CONTEXT('2D SPACE',''
  ) );
#626 = PCURVE('',#325,#627);
#627 = DEFINITIONAL_REPRESENTATION('',(#628),#632);
#628 = LINE('',#629,#630);
#629 = CARTESIAN_POINT('',(-0.,0.));
#630 = VECTOR('',#631,1.);
#631 = DIRECTION('',(-0.,-1.));
#632 = ( GEOMETRIC_REPRESENTATION_CONTEXT(2) 
PARAMETRIC_REPRESENTATION_CONTEXT() REPRESENTATION_CONTEXT('2D SPACE',''
  ) );
#633 = ORIENTED_EDGE('',*,*,#634,.T.);
#634 = EDGE_CURVE('',#612,#635,#637,.T.);
#635 = VERTEX_POINT('',#636);
#636 = CARTESIAN_POINT('',(3.45,-5.15,0.2));
#637 = SURFACE_CURVE('',#638,(#643,#654),.PCURVE_S1.);
#638 = CIRCLE('',#639,0.3);
#639 = AXIS2_PLACEMENT_3D('',#640,#641,#642);
#640 = CARTESIAN_POINT('',(3.45,-4.85,0.2));
#641 = DIRECTION('',(-0.,-0.,-1.));
#642 = DIRECTION('',(-0.,1.,-0.));
#643 = PCURVE('',#126,#644);
#644 = DEFINITIONAL_REPRESENTATION('',(#645),#653);
#645 = ( BOUNDED_CURVE() B_SPLINE_CURVE(2,(#646,#647,#648,#649,#650,#651
,#652),.UNSPECIFIED.,.T.,.F.) B_SPLINE_CURVE_WITH_KNOTS((1,2,2,2,2,1),(
    -2.094395102393,0.,2.094395102393,4.188790204786,6.28318530718,
8.377580409573),.UNSPECIFIED.) CURVE() GEOMETRIC_REPRESENTATION_ITEM() 
RATIONAL_B_SPLINE_CURVE((1.,0.5,1.,0.5,1.,0.5,1.)) REPRESENTATION_ITEM(
  '') );
#646 = CARTESIAN_POINT('',(-7.2,9.7));
#647 = CARTESIAN_POINT('',(-7.719615242271,9.7));
#648 = CARTESIAN_POINT('',(-7.459807621135,10.15));
#649 = CARTESIAN_POINT('',(-7.2,10.6));
#650 = CARTESIAN_POINT('',(-6.940192378865,10.15));
#651 = CARTESIAN_POINT('',(-6.680384757729,9.7));
#652 = CARTESIAN_POINT('',(-7.2,9.7));
#653 = ( GEOMETRIC_REPRESENTATION_CONTEXT(2) 
PARAMETRIC_REPRESENTATION_CONTEXT() REPRESENTATION_CONTEXT('2D SPACE',''
  ) );
#654 = PCURVE('',#358,#655);
#655 = DEFINITIONAL_REPRESENTATION('',(#656),#660);
#656 = LINE('',#657,#658);
#657 = CARTESIAN_POINT('',(1.570796326795,-0.));
#658 = VECTOR('',#659,1.);
#659 = DIRECTION('',(-1.,0.));
#660 = ( GEOMETRIC_REPRESENTATION_CONTEXT(2) 
PARAMETRIC_REPRESENTATION_CONTEXT() REPRESENTATION_CONTEXT('2D SPACE',''
  ) );
#661 = ORIENTED_EDGE('',*,*,#662,.F.);
#662 = EDGE_CURVE('',#515,#635,#663,.T.);
#663 = SURFACE_CURVE('',#664,(#668,#675),.PCURVE_S1.);
#664 = LINE('',#665,#666);
#665 = CARTESIAN_POINT('',(-3.75,-5.15,0.2));
#666 = VECTOR('',#667,1.);
#667 = DIRECTION('',(1.,-0.,-0.));
#668 = PCURVE('',#126,#669);
#669 = DEFINITIONAL_REPRESENTATION('',(#670),#674);
#670 = LINE('',#671,#672);
#671 = CARTESIAN_POINT('',(-0.,10.3));
#672 = VECTOR('',#673,1.);
#673 = DIRECTION('',(-1.,0.));
#674 = ( GEOMETRIC_REPRESENTATION_CONTEXT(2) 
PARAMETRIC_REPRESENTATION_CONTEXT() REPRESENTATION_CONTEXT('2D SPACE',''
  ) );
#675 = PCURVE('',#386,#676);
#676 = DEFINITIONAL_REPRESENTATION('',(#677),#681);
#677 = LINE('',#678,#679);
#678 = CARTESIAN_POINT('',(-0.,0.));
#679 = VECTOR('',#680,1.);
#680 = DIRECTION('',(-0.,1.));
#681 = ( GEOMETRIC_REPRESENTATION_CONTEXT(2) 
PARAMETRIC_REPRESENTATION_CONTEXT() REPRESENTATION_CONTEXT('2D SPACE',''
  ) );
#682 = ORIENTED_EDGE('',*,*,#537,.F.);
#683 = ADVANCED_FACE('',(#684),#386,.T.);
#684 = FACE_BOUND('',#685,.F.);
#685 = EDGE_LOOP('',(#686,#687,#688,#689));
#686 = ORIENTED_EDGE('',*,*,#662,.F.);
#687 = ORIENTED_EDGE('',*,*,#514,.T.);
#688 = ORIENTED_EDGE('',*,*,#370,.T.);
#689 = ORIENTED_EDGE('',*,*,#690,.F.);
#690 = EDGE_CURVE('',#635,#338,#691,.T.);
#691 = SURFACE_CURVE('',#692,(#696,#703),.PCURVE_S1.);
#692 = LINE('',#693,#694);
#693 = CARTESIAN_POINT('',(3.45,-5.15,0.2));
#694 = VECTOR('',#695,1.);
#695 = DIRECTION('',(-0.,-0.,1.));
#696 = PCURVE('',#386,#697);
#697 = DEFINITIONAL_REPRESENTATION('',(#698),#702);
#698 = LINE('',#699,#700);
#699 = CARTESIAN_POINT('',(-0.,7.2));
#700 = VECTOR('',#701,1.);
#701 = DIRECTION('',(-1.,0.));
#702 = ( GEOMETRIC_REPRESENTATION_CONTEXT(2) 
PARAMETRIC_REPRESENTATION_CONTEXT() REPRESENTATION_CONTEXT('2D SPACE',''
  ) );
#703 = PCURVE('',#358,#704);
#704 = DEFINITIONAL_REPRESENTATION('',(#705),#709);
#705 = LINE('',#706,#707);
#706 = CARTESIAN_POINT('',(-1.570796326795,0.));
#707 = VECTOR('',#708,1.);
#708 = DIRECTION('',(-0.,1.));
#709 = ( GEOMETRIC_REPRESENTATION_CONTEXT(2) 
PARAMETRIC_REPRESENTATION_CONTEXT() REPRESENTATION_CONTEXT('2D SPACE',''
  ) );
#710 = ADVANCED_FACE('',(#711),#358,.T.);
#711 = FACE_BOUND('',#712,.F.);
#712 = EDGE_LOOP('',(#713,#714,#715,#716));
#713 = ORIENTED_EDGE('',*,*,#634,.T.);
#714 = ORIENTED_EDGE('',*,*,#690,.T.);
#715 = ORIENTED_EDGE('',*,*,#337,.F.);
#716 = ORIENTED_EDGE('',*,*,#717,.F.);
#717 = EDGE_CURVE('',#612,#310,#718,.T.);
#718 = SURFACE_CURVE('',#719,(#723,#730),.PCURVE_S1.);
#719 = LINE('',#720,#721);
#720 = CARTESIAN_POINT('',(3.75,-4.85,0.2));
#721 = VECTOR('',#722,1.);
#722 = DIRECTION('',(-0.,-0.,1.));
#723 = PCURVE('',#358,#724);
#724 = DEFINITIONAL_REPRESENTATION('',(#725),#729);
#725 = LINE('',#726,#727);
#726 = CARTESIAN_POINT('',(-0.,0.));
#727 = VECTOR('',#728,1.);
#728 = DIRECTION('',(-0.,1.));
#729 = ( GEOMETRIC_REPRESENTATION_CONTEXT(2) 
PARAMETRIC_REPRESENTATION_CONTEXT() REPRESENTATION_CONTEXT('2D SPACE',''
  ) );
#730 = PCURVE('',#325,#731);
#731 = DEFINITIONAL_REPRESENTATION('',(#732),#736);
#732 = LINE('',#733,#734);
#733 = CARTESIAN_POINT('',(-0.,-10.));
#734 = VECTOR('',#735,1.);
#735 = DIRECTION('',(-1.,0.));
#736 = ( GEOMETRIC_REPRESENTATION_CONTEXT(2) 
PARAMETRIC_REPRESENTATION_CONTEXT() REPRESENTATION_CONTEXT('2D SPACE',''
  ) );
#737 = ADVANCED_FACE('',(#738),#325,.T.);
#738 = FACE_BOUND('',#739,.F.);
#739 = EDGE_LOOP('',(#740,#741,#762,#763));
#740 = ORIENTED_EDGE('',*,*,#309,.F.);
#741 = ORIENTED_EDGE('',*,*,#742,.F.);
#742 = EDGE_CURVE('',#588,#281,#743,.T.);
#743 = SURFACE_CURVE('',#744,(#748,#755),.PCURVE_S1.);
#744 = LINE('',#745,#746);
#745 = CARTESIAN_POINT('',(3.75,4.85,0.2));
#746 = VECTOR('',#747,1.);
#747 = DIRECTION('',(-0.,-0.,1.));
#748 = PCURVE('',#325,#749);
#749 = DEFINITIONAL_REPRESENTATION('',(#750),#754);
#750 = LINE('',#751,#752);
#751 = CARTESIAN_POINT('',(-0.,-0.3));
#752 = VECTOR('',#753,1.);
#753 = DIRECTION('',(-1.,0.));
#754 = ( GEOMETRIC_REPRESENTATION_CONTEXT(2) 
PARAMETRIC_REPRESENTATION_CONTEXT() REPRESENTATION_CONTEXT('2D SPACE',''
  ) );
#755 = PCURVE('',#297,#756);
#756 = DEFINITIONAL_REPRESENTATION('',(#757),#761);
#757 = LINE('',#758,#759);
#758 = CARTESIAN_POINT('',(-6.28318530718,0.));
#759 = VECTOR('',#760,1.);
#760 = DIRECTION('',(0.,1.));
#761 = ( GEOMETRIC_REPRESENTATION_CONTEXT(2) 
PARAMETRIC_REPRESENTATION_CONTEXT() REPRESENTATION_CONTEXT('2D SPACE',''
  ) );
#762 = ORIENTED_EDGE('',*,*,#611,.T.);
#763 = ORIENTED_EDGE('',*,*,#717,.T.);
#764 = ADVANCED_FACE('',(#765),#297,.T.);
#765 = FACE_BOUND('',#766,.F.);
#766 = EDGE_LOOP('',(#767,#768,#769,#790));
#767 = ORIENTED_EDGE('',*,*,#742,.T.);
#768 = ORIENTED_EDGE('',*,*,#280,.T.);
#769 = ORIENTED_EDGE('',*,*,#770,.F.);
#770 = EDGE_CURVE('',#565,#258,#771,.T.);
#771 = SURFACE_CURVE('',#772,(#776,#783),.PCURVE_S1.);
#772 = LINE('',#773,#774);
#773 = CARTESIAN_POINT('',(3.45,5.15,0.2));
#774 = VECTOR('',#775,1.);
#775 = DIRECTION('',(-0.,-0.,1.));
#776 = PCURVE('',#297,#777);
#777 = DEFINITIONAL_REPRESENTATION('',(#778),#782);
#778 = LINE('',#779,#780);
#779 = CARTESIAN_POINT('',(-4.712388980385,0.));
#780 = VECTOR('',#781,1.);
#781 = DIRECTION('',(0.,1.));
#782 = ( GEOMETRIC_REPRESENTATION_CONTEXT(2) 
PARAMETRIC_REPRESENTATION_CONTEXT() REPRESENTATION_CONTEXT('2D SPACE',''
  ) );
#783 = PCURVE('',#212,#784);
#784 = DEFINITIONAL_REPRESENTATION('',(#785),#789);
#785 = LINE('',#786,#787);
#786 = CARTESIAN_POINT('',(-0.,7.2));
#787 = VECTOR('',#788,1.);
#788 = DIRECTION('',(-1.,0.));
#789 = ( GEOMETRIC_REPRESENTATION_CONTEXT(2) 
PARAMETRIC_REPRESENTATION_CONTEXT() REPRESENTATION_CONTEXT('2D SPACE',''
  ) );
#790 = ORIENTED_EDGE('',*,*,#587,.F.);
#791 = ADVANCED_FACE('',(#792),#212,.F.);
#792 = FACE_BOUND('',#793,.T.);
#793 = EDGE_LOOP('',(#794,#795,#796,#797,#819,#847,#868,#869));
#794 = ORIENTED_EDGE('',*,*,#564,.F.);
#795 = ORIENTED_EDGE('',*,*,#486,.T.);
#796 = ORIENTED_EDGE('',*,*,#196,.T.);
#797 = ORIENTED_EDGE('',*,*,#798,.F.);
#798 = EDGE_CURVE('',#799,#197,#801,.T.);
#799 = VERTEX_POINT('',#800);
#800 = CARTESIAN_POINT('',(-0.8,5.15,2.));
#801 = SURFACE_CURVE('',#802,(#806,#813),.PCURVE_S1.);
#802 = LINE('',#803,#804);
#803 = CARTESIAN_POINT('',(-0.8,5.15,2.5));
#804 = VECTOR('',#805,1.);
#805 = DIRECTION('',(-0.,-0.,1.));
#806 = PCURVE('',#212,#807);
#807 = DEFINITIONAL_REPRESENTATION('',(#808),#812);
#808 = LINE('',#809,#810);
#809 = CARTESIAN_POINT('',(-2.3,2.95));
#810 = VECTOR('',#811,1.);
#811 = DIRECTION('',(-1.,0.));
#812 = ( GEOMETRIC_REPRESENTATION_CONTEXT(2) 
PARAMETRIC_REPRESENTATION_CONTEXT() REPRESENTATION_CONTEXT('2D SPACE',''
  ) );
#813 = PCURVE('',#245,#814);
#814 = DEFINITIONAL_REPRESENTATION('',(#815),#818);
#815 = B_SPLINE_CURVE_WITH_KNOTS('',1,(#816,#817),.UNSPECIFIED.,.F.,.F.,
  (2,2),(-0.5000006,5.999999999062E-07),.PIECEWISE_BEZIER_KNOTS.);
#816 = CARTESIAN_POINT('',(-3.14159265359,-0.5000006));
#817 = CARTESIAN_POINT('',(-3.14159265359,5.999999999062E-07));
#818 = ( GEOMETRIC_REPRESENTATION_CONTEXT(2) 
PARAMETRIC_REPRESENTATION_CONTEXT() REPRESENTATION_CONTEXT('2D SPACE',''
  ) );
#819 = ORIENTED_EDGE('',*,*,#820,.T.);
#820 = EDGE_CURVE('',#799,#821,#823,.T.);
#821 = VERTEX_POINT('',#822);
#822 = CARTESIAN_POINT('',(0.8,5.15,2.));
#823 = SURFACE_CURVE('',#824,(#828,#835),.PCURVE_S1.);
#824 = LINE('',#825,#826);
#825 = CARTESIAN_POINT('',(-1.875,5.15,2.));
#826 = VECTOR('',#827,1.);
#827 = DIRECTION('',(1.,-0.,-0.));
#828 = PCURVE('',#212,#829);
#829 = DEFINITIONAL_REPRESENTATION('',(#830),#834);
#830 = LINE('',#831,#832);
#831 = CARTESIAN_POINT('',(-1.8,1.875));
#832 = VECTOR('',#833,1.);
#833 = DIRECTION('',(-0.,1.));
#834 = ( GEOMETRIC_REPRESENTATION_CONTEXT(2) 
PARAMETRIC_REPRESENTATION_CONTEXT() REPRESENTATION_CONTEXT('2D SPACE',''
  ) );
#835 = PCURVE('',#836,#841);
#836 = PLANE('',#837);
#837 = AXIS2_PLACEMENT_3D('',#838,#839,#840);
#838 = CARTESIAN_POINT('',(-2.670781508866E-17,5.15,2.));
#839 = DIRECTION('',(-0.,-0.,1.));
#840 = DIRECTION('',(-1.,0.,0.));
#841 = DEFINITIONAL_REPRESENTATION('',(#842),#846);
#842 = LINE('',#843,#844);
#843 = CARTESIAN_POINT('',(1.875,-0.));
#844 = VECTOR('',#845,1.);
#845 = DIRECTION('',(-1.,0.));
#846 = ( GEOMETRIC_REPRESENTATION_CONTEXT(2) 
PARAMETRIC_REPRESENTATION_CONTEXT() REPRESENTATION_CONTEXT('2D SPACE',''
  ) );
#847 = ORIENTED_EDGE('',*,*,#848,.F.);
#848 = EDGE_CURVE('',#225,#821,#849,.T.);
#849 = SURFACE_CURVE('',#850,(#854,#861),.PCURVE_S1.);
#850 = LINE('',#851,#852);
#851 = CARTESIAN_POINT('',(0.8,5.15,2.5));
#852 = VECTOR('',#853,1.);
#853 = DIRECTION('',(-0.,0.,-1.));
#854 = PCURVE('',#212,#855);
#855 = DEFINITIONAL_REPRESENTATION('',(#856),#860);
#856 = LINE('',#857,#858);
#857 = CARTESIAN_POINT('',(-2.3,4.55));
#858 = VECTOR('',#859,1.);
#859 = DIRECTION('',(1.,-0.));
#860 = ( GEOMETRIC_REPRESENTATION_CONTEXT(2) 
PARAMETRIC_REPRESENTATION_CONTEXT() REPRESENTATION_CONTEXT('2D SPACE',''
  ) );
#861 = PCURVE('',#245,#862);
#862 = DEFINITIONAL_REPRESENTATION('',(#863),#867);
#863 = LINE('',#864,#865);
#864 = CARTESIAN_POINT('',(-0.,0.));
#865 = VECTOR('',#866,1.);
#866 = DIRECTION('',(-0.,-1.));
#867 = ( GEOMETRIC_REPRESENTATION_CONTEXT(2) 
PARAMETRIC_REPRESENTATION_CONTEXT() REPRESENTATION_CONTEXT('2D SPACE',''
  ) );
#868 = ORIENTED_EDGE('',*,*,#257,.T.);
#869 = ORIENTED_EDGE('',*,*,#770,.F.);
#870 = ADVANCED_FACE('',(#871),#245,.F.);
#871 = FACE_BOUND('',#872,.T.);
#872 = EDGE_LOOP('',(#873,#874,#875,#901));
#873 = ORIENTED_EDGE('',*,*,#224,.F.);
#874 = ORIENTED_EDGE('',*,*,#848,.T.);
#875 = ORIENTED_EDGE('',*,*,#876,.T.);
#876 = EDGE_CURVE('',#821,#799,#877,.T.);
#877 = SURFACE_CURVE('',#878,(#883,#890),.PCURVE_S1.);
#878 = CIRCLE('',#879,0.8);
#879 = AXIS2_PLACEMENT_3D('',#880,#881,#882);
#880 = CARTESIAN_POINT('',(0.,5.15,2.));
#881 = DIRECTION('',(0.,0.,-1.));
#882 = DIRECTION('',(1.,-0.,-0.));
#883 = PCURVE('',#245,#884);
#884 = DEFINITIONAL_REPRESENTATION('',(#885),#889);
#885 = LINE('',#886,#887);
#886 = CARTESIAN_POINT('',(-0.,-0.5));
#887 = VECTOR('',#888,1.);
#888 = DIRECTION('',(-1.,0.));
#889 = ( GEOMETRIC_REPRESENTATION_CONTEXT(2) 
PARAMETRIC_REPRESENTATION_CONTEXT() REPRESENTATION_CONTEXT('2D SPACE',''
  ) );
#890 = PCURVE('',#836,#891);
#891 = DEFINITIONAL_REPRESENTATION('',(#892),#900);
#892 = ( BOUNDED_CURVE() B_SPLINE_CURVE(2,(#893,#894,#895,#896,#897,#898
,#899),.UNSPECIFIED.,.T.,.F.) B_SPLINE_CURVE_WITH_KNOTS((1,2,2,2,2,1),(
    -2.094395102393,0.,2.094395102393,4.188790204786,6.28318530718,
8.377580409573),.UNSPECIFIED.) CURVE() GEOMETRIC_REPRESENTATION_ITEM() 
RATIONAL_B_SPLINE_CURVE((1.,0.5,1.,0.5,1.,0.5,1.)) REPRESENTATION_ITEM(
  '') );
#893 = CARTESIAN_POINT('',(-0.8,0.));
#894 = CARTESIAN_POINT('',(-0.8,1.385640646055));
#895 = CARTESIAN_POINT('',(0.4,0.692820323028));
#896 = CARTESIAN_POINT('',(1.6,1.959434878636E-16));
#897 = CARTESIAN_POINT('',(0.4,-0.692820323028));
#898 = CARTESIAN_POINT('',(-0.8,-1.385640646055));
#899 = CARTESIAN_POINT('',(-0.8,0.));
#900 = ( GEOMETRIC_REPRESENTATION_CONTEXT(2) 
PARAMETRIC_REPRESENTATION_CONTEXT() REPRESENTATION_CONTEXT('2D SPACE',''
  ) );
#901 = ORIENTED_EDGE('',*,*,#798,.T.);
#902 = ADVANCED_FACE('',(#903),#443,.F.);
#903 = FACE_BOUND('',#904,.T.);
#904 = EDGE_LOOP('',(#905,#928,#959,#960));
#905 = ORIENTED_EDGE('',*,*,#906,.T.);
#906 = EDGE_CURVE('',#423,#907,#909,.T.);
#907 = VERTEX_POINT('',#908);
#908 = CARTESIAN_POINT('',(-2.1,4.445,2.4));
#909 = SEAM_CURVE('',#910,(#914,#921),.PCURVE_S1.);
#910 = LINE('',#911,#912);
#911 = CARTESIAN_POINT('',(-2.1,4.445,2.5));
#912 = VECTOR('',#913,1.);
#913 = DIRECTION('',(-0.,0.,-1.));
#914 = PCURVE('',#443,#915);
#915 = DEFINITIONAL_REPRESENTATION('',(#916),#920);
#916 = LINE('',#917,#918);
#917 = CARTESIAN_POINT('',(-4.138911435803E-13,0.));
#918 = VECTOR('',#919,1.);
#919 = DIRECTION('',(-0.,-1.));
#920 = ( GEOMETRIC_REPRESENTATION_CONTEXT(2) 
PARAMETRIC_REPRESENTATION_CONTEXT() REPRESENTATION_CONTEXT('2D SPACE',''
  ) );
#921 = PCURVE('',#443,#922);
#922 = DEFINITIONAL_REPRESENTATION('',(#923),#927);
#923 = LINE('',#924,#925);
#924 = CARTESIAN_POINT('',(-6.28318530718,0.));
#925 = VECTOR('',#926,1.);
#926 = DIRECTION('',(-0.,-1.));
#927 = ( GEOMETRIC_REPRESENTATION_CONTEXT(2) 
PARAMETRIC_REPRESENTATION_CONTEXT() REPRESENTATION_CONTEXT('2D SPACE',''
  ) );
#928 = ORIENTED_EDGE('',*,*,#929,.T.);
#929 = EDGE_CURVE('',#907,#907,#930,.T.);
#930 = SURFACE_CURVE('',#931,(#936,#943),.PCURVE_S1.);
#931 = CIRCLE('',#932,0.5);
#932 = AXIS2_PLACEMENT_3D('',#933,#934,#935);
#933 = CARTESIAN_POINT('',(-2.6,4.445,2.4));
#934 = DIRECTION('',(0.,0.,-1.));
#935 = DIRECTION('',(1.,-0.,-0.));
#936 = PCURVE('',#443,#937);
#937 = DEFINITIONAL_REPRESENTATION('',(#938),#942);
#938 = LINE('',#939,#940);
#939 = CARTESIAN_POINT('',(-0.,-0.1));
#940 = VECTOR('',#941,1.);
#941 = DIRECTION('',(-1.,0.));
#942 = ( GEOMETRIC_REPRESENTATION_CONTEXT(2) 
PARAMETRIC_REPRESENTATION_CONTEXT() REPRESENTATION_CONTEXT('2D SPACE',''
  ) );
#943 = PCURVE('',#944,#949);
#944 = PLANE('',#945);
#945 = AXIS2_PLACEMENT_3D('',#946,#947,#948);
#946 = CARTESIAN_POINT('',(-2.6,4.445,2.4));
#947 = DIRECTION('',(-0.,-0.,1.));
#948 = DIRECTION('',(-1.,0.,0.));
#949 = DEFINITIONAL_REPRESENTATION('',(#950),#958);
#950 = ( BOUNDED_CURVE() B_SPLINE_CURVE(2,(#951,#952,#953,#954,#955,#956
,#957),.UNSPECIFIED.,.T.,.F.) B_SPLINE_CURVE_WITH_KNOTS((1,2,2,2,2,1),(
    -2.094395102393,0.,2.094395102393,4.188790204786,6.28318530718,
8.377580409573),.UNSPECIFIED.) CURVE() GEOMETRIC_REPRESENTATION_ITEM() 
RATIONAL_B_SPLINE_CURVE((1.,0.5,1.,0.5,1.,0.5,1.)) REPRESENTATION_ITEM(
  '') );
#951 = CARTESIAN_POINT('',(-0.5,0.));
#952 = CARTESIAN_POINT('',(-0.5,0.866025403784));
#953 = CARTESIAN_POINT('',(0.25,0.433012701892));
#954 = CARTESIAN_POINT('',(1.,1.224646799147E-16));
#955 = CARTESIAN_POINT('',(0.25,-0.433012701892));
#956 = CARTESIAN_POINT('',(-0.5,-0.866025403784));
#957 = CARTESIAN_POINT('',(-0.5,0.));
#958 = ( GEOMETRIC_REPRESENTATION_CONTEXT(2) 
PARAMETRIC_REPRESENTATION_CONTEXT() REPRESENTATION_CONTEXT('2D SPACE',''
  ) );
#959 = ORIENTED_EDGE('',*,*,#906,.F.);
#960 = ORIENTED_EDGE('',*,*,#422,.F.);
#961 = ADVANCED_FACE('',(#962),#836,.T.);
#962 = FACE_BOUND('',#963,.F.);
#963 = EDGE_LOOP('',(#964,#965));
#964 = ORIENTED_EDGE('',*,*,#820,.T.);
#965 = ORIENTED_EDGE('',*,*,#876,.T.);
#966 = ADVANCED_FACE('',(#967),#944,.T.);
#967 = FACE_BOUND('',#968,.F.);
#968 = EDGE_LOOP('',(#969));
#969 = ORIENTED_EDGE('',*,*,#929,.T.);
#970 = ( GEOMETRIC_REPRESENTATION_CONTEXT(3) 
GLOBAL_UNCERTAINTY_ASSIGNED_CONTEXT((#974)) GLOBAL_UNIT_ASSIGNED_CONTEXT
((#971,#972,#973)) REPRESENTATION_CONTEXT('Context #1',
  '3D Context with UNIT and UNCERTAINTY') );
#971 = ( LENGTH_UNIT() NAMED_UNIT(*) SI_UNIT(.MILLI.,.METRE.) );
#972 = ( NAMED_UNIT(*) PLANE_ANGLE_UNIT() SI_UNIT($,.RADIAN.) );
#973 = ( NAMED_UNIT(*) SI_UNIT($,.STERADIAN.) SOLID_ANGLE_UNIT() );
#974 = UNCERTAINTY_MEASURE_WITH_UNIT(LENGTH_MEASURE(1.E-07),#971,
  'distance_accuracy_value','confusion accuracy');
#975 = CONTEXT_DEPENDENT_SHAPE_REPRESENTATION(#976,#978);
#976 = ( REPRESENTATION_RELATIONSHIP('','',#40,#10) 
REPRESENTATION_RELATIONSHIP_WITH_TRANSFORMATION(#977) 
SHAPE_REPRESENTATION_RELATIONSHIP() );
#977 = ITEM_DEFINED_TRANSFORMATION('','',#11,#15);
#978 = PRODUCT_DEFINITION_SHAPE('Placement','Placement of an item',#979
  );
#979 = NEXT_ASSEMBLY_USAGE_OCCURRENCE('1','Body','',#5,#35,$);
#980 = PRODUCT_RELATED_PRODUCT_CATEGORY('part',$,(#37));
#981 = SHAPE_DEFINITION_REPRESENTATION(#982,#988);
#982 = PRODUCT_DEFINITION_SHAPE('','',#983);
#983 = PRODUCT_DEFINITION('design','',#984,#987);
#984 = PRODUCT_DEFINITION_FORMATION('','',#985);
#985 = PRODUCT('Pin1Dot','Pin1Dot','',(#986));
#986 = PRODUCT_CONTEXT('',#2,'mechanical');
#987 = PRODUCT_DEFINITION_CONTEXT('part definition',#2,'design');
#988 = ADVANCED_BREP_SHAPE_REPRESENTATION('',(#11,#989),#1095);
#989 = MANIFOLD_SOLID_BREP('',#990);
#990 = CLOSED_SHELL('',(#991,#1087,#1091));
#991 = ADVANCED_FACE('',(#992),#1005,.T.);
#992 = FACE_BOUND('',#993,.F.);
#993 = EDGE_LOOP('',(#994,#1032,#1055,#1086));
#994 = ORIENTED_EDGE('',*,*,#995,.T.);
#995 = EDGE_CURVE('',#996,#996,#998,.T.);
#996 = VERTEX_POINT('',#997);
#997 = CARTESIAN_POINT('',(-2.125,4.445,2.4));
#998 = SURFACE_CURVE('',#999,(#1004,#1016),.PCURVE_S1.);
#999 = CIRCLE('',#1000,0.475);
#1000 = AXIS2_PLACEMENT_3D('',#1001,#1002,#1003);
#1001 = CARTESIAN_POINT('',(-2.6,4.445,2.4));
#1002 = DIRECTION('',(0.,0.,-1.));
#1003 = DIRECTION('',(1.,-0.,-0.));
#1004 = PCURVE('',#1005,#1010);
#1005 = CYLINDRICAL_SURFACE('',#1006,0.475);
#1006 = AXIS2_PLACEMENT_3D('',#1007,#1008,#1009);
#1007 = CARTESIAN_POINT('',(-2.6,4.445,2.4));
#1008 = DIRECTION('',(-0.,0.,-1.));
#1009 = DIRECTION('',(1.,-0.,-0.));
#1010 = DEFINITIONAL_REPRESENTATION('',(#1011),#1015);
#1011 = LINE('',#1012,#1013);
#1012 = CARTESIAN_POINT('',(-6.28318530718,0.));
#1013 = VECTOR('',#1014,1.);
#1014 = DIRECTION('',(1.,-0.));
#1015 = ( GEOMETRIC_REPRESENTATION_CONTEXT(2) 
PARAMETRIC_REPRESENTATION_CONTEXT() REPRESENTATION_CONTEXT('2D SPACE',''
  ) );
#1016 = PCURVE('',#1017,#1022);
#1017 = PLANE('',#1018);
#1018 = AXIS2_PLACEMENT_3D('',#1019,#1020,#1021);
#1019 = CARTESIAN_POINT('',(-2.6,4.445,2.4));
#1020 = DIRECTION('',(-0.,-0.,1.));
#1021 = DIRECTION('',(-1.,0.,0.));
#1022 = DEFINITIONAL_REPRESENTATION('',(#1023),#1031);
#1023 = ( BOUNDED_CURVE() B_SPLINE_CURVE(2,(#1024,#1025,#1026,#1027,
#1028,#1029,#1030),.UNSPECIFIED.,.T.,.F.) B_SPLINE_CURVE_WITH_KNOTS((1,2
    ,2,2,2,1),(-2.094395102393,0.,2.094395102393,4.188790204786,
6.28318530718,8.377580409573),.UNSPECIFIED.) CURVE() 
GEOMETRIC_REPRESENTATION_ITEM() RATIONAL_B_SPLINE_CURVE((1.,0.5,1.,0.5,
1.,0.5,1.)) REPRESENTATION_ITEM('') );
#1024 = CARTESIAN_POINT('',(-0.475,0.));
#1025 = CARTESIAN_POINT('',(-0.475,0.822724133595));
#1026 = CARTESIAN_POINT('',(0.2375,0.411362066798));
#1027 = CARTESIAN_POINT('',(0.95,1.16341445919E-16));
#1028 = CARTESIAN_POINT('',(0.2375,-0.411362066798));
#1029 = CARTESIAN_POINT('',(-0.475,-0.822724133595));
#1030 = CARTESIAN_POINT('',(-0.475,0.));
#1031 = ( GEOMETRIC_REPRESENTATION_CONTEXT(2) 
PARAMETRIC_REPRESENTATION_CONTEXT() REPRESENTATION_CONTEXT('2D SPACE',''
  ) );
#1032 = ORIENTED_EDGE('',*,*,#1033,.T.);
#1033 = EDGE_CURVE('',#996,#1034,#1036,.T.);
#1034 = VERTEX_POINT('',#1035);
#1035 = CARTESIAN_POINT('',(-2.125,4.445,2.49));
#1036 = SEAM_CURVE('',#1037,(#1041,#1048),.PCURVE_S1.);
#1037 = LINE('',#1038,#1039);
#1038 = CARTESIAN_POINT('',(-2.125,4.445,2.4));
#1039 = VECTOR('',#1040,1.);
#1040 = DIRECTION('',(-0.,-0.,1.));
#1041 = PCURVE('',#1005,#1042);
#1042 = DEFINITIONAL_REPRESENTATION('',(#1043),#1047);
#1043 = LINE('',#1044,#1045);
#1044 = CARTESIAN_POINT('',(4.138911435803E-13,-0.));
#1045 = VECTOR('',#1046,1.);
#1046 = DIRECTION('',(-0.,-1.));
#1047 = ( GEOMETRIC_REPRESENTATION_CONTEXT(2) 
PARAMETRIC_REPRESENTATION_CONTEXT() REPRESENTATION_CONTEXT('2D SPACE',''
  ) );
#1048 = PCURVE('',#1005,#1049);
#1049 = DEFINITIONAL_REPRESENTATION('',(#1050),#1054);
#1050 = LINE('',#1051,#1052);
#1051 = CARTESIAN_POINT('',(-6.28318530718,0.));
#1052 = VECTOR('',#1053,1.);
#1053 = DIRECTION('',(-0.,-1.));
#1054 = ( GEOMETRIC_REPRESENTATION_CONTEXT(2) 
PARAMETRIC_REPRESENTATION_CONTEXT() REPRESENTATION_CONTEXT('2D SPACE',''
  ) );
#1055 = ORIENTED_EDGE('',*,*,#1056,.F.);
#1056 = EDGE_CURVE('',#1034,#1034,#1057,.T.);
#1057 = SURFACE_CURVE('',#1058,(#1063,#1070),.PCURVE_S1.);
#1058 = CIRCLE('',#1059,0.475);
#1059 = AXIS2_PLACEMENT_3D('',#1060,#1061,#1062);
#1060 = CARTESIAN_POINT('',(-2.6,4.445,2.49));
#1061 = DIRECTION('',(0.,0.,-1.));
#1062 = DIRECTION('',(1.,-0.,-0.));
#1063 = PCURVE('',#1005,#1064);
#1064 = DEFINITIONAL_REPRESENTATION('',(#1065),#1069);
#1065 = LINE('',#1066,#1067);
#1066 = CARTESIAN_POINT('',(-6.28318530718,-9.E-02));
#1067 = VECTOR('',#1068,1.);
#1068 = DIRECTION('',(1.,-0.));
#1069 = ( GEOMETRIC_REPRESENTATION_CONTEXT(2) 
PARAMETRIC_REPRESENTATION_CONTEXT() REPRESENTATION_CONTEXT('2D SPACE',''
  ) );
#1070 = PCURVE('',#1071,#1076);
#1071 = PLANE('',#1072);
#1072 = AXIS2_PLACEMENT_3D('',#1073,#1074,#1075);
#1073 = CARTESIAN_POINT('',(-2.6,4.445,2.49));
#1074 = DIRECTION('',(-0.,-0.,1.));
#1075 = DIRECTION('',(-1.,0.,0.));
#1076 = DEFINITIONAL_REPRESENTATION('',(#1077),#1085);
#1077 = ( BOUNDED_CURVE() B_SPLINE_CURVE(2,(#1078,#1079,#1080,#1081,
#1082,#1083,#1084),.UNSPECIFIED.,.T.,.F.) B_SPLINE_CURVE_WITH_KNOTS((1,2
    ,2,2,2,1),(-2.094395102393,0.,2.094395102393,4.188790204786,
6.28318530718,8.377580409573),.UNSPECIFIED.) CURVE() 
GEOMETRIC_REPRESENTATION_ITEM() RATIONAL_B_SPLINE_CURVE((1.,0.5,1.,0.5,
1.,0.5,1.)) REPRESENTATION_ITEM('') );
#1078 = CARTESIAN_POINT('',(-0.475,0.));
#1079 = CARTESIAN_POINT('',(-0.475,0.822724133595));
#1080 = CARTESIAN_POINT('',(0.2375,0.411362066798));
#1081 = CARTESIAN_POINT('',(0.95,1.16341445919E-16));
#1082 = CARTESIAN_POINT('',(0.2375,-0.411362066798));
#1083 = CARTESIAN_POINT('',(-0.475,-0.822724133595));
#1084 = CARTESIAN_POINT('',(-0.475,0.));
#1085 = ( GEOMETRIC_REPRESENTATION_CONTEXT(2) 
PARAMETRIC_REPRESENTATION_CONTEXT() REPRESENTATION_CONTEXT('2D SPACE',''
  ) );
#1086 = ORIENTED_EDGE('',*,*,#1033,.F.);
#1087 = ADVANCED_FACE('',(#1088),#1017,.F.);
#1088 = FACE_BOUND('',#1089,.T.);
#1089 = EDGE_LOOP('',(#1090));
#1090 = ORIENTED_EDGE('',*,*,#995,.T.);
#1091 = ADVANCED_FACE('',(#1092),#1071,.T.);
#1092 = FACE_BOUND('',#1093,.F.);
#1093 = EDGE_LOOP('',(#1094));
#1094 = ORIENTED_EDGE('',*,*,#1056,.T.);
#1095 = ( GEOMETRIC_REPRESENTATION_CONTEXT(3) 
GLOBAL_UNCERTAINTY_ASSIGNED_CONTEXT((#1099)) 
GLOBAL_UNIT_ASSIGNED_CONTEXT((#1096,#1097,#1098)) REPRESENTATION_CONTEXT
('Context #1','3D Context with UNIT and UNCERTAINTY') );
#1096 = ( LENGTH_UNIT() NAMED_UNIT(*) SI_UNIT(.MILLI.,.METRE.) );
#1097 = ( NAMED_UNIT(*) PLANE_ANGLE_UNIT() SI_UNIT($,.RADIAN.) );
#1098 = ( NAMED_UNIT(*) SI_UNIT($,.STERADIAN.) SOLID_ANGLE_UNIT() );
#1099 = UNCERTAINTY_MEASURE_WITH_UNIT(LENGTH_MEASURE(1.E-07),#1096,
  'distance_accuracy_value','confusion accuracy');
#1100 = CONTEXT_DEPENDENT_SHAPE_REPRESENTATION(#1101,#1103);
#1101 = ( REPRESENTATION_RELATIONSHIP('','',#988,#10) 
REPRESENTATION_RELATIONSHIP_WITH_TRANSFORMATION(#1102) 
SHAPE_REPRESENTATION_RELATIONSHIP() );
#1102 = ITEM_DEFINED_TRANSFORMATION('','',#11,#19);
#1103 = PRODUCT_DEFINITION_SHAPE('Placement','Placement of an item',
  #1104);
#1104 = NEXT_ASSEMBLY_USAGE_OCCURRENCE('2','Pin1Dot','',#5,#983,$);
#1105 = PRODUCT_RELATED_PRODUCT_CATEGORY('part',$,(#985));
#1106 = SHAPE_DEFINITION_REPRESENTATION(#1107,#1113);
#1107 = PRODUCT_DEFINITION_SHAPE('','',#1108);
#1108 = PRODUCT_DEFINITION('design','',#1109,#1112);
#1109 = PRODUCT_DEFINITION_FORMATION('','',#1110);
#1110 = PRODUCT('Leads','Leads','',(#1111));
#1111 = PRODUCT_CONTEXT('',#2,'mechanical');
#1112 = PRODUCT_DEFINITION_CONTEXT('part definition',#2,'design');
#1113 = SHAPE_REPRESENTATION('',(#11,#1114,#1756,#2398,#3040,#3682,#4324
    ,#4966,#5608,#6250,#6892,#7534,#8176,#8818,#9460),#10102);
#1114 = MANIFOLD_SOLID_BREP('',#1115);
#1115 = CLOSED_SHELL('',(#1116,#1236,#1424,#1495,#1544,#1593,#1642,#1691
    ,#1718,#1749));
#1116 = ADVANCED_FACE('',(#1117),#1131,.F.);
#1117 = FACE_BOUND('',#1118,.F.);
#1118 = EDGE_LOOP('',(#1119,#1154,#1182,#1210));
#1119 = ORIENTED_EDGE('',*,*,#1120,.F.);
#1120 = EDGE_CURVE('',#1121,#1123,#1125,.T.);
#1121 = VERTEX_POINT('',#1122);
#1122 = CARTESIAN_POINT('',(-3.4,4.24,1.325));
#1123 = VERTEX_POINT('',#1124);
#1124 = CARTESIAN_POINT('',(-3.4,4.65,1.325));
#1125 = SURFACE_CURVE('',#1126,(#1130,#1142),.PCURVE_S1.);
#1126 = LINE('',#1127,#1128);
#1127 = CARTESIAN_POINT('',(-3.4,4.24,1.325));
#1128 = VECTOR('',#1129,1.);
#1129 = DIRECTION('',(0.,1.,0.));
#1130 = PCURVE('',#1131,#1136);
#1131 = PLANE('',#1132);
#1132 = AXIS2_PLACEMENT_3D('',#1133,#1134,#1135);
#1133 = CARTESIAN_POINT('',(-3.4,4.445,1.325));
#1134 = DIRECTION('',(-0.,-0.,-1.));
#1135 = DIRECTION('',(-1.,0.,0.));
#1136 = DEFINITIONAL_REPRESENTATION('',(#1137),#1141);
#1137 = LINE('',#1138,#1139);
#1138 = CARTESIAN_POINT('',(0.,-0.205));
#1139 = VECTOR('',#1140,1.);
#1140 = DIRECTION('',(0.,1.));
#1141 = ( GEOMETRIC_REPRESENTATION_CONTEXT(2) 
PARAMETRIC_REPRESENTATION_CONTEXT() REPRESENTATION_CONTEXT('2D SPACE',''
  ) );
#1142 = PCURVE('',#1143,#1148);
#1143 = PLANE('',#1144);
#1144 = AXIS2_PLACEMENT_3D('',#1145,#1146,#1147);
#1145 = CARTESIAN_POINT('',(-3.4,4.445,1.075));
#1146 = DIRECTION('',(-1.,0.,0.));
#1147 = DIRECTION('',(0.,0.,1.));
#1148 = DEFINITIONAL_REPRESENTATION('',(#1149),#1153);
#1149 = LINE('',#1150,#1151);
#1150 = CARTESIAN_POINT('',(0.25,-0.205));
#1151 = VECTOR('',#1152,1.);
#1152 = DIRECTION('',(0.,1.));
#1153 = ( GEOMETRIC_REPRESENTATION_CONTEXT(2) 
PARAMETRIC_REPRESENTATION_CONTEXT() REPRESENTATION_CONTEXT('2D SPACE',''
  ) );
#1154 = ORIENTED_EDGE('',*,*,#1155,.T.);
#1155 = EDGE_CURVE('',#1121,#1156,#1158,.T.);
#1156 = VERTEX_POINT('',#1157);
#1157 = CARTESIAN_POINT('',(-4.1,4.24,1.325));
#1158 = SURFACE_CURVE('',#1159,(#1163,#1170),.PCURVE_S1.);
#1159 = LINE('',#1160,#1161);
#1160 = CARTESIAN_POINT('',(-3.4,4.24,1.325));
#1161 = VECTOR('',#1162,1.);
#1162 = DIRECTION('',(-1.,0.,0.));
#1163 = PCURVE('',#1131,#1164);
#1164 = DEFINITIONAL_REPRESENTATION('',(#1165),#1169);
#1165 = LINE('',#1166,#1167);
#1166 = CARTESIAN_POINT('',(0.,-0.205));
#1167 = VECTOR('',#1168,1.);
#1168 = DIRECTION('',(1.,0.));
#1169 = ( GEOMETRIC_REPRESENTATION_CONTEXT(2) 
PARAMETRIC_REPRESENTATION_CONTEXT() REPRESENTATION_CONTEXT('2D SPACE',''
  ) );
#1170 = PCURVE('',#1171,#1176);
#1171 = PLANE('',#1172);
#1172 = AXIS2_PLACEMENT_3D('',#1173,#1174,#1175);
#1173 = CARTESIAN_POINT('',(-4.253946318775,4.24,0.633503853658));
#1174 = DIRECTION('',(-0.,-1.,-0.));
#1175 = DIRECTION('',(0.,0.,-1.));
#1176 = DEFINITIONAL_REPRESENTATION('',(#1177),#1181);
#1177 = LINE('',#1178,#1179);
#1178 = CARTESIAN_POINT('',(-0.691496146342,0.853946318775));
#1179 = VECTOR('',#1180,1.);
#1180 = DIRECTION('',(0.,-1.));
#1181 = ( GEOMETRIC_REPRESENTATION_CONTEXT(2) 
PARAMETRIC_REPRESENTATION_CONTEXT() REPRESENTATION_CONTEXT('2D SPACE',''
  ) );
#1182 = ORIENTED_EDGE('',*,*,#1183,.F.);
#1183 = EDGE_CURVE('',#1184,#1156,#1186,.T.);
#1184 = VERTEX_POINT('',#1185);
#1185 = CARTESIAN_POINT('',(-4.1,4.65,1.325));
#1186 = SURFACE_CURVE('',#1187,(#1191,#1198),.PCURVE_S1.);
#1187 = LINE('',#1188,#1189);
#1188 = CARTESIAN_POINT('',(-4.1,4.65,1.325));
#1189 = VECTOR('',#1190,1.);
#1190 = DIRECTION('',(0.,-1.,0.));
#1191 = PCURVE('',#1131,#1192);
#1192 = DEFINITIONAL_REPRESENTATION('',(#1193),#1197);
#1193 = LINE('',#1194,#1195);
#1194 = CARTESIAN_POINT('',(0.7,0.205));
#1195 = VECTOR('',#1196,1.);
#1196 = DIRECTION('',(0.,-1.));
#1197 = ( GEOMETRIC_REPRESENTATION_CONTEXT(2) 
PARAMETRIC_REPRESENTATION_CONTEXT() REPRESENTATION_CONTEXT('2D SPACE',''
  ) );
#1198 = PCURVE('',#1199,#1204);
#1199 = PLANE('',#1200);
#1200 = AXIS2_PLACEMENT_3D('',#1201,#1202,#1203);
#1201 = CARTESIAN_POINT('',(-4.1,4.445,1.325));
#1202 = DIRECTION('',(0.950871431487,0.,-0.309586047461));
#1203 = DIRECTION('',(-0.309586047461,0.,-0.950871431487));
#1204 = DEFINITIONAL_REPRESENTATION('',(#1205),#1209);
#1205 = LINE('',#1206,#1207);
#1206 = CARTESIAN_POINT('',(0.,0.205));
#1207 = VECTOR('',#1208,1.);
#1208 = DIRECTION('',(-0.,-1.));
#1209 = ( GEOMETRIC_REPRESENTATION_CONTEXT(2) 
PARAMETRIC_REPRESENTATION_CONTEXT() REPRESENTATION_CONTEXT('2D SPACE',''
  ) );
#1210 = ORIENTED_EDGE('',*,*,#1211,.F.);
#1211 = EDGE_CURVE('',#1123,#1184,#1212,.T.);
#1212 = SURFACE_CURVE('',#1213,(#1217,#1224),.PCURVE_S1.);
#1213 = LINE('',#1214,#1215);
#1214 = CARTESIAN_POINT('',(-3.4,4.65,1.325));
#1215 = VECTOR('',#1216,1.);
#1216 = DIRECTION('',(-1.,0.,0.));
#1217 = PCURVE('',#1131,#1218);
#1218 = DEFINITIONAL_REPRESENTATION('',(#1219),#1223);
#1219 = LINE('',#1220,#1221);
#1220 = CARTESIAN_POINT('',(0.,0.205));
#1221 = VECTOR('',#1222,1.);
#1222 = DIRECTION('',(1.,0.));
#1223 = ( GEOMETRIC_REPRESENTATION_CONTEXT(2) 
PARAMETRIC_REPRESENTATION_CONTEXT() REPRESENTATION_CONTEXT('2D SPACE',''
  ) );
#1224 = PCURVE('',#1225,#1230);
#1225 = PLANE('',#1226);
#1226 = AXIS2_PLACEMENT_3D('',#1227,#1228,#1229);
#1227 = CARTESIAN_POINT('',(-4.253946318775,4.65,0.633503853658));
#1228 = DIRECTION('',(-0.,-1.,-0.));
#1229 = DIRECTION('',(0.,0.,-1.));
#1230 = DEFINITIONAL_REPRESENTATION('',(#1231),#1235);
#1231 = LINE('',#1232,#1233);
#1232 = CARTESIAN_POINT('',(-0.691496146342,0.853946318775));
#1233 = VECTOR('',#1234,1.);
#1234 = DIRECTION('',(0.,-1.));
#1235 = ( GEOMETRIC_REPRESENTATION_CONTEXT(2) 
PARAMETRIC_REPRESENTATION_CONTEXT() REPRESENTATION_CONTEXT('2D SPACE',''
  ) );
#1236 = ADVANCED_FACE('',(#1237),#1225,.F.);
#1237 = FACE_BOUND('',#1238,.F.);
#1238 = EDGE_LOOP('',(#1239,#1240,#1263,#1291,#1319,#1347,#1375,#1403));
#1239 = ORIENTED_EDGE('',*,*,#1211,.T.);
#1240 = ORIENTED_EDGE('',*,*,#1241,.T.);
#1241 = EDGE_CURVE('',#1184,#1242,#1244,.T.);
#1242 = VERTEX_POINT('',#1243);
#1243 = CARTESIAN_POINT('',(-4.45,4.65,0.25));
#1244 = SURFACE_CURVE('',#1245,(#1249,#1256),.PCURVE_S1.);
#1245 = LINE('',#1246,#1247);
#1246 = CARTESIAN_POINT('',(-4.1,4.65,1.325));
#1247 = VECTOR('',#1248,1.);
#1248 = DIRECTION('',(-0.309586047461,0.,-0.950871431487));
#1249 = PCURVE('',#1225,#1250);
#1250 = DEFINITIONAL_REPRESENTATION('',(#1251),#1255);
#1251 = LINE('',#1252,#1253);
#1252 = CARTESIAN_POINT('',(-0.691496146342,0.153946318775));
#1253 = VECTOR('',#1254,1.);
#1254 = DIRECTION('',(0.950871431487,-0.309586047461));
#1255 = ( GEOMETRIC_REPRESENTATION_CONTEXT(2) 
PARAMETRIC_REPRESENTATION_CONTEXT() REPRESENTATION_CONTEXT('2D SPACE',''
  ) );
#1256 = PCURVE('',#1199,#1257);
#1257 = DEFINITIONAL_REPRESENTATION('',(#1258),#1262);
#1258 = LINE('',#1259,#1260);
#1259 = CARTESIAN_POINT('',(0.,0.205));
#1260 = VECTOR('',#1261,1.);
#1261 = DIRECTION('',(1.,0.));
#1262 = ( GEOMETRIC_REPRESENTATION_CONTEXT(2) 
PARAMETRIC_REPRESENTATION_CONTEXT() REPRESENTATION_CONTEXT('2D SPACE',''
  ) );
#1263 = ORIENTED_EDGE('',*,*,#1264,.T.);
#1264 = EDGE_CURVE('',#1242,#1265,#1267,.T.);
#1265 = VERTEX_POINT('',#1266);
#1266 = CARTESIAN_POINT('',(-5.15,4.65,0.25));
#1267 = SURFACE_CURVE('',#1268,(#1272,#1279),.PCURVE_S1.);
#1268 = LINE('',#1269,#1270);
#1269 = CARTESIAN_POINT('',(-4.45,4.65,0.25));
#1270 = VECTOR('',#1271,1.);
#1271 = DIRECTION('',(-1.,0.,0.));
#1272 = PCURVE('',#1225,#1273);
#1273 = DEFINITIONAL_REPRESENTATION('',(#1274),#1278);
#1274 = LINE('',#1275,#1276);
#1275 = CARTESIAN_POINT('',(0.383503853658,-0.196053681225));
#1276 = VECTOR('',#1277,1.);
#1277 = DIRECTION('',(0.,-1.));
#1278 = ( GEOMETRIC_REPRESENTATION_CONTEXT(2) 
PARAMETRIC_REPRESENTATION_CONTEXT() REPRESENTATION_CONTEXT('2D SPACE',''
  ) );
#1279 = PCURVE('',#1280,#1285);
#1280 = PLANE('',#1281);
#1281 = AXIS2_PLACEMENT_3D('',#1282,#1283,#1284);
#1282 = CARTESIAN_POINT('',(-4.45,4.445,0.25));
#1283 = DIRECTION('',(-0.,-0.,-1.));
#1284 = DIRECTION('',(-1.,0.,0.));
#1285 = DEFINITIONAL_REPRESENTATION('',(#1286),#1290);
#1286 = LINE('',#1287,#1288);
#1287 = CARTESIAN_POINT('',(0.,0.205));
#1288 = VECTOR('',#1289,1.);
#1289 = DIRECTION('',(1.,0.));
#1290 = ( GEOMETRIC_REPRESENTATION_CONTEXT(2) 
PARAMETRIC_REPRESENTATION_CONTEXT() REPRESENTATION_CONTEXT('2D SPACE',''
  ) );
#1291 = ORIENTED_EDGE('',*,*,#1292,.T.);
#1292 = EDGE_CURVE('',#1265,#1293,#1295,.T.);
#1293 = VERTEX_POINT('',#1294);
#1294 = CARTESIAN_POINT('',(-5.15,4.65,0.));
#1295 = SURFACE_CURVE('',#1296,(#1300,#1307),.PCURVE_S1.);
#1296 = LINE('',#1297,#1298);
#1297 = CARTESIAN_POINT('',(-5.15,4.65,0.25));
#1298 = VECTOR('',#1299,1.);
#1299 = DIRECTION('',(0.,0.,-1.));
#1300 = PCURVE('',#1225,#1301);
#1301 = DEFINITIONAL_REPRESENTATION('',(#1302),#1306);
#1302 = LINE('',#1303,#1304);
#1303 = CARTESIAN_POINT('',(0.383503853658,-0.896053681225));
#1304 = VECTOR('',#1305,1.);
#1305 = DIRECTION('',(1.,0.));
#1306 = ( GEOMETRIC_REPRESENTATION_CONTEXT(2) 
PARAMETRIC_REPRESENTATION_CONTEXT() REPRESENTATION_CONTEXT('2D SPACE',''
  ) );
#1307 = PCURVE('',#1308,#1313);
#1308 = PLANE('',#1309);
#1309 = AXIS2_PLACEMENT_3D('',#1310,#1311,#1312);
#1310 = CARTESIAN_POINT('',(-5.15,4.445,0.25));
#1311 = DIRECTION('',(1.,0.,0.));
#1312 = DIRECTION('',(0.,0.,-1.));
#1313 = DEFINITIONAL_REPRESENTATION('',(#1314),#1318);
#1314 = LINE('',#1315,#1316);
#1315 = CARTESIAN_POINT('',(0.,0.205));
#1316 = VECTOR('',#1317,1.);
#1317 = DIRECTION('',(1.,0.));
#1318 = ( GEOMETRIC_REPRESENTATION_CONTEXT(2) 
PARAMETRIC_REPRESENTATION_CONTEXT() REPRESENTATION_CONTEXT('2D SPACE',''
  ) );
#1319 = ORIENTED_EDGE('',*,*,#1320,.T.);
#1320 = EDGE_CURVE('',#1293,#1321,#1323,.T.);
#1321 = VERTEX_POINT('',#1322);
#1322 = CARTESIAN_POINT('',(-4.3,4.65,0.));
#1323 = SURFACE_CURVE('',#1324,(#1328,#1335),.PCURVE_S1.);
#1324 = LINE('',#1325,#1326);
#1325 = CARTESIAN_POINT('',(-5.15,4.65,0.));
#1326 = VECTOR('',#1327,1.);
#1327 = DIRECTION('',(1.,0.,0.));
#1328 = PCURVE('',#1225,#1329);
#1329 = DEFINITIONAL_REPRESENTATION('',(#1330),#1334);
#1330 = LINE('',#1331,#1332);
#1331 = CARTESIAN_POINT('',(0.633503853658,-0.896053681225));
#1332 = VECTOR('',#1333,1.);
#1333 = DIRECTION('',(0.,1.));
#1334 = ( GEOMETRIC_REPRESENTATION_CONTEXT(2) 
PARAMETRIC_REPRESENTATION_CONTEXT() REPRESENTATION_CONTEXT('2D SPACE',''
  ) );
#1335 = PCURVE('',#1336,#1341);
#1336 = PLANE('',#1337);
#1337 = AXIS2_PLACEMENT_3D('',#1338,#1339,#1340);
#1338 = CARTESIAN_POINT('',(-5.15,4.445,0.));
#1339 = DIRECTION('',(-0.,0.,1.));
#1340 = DIRECTION('',(1.,0.,0.));
#1341 = DEFINITIONAL_REPRESENTATION('',(#1342),#1346);
#1342 = LINE('',#1343,#1344);
#1343 = CARTESIAN_POINT('',(0.,0.205));
#1344 = VECTOR('',#1345,1.);
#1345 = DIRECTION('',(1.,0.));
#1346 = ( GEOMETRIC_REPRESENTATION_CONTEXT(2) 
PARAMETRIC_REPRESENTATION_CONTEXT() REPRESENTATION_CONTEXT('2D SPACE',''
  ) );
#1347 = ORIENTED_EDGE('',*,*,#1348,.T.);
#1348 = EDGE_CURVE('',#1321,#1349,#1351,.T.);
#1349 = VERTEX_POINT('',#1350);
#1350 = CARTESIAN_POINT('',(-3.95,4.65,1.075));
#1351 = SURFACE_CURVE('',#1352,(#1356,#1363),.PCURVE_S1.);
#1352 = LINE('',#1353,#1354);
#1353 = CARTESIAN_POINT('',(-4.3,4.65,0.));
#1354 = VECTOR('',#1355,1.);
#1355 = DIRECTION('',(0.309586047461,0.,0.950871431487));
#1356 = PCURVE('',#1225,#1357);
#1357 = DEFINITIONAL_REPRESENTATION('',(#1358),#1362);
#1358 = LINE('',#1359,#1360);
#1359 = CARTESIAN_POINT('',(0.633503853658,-4.6053681225E-02));
#1360 = VECTOR('',#1361,1.);
#1361 = DIRECTION('',(-0.950871431487,0.309586047461));
#1362 = ( GEOMETRIC_REPRESENTATION_CONTEXT(2) 
PARAMETRIC_REPRESENTATION_CONTEXT() REPRESENTATION_CONTEXT('2D SPACE',''
  ) );
#1363 = PCURVE('',#1364,#1369);
#1364 = PLANE('',#1365);
#1365 = AXIS2_PLACEMENT_3D('',#1366,#1367,#1368);
#1366 = CARTESIAN_POINT('',(-4.3,4.445,0.));
#1367 = DIRECTION('',(-0.950871431487,0.,0.309586047461));
#1368 = DIRECTION('',(0.309586047461,0.,0.950871431487));
#1369 = DEFINITIONAL_REPRESENTATION('',(#1370),#1374);
#1370 = LINE('',#1371,#1372);
#1371 = CARTESIAN_POINT('',(0.,0.205));
#1372 = VECTOR('',#1373,1.);
#1373 = DIRECTION('',(1.,0.));
#1374 = ( GEOMETRIC_REPRESENTATION_CONTEXT(2) 
PARAMETRIC_REPRESENTATION_CONTEXT() REPRESENTATION_CONTEXT('2D SPACE',''
  ) );
#1375 = ORIENTED_EDGE('',*,*,#1376,.T.);
#1376 = EDGE_CURVE('',#1349,#1377,#1379,.T.);
#1377 = VERTEX_POINT('',#1378);
#1378 = CARTESIAN_POINT('',(-3.4,4.65,1.075));
#1379 = SURFACE_CURVE('',#1380,(#1384,#1391),.PCURVE_S1.);
#1380 = LINE('',#1381,#1382);
#1381 = CARTESIAN_POINT('',(-3.95,4.65,1.075));
#1382 = VECTOR('',#1383,1.);
#1383 = DIRECTION('',(1.,0.,0.));
#1384 = PCURVE('',#1225,#1385);
#1385 = DEFINITIONAL_REPRESENTATION('',(#1386),#1390);
#1386 = LINE('',#1387,#1388);
#1387 = CARTESIAN_POINT('',(-0.441496146342,0.303946318775));
#1388 = VECTOR('',#1389,1.);
#1389 = DIRECTION('',(0.,1.));
#1390 = ( GEOMETRIC_REPRESENTATION_CONTEXT(2) 
PARAMETRIC_REPRESENTATION_CONTEXT() REPRESENTATION_CONTEXT('2D SPACE',''
  ) );
#1391 = PCURVE('',#1392,#1397);
#1392 = PLANE('',#1393);
#1393 = AXIS2_PLACEMENT_3D('',#1394,#1395,#1396);
#1394 = CARTESIAN_POINT('',(-3.95,4.445,1.075));
#1395 = DIRECTION('',(-0.,0.,1.));
#1396 = DIRECTION('',(1.,0.,0.));
#1397 = DEFINITIONAL_REPRESENTATION('',(#1398),#1402);
#1398 = LINE('',#1399,#1400);
#1399 = CARTESIAN_POINT('',(0.,0.205));
#1400 = VECTOR('',#1401,1.);
#1401 = DIRECTION('',(1.,0.));
#1402 = ( GEOMETRIC_REPRESENTATION_CONTEXT(2) 
PARAMETRIC_REPRESENTATION_CONTEXT() REPRESENTATION_CONTEXT('2D SPACE',''
  ) );
#1403 = ORIENTED_EDGE('',*,*,#1404,.T.);
#1404 = EDGE_CURVE('',#1377,#1123,#1405,.T.);
#1405 = SURFACE_CURVE('',#1406,(#1410,#1417),.PCURVE_S1.);
#1406 = LINE('',#1407,#1408);
#1407 = CARTESIAN_POINT('',(-3.4,4.65,1.075));
#1408 = VECTOR('',#1409,1.);
#1409 = DIRECTION('',(0.,0.,1.));
#1410 = PCURVE('',#1225,#1411);
#1411 = DEFINITIONAL_REPRESENTATION('',(#1412),#1416);
#1412 = LINE('',#1413,#1414);
#1413 = CARTESIAN_POINT('',(-0.441496146342,0.853946318775));
#1414 = VECTOR('',#1415,1.);
#1415 = DIRECTION('',(-1.,0.));
#1416 = ( GEOMETRIC_REPRESENTATION_CONTEXT(2) 
PARAMETRIC_REPRESENTATION_CONTEXT() REPRESENTATION_CONTEXT('2D SPACE',''
  ) );
#1417 = PCURVE('',#1143,#1418);
#1418 = DEFINITIONAL_REPRESENTATION('',(#1419),#1423);
#1419 = LINE('',#1420,#1421);
#1420 = CARTESIAN_POINT('',(0.,0.205));
#1421 = VECTOR('',#1422,1.);
#1422 = DIRECTION('',(1.,0.));
#1423 = ( GEOMETRIC_REPRESENTATION_CONTEXT(2) 
PARAMETRIC_REPRESENTATION_CONTEXT() REPRESENTATION_CONTEXT('2D SPACE',''
  ) );
#1424 = ADVANCED_FACE('',(#1425),#1392,.F.);
#1425 = FACE_BOUND('',#1426,.F.);
#1426 = EDGE_LOOP('',(#1427,#1450,#1473,#1494));
#1427 = ORIENTED_EDGE('',*,*,#1428,.F.);
#1428 = EDGE_CURVE('',#1429,#1349,#1431,.T.);
#1429 = VERTEX_POINT('',#1430);
#1430 = CARTESIAN_POINT('',(-3.95,4.24,1.075));
#1431 = SURFACE_CURVE('',#1432,(#1436,#1443),.PCURVE_S1.);
#1432 = LINE('',#1433,#1434);
#1433 = CARTESIAN_POINT('',(-3.95,4.24,1.075));
#1434 = VECTOR('',#1435,1.);
#1435 = DIRECTION('',(0.,1.,0.));
#1436 = PCURVE('',#1392,#1437);
#1437 = DEFINITIONAL_REPRESENTATION('',(#1438),#1442);
#1438 = LINE('',#1439,#1440);
#1439 = CARTESIAN_POINT('',(0.,-0.205));
#1440 = VECTOR('',#1441,1.);
#1441 = DIRECTION('',(0.,1.));
#1442 = ( GEOMETRIC_REPRESENTATION_CONTEXT(2) 
PARAMETRIC_REPRESENTATION_CONTEXT() REPRESENTATION_CONTEXT('2D SPACE',''
  ) );
#1443 = PCURVE('',#1364,#1444);
#1444 = DEFINITIONAL_REPRESENTATION('',(#1445),#1449);
#1445 = LINE('',#1446,#1447);
#1446 = CARTESIAN_POINT('',(1.13054190546,-0.205));
#1447 = VECTOR('',#1448,1.);
#1448 = DIRECTION('',(0.,1.));
#1449 = ( GEOMETRIC_REPRESENTATION_CONTEXT(2) 
PARAMETRIC_REPRESENTATION_CONTEXT() REPRESENTATION_CONTEXT('2D SPACE',''
  ) );
#1450 = ORIENTED_EDGE('',*,*,#1451,.T.);
#1451 = EDGE_CURVE('',#1429,#1452,#1454,.T.);
#1452 = VERTEX_POINT('',#1453);
#1453 = CARTESIAN_POINT('',(-3.4,4.24,1.075));
#1454 = SURFACE_CURVE('',#1455,(#1459,#1466),.PCURVE_S1.);
#1455 = LINE('',#1456,#1457);
#1456 = CARTESIAN_POINT('',(-3.95,4.24,1.075));
#1457 = VECTOR('',#1458,1.);
#1458 = DIRECTION('',(1.,0.,0.));
#1459 = PCURVE('',#1392,#1460);
#1460 = DEFINITIONAL_REPRESENTATION('',(#1461),#1465);
#1461 = LINE('',#1462,#1463);
#1462 = CARTESIAN_POINT('',(0.,-0.205));
#1463 = VECTOR('',#1464,1.);
#1464 = DIRECTION('',(1.,0.));
#1465 = ( GEOMETRIC_REPRESENTATION_CONTEXT(2) 
PARAMETRIC_REPRESENTATION_CONTEXT() REPRESENTATION_CONTEXT('2D SPACE',''
  ) );
#1466 = PCURVE('',#1171,#1467);
#1467 = DEFINITIONAL_REPRESENTATION('',(#1468),#1472);
#1468 = LINE('',#1469,#1470);
#1469 = CARTESIAN_POINT('',(-0.441496146342,0.303946318775));
#1470 = VECTOR('',#1471,1.);
#1471 = DIRECTION('',(0.,1.));
#1472 = ( GEOMETRIC_REPRESENTATION_CONTEXT(2) 
PARAMETRIC_REPRESENTATION_CONTEXT() REPRESENTATION_CONTEXT('2D SPACE',''
  ) );
#1473 = ORIENTED_EDGE('',*,*,#1474,.T.);
#1474 = EDGE_CURVE('',#1452,#1377,#1475,.T.);
#1475 = SURFACE_CURVE('',#1476,(#1480,#1487),.PCURVE_S1.);
#1476 = LINE('',#1477,#1478);
#1477 = CARTESIAN_POINT('',(-3.4,4.24,1.075));
#1478 = VECTOR('',#1479,1.);
#1479 = DIRECTION('',(0.,1.,0.));
#1480 = PCURVE('',#1392,#1481);
#1481 = DEFINITIONAL_REPRESENTATION('',(#1482),#1486);
#1482 = LINE('',#1483,#1484);
#1483 = CARTESIAN_POINT('',(0.55,-0.205));
#1484 = VECTOR('',#1485,1.);
#1485 = DIRECTION('',(0.,1.));
#1486 = ( GEOMETRIC_REPRESENTATION_CONTEXT(2) 
PARAMETRIC_REPRESENTATION_CONTEXT() REPRESENTATION_CONTEXT('2D SPACE',''
  ) );
#1487 = PCURVE('',#1143,#1488);
#1488 = DEFINITIONAL_REPRESENTATION('',(#1489),#1493);
#1489 = LINE('',#1490,#1491);
#1490 = CARTESIAN_POINT('',(0.,-0.205));
#1491 = VECTOR('',#1492,1.);
#1492 = DIRECTION('',(0.,1.));
#1493 = ( GEOMETRIC_REPRESENTATION_CONTEXT(2) 
PARAMETRIC_REPRESENTATION_CONTEXT() REPRESENTATION_CONTEXT('2D SPACE',''
  ) );
#1494 = ORIENTED_EDGE('',*,*,#1376,.F.);
#1495 = ADVANCED_FACE('',(#1496),#1364,.F.);
#1496 = FACE_BOUND('',#1497,.F.);
#1497 = EDGE_LOOP('',(#1498,#1521,#1522,#1523));
#1498 = ORIENTED_EDGE('',*,*,#1499,.T.);
#1499 = EDGE_CURVE('',#1500,#1429,#1502,.T.);
#1500 = VERTEX_POINT('',#1501);
#1501 = CARTESIAN_POINT('',(-4.3,4.24,0.));
#1502 = SURFACE_CURVE('',#1503,(#1507,#1514),.PCURVE_S1.);
#1503 = LINE('',#1504,#1505);
#1504 = CARTESIAN_POINT('',(-4.3,4.24,0.));
#1505 = VECTOR('',#1506,1.);
#1506 = DIRECTION('',(0.309586047461,0.,0.950871431487));
#1507 = PCURVE('',#1364,#1508);
#1508 = DEFINITIONAL_REPRESENTATION('',(#1509),#1513);
#1509 = LINE('',#1510,#1511);
#1510 = CARTESIAN_POINT('',(0.,-0.205));
#1511 = VECTOR('',#1512,1.);
#1512 = DIRECTION('',(1.,0.));
#1513 = ( GEOMETRIC_REPRESENTATION_CONTEXT(2) 
PARAMETRIC_REPRESENTATION_CONTEXT() REPRESENTATION_CONTEXT('2D SPACE',''
  ) );
#1514 = PCURVE('',#1171,#1515);
#1515 = DEFINITIONAL_REPRESENTATION('',(#1516),#1520);
#1516 = LINE('',#1517,#1518);
#1517 = CARTESIAN_POINT('',(0.633503853658,-4.6053681225E-02));
#1518 = VECTOR('',#1519,1.);
#1519 = DIRECTION('',(-0.950871431487,0.309586047461));
#1520 = ( GEOMETRIC_REPRESENTATION_CONTEXT(2) 
PARAMETRIC_REPRESENTATION_CONTEXT() REPRESENTATION_CONTEXT('2D SPACE',''
  ) );
#1521 = ORIENTED_EDGE('',*,*,#1428,.T.);
#1522 = ORIENTED_EDGE('',*,*,#1348,.F.);
#1523 = ORIENTED_EDGE('',*,*,#1524,.T.);
#1524 = EDGE_CURVE('',#1321,#1500,#1525,.T.);
#1525 = SURFACE_CURVE('',#1526,(#1530,#1537),.PCURVE_S1.);
#1526 = LINE('',#1527,#1528);
#1527 = CARTESIAN_POINT('',(-4.3,4.65,0.));
#1528 = VECTOR('',#1529,1.);
#1529 = DIRECTION('',(0.,-1.,0.));
#1530 = PCURVE('',#1364,#1531);
#1531 = DEFINITIONAL_REPRESENTATION('',(#1532),#1536);
#1532 = LINE('',#1533,#1534);
#1533 = CARTESIAN_POINT('',(0.,0.205));
#1534 = VECTOR('',#1535,1.);
#1535 = DIRECTION('',(0.,-1.));
#1536 = ( GEOMETRIC_REPRESENTATION_CONTEXT(2) 
PARAMETRIC_REPRESENTATION_CONTEXT() REPRESENTATION_CONTEXT('2D SPACE',''
  ) );
#1537 = PCURVE('',#1336,#1538);
#1538 = DEFINITIONAL_REPRESENTATION('',(#1539),#1543);
#1539 = LINE('',#1540,#1541);
#1540 = CARTESIAN_POINT('',(0.85,0.205));
#1541 = VECTOR('',#1542,1.);
#1542 = DIRECTION('',(0.,-1.));
#1543 = ( GEOMETRIC_REPRESENTATION_CONTEXT(2) 
PARAMETRIC_REPRESENTATION_CONTEXT() REPRESENTATION_CONTEXT('2D SPACE',''
  ) );
#1544 = ADVANCED_FACE('',(#1545),#1336,.F.);
#1545 = FACE_BOUND('',#1546,.F.);
#1546 = EDGE_LOOP('',(#1547,#1570,#1571,#1572));
#1547 = ORIENTED_EDGE('',*,*,#1548,.T.);
#1548 = EDGE_CURVE('',#1549,#1500,#1551,.T.);
#1549 = VERTEX_POINT('',#1550);
#1550 = CARTESIAN_POINT('',(-5.15,4.24,0.));
#1551 = SURFACE_CURVE('',#1552,(#1556,#1563),.PCURVE_S1.);
#1552 = LINE('',#1553,#1554);
#1553 = CARTESIAN_POINT('',(-5.15,4.24,0.));
#1554 = VECTOR('',#1555,1.);
#1555 = DIRECTION('',(1.,0.,0.));
#1556 = PCURVE('',#1336,#1557);
#1557 = DEFINITIONAL_REPRESENTATION('',(#1558),#1562);
#1558 = LINE('',#1559,#1560);
#1559 = CARTESIAN_POINT('',(0.,-0.205));
#1560 = VECTOR('',#1561,1.);
#1561 = DIRECTION('',(1.,0.));
#1562 = ( GEOMETRIC_REPRESENTATION_CONTEXT(2) 
PARAMETRIC_REPRESENTATION_CONTEXT() REPRESENTATION_CONTEXT('2D SPACE',''
  ) );
#1563 = PCURVE('',#1171,#1564);
#1564 = DEFINITIONAL_REPRESENTATION('',(#1565),#1569);
#1565 = LINE('',#1566,#1567);
#1566 = CARTESIAN_POINT('',(0.633503853658,-0.896053681225));
#1567 = VECTOR('',#1568,1.);
#1568 = DIRECTION('',(0.,1.));
#1569 = ( GEOMETRIC_REPRESENTATION_CONTEXT(2) 
PARAMETRIC_REPRESENTATION_CONTEXT() REPRESENTATION_CONTEXT('2D SPACE',''
  ) );
#1570 = ORIENTED_EDGE('',*,*,#1524,.F.);
#1571 = ORIENTED_EDGE('',*,*,#1320,.F.);
#1572 = ORIENTED_EDGE('',*,*,#1573,.T.);
#1573 = EDGE_CURVE('',#1293,#1549,#1574,.T.);
#1574 = SURFACE_CURVE('',#1575,(#1579,#1586),.PCURVE_S1.);
#1575 = LINE('',#1576,#1577);
#1576 = CARTESIAN_POINT('',(-5.15,4.65,0.));
#1577 = VECTOR('',#1578,1.);
#1578 = DIRECTION('',(0.,-1.,0.));
#1579 = PCURVE('',#1336,#1580);
#1580 = DEFINITIONAL_REPRESENTATION('',(#1581),#1585);
#1581 = LINE('',#1582,#1583);
#1582 = CARTESIAN_POINT('',(0.,0.205));
#1583 = VECTOR('',#1584,1.);
#1584 = DIRECTION('',(0.,-1.));
#1585 = ( GEOMETRIC_REPRESENTATION_CONTEXT(2) 
PARAMETRIC_REPRESENTATION_CONTEXT() REPRESENTATION_CONTEXT('2D SPACE',''
  ) );
#1586 = PCURVE('',#1308,#1587);
#1587 = DEFINITIONAL_REPRESENTATION('',(#1588),#1592);
#1588 = LINE('',#1589,#1590);
#1589 = CARTESIAN_POINT('',(0.25,0.205));
#1590 = VECTOR('',#1591,1.);
#1591 = DIRECTION('',(0.,-1.));
#1592 = ( GEOMETRIC_REPRESENTATION_CONTEXT(2) 
PARAMETRIC_REPRESENTATION_CONTEXT() REPRESENTATION_CONTEXT('2D SPACE',''
  ) );
#1593 = ADVANCED_FACE('',(#1594),#1308,.F.);
#1594 = FACE_BOUND('',#1595,.F.);
#1595 = EDGE_LOOP('',(#1596,#1619,#1620,#1621));
#1596 = ORIENTED_EDGE('',*,*,#1597,.T.);
#1597 = EDGE_CURVE('',#1598,#1549,#1600,.T.);
#1598 = VERTEX_POINT('',#1599);
#1599 = CARTESIAN_POINT('',(-5.15,4.24,0.25));
#1600 = SURFACE_CURVE('',#1601,(#1605,#1612),.PCURVE_S1.);
#1601 = LINE('',#1602,#1603);
#1602 = CARTESIAN_POINT('',(-5.15,4.24,0.25));
#1603 = VECTOR('',#1604,1.);
#1604 = DIRECTION('',(0.,0.,-1.));
#1605 = PCURVE('',#1308,#1606);
#1606 = DEFINITIONAL_REPRESENTATION('',(#1607),#1611);
#1607 = LINE('',#1608,#1609);
#1608 = CARTESIAN_POINT('',(0.,-0.205));
#1609 = VECTOR('',#1610,1.);
#1610 = DIRECTION('',(1.,0.));
#1611 = ( GEOMETRIC_REPRESENTATION_CONTEXT(2) 
PARAMETRIC_REPRESENTATION_CONTEXT() REPRESENTATION_CONTEXT('2D SPACE',''
  ) );
#1612 = PCURVE('',#1171,#1613);
#1613 = DEFINITIONAL_REPRESENTATION('',(#1614),#1618);
#1614 = LINE('',#1615,#1616);
#1615 = CARTESIAN_POINT('',(0.383503853658,-0.896053681225));
#1616 = VECTOR('',#1617,1.);
#1617 = DIRECTION('',(1.,0.));
#1618 = ( GEOMETRIC_REPRESENTATION_CONTEXT(2) 
PARAMETRIC_REPRESENTATION_CONTEXT() REPRESENTATION_CONTEXT('2D SPACE',''
  ) );
#1619 = ORIENTED_EDGE('',*,*,#1573,.F.);
#1620 = ORIENTED_EDGE('',*,*,#1292,.F.);
#1621 = ORIENTED_EDGE('',*,*,#1622,.T.);
#1622 = EDGE_CURVE('',#1265,#1598,#1623,.T.);
#1623 = SURFACE_CURVE('',#1624,(#1628,#1635),.PCURVE_S1.);
#1624 = LINE('',#1625,#1626);
#1625 = CARTESIAN_POINT('',(-5.15,4.65,0.25));
#1626 = VECTOR('',#1627,1.);
#1627 = DIRECTION('',(0.,-1.,0.));
#1628 = PCURVE('',#1308,#1629);
#1629 = DEFINITIONAL_REPRESENTATION('',(#1630),#1634);
#1630 = LINE('',#1631,#1632);
#1631 = CARTESIAN_POINT('',(0.,0.205));
#1632 = VECTOR('',#1633,1.);
#1633 = DIRECTION('',(0.,-1.));
#1634 = ( GEOMETRIC_REPRESENTATION_CONTEXT(2) 
PARAMETRIC_REPRESENTATION_CONTEXT() REPRESENTATION_CONTEXT('2D SPACE',''
  ) );
#1635 = PCURVE('',#1280,#1636);
#1636 = DEFINITIONAL_REPRESENTATION('',(#1637),#1641);
#1637 = LINE('',#1638,#1639);
#1638 = CARTESIAN_POINT('',(0.7,0.205));
#1639 = VECTOR('',#1640,1.);
#1640 = DIRECTION('',(0.,-1.));
#1641 = ( GEOMETRIC_REPRESENTATION_CONTEXT(2) 
PARAMETRIC_REPRESENTATION_CONTEXT() REPRESENTATION_CONTEXT('2D SPACE',''
  ) );
#1642 = ADVANCED_FACE('',(#1643),#1280,.F.);
#1643 = FACE_BOUND('',#1644,.F.);
#1644 = EDGE_LOOP('',(#1645,#1668,#1669,#1670));
#1645 = ORIENTED_EDGE('',*,*,#1646,.T.);
#1646 = EDGE_CURVE('',#1647,#1598,#1649,.T.);
#1647 = VERTEX_POINT('',#1648);
#1648 = CARTESIAN_POINT('',(-4.45,4.24,0.25));
#1649 = SURFACE_CURVE('',#1650,(#1654,#1661),.PCURVE_S1.);
#1650 = LINE('',#1651,#1652);
#1651 = CARTESIAN_POINT('',(-4.45,4.24,0.25));
#1652 = VECTOR('',#1653,1.);
#1653 = DIRECTION('',(-1.,0.,0.));
#1654 = PCURVE('',#1280,#1655);
#1655 = DEFINITIONAL_REPRESENTATION('',(#1656),#1660);
#1656 = LINE('',#1657,#1658);
#1657 = CARTESIAN_POINT('',(0.,-0.205));
#1658 = VECTOR('',#1659,1.);
#1659 = DIRECTION('',(1.,0.));
#1660 = ( GEOMETRIC_REPRESENTATION_CONTEXT(2) 
PARAMETRIC_REPRESENTATION_CONTEXT() REPRESENTATION_CONTEXT('2D SPACE',''
  ) );
#1661 = PCURVE('',#1171,#1662);
#1662 = DEFINITIONAL_REPRESENTATION('',(#1663),#1667);
#1663 = LINE('',#1664,#1665);
#1664 = CARTESIAN_POINT('',(0.383503853658,-0.196053681225));
#1665 = VECTOR('',#1666,1.);
#1666 = DIRECTION('',(0.,-1.));
#1667 = ( GEOMETRIC_REPRESENTATION_CONTEXT(2) 
PARAMETRIC_REPRESENTATION_CONTEXT() REPRESENTATION_CONTEXT('2D SPACE',''
  ) );
#1668 = ORIENTED_EDGE('',*,*,#1622,.F.);
#1669 = ORIENTED_EDGE('',*,*,#1264,.F.);
#1670 = ORIENTED_EDGE('',*,*,#1671,.T.);
#1671 = EDGE_CURVE('',#1242,#1647,#1672,.T.);
#1672 = SURFACE_CURVE('',#1673,(#1677,#1684),.PCURVE_S1.);
#1673 = LINE('',#1674,#1675);
#1674 = CARTESIAN_POINT('',(-4.45,4.65,0.25));
#1675 = VECTOR('',#1676,1.);
#1676 = DIRECTION('',(0.,-1.,0.));
#1677 = PCURVE('',#1280,#1678);
#1678 = DEFINITIONAL_REPRESENTATION('',(#1679),#1683);
#1679 = LINE('',#1680,#1681);
#1680 = CARTESIAN_POINT('',(0.,0.205));
#1681 = VECTOR('',#1682,1.);
#1682 = DIRECTION('',(0.,-1.));
#1683 = ( GEOMETRIC_REPRESENTATION_CONTEXT(2) 
PARAMETRIC_REPRESENTATION_CONTEXT() REPRESENTATION_CONTEXT('2D SPACE',''
  ) );
#1684 = PCURVE('',#1199,#1685);
#1685 = DEFINITIONAL_REPRESENTATION('',(#1686),#1690);
#1686 = LINE('',#1687,#1688);
#1687 = CARTESIAN_POINT('',(1.13054190546,0.205));
#1688 = VECTOR('',#1689,1.);
#1689 = DIRECTION('',(-0.,-1.));
#1690 = ( GEOMETRIC_REPRESENTATION_CONTEXT(2) 
PARAMETRIC_REPRESENTATION_CONTEXT() REPRESENTATION_CONTEXT('2D SPACE',''
  ) );
#1691 = ADVANCED_FACE('',(#1692),#1199,.F.);
#1692 = FACE_BOUND('',#1693,.F.);
#1693 = EDGE_LOOP('',(#1694,#1715,#1716,#1717));
#1694 = ORIENTED_EDGE('',*,*,#1695,.T.);
#1695 = EDGE_CURVE('',#1156,#1647,#1696,.T.);
#1696 = SURFACE_CURVE('',#1697,(#1701,#1708),.PCURVE_S1.);
#1697 = LINE('',#1698,#1699);
#1698 = CARTESIAN_POINT('',(-4.1,4.24,1.325));
#1699 = VECTOR('',#1700,1.);
#1700 = DIRECTION('',(-0.309586047461,0.,-0.950871431487));
#1701 = PCURVE('',#1199,#1702);
#1702 = DEFINITIONAL_REPRESENTATION('',(#1703),#1707);
#1703 = LINE('',#1704,#1705);
#1704 = CARTESIAN_POINT('',(-0.,-0.205));
#1705 = VECTOR('',#1706,1.);
#1706 = DIRECTION('',(1.,0.));
#1707 = ( GEOMETRIC_REPRESENTATION_CONTEXT(2) 
PARAMETRIC_REPRESENTATION_CONTEXT() REPRESENTATION_CONTEXT('2D SPACE',''
  ) );
#1708 = PCURVE('',#1171,#1709);
#1709 = DEFINITIONAL_REPRESENTATION('',(#1710),#1714);
#1710 = LINE('',#1711,#1712);
#1711 = CARTESIAN_POINT('',(-0.691496146342,0.153946318775));
#1712 = VECTOR('',#1713,1.);
#1713 = DIRECTION('',(0.950871431487,-0.309586047461));
#1714 = ( GEOMETRIC_REPRESENTATION_CONTEXT(2) 
PARAMETRIC_REPRESENTATION_CONTEXT() REPRESENTATION_CONTEXT('2D SPACE',''
  ) );
#1715 = ORIENTED_EDGE('',*,*,#1671,.F.);
#1716 = ORIENTED_EDGE('',*,*,#1241,.F.);
#1717 = ORIENTED_EDGE('',*,*,#1183,.T.);
#1718 = ADVANCED_FACE('',(#1719),#1171,.T.);
#1719 = FACE_BOUND('',#1720,.T.);
#1720 = EDGE_LOOP('',(#1721,#1722,#1723,#1724,#1725,#1726,#1727,#1728));
#1721 = ORIENTED_EDGE('',*,*,#1155,.T.);
#1722 = ORIENTED_EDGE('',*,*,#1695,.T.);
#1723 = ORIENTED_EDGE('',*,*,#1646,.T.);
#1724 = ORIENTED_EDGE('',*,*,#1597,.T.);
#1725 = ORIENTED_EDGE('',*,*,#1548,.T.);
#1726 = ORIENTED_EDGE('',*,*,#1499,.T.);
#1727 = ORIENTED_EDGE('',*,*,#1451,.T.);
#1728 = ORIENTED_EDGE('',*,*,#1729,.T.);
#1729 = EDGE_CURVE('',#1452,#1121,#1730,.T.);
#1730 = SURFACE_CURVE('',#1731,(#1735,#1742),.PCURVE_S1.);
#1731 = LINE('',#1732,#1733);
#1732 = CARTESIAN_POINT('',(-3.4,4.24,1.075));
#1733 = VECTOR('',#1734,1.);
#1734 = DIRECTION('',(0.,0.,1.));
#1735 = PCURVE('',#1171,#1736);
#1736 = DEFINITIONAL_REPRESENTATION('',(#1737),#1741);
#1737 = LINE('',#1738,#1739);
#1738 = CARTESIAN_POINT('',(-0.441496146342,0.853946318775));
#1739 = VECTOR('',#1740,1.);
#1740 = DIRECTION('',(-1.,0.));
#1741 = ( GEOMETRIC_REPRESENTATION_CONTEXT(2) 
PARAMETRIC_REPRESENTATION_CONTEXT() REPRESENTATION_CONTEXT('2D SPACE',''
  ) );
#1742 = PCURVE('',#1143,#1743);
#1743 = DEFINITIONAL_REPRESENTATION('',(#1744),#1748);
#1744 = LINE('',#1745,#1746);
#1745 = CARTESIAN_POINT('',(0.,-0.205));
#1746 = VECTOR('',#1747,1.);
#1747 = DIRECTION('',(1.,0.));
#1748 = ( GEOMETRIC_REPRESENTATION_CONTEXT(2) 
PARAMETRIC_REPRESENTATION_CONTEXT() REPRESENTATION_CONTEXT('2D SPACE',''
  ) );
#1749 = ADVANCED_FACE('',(#1750),#1143,.F.);
#1750 = FACE_BOUND('',#1751,.F.);
#1751 = EDGE_LOOP('',(#1752,#1753,#1754,#1755));
#1752 = ORIENTED_EDGE('',*,*,#1474,.F.);
#1753 = ORIENTED_EDGE('',*,*,#1729,.T.);
#1754 = ORIENTED_EDGE('',*,*,#1120,.T.);
#1755 = ORIENTED_EDGE('',*,*,#1404,.F.);
#1756 = MANIFOLD_SOLID_BREP('',#1757);
#1757 = CLOSED_SHELL('',(#1758,#1878,#2066,#2137,#2186,#2235,#2284,#2333
    ,#2360,#2391));
#1758 = ADVANCED_FACE('',(#1759),#1773,.F.);
#1759 = FACE_BOUND('',#1760,.F.);
#1760 = EDGE_LOOP('',(#1761,#1796,#1824,#1852));
#1761 = ORIENTED_EDGE('',*,*,#1762,.F.);
#1762 = EDGE_CURVE('',#1763,#1765,#1767,.T.);
#1763 = VERTEX_POINT('',#1764);
#1764 = CARTESIAN_POINT('',(-3.4,2.97,1.325));
#1765 = VERTEX_POINT('',#1766);
#1766 = CARTESIAN_POINT('',(-3.4,3.38,1.325));
#1767 = SURFACE_CURVE('',#1768,(#1772,#1784),.PCURVE_S1.);
#1768 = LINE('',#1769,#1770);
#1769 = CARTESIAN_POINT('',(-3.4,2.97,1.325));
#1770 = VECTOR('',#1771,1.);
#1771 = DIRECTION('',(0.,1.,0.));
#1772 = PCURVE('',#1773,#1778);
#1773 = PLANE('',#1774);
#1774 = AXIS2_PLACEMENT_3D('',#1775,#1776,#1777);
#1775 = CARTESIAN_POINT('',(-3.4,3.175,1.325));
#1776 = DIRECTION('',(-0.,-0.,-1.));
#1777 = DIRECTION('',(-1.,0.,0.));
#1778 = DEFINITIONAL_REPRESENTATION('',(#1779),#1783);
#1779 = LINE('',#1780,#1781);
#1780 = CARTESIAN_POINT('',(0.,-0.205));
#1781 = VECTOR('',#1782,1.);
#1782 = DIRECTION('',(0.,1.));
#1783 = ( GEOMETRIC_REPRESENTATION_CONTEXT(2) 
PARAMETRIC_REPRESENTATION_CONTEXT() REPRESENTATION_CONTEXT('2D SPACE',''
  ) );
#1784 = PCURVE('',#1785,#1790);
#1785 = PLANE('',#1786);
#1786 = AXIS2_PLACEMENT_3D('',#1787,#1788,#1789);
#1787 = CARTESIAN_POINT('',(-3.4,3.175,1.075));
#1788 = DIRECTION('',(-1.,0.,0.));
#1789 = DIRECTION('',(0.,0.,1.));
#1790 = DEFINITIONAL_REPRESENTATION('',(#1791),#1795);
#1791 = LINE('',#1792,#1793);
#1792 = CARTESIAN_POINT('',(0.25,-0.205));
#1793 = VECTOR('',#1794,1.);
#1794 = DIRECTION('',(0.,1.));
#1795 = ( GEOMETRIC_REPRESENTATION_CONTEXT(2) 
PARAMETRIC_REPRESENTATION_CONTEXT() REPRESENTATION_CONTEXT('2D SPACE',''
  ) );
#1796 = ORIENTED_EDGE('',*,*,#1797,.T.);
#1797 = EDGE_CURVE('',#1763,#1798,#1800,.T.);
#1798 = VERTEX_POINT('',#1799);
#1799 = CARTESIAN_POINT('',(-4.1,2.97,1.325));
#1800 = SURFACE_CURVE('',#1801,(#1805,#1812),.PCURVE_S1.);
#1801 = LINE('',#1802,#1803);
#1802 = CARTESIAN_POINT('',(-3.4,2.97,1.325));
#1803 = VECTOR('',#1804,1.);
#1804 = DIRECTION('',(-1.,0.,0.));
#1805 = PCURVE('',#1773,#1806);
#1806 = DEFINITIONAL_REPRESENTATION('',(#1807),#1811);
#1807 = LINE('',#1808,#1809);
#1808 = CARTESIAN_POINT('',(0.,-0.205));
#1809 = VECTOR('',#1810,1.);
#1810 = DIRECTION('',(1.,0.));
#1811 = ( GEOMETRIC_REPRESENTATION_CONTEXT(2) 
PARAMETRIC_REPRESENTATION_CONTEXT() REPRESENTATION_CONTEXT('2D SPACE',''
  ) );
#1812 = PCURVE('',#1813,#1818);
#1813 = PLANE('',#1814);
#1814 = AXIS2_PLACEMENT_3D('',#1815,#1816,#1817);
#1815 = CARTESIAN_POINT('',(-4.253946318775,2.97,0.633503853658));
#1816 = DIRECTION('',(-0.,-1.,-0.));
#1817 = DIRECTION('',(0.,0.,-1.));
#1818 = DEFINITIONAL_REPRESENTATION('',(#1819),#1823);
#1819 = LINE('',#1820,#1821);
#1820 = CARTESIAN_POINT('',(-0.691496146342,0.853946318775));
#1821 = VECTOR('',#1822,1.);
#1822 = DIRECTION('',(0.,-1.));
#1823 = ( GEOMETRIC_REPRESENTATION_CONTEXT(2) 
PARAMETRIC_REPRESENTATION_CONTEXT() REPRESENTATION_CONTEXT('2D SPACE',''
  ) );
#1824 = ORIENTED_EDGE('',*,*,#1825,.F.);
#1825 = EDGE_CURVE('',#1826,#1798,#1828,.T.);
#1826 = VERTEX_POINT('',#1827);
#1827 = CARTESIAN_POINT('',(-4.1,3.38,1.325));
#1828 = SURFACE_CURVE('',#1829,(#1833,#1840),.PCURVE_S1.);
#1829 = LINE('',#1830,#1831);
#1830 = CARTESIAN_POINT('',(-4.1,3.38,1.325));
#1831 = VECTOR('',#1832,1.);
#1832 = DIRECTION('',(0.,-1.,0.));
#1833 = PCURVE('',#1773,#1834);
#1834 = DEFINITIONAL_REPRESENTATION('',(#1835),#1839);
#1835 = LINE('',#1836,#1837);
#1836 = CARTESIAN_POINT('',(0.7,0.205));
#1837 = VECTOR('',#1838,1.);
#1838 = DIRECTION('',(0.,-1.));
#1839 = ( GEOMETRIC_REPRESENTATION_CONTEXT(2) 
PARAMETRIC_REPRESENTATION_CONTEXT() REPRESENTATION_CONTEXT('2D SPACE',''
  ) );
#1840 = PCURVE('',#1841,#1846);
#1841 = PLANE('',#1842);
#1842 = AXIS2_PLACEMENT_3D('',#1843,#1844,#1845);
#1843 = CARTESIAN_POINT('',(-4.1,3.175,1.325));
#1844 = DIRECTION('',(0.950871431487,0.,-0.309586047461));
#1845 = DIRECTION('',(-0.309586047461,0.,-0.950871431487));
#1846 = DEFINITIONAL_REPRESENTATION('',(#1847),#1851);
#1847 = LINE('',#1848,#1849);
#1848 = CARTESIAN_POINT('',(0.,0.205));
#1849 = VECTOR('',#1850,1.);
#1850 = DIRECTION('',(-0.,-1.));
#1851 = ( GEOMETRIC_REPRESENTATION_CONTEXT(2) 
PARAMETRIC_REPRESENTATION_CONTEXT() REPRESENTATION_CONTEXT('2D SPACE',''
  ) );
#1852 = ORIENTED_EDGE('',*,*,#1853,.F.);
#1853 = EDGE_CURVE('',#1765,#1826,#1854,.T.);
#1854 = SURFACE_CURVE('',#1855,(#1859,#1866),.PCURVE_S1.);
#1855 = LINE('',#1856,#1857);
#1856 = CARTESIAN_POINT('',(-3.4,3.38,1.325));
#1857 = VECTOR('',#1858,1.);
#1858 = DIRECTION('',(-1.,0.,0.));
#1859 = PCURVE('',#1773,#1860);
#1860 = DEFINITIONAL_REPRESENTATION('',(#1861),#1865);
#1861 = LINE('',#1862,#1863);
#1862 = CARTESIAN_POINT('',(0.,0.205));
#1863 = VECTOR('',#1864,1.);
#1864 = DIRECTION('',(1.,0.));
#1865 = ( GEOMETRIC_REPRESENTATION_CONTEXT(2) 
PARAMETRIC_REPRESENTATION_CONTEXT() REPRESENTATION_CONTEXT('2D SPACE',''
  ) );
#1866 = PCURVE('',#1867,#1872);
#1867 = PLANE('',#1868);
#1868 = AXIS2_PLACEMENT_3D('',#1869,#1870,#1871);
#1869 = CARTESIAN_POINT('',(-4.253946318775,3.38,0.633503853658));
#1870 = DIRECTION('',(-0.,-1.,-0.));
#1871 = DIRECTION('',(0.,0.,-1.));
#1872 = DEFINITIONAL_REPRESENTATION('',(#1873),#1877);
#1873 = LINE('',#1874,#1875);
#1874 = CARTESIAN_POINT('',(-0.691496146342,0.853946318775));
#1875 = VECTOR('',#1876,1.);
#1876 = DIRECTION('',(0.,-1.));
#1877 = ( GEOMETRIC_REPRESENTATION_CONTEXT(2) 
PARAMETRIC_REPRESENTATION_CONTEXT() REPRESENTATION_CONTEXT('2D SPACE',''
  ) );
#1878 = ADVANCED_FACE('',(#1879),#1867,.F.);
#1879 = FACE_BOUND('',#1880,.F.);
#1880 = EDGE_LOOP('',(#1881,#1882,#1905,#1933,#1961,#1989,#2017,#2045));
#1881 = ORIENTED_EDGE('',*,*,#1853,.T.);
#1882 = ORIENTED_EDGE('',*,*,#1883,.T.);
#1883 = EDGE_CURVE('',#1826,#1884,#1886,.T.);
#1884 = VERTEX_POINT('',#1885);
#1885 = CARTESIAN_POINT('',(-4.45,3.38,0.25));
#1886 = SURFACE_CURVE('',#1887,(#1891,#1898),.PCURVE_S1.);
#1887 = LINE('',#1888,#1889);
#1888 = CARTESIAN_POINT('',(-4.1,3.38,1.325));
#1889 = VECTOR('',#1890,1.);
#1890 = DIRECTION('',(-0.309586047461,0.,-0.950871431487));
#1891 = PCURVE('',#1867,#1892);
#1892 = DEFINITIONAL_REPRESENTATION('',(#1893),#1897);
#1893 = LINE('',#1894,#1895);
#1894 = CARTESIAN_POINT('',(-0.691496146342,0.153946318775));
#1895 = VECTOR('',#1896,1.);
#1896 = DIRECTION('',(0.950871431487,-0.309586047461));
#1897 = ( GEOMETRIC_REPRESENTATION_CONTEXT(2) 
PARAMETRIC_REPRESENTATION_CONTEXT() REPRESENTATION_CONTEXT('2D SPACE',''
  ) );
#1898 = PCURVE('',#1841,#1899);
#1899 = DEFINITIONAL_REPRESENTATION('',(#1900),#1904);
#1900 = LINE('',#1901,#1902);
#1901 = CARTESIAN_POINT('',(0.,0.205));
#1902 = VECTOR('',#1903,1.);
#1903 = DIRECTION('',(1.,0.));
#1904 = ( GEOMETRIC_REPRESENTATION_CONTEXT(2) 
PARAMETRIC_REPRESENTATION_CONTEXT() REPRESENTATION_CONTEXT('2D SPACE',''
  ) );
#1905 = ORIENTED_EDGE('',*,*,#1906,.T.);
#1906 = EDGE_CURVE('',#1884,#1907,#1909,.T.);
#1907 = VERTEX_POINT('',#1908);
#1908 = CARTESIAN_POINT('',(-5.15,3.38,0.25));
#1909 = SURFACE_CURVE('',#1910,(#1914,#1921),.PCURVE_S1.);
#1910 = LINE('',#1911,#1912);
#1911 = CARTESIAN_POINT('',(-4.45,3.38,0.25));
#1912 = VECTOR('',#1913,1.);
#1913 = DIRECTION('',(-1.,0.,0.));
#1914 = PCURVE('',#1867,#1915);
#1915 = DEFINITIONAL_REPRESENTATION('',(#1916),#1920);
#1916 = LINE('',#1917,#1918);
#1917 = CARTESIAN_POINT('',(0.383503853658,-0.196053681225));
#1918 = VECTOR('',#1919,1.);
#1919 = DIRECTION('',(0.,-1.));
#1920 = ( GEOMETRIC_REPRESENTATION_CONTEXT(2) 
PARAMETRIC_REPRESENTATION_CONTEXT() REPRESENTATION_CONTEXT('2D SPACE',''
  ) );
#1921 = PCURVE('',#1922,#1927);
#1922 = PLANE('',#1923);
#1923 = AXIS2_PLACEMENT_3D('',#1924,#1925,#1926);
#1924 = CARTESIAN_POINT('',(-4.45,3.175,0.25));
#1925 = DIRECTION('',(-0.,-0.,-1.));
#1926 = DIRECTION('',(-1.,0.,0.));
#1927 = DEFINITIONAL_REPRESENTATION('',(#1928),#1932);
#1928 = LINE('',#1929,#1930);
#1929 = CARTESIAN_POINT('',(0.,0.205));
#1930 = VECTOR('',#1931,1.);
#1931 = DIRECTION('',(1.,0.));
#1932 = ( GEOMETRIC_REPRESENTATION_CONTEXT(2) 
PARAMETRIC_REPRESENTATION_CONTEXT() REPRESENTATION_CONTEXT('2D SPACE',''
  ) );
#1933 = ORIENTED_EDGE('',*,*,#1934,.T.);
#1934 = EDGE_CURVE('',#1907,#1935,#1937,.T.);
#1935 = VERTEX_POINT('',#1936);
#1936 = CARTESIAN_POINT('',(-5.15,3.38,0.));
#1937 = SURFACE_CURVE('',#1938,(#1942,#1949),.PCURVE_S1.);
#1938 = LINE('',#1939,#1940);
#1939 = CARTESIAN_POINT('',(-5.15,3.38,0.25));
#1940 = VECTOR('',#1941,1.);
#1941 = DIRECTION('',(0.,0.,-1.));
#1942 = PCURVE('',#1867,#1943);
#1943 = DEFINITIONAL_REPRESENTATION('',(#1944),#1948);
#1944 = LINE('',#1945,#1946);
#1945 = CARTESIAN_POINT('',(0.383503853658,-0.896053681225));
#1946 = VECTOR('',#1947,1.);
#1947 = DIRECTION('',(1.,0.));
#1948 = ( GEOMETRIC_REPRESENTATION_CONTEXT(2) 
PARAMETRIC_REPRESENTATION_CONTEXT() REPRESENTATION_CONTEXT('2D SPACE',''
  ) );
#1949 = PCURVE('',#1950,#1955);
#1950 = PLANE('',#1951);
#1951 = AXIS2_PLACEMENT_3D('',#1952,#1953,#1954);
#1952 = CARTESIAN_POINT('',(-5.15,3.175,0.25));
#1953 = DIRECTION('',(1.,0.,0.));
#1954 = DIRECTION('',(0.,0.,-1.));
#1955 = DEFINITIONAL_REPRESENTATION('',(#1956),#1960);
#1956 = LINE('',#1957,#1958);
#1957 = CARTESIAN_POINT('',(0.,0.205));
#1958 = VECTOR('',#1959,1.);
#1959 = DIRECTION('',(1.,0.));
#1960 = ( GEOMETRIC_REPRESENTATION_CONTEXT(2) 
PARAMETRIC_REPRESENTATION_CONTEXT() REPRESENTATION_CONTEXT('2D SPACE',''
  ) );
#1961 = ORIENTED_EDGE('',*,*,#1962,.T.);
#1962 = EDGE_CURVE('',#1935,#1963,#1965,.T.);
#1963 = VERTEX_POINT('',#1964);
#1964 = CARTESIAN_POINT('',(-4.3,3.38,0.));
#1965 = SURFACE_CURVE('',#1966,(#1970,#1977),.PCURVE_S1.);
#1966 = LINE('',#1967,#1968);
#1967 = CARTESIAN_POINT('',(-5.15,3.38,0.));
#1968 = VECTOR('',#1969,1.);
#1969 = DIRECTION('',(1.,0.,0.));
#1970 = PCURVE('',#1867,#1971);
#1971 = DEFINITIONAL_REPRESENTATION('',(#1972),#1976);
#1972 = LINE('',#1973,#1974);
#1973 = CARTESIAN_POINT('',(0.633503853658,-0.896053681225));
#1974 = VECTOR('',#1975,1.);
#1975 = DIRECTION('',(0.,1.));
#1976 = ( GEOMETRIC_REPRESENTATION_CONTEXT(2) 
PARAMETRIC_REPRESENTATION_CONTEXT() REPRESENTATION_CONTEXT('2D SPACE',''
  ) );
#1977 = PCURVE('',#1978,#1983);
#1978 = PLANE('',#1979);
#1979 = AXIS2_PLACEMENT_3D('',#1980,#1981,#1982);
#1980 = CARTESIAN_POINT('',(-5.15,3.175,0.));
#1981 = DIRECTION('',(-0.,0.,1.));
#1982 = DIRECTION('',(1.,0.,0.));
#1983 = DEFINITIONAL_REPRESENTATION('',(#1984),#1988);
#1984 = LINE('',#1985,#1986);
#1985 = CARTESIAN_POINT('',(0.,0.205));
#1986 = VECTOR('',#1987,1.);
#1987 = DIRECTION('',(1.,0.));
#1988 = ( GEOMETRIC_REPRESENTATION_CONTEXT(2) 
PARAMETRIC_REPRESENTATION_CONTEXT() REPRESENTATION_CONTEXT('2D SPACE',''
  ) );
#1989 = ORIENTED_EDGE('',*,*,#1990,.T.);
#1990 = EDGE_CURVE('',#1963,#1991,#1993,.T.);
#1991 = VERTEX_POINT('',#1992);
#1992 = CARTESIAN_POINT('',(-3.95,3.38,1.075));
#1993 = SURFACE_CURVE('',#1994,(#1998,#2005),.PCURVE_S1.);
#1994 = LINE('',#1995,#1996);
#1995 = CARTESIAN_POINT('',(-4.3,3.38,0.));
#1996 = VECTOR('',#1997,1.);
#1997 = DIRECTION('',(0.309586047461,0.,0.950871431487));
#1998 = PCURVE('',#1867,#1999);
#1999 = DEFINITIONAL_REPRESENTATION('',(#2000),#2004);
#2000 = LINE('',#2001,#2002);
#2001 = CARTESIAN_POINT('',(0.633503853658,-4.6053681225E-02));
#2002 = VECTOR('',#2003,1.);
#2003 = DIRECTION('',(-0.950871431487,0.309586047461));
#2004 = ( GEOMETRIC_REPRESENTATION_CONTEXT(2) 
PARAMETRIC_REPRESENTATION_CONTEXT() REPRESENTATION_CONTEXT('2D SPACE',''
  ) );
#2005 = PCURVE('',#2006,#2011);
#2006 = PLANE('',#2007);
#2007 = AXIS2_PLACEMENT_3D('',#2008,#2009,#2010);
#2008 = CARTESIAN_POINT('',(-4.3,3.175,0.));
#2009 = DIRECTION('',(-0.950871431487,0.,0.309586047461));
#2010 = DIRECTION('',(0.309586047461,0.,0.950871431487));
#2011 = DEFINITIONAL_REPRESENTATION('',(#2012),#2016);
#2012 = LINE('',#2013,#2014);
#2013 = CARTESIAN_POINT('',(0.,0.205));
#2014 = VECTOR('',#2015,1.);
#2015 = DIRECTION('',(1.,0.));
#2016 = ( GEOMETRIC_REPRESENTATION_CONTEXT(2) 
PARAMETRIC_REPRESENTATION_CONTEXT() REPRESENTATION_CONTEXT('2D SPACE',''
  ) );
#2017 = ORIENTED_EDGE('',*,*,#2018,.T.);
#2018 = EDGE_CURVE('',#1991,#2019,#2021,.T.);
#2019 = VERTEX_POINT('',#2020);
#2020 = CARTESIAN_POINT('',(-3.4,3.38,1.075));
#2021 = SURFACE_CURVE('',#2022,(#2026,#2033),.PCURVE_S1.);
#2022 = LINE('',#2023,#2024);
#2023 = CARTESIAN_POINT('',(-3.95,3.38,1.075));
#2024 = VECTOR('',#2025,1.);
#2025 = DIRECTION('',(1.,0.,0.));
#2026 = PCURVE('',#1867,#2027);
#2027 = DEFINITIONAL_REPRESENTATION('',(#2028),#2032);
#2028 = LINE('',#2029,#2030);
#2029 = CARTESIAN_POINT('',(-0.441496146342,0.303946318775));
#2030 = VECTOR('',#2031,1.);
#2031 = DIRECTION('',(0.,1.));
#2032 = ( GEOMETRIC_REPRESENTATION_CONTEXT(2) 
PARAMETRIC_REPRESENTATION_CONTEXT() REPRESENTATION_CONTEXT('2D SPACE',''
  ) );
#2033 = PCURVE('',#2034,#2039);
#2034 = PLANE('',#2035);
#2035 = AXIS2_PLACEMENT_3D('',#2036,#2037,#2038);
#2036 = CARTESIAN_POINT('',(-3.95,3.175,1.075));
#2037 = DIRECTION('',(-0.,0.,1.));
#2038 = DIRECTION('',(1.,0.,0.));
#2039 = DEFINITIONAL_REPRESENTATION('',(#2040),#2044);
#2040 = LINE('',#2041,#2042);
#2041 = CARTESIAN_POINT('',(0.,0.205));
#2042 = VECTOR('',#2043,1.);
#2043 = DIRECTION('',(1.,0.));
#2044 = ( GEOMETRIC_REPRESENTATION_CONTEXT(2) 
PARAMETRIC_REPRESENTATION_CONTEXT() REPRESENTATION_CONTEXT('2D SPACE',''
  ) );
#2045 = ORIENTED_EDGE('',*,*,#2046,.T.);
#2046 = EDGE_CURVE('',#2019,#1765,#2047,.T.);
#2047 = SURFACE_CURVE('',#2048,(#2052,#2059),.PCURVE_S1.);
#2048 = LINE('',#2049,#2050);
#2049 = CARTESIAN_POINT('',(-3.4,3.38,1.075));
#2050 = VECTOR('',#2051,1.);
#2051 = DIRECTION('',(0.,0.,1.));
#2052 = PCURVE('',#1867,#2053);
#2053 = DEFINITIONAL_REPRESENTATION('',(#2054),#2058);
#2054 = LINE('',#2055,#2056);
#2055 = CARTESIAN_POINT('',(-0.441496146342,0.853946318775));
#2056 = VECTOR('',#2057,1.);
#2057 = DIRECTION('',(-1.,0.));
#2058 = ( GEOMETRIC_REPRESENTATION_CONTEXT(2) 
PARAMETRIC_REPRESENTATION_CONTEXT() REPRESENTATION_CONTEXT('2D SPACE',''
  ) );
#2059 = PCURVE('',#1785,#2060);
#2060 = DEFINITIONAL_REPRESENTATION('',(#2061),#2065);
#2061 = LINE('',#2062,#2063);
#2062 = CARTESIAN_POINT('',(0.,0.205));
#2063 = VECTOR('',#2064,1.);
#2064 = DIRECTION('',(1.,0.));
#2065 = ( GEOMETRIC_REPRESENTATION_CONTEXT(2) 
PARAMETRIC_REPRESENTATION_CONTEXT() REPRESENTATION_CONTEXT('2D SPACE',''
  ) );
#2066 = ADVANCED_FACE('',(#2067),#2034,.F.);
#2067 = FACE_BOUND('',#2068,.F.);
#2068 = EDGE_LOOP('',(#2069,#2092,#2115,#2136));
#2069 = ORIENTED_EDGE('',*,*,#2070,.F.);
#2070 = EDGE_CURVE('',#2071,#1991,#2073,.T.);
#2071 = VERTEX_POINT('',#2072);
#2072 = CARTESIAN_POINT('',(-3.95,2.97,1.075));
#2073 = SURFACE_CURVE('',#2074,(#2078,#2085),.PCURVE_S1.);
#2074 = LINE('',#2075,#2076);
#2075 = CARTESIAN_POINT('',(-3.95,2.97,1.075));
#2076 = VECTOR('',#2077,1.);
#2077 = DIRECTION('',(0.,1.,0.));
#2078 = PCURVE('',#2034,#2079);
#2079 = DEFINITIONAL_REPRESENTATION('',(#2080),#2084);
#2080 = LINE('',#2081,#2082);
#2081 = CARTESIAN_POINT('',(0.,-0.205));
#2082 = VECTOR('',#2083,1.);
#2083 = DIRECTION('',(0.,1.));
#2084 = ( GEOMETRIC_REPRESENTATION_CONTEXT(2) 
PARAMETRIC_REPRESENTATION_CONTEXT() REPRESENTATION_CONTEXT('2D SPACE',''
  ) );
#2085 = PCURVE('',#2006,#2086);
#2086 = DEFINITIONAL_REPRESENTATION('',(#2087),#2091);
#2087 = LINE('',#2088,#2089);
#2088 = CARTESIAN_POINT('',(1.13054190546,-0.205));
#2089 = VECTOR('',#2090,1.);
#2090 = DIRECTION('',(0.,1.));
#2091 = ( GEOMETRIC_REPRESENTATION_CONTEXT(2) 
PARAMETRIC_REPRESENTATION_CONTEXT() REPRESENTATION_CONTEXT('2D SPACE',''
  ) );
#2092 = ORIENTED_EDGE('',*,*,#2093,.T.);
#2093 = EDGE_CURVE('',#2071,#2094,#2096,.T.);
#2094 = VERTEX_POINT('',#2095);
#2095 = CARTESIAN_POINT('',(-3.4,2.97,1.075));
#2096 = SURFACE_CURVE('',#2097,(#2101,#2108),.PCURVE_S1.);
#2097 = LINE('',#2098,#2099);
#2098 = CARTESIAN_POINT('',(-3.95,2.97,1.075));
#2099 = VECTOR('',#2100,1.);
#2100 = DIRECTION('',(1.,0.,0.));
#2101 = PCURVE('',#2034,#2102);
#2102 = DEFINITIONAL_REPRESENTATION('',(#2103),#2107);
#2103 = LINE('',#2104,#2105);
#2104 = CARTESIAN_POINT('',(0.,-0.205));
#2105 = VECTOR('',#2106,1.);
#2106 = DIRECTION('',(1.,0.));
#2107 = ( GEOMETRIC_REPRESENTATION_CONTEXT(2) 
PARAMETRIC_REPRESENTATION_CONTEXT() REPRESENTATION_CONTEXT('2D SPACE',''
  ) );
#2108 = PCURVE('',#1813,#2109);
#2109 = DEFINITIONAL_REPRESENTATION('',(#2110),#2114);
#2110 = LINE('',#2111,#2112);
#2111 = CARTESIAN_POINT('',(-0.441496146342,0.303946318775));
#2112 = VECTOR('',#2113,1.);
#2113 = DIRECTION('',(0.,1.));
#2114 = ( GEOMETRIC_REPRESENTATION_CONTEXT(2) 
PARAMETRIC_REPRESENTATION_CONTEXT() REPRESENTATION_CONTEXT('2D SPACE',''
  ) );
#2115 = ORIENTED_EDGE('',*,*,#2116,.T.);
#2116 = EDGE_CURVE('',#2094,#2019,#2117,.T.);
#2117 = SURFACE_CURVE('',#2118,(#2122,#2129),.PCURVE_S1.);
#2118 = LINE('',#2119,#2120);
#2119 = CARTESIAN_POINT('',(-3.4,2.97,1.075));
#2120 = VECTOR('',#2121,1.);
#2121 = DIRECTION('',(0.,1.,0.));
#2122 = PCURVE('',#2034,#2123);
#2123 = DEFINITIONAL_REPRESENTATION('',(#2124),#2128);
#2124 = LINE('',#2125,#2126);
#2125 = CARTESIAN_POINT('',(0.55,-0.205));
#2126 = VECTOR('',#2127,1.);
#2127 = DIRECTION('',(0.,1.));
#2128 = ( GEOMETRIC_REPRESENTATION_CONTEXT(2) 
PARAMETRIC_REPRESENTATION_CONTEXT() REPRESENTATION_CONTEXT('2D SPACE',''
  ) );
#2129 = PCURVE('',#1785,#2130);
#2130 = DEFINITIONAL_REPRESENTATION('',(#2131),#2135);
#2131 = LINE('',#2132,#2133);
#2132 = CARTESIAN_POINT('',(0.,-0.205));
#2133 = VECTOR('',#2134,1.);
#2134 = DIRECTION('',(0.,1.));
#2135 = ( GEOMETRIC_REPRESENTATION_CONTEXT(2) 
PARAMETRIC_REPRESENTATION_CONTEXT() REPRESENTATION_CONTEXT('2D SPACE',''
  ) );
#2136 = ORIENTED_EDGE('',*,*,#2018,.F.);
#2137 = ADVANCED_FACE('',(#2138),#2006,.F.);
#2138 = FACE_BOUND('',#2139,.F.);
#2139 = EDGE_LOOP('',(#2140,#2163,#2164,#2165));
#2140 = ORIENTED_EDGE('',*,*,#2141,.T.);
#2141 = EDGE_CURVE('',#2142,#2071,#2144,.T.);
#2142 = VERTEX_POINT('',#2143);
#2143 = CARTESIAN_POINT('',(-4.3,2.97,0.));
#2144 = SURFACE_CURVE('',#2145,(#2149,#2156),.PCURVE_S1.);
#2145 = LINE('',#2146,#2147);
#2146 = CARTESIAN_POINT('',(-4.3,2.97,0.));
#2147 = VECTOR('',#2148,1.);
#2148 = DIRECTION('',(0.309586047461,0.,0.950871431487));
#2149 = PCURVE('',#2006,#2150);
#2150 = DEFINITIONAL_REPRESENTATION('',(#2151),#2155);
#2151 = LINE('',#2152,#2153);
#2152 = CARTESIAN_POINT('',(0.,-0.205));
#2153 = VECTOR('',#2154,1.);
#2154 = DIRECTION('',(1.,0.));
#2155 = ( GEOMETRIC_REPRESENTATION_CONTEXT(2) 
PARAMETRIC_REPRESENTATION_CONTEXT() REPRESENTATION_CONTEXT('2D SPACE',''
  ) );
#2156 = PCURVE('',#1813,#2157);
#2157 = DEFINITIONAL_REPRESENTATION('',(#2158),#2162);
#2158 = LINE('',#2159,#2160);
#2159 = CARTESIAN_POINT('',(0.633503853658,-4.6053681225E-02));
#2160 = VECTOR('',#2161,1.);
#2161 = DIRECTION('',(-0.950871431487,0.309586047461));
#2162 = ( GEOMETRIC_REPRESENTATION_CONTEXT(2) 
PARAMETRIC_REPRESENTATION_CONTEXT() REPRESENTATION_CONTEXT('2D SPACE',''
  ) );
#2163 = ORIENTED_EDGE('',*,*,#2070,.T.);
#2164 = ORIENTED_EDGE('',*,*,#1990,.F.);
#2165 = ORIENTED_EDGE('',*,*,#2166,.T.);
#2166 = EDGE_CURVE('',#1963,#2142,#2167,.T.);
#2167 = SURFACE_CURVE('',#2168,(#2172,#2179),.PCURVE_S1.);
#2168 = LINE('',#2169,#2170);
#2169 = CARTESIAN_POINT('',(-4.3,3.38,0.));
#2170 = VECTOR('',#2171,1.);
#2171 = DIRECTION('',(0.,-1.,0.));
#2172 = PCURVE('',#2006,#2173);
#2173 = DEFINITIONAL_REPRESENTATION('',(#2174),#2178);
#2174 = LINE('',#2175,#2176);
#2175 = CARTESIAN_POINT('',(0.,0.205));
#2176 = VECTOR('',#2177,1.);
#2177 = DIRECTION('',(0.,-1.));
#2178 = ( GEOMETRIC_REPRESENTATION_CONTEXT(2) 
PARAMETRIC_REPRESENTATION_CONTEXT() REPRESENTATION_CONTEXT('2D SPACE',''
  ) );
#2179 = PCURVE('',#1978,#2180);
#2180 = DEFINITIONAL_REPRESENTATION('',(#2181),#2185);
#2181 = LINE('',#2182,#2183);
#2182 = CARTESIAN_POINT('',(0.85,0.205));
#2183 = VECTOR('',#2184,1.);
#2184 = DIRECTION('',(0.,-1.));
#2185 = ( GEOMETRIC_REPRESENTATION_CONTEXT(2) 
PARAMETRIC_REPRESENTATION_CONTEXT() REPRESENTATION_CONTEXT('2D SPACE',''
  ) );
#2186 = ADVANCED_FACE('',(#2187),#1978,.F.);
#2187 = FACE_BOUND('',#2188,.F.);
#2188 = EDGE_LOOP('',(#2189,#2212,#2213,#2214));
#2189 = ORIENTED_EDGE('',*,*,#2190,.T.);
#2190 = EDGE_CURVE('',#2191,#2142,#2193,.T.);
#2191 = VERTEX_POINT('',#2192);
#2192 = CARTESIAN_POINT('',(-5.15,2.97,0.));
#2193 = SURFACE_CURVE('',#2194,(#2198,#2205),.PCURVE_S1.);
#2194 = LINE('',#2195,#2196);
#2195 = CARTESIAN_POINT('',(-5.15,2.97,0.));
#2196 = VECTOR('',#2197,1.);
#2197 = DIRECTION('',(1.,0.,0.));
#2198 = PCURVE('',#1978,#2199);
#2199 = DEFINITIONAL_REPRESENTATION('',(#2200),#2204);
#2200 = LINE('',#2201,#2202);
#2201 = CARTESIAN_POINT('',(0.,-0.205));
#2202 = VECTOR('',#2203,1.);
#2203 = DIRECTION('',(1.,0.));
#2204 = ( GEOMETRIC_REPRESENTATION_CONTEXT(2) 
PARAMETRIC_REPRESENTATION_CONTEXT() REPRESENTATION_CONTEXT('2D SPACE',''
  ) );
#2205 = PCURVE('',#1813,#2206);
#2206 = DEFINITIONAL_REPRESENTATION('',(#2207),#2211);
#2207 = LINE('',#2208,#2209);
#2208 = CARTESIAN_POINT('',(0.633503853658,-0.896053681225));
#2209 = VECTOR('',#2210,1.);
#2210 = DIRECTION('',(0.,1.));
#2211 = ( GEOMETRIC_REPRESENTATION_CONTEXT(2) 
PARAMETRIC_REPRESENTATION_CONTEXT() REPRESENTATION_CONTEXT('2D SPACE',''
  ) );
#2212 = ORIENTED_EDGE('',*,*,#2166,.F.);
#2213 = ORIENTED_EDGE('',*,*,#1962,.F.);
#2214 = ORIENTED_EDGE('',*,*,#2215,.T.);
#2215 = EDGE_CURVE('',#1935,#2191,#2216,.T.);
#2216 = SURFACE_CURVE('',#2217,(#2221,#2228),.PCURVE_S1.);
#2217 = LINE('',#2218,#2219);
#2218 = CARTESIAN_POINT('',(-5.15,3.38,0.));
#2219 = VECTOR('',#2220,1.);
#2220 = DIRECTION('',(0.,-1.,0.));
#2221 = PCURVE('',#1978,#2222);
#2222 = DEFINITIONAL_REPRESENTATION('',(#2223),#2227);
#2223 = LINE('',#2224,#2225);
#2224 = CARTESIAN_POINT('',(0.,0.205));
#2225 = VECTOR('',#2226,1.);
#2226 = DIRECTION('',(0.,-1.));
#2227 = ( GEOMETRIC_REPRESENTATION_CONTEXT(2) 
PARAMETRIC_REPRESENTATION_CONTEXT() REPRESENTATION_CONTEXT('2D SPACE',''
  ) );
#2228 = PCURVE('',#1950,#2229);
#2229 = DEFINITIONAL_REPRESENTATION('',(#2230),#2234);
#2230 = LINE('',#2231,#2232);
#2231 = CARTESIAN_POINT('',(0.25,0.205));
#2232 = VECTOR('',#2233,1.);
#2233 = DIRECTION('',(0.,-1.));
#2234 = ( GEOMETRIC_REPRESENTATION_CONTEXT(2) 
PARAMETRIC_REPRESENTATION_CONTEXT() REPRESENTATION_CONTEXT('2D SPACE',''
  ) );
#2235 = ADVANCED_FACE('',(#2236),#1950,.F.);
#2236 = FACE_BOUND('',#2237,.F.);
#2237 = EDGE_LOOP('',(#2238,#2261,#2262,#2263));
#2238 = ORIENTED_EDGE('',*,*,#2239,.T.);
#2239 = EDGE_CURVE('',#2240,#2191,#2242,.T.);
#2240 = VERTEX_POINT('',#2241);
#2241 = CARTESIAN_POINT('',(-5.15,2.97,0.25));
#2242 = SURFACE_CURVE('',#2243,(#2247,#2254),.PCURVE_S1.);
#2243 = LINE('',#2244,#2245);
#2244 = CARTESIAN_POINT('',(-5.15,2.97,0.25));
#2245 = VECTOR('',#2246,1.);
#2246 = DIRECTION('',(0.,0.,-1.));
#2247 = PCURVE('',#1950,#2248);
#2248 = DEFINITIONAL_REPRESENTATION('',(#2249),#2253);
#2249 = LINE('',#2250,#2251);
#2250 = CARTESIAN_POINT('',(0.,-0.205));
#2251 = VECTOR('',#2252,1.);
#2252 = DIRECTION('',(1.,0.));
#2253 = ( GEOMETRIC_REPRESENTATION_CONTEXT(2) 
PARAMETRIC_REPRESENTATION_CONTEXT() REPRESENTATION_CONTEXT('2D SPACE',''
  ) );
#2254 = PCURVE('',#1813,#2255);
#2255 = DEFINITIONAL_REPRESENTATION('',(#2256),#2260);
#2256 = LINE('',#2257,#2258);
#2257 = CARTESIAN_POINT('',(0.383503853658,-0.896053681225));
#2258 = VECTOR('',#2259,1.);
#2259 = DIRECTION('',(1.,0.));
#2260 = ( GEOMETRIC_REPRESENTATION_CONTEXT(2) 
PARAMETRIC_REPRESENTATION_CONTEXT() REPRESENTATION_CONTEXT('2D SPACE',''
  ) );
#2261 = ORIENTED_EDGE('',*,*,#2215,.F.);
#2262 = ORIENTED_EDGE('',*,*,#1934,.F.);
#2263 = ORIENTED_EDGE('',*,*,#2264,.T.);
#2264 = EDGE_CURVE('',#1907,#2240,#2265,.T.);
#2265 = SURFACE_CURVE('',#2266,(#2270,#2277),.PCURVE_S1.);
#2266 = LINE('',#2267,#2268);
#2267 = CARTESIAN_POINT('',(-5.15,3.38,0.25));
#2268 = VECTOR('',#2269,1.);
#2269 = DIRECTION('',(0.,-1.,0.));
#2270 = PCURVE('',#1950,#2271);
#2271 = DEFINITIONAL_REPRESENTATION('',(#2272),#2276);
#2272 = LINE('',#2273,#2274);
#2273 = CARTESIAN_POINT('',(0.,0.205));
#2274 = VECTOR('',#2275,1.);
#2275 = DIRECTION('',(0.,-1.));
#2276 = ( GEOMETRIC_REPRESENTATION_CONTEXT(2) 
PARAMETRIC_REPRESENTATION_CONTEXT() REPRESENTATION_CONTEXT('2D SPACE',''
  ) );
#2277 = PCURVE('',#1922,#2278);
#2278 = DEFINITIONAL_REPRESENTATION('',(#2279),#2283);
#2279 = LINE('',#2280,#2281);
#2280 = CARTESIAN_POINT('',(0.7,0.205));
#2281 = VECTOR('',#2282,1.);
#2282 = DIRECTION('',(0.,-1.));
#2283 = ( GEOMETRIC_REPRESENTATION_CONTEXT(2) 
PARAMETRIC_REPRESENTATION_CONTEXT() REPRESENTATION_CONTEXT('2D SPACE',''
  ) );
#2284 = ADVANCED_FACE('',(#2285),#1922,.F.);
#2285 = FACE_BOUND('',#2286,.F.);
#2286 = EDGE_LOOP('',(#2287,#2310,#2311,#2312));
#2287 = ORIENTED_EDGE('',*,*,#2288,.T.);
#2288 = EDGE_CURVE('',#2289,#2240,#2291,.T.);
#2289 = VERTEX_POINT('',#2290);
#2290 = CARTESIAN_POINT('',(-4.45,2.97,0.25));
#2291 = SURFACE_CURVE('',#2292,(#2296,#2303),.PCURVE_S1.);
#2292 = LINE('',#2293,#2294);
#2293 = CARTESIAN_POINT('',(-4.45,2.97,0.25));
#2294 = VECTOR('',#2295,1.);
#2295 = DIRECTION('',(-1.,0.,0.));
#2296 = PCURVE('',#1922,#2297);
#2297 = DEFINITIONAL_REPRESENTATION('',(#2298),#2302);
#2298 = LINE('',#2299,#2300);
#2299 = CARTESIAN_POINT('',(0.,-0.205));
#2300 = VECTOR('',#2301,1.);
#2301 = DIRECTION('',(1.,0.));
#2302 = ( GEOMETRIC_REPRESENTATION_CONTEXT(2) 
PARAMETRIC_REPRESENTATION_CONTEXT() REPRESENTATION_CONTEXT('2D SPACE',''
  ) );
#2303 = PCURVE('',#1813,#2304);
#2304 = DEFINITIONAL_REPRESENTATION('',(#2305),#2309);
#2305 = LINE('',#2306,#2307);
#2306 = CARTESIAN_POINT('',(0.383503853658,-0.196053681225));
#2307 = VECTOR('',#2308,1.);
#2308 = DIRECTION('',(0.,-1.));
#2309 = ( GEOMETRIC_REPRESENTATION_CONTEXT(2) 
PARAMETRIC_REPRESENTATION_CONTEXT() REPRESENTATION_CONTEXT('2D SPACE',''
  ) );
#2310 = ORIENTED_EDGE('',*,*,#2264,.F.);
#2311 = ORIENTED_EDGE('',*,*,#1906,.F.);
#2312 = ORIENTED_EDGE('',*,*,#2313,.T.);
#2313 = EDGE_CURVE('',#1884,#2289,#2314,.T.);
#2314 = SURFACE_CURVE('',#2315,(#2319,#2326),.PCURVE_S1.);
#2315 = LINE('',#2316,#2317);
#2316 = CARTESIAN_POINT('',(-4.45,3.38,0.25));
#2317 = VECTOR('',#2318,1.);
#2318 = DIRECTION('',(0.,-1.,0.));
#2319 = PCURVE('',#1922,#2320);
#2320 = DEFINITIONAL_REPRESENTATION('',(#2321),#2325);
#2321 = LINE('',#2322,#2323);
#2322 = CARTESIAN_POINT('',(0.,0.205));
#2323 = VECTOR('',#2324,1.);
#2324 = DIRECTION('',(0.,-1.));
#2325 = ( GEOMETRIC_REPRESENTATION_CONTEXT(2) 
PARAMETRIC_REPRESENTATION_CONTEXT() REPRESENTATION_CONTEXT('2D SPACE',''
  ) );
#2326 = PCURVE('',#1841,#2327);
#2327 = DEFINITIONAL_REPRESENTATION('',(#2328),#2332);
#2328 = LINE('',#2329,#2330);
#2329 = CARTESIAN_POINT('',(1.13054190546,0.205));
#2330 = VECTOR('',#2331,1.);
#2331 = DIRECTION('',(-0.,-1.));
#2332 = ( GEOMETRIC_REPRESENTATION_CONTEXT(2) 
PARAMETRIC_REPRESENTATION_CONTEXT() REPRESENTATION_CONTEXT('2D SPACE',''
  ) );
#2333 = ADVANCED_FACE('',(#2334),#1841,.F.);
#2334 = FACE_BOUND('',#2335,.F.);
#2335 = EDGE_LOOP('',(#2336,#2357,#2358,#2359));
#2336 = ORIENTED_EDGE('',*,*,#2337,.T.);
#2337 = EDGE_CURVE('',#1798,#2289,#2338,.T.);
#2338 = SURFACE_CURVE('',#2339,(#2343,#2350),.PCURVE_S1.);
#2339 = LINE('',#2340,#2341);
#2340 = CARTESIAN_POINT('',(-4.1,2.97,1.325));
#2341 = VECTOR('',#2342,1.);
#2342 = DIRECTION('',(-0.309586047461,0.,-0.950871431487));
#2343 = PCURVE('',#1841,#2344);
#2344 = DEFINITIONAL_REPRESENTATION('',(#2345),#2349);
#2345 = LINE('',#2346,#2347);
#2346 = CARTESIAN_POINT('',(-0.,-0.205));
#2347 = VECTOR('',#2348,1.);
#2348 = DIRECTION('',(1.,0.));
#2349 = ( GEOMETRIC_REPRESENTATION_CONTEXT(2) 
PARAMETRIC_REPRESENTATION_CONTEXT() REPRESENTATION_CONTEXT('2D SPACE',''
  ) );
#2350 = PCURVE('',#1813,#2351);
#2351 = DEFINITIONAL_REPRESENTATION('',(#2352),#2356);
#2352 = LINE('',#2353,#2354);
#2353 = CARTESIAN_POINT('',(-0.691496146342,0.153946318775));
#2354 = VECTOR('',#2355,1.);
#2355 = DIRECTION('',(0.950871431487,-0.309586047461));
#2356 = ( GEOMETRIC_REPRESENTATION_CONTEXT(2) 
PARAMETRIC_REPRESENTATION_CONTEXT() REPRESENTATION_CONTEXT('2D SPACE',''
  ) );
#2357 = ORIENTED_EDGE('',*,*,#2313,.F.);
#2358 = ORIENTED_EDGE('',*,*,#1883,.F.);
#2359 = ORIENTED_EDGE('',*,*,#1825,.T.);
#2360 = ADVANCED_FACE('',(#2361),#1813,.T.);
#2361 = FACE_BOUND('',#2362,.T.);
#2362 = EDGE_LOOP('',(#2363,#2364,#2365,#2366,#2367,#2368,#2369,#2370));
#2363 = ORIENTED_EDGE('',*,*,#1797,.T.);
#2364 = ORIENTED_EDGE('',*,*,#2337,.T.);
#2365 = ORIENTED_EDGE('',*,*,#2288,.T.);
#2366 = ORIENTED_EDGE('',*,*,#2239,.T.);
#2367 = ORIENTED_EDGE('',*,*,#2190,.T.);
#2368 = ORIENTED_EDGE('',*,*,#2141,.T.);
#2369 = ORIENTED_EDGE('',*,*,#2093,.T.);
#2370 = ORIENTED_EDGE('',*,*,#2371,.T.);
#2371 = EDGE_CURVE('',#2094,#1763,#2372,.T.);
#2372 = SURFACE_CURVE('',#2373,(#2377,#2384),.PCURVE_S1.);
#2373 = LINE('',#2374,#2375);
#2374 = CARTESIAN_POINT('',(-3.4,2.97,1.075));
#2375 = VECTOR('',#2376,1.);
#2376 = DIRECTION('',(0.,0.,1.));
#2377 = PCURVE('',#1813,#2378);
#2378 = DEFINITIONAL_REPRESENTATION('',(#2379),#2383);
#2379 = LINE('',#2380,#2381);
#2380 = CARTESIAN_POINT('',(-0.441496146342,0.853946318775));
#2381 = VECTOR('',#2382,1.);
#2382 = DIRECTION('',(-1.,0.));
#2383 = ( GEOMETRIC_REPRESENTATION_CONTEXT(2) 
PARAMETRIC_REPRESENTATION_CONTEXT() REPRESENTATION_CONTEXT('2D SPACE',''
  ) );
#2384 = PCURVE('',#1785,#2385);
#2385 = DEFINITIONAL_REPRESENTATION('',(#2386),#2390);
#2386 = LINE('',#2387,#2388);
#2387 = CARTESIAN_POINT('',(0.,-0.205));
#2388 = VECTOR('',#2389,1.);
#2389 = DIRECTION('',(1.,0.));
#2390 = ( GEOMETRIC_REPRESENTATION_CONTEXT(2) 
PARAMETRIC_REPRESENTATION_CONTEXT() REPRESENTATION_CONTEXT('2D SPACE',''
  ) );
#2391 = ADVANCED_FACE('',(#2392),#1785,.F.);
#2392 = FACE_BOUND('',#2393,.F.);
#2393 = EDGE_LOOP('',(#2394,#2395,#2396,#2397));
#2394 = ORIENTED_EDGE('',*,*,#2116,.F.);
#2395 = ORIENTED_EDGE('',*,*,#2371,.T.);
#2396 = ORIENTED_EDGE('',*,*,#1762,.T.);
#2397 = ORIENTED_EDGE('',*,*,#2046,.F.);
#2398 = MANIFOLD_SOLID_BREP('',#2399);
#2399 = CLOSED_SHELL('',(#2400,#2520,#2708,#2779,#2828,#2877,#2926,#2975
    ,#3002,#3033));
#2400 = ADVANCED_FACE('',(#2401),#2415,.F.);
#2401 = FACE_BOUND('',#2402,.F.);
#2402 = EDGE_LOOP('',(#2403,#2438,#2466,#2494));
#2403 = ORIENTED_EDGE('',*,*,#2404,.F.);
#2404 = EDGE_CURVE('',#2405,#2407,#2409,.T.);
#2405 = VERTEX_POINT('',#2406);
#2406 = CARTESIAN_POINT('',(-3.4,1.7,1.325));
#2407 = VERTEX_POINT('',#2408);
#2408 = CARTESIAN_POINT('',(-3.4,2.11,1.325));
#2409 = SURFACE_CURVE('',#2410,(#2414,#2426),.PCURVE_S1.);
#2410 = LINE('',#2411,#2412);
#2411 = CARTESIAN_POINT('',(-3.4,1.7,1.325));
#2412 = VECTOR('',#2413,1.);
#2413 = DIRECTION('',(0.,1.,0.));
#2414 = PCURVE('',#2415,#2420);
#2415 = PLANE('',#2416);
#2416 = AXIS2_PLACEMENT_3D('',#2417,#2418,#2419);
#2417 = CARTESIAN_POINT('',(-3.4,1.905,1.325));
#2418 = DIRECTION('',(-0.,-0.,-1.));
#2419 = DIRECTION('',(-1.,0.,0.));
#2420 = DEFINITIONAL_REPRESENTATION('',(#2421),#2425);
#2421 = LINE('',#2422,#2423);
#2422 = CARTESIAN_POINT('',(0.,-0.205));
#2423 = VECTOR('',#2424,1.);
#2424 = DIRECTION('',(0.,1.));
#2425 = ( GEOMETRIC_REPRESENTATION_CONTEXT(2) 
PARAMETRIC_REPRESENTATION_CONTEXT() REPRESENTATION_CONTEXT('2D SPACE',''
  ) );
#2426 = PCURVE('',#2427,#2432);
#2427 = PLANE('',#2428);
#2428 = AXIS2_PLACEMENT_3D('',#2429,#2430,#2431);
#2429 = CARTESIAN_POINT('',(-3.4,1.905,1.075));
#2430 = DIRECTION('',(-1.,0.,0.));
#2431 = DIRECTION('',(0.,0.,1.));
#2432 = DEFINITIONAL_REPRESENTATION('',(#2433),#2437);
#2433 = LINE('',#2434,#2435);
#2434 = CARTESIAN_POINT('',(0.25,-0.205));
#2435 = VECTOR('',#2436,1.);
#2436 = DIRECTION('',(0.,1.));
#2437 = ( GEOMETRIC_REPRESENTATION_CONTEXT(2) 
PARAMETRIC_REPRESENTATION_CONTEXT() REPRESENTATION_CONTEXT('2D SPACE',''
  ) );
#2438 = ORIENTED_EDGE('',*,*,#2439,.T.);
#2439 = EDGE_CURVE('',#2405,#2440,#2442,.T.);
#2440 = VERTEX_POINT('',#2441);
#2441 = CARTESIAN_POINT('',(-4.1,1.7,1.325));
#2442 = SURFACE_CURVE('',#2443,(#2447,#2454),.PCURVE_S1.);
#2443 = LINE('',#2444,#2445);
#2444 = CARTESIAN_POINT('',(-3.4,1.7,1.325));
#2445 = VECTOR('',#2446,1.);
#2446 = DIRECTION('',(-1.,0.,0.));
#2447 = PCURVE('',#2415,#2448);
#2448 = DEFINITIONAL_REPRESENTATION('',(#2449),#2453);
#2449 = LINE('',#2450,#2451);
#2450 = CARTESIAN_POINT('',(0.,-0.205));
#2451 = VECTOR('',#2452,1.);
#2452 = DIRECTION('',(1.,0.));
#2453 = ( GEOMETRIC_REPRESENTATION_CONTEXT(2) 
PARAMETRIC_REPRESENTATION_CONTEXT() REPRESENTATION_CONTEXT('2D SPACE',''
  ) );
#2454 = PCURVE('',#2455,#2460);
#2455 = PLANE('',#2456);
#2456 = AXIS2_PLACEMENT_3D('',#2457,#2458,#2459);
#2457 = CARTESIAN_POINT('',(-4.253946318775,1.7,0.633503853658));
#2458 = DIRECTION('',(-0.,-1.,-0.));
#2459 = DIRECTION('',(0.,0.,-1.));
#2460 = DEFINITIONAL_REPRESENTATION('',(#2461),#2465);
#2461 = LINE('',#2462,#2463);
#2462 = CARTESIAN_POINT('',(-0.691496146342,0.853946318775));
#2463 = VECTOR('',#2464,1.);
#2464 = DIRECTION('',(0.,-1.));
#2465 = ( GEOMETRIC_REPRESENTATION_CONTEXT(2) 
PARAMETRIC_REPRESENTATION_CONTEXT() REPRESENTATION_CONTEXT('2D SPACE',''
  ) );
#2466 = ORIENTED_EDGE('',*,*,#2467,.F.);
#2467 = EDGE_CURVE('',#2468,#2440,#2470,.T.);
#2468 = VERTEX_POINT('',#2469);
#2469 = CARTESIAN_POINT('',(-4.1,2.11,1.325));
#2470 = SURFACE_CURVE('',#2471,(#2475,#2482),.PCURVE_S1.);
#2471 = LINE('',#2472,#2473);
#2472 = CARTESIAN_POINT('',(-4.1,2.11,1.325));
#2473 = VECTOR('',#2474,1.);
#2474 = DIRECTION('',(0.,-1.,0.));
#2475 = PCURVE('',#2415,#2476);
#2476 = DEFINITIONAL_REPRESENTATION('',(#2477),#2481);
#2477 = LINE('',#2478,#2479);
#2478 = CARTESIAN_POINT('',(0.7,0.205));
#2479 = VECTOR('',#2480,1.);
#2480 = DIRECTION('',(0.,-1.));
#2481 = ( GEOMETRIC_REPRESENTATION_CONTEXT(2) 
PARAMETRIC_REPRESENTATION_CONTEXT() REPRESENTATION_CONTEXT('2D SPACE',''
  ) );
#2482 = PCURVE('',#2483,#2488);
#2483 = PLANE('',#2484);
#2484 = AXIS2_PLACEMENT_3D('',#2485,#2486,#2487);
#2485 = CARTESIAN_POINT('',(-4.1,1.905,1.325));
#2486 = DIRECTION('',(0.950871431487,0.,-0.309586047461));
#2487 = DIRECTION('',(-0.309586047461,0.,-0.950871431487));
#2488 = DEFINITIONAL_REPRESENTATION('',(#2489),#2493);
#2489 = LINE('',#2490,#2491);
#2490 = CARTESIAN_POINT('',(0.,0.205));
#2491 = VECTOR('',#2492,1.);
#2492 = DIRECTION('',(-0.,-1.));
#2493 = ( GEOMETRIC_REPRESENTATION_CONTEXT(2) 
PARAMETRIC_REPRESENTATION_CONTEXT() REPRESENTATION_CONTEXT('2D SPACE',''
  ) );
#2494 = ORIENTED_EDGE('',*,*,#2495,.F.);
#2495 = EDGE_CURVE('',#2407,#2468,#2496,.T.);
#2496 = SURFACE_CURVE('',#2497,(#2501,#2508),.PCURVE_S1.);
#2497 = LINE('',#2498,#2499);
#2498 = CARTESIAN_POINT('',(-3.4,2.11,1.325));
#2499 = VECTOR('',#2500,1.);
#2500 = DIRECTION('',(-1.,0.,0.));
#2501 = PCURVE('',#2415,#2502);
#2502 = DEFINITIONAL_REPRESENTATION('',(#2503),#2507);
#2503 = LINE('',#2504,#2505);
#2504 = CARTESIAN_POINT('',(0.,0.205));
#2505 = VECTOR('',#2506,1.);
#2506 = DIRECTION('',(1.,0.));
#2507 = ( GEOMETRIC_REPRESENTATION_CONTEXT(2) 
PARAMETRIC_REPRESENTATION_CONTEXT() REPRESENTATION_CONTEXT('2D SPACE',''
  ) );
#2508 = PCURVE('',#2509,#2514);
#2509 = PLANE('',#2510);
#2510 = AXIS2_PLACEMENT_3D('',#2511,#2512,#2513);
#2511 = CARTESIAN_POINT('',(-4.253946318775,2.11,0.633503853658));
#2512 = DIRECTION('',(-0.,-1.,-0.));
#2513 = DIRECTION('',(0.,0.,-1.));
#2514 = DEFINITIONAL_REPRESENTATION('',(#2515),#2519);
#2515 = LINE('',#2516,#2517);
#2516 = CARTESIAN_POINT('',(-0.691496146342,0.853946318775));
#2517 = VECTOR('',#2518,1.);
#2518 = DIRECTION('',(0.,-1.));
#2519 = ( GEOMETRIC_REPRESENTATION_CONTEXT(2) 
PARAMETRIC_REPRESENTATION_CONTEXT() REPRESENTATION_CONTEXT('2D SPACE',''
  ) );
#2520 = ADVANCED_FACE('',(#2521),#2509,.F.);
#2521 = FACE_BOUND('',#2522,.F.);
#2522 = EDGE_LOOP('',(#2523,#2524,#2547,#2575,#2603,#2631,#2659,#2687));
#2523 = ORIENTED_EDGE('',*,*,#2495,.T.);
#2524 = ORIENTED_EDGE('',*,*,#2525,.T.);
#2525 = EDGE_CURVE('',#2468,#2526,#2528,.T.);
#2526 = VERTEX_POINT('',#2527);
#2527 = CARTESIAN_POINT('',(-4.45,2.11,0.25));
#2528 = SURFACE_CURVE('',#2529,(#2533,#2540),.PCURVE_S1.);
#2529 = LINE('',#2530,#2531);
#2530 = CARTESIAN_POINT('',(-4.1,2.11,1.325));
#2531 = VECTOR('',#2532,1.);
#2532 = DIRECTION('',(-0.309586047461,0.,-0.950871431487));
#2533 = PCURVE('',#2509,#2534);
#2534 = DEFINITIONAL_REPRESENTATION('',(#2535),#2539);
#2535 = LINE('',#2536,#2537);
#2536 = CARTESIAN_POINT('',(-0.691496146342,0.153946318775));
#2537 = VECTOR('',#2538,1.);
#2538 = DIRECTION('',(0.950871431487,-0.309586047461));
#2539 = ( GEOMETRIC_REPRESENTATION_CONTEXT(2) 
PARAMETRIC_REPRESENTATION_CONTEXT() REPRESENTATION_CONTEXT('2D SPACE',''
  ) );
#2540 = PCURVE('',#2483,#2541);
#2541 = DEFINITIONAL_REPRESENTATION('',(#2542),#2546);
#2542 = LINE('',#2543,#2544);
#2543 = CARTESIAN_POINT('',(0.,0.205));
#2544 = VECTOR('',#2545,1.);
#2545 = DIRECTION('',(1.,0.));
#2546 = ( GEOMETRIC_REPRESENTATION_CONTEXT(2) 
PARAMETRIC_REPRESENTATION_CONTEXT() REPRESENTATION_CONTEXT('2D SPACE',''
  ) );
#2547 = ORIENTED_EDGE('',*,*,#2548,.T.);
#2548 = EDGE_CURVE('',#2526,#2549,#2551,.T.);
#2549 = VERTEX_POINT('',#2550);
#2550 = CARTESIAN_POINT('',(-5.15,2.11,0.25));
#2551 = SURFACE_CURVE('',#2552,(#2556,#2563),.PCURVE_S1.);
#2552 = LINE('',#2553,#2554);
#2553 = CARTESIAN_POINT('',(-4.45,2.11,0.25));
#2554 = VECTOR('',#2555,1.);
#2555 = DIRECTION('',(-1.,0.,0.));
#2556 = PCURVE('',#2509,#2557);
#2557 = DEFINITIONAL_REPRESENTATION('',(#2558),#2562);
#2558 = LINE('',#2559,#2560);
#2559 = CARTESIAN_POINT('',(0.383503853658,-0.196053681225));
#2560 = VECTOR('',#2561,1.);
#2561 = DIRECTION('',(0.,-1.));
#2562 = ( GEOMETRIC_REPRESENTATION_CONTEXT(2) 
PARAMETRIC_REPRESENTATION_CONTEXT() REPRESENTATION_CONTEXT('2D SPACE',''
  ) );
#2563 = PCURVE('',#2564,#2569);
#2564 = PLANE('',#2565);
#2565 = AXIS2_PLACEMENT_3D('',#2566,#2567,#2568);
#2566 = CARTESIAN_POINT('',(-4.45,1.905,0.25));
#2567 = DIRECTION('',(-0.,-0.,-1.));
#2568 = DIRECTION('',(-1.,0.,0.));
#2569 = DEFINITIONAL_REPRESENTATION('',(#2570),#2574);
#2570 = LINE('',#2571,#2572);
#2571 = CARTESIAN_POINT('',(0.,0.205));
#2572 = VECTOR('',#2573,1.);
#2573 = DIRECTION('',(1.,0.));
#2574 = ( GEOMETRIC_REPRESENTATION_CONTEXT(2) 
PARAMETRIC_REPRESENTATION_CONTEXT() REPRESENTATION_CONTEXT('2D SPACE',''
  ) );
#2575 = ORIENTED_EDGE('',*,*,#2576,.T.);
#2576 = EDGE_CURVE('',#2549,#2577,#2579,.T.);
#2577 = VERTEX_POINT('',#2578);
#2578 = CARTESIAN_POINT('',(-5.15,2.11,0.));
#2579 = SURFACE_CURVE('',#2580,(#2584,#2591),.PCURVE_S1.);
#2580 = LINE('',#2581,#2582);
#2581 = CARTESIAN_POINT('',(-5.15,2.11,0.25));
#2582 = VECTOR('',#2583,1.);
#2583 = DIRECTION('',(0.,0.,-1.));
#2584 = PCURVE('',#2509,#2585);
#2585 = DEFINITIONAL_REPRESENTATION('',(#2586),#2590);
#2586 = LINE('',#2587,#2588);
#2587 = CARTESIAN_POINT('',(0.383503853658,-0.896053681225));
#2588 = VECTOR('',#2589,1.);
#2589 = DIRECTION('',(1.,0.));
#2590 = ( GEOMETRIC_REPRESENTATION_CONTEXT(2) 
PARAMETRIC_REPRESENTATION_CONTEXT() REPRESENTATION_CONTEXT('2D SPACE',''
  ) );
#2591 = PCURVE('',#2592,#2597);
#2592 = PLANE('',#2593);
#2593 = AXIS2_PLACEMENT_3D('',#2594,#2595,#2596);
#2594 = CARTESIAN_POINT('',(-5.15,1.905,0.25));
#2595 = DIRECTION('',(1.,0.,0.));
#2596 = DIRECTION('',(0.,0.,-1.));
#2597 = DEFINITIONAL_REPRESENTATION('',(#2598),#2602);
#2598 = LINE('',#2599,#2600);
#2599 = CARTESIAN_POINT('',(0.,0.205));
#2600 = VECTOR('',#2601,1.);
#2601 = DIRECTION('',(1.,0.));
#2602 = ( GEOMETRIC_REPRESENTATION_CONTEXT(2) 
PARAMETRIC_REPRESENTATION_CONTEXT() REPRESENTATION_CONTEXT('2D SPACE',''
  ) );
#2603 = ORIENTED_EDGE('',*,*,#2604,.T.);
#2604 = EDGE_CURVE('',#2577,#2605,#2607,.T.);
#2605 = VERTEX_POINT('',#2606);
#2606 = CARTESIAN_POINT('',(-4.3,2.11,0.));
#2607 = SURFACE_CURVE('',#2608,(#2612,#2619),.PCURVE_S1.);
#2608 = LINE('',#2609,#2610);
#2609 = CARTESIAN_POINT('',(-5.15,2.11,0.));
#2610 = VECTOR('',#2611,1.);
#2611 = DIRECTION('',(1.,0.,0.));
#2612 = PCURVE('',#2509,#2613);
#2613 = DEFINITIONAL_REPRESENTATION('',(#2614),#2618);
#2614 = LINE('',#2615,#2616);
#2615 = CARTESIAN_POINT('',(0.633503853658,-0.896053681225));
#2616 = VECTOR('',#2617,1.);
#2617 = DIRECTION('',(0.,1.));
#2618 = ( GEOMETRIC_REPRESENTATION_CONTEXT(2) 
PARAMETRIC_REPRESENTATION_CONTEXT() REPRESENTATION_CONTEXT('2D SPACE',''
  ) );
#2619 = PCURVE('',#2620,#2625);
#2620 = PLANE('',#2621);
#2621 = AXIS2_PLACEMENT_3D('',#2622,#2623,#2624);
#2622 = CARTESIAN_POINT('',(-5.15,1.905,0.));
#2623 = DIRECTION('',(-0.,0.,1.));
#2624 = DIRECTION('',(1.,0.,0.));
#2625 = DEFINITIONAL_REPRESENTATION('',(#2626),#2630);
#2626 = LINE('',#2627,#2628);
#2627 = CARTESIAN_POINT('',(0.,0.205));
#2628 = VECTOR('',#2629,1.);
#2629 = DIRECTION('',(1.,0.));
#2630 = ( GEOMETRIC_REPRESENTATION_CONTEXT(2) 
PARAMETRIC_REPRESENTATION_CONTEXT() REPRESENTATION_CONTEXT('2D SPACE',''
  ) );
#2631 = ORIENTED_EDGE('',*,*,#2632,.T.);
#2632 = EDGE_CURVE('',#2605,#2633,#2635,.T.);
#2633 = VERTEX_POINT('',#2634);
#2634 = CARTESIAN_POINT('',(-3.95,2.11,1.075));
#2635 = SURFACE_CURVE('',#2636,(#2640,#2647),.PCURVE_S1.);
#2636 = LINE('',#2637,#2638);
#2637 = CARTESIAN_POINT('',(-4.3,2.11,0.));
#2638 = VECTOR('',#2639,1.);
#2639 = DIRECTION('',(0.309586047461,0.,0.950871431487));
#2640 = PCURVE('',#2509,#2641);
#2641 = DEFINITIONAL_REPRESENTATION('',(#2642),#2646);
#2642 = LINE('',#2643,#2644);
#2643 = CARTESIAN_POINT('',(0.633503853658,-4.6053681225E-02));
#2644 = VECTOR('',#2645,1.);
#2645 = DIRECTION('',(-0.950871431487,0.309586047461));
#2646 = ( GEOMETRIC_REPRESENTATION_CONTEXT(2) 
PARAMETRIC_REPRESENTATION_CONTEXT() REPRESENTATION_CONTEXT('2D SPACE',''
  ) );
#2647 = PCURVE('',#2648,#2653);
#2648 = PLANE('',#2649);
#2649 = AXIS2_PLACEMENT_3D('',#2650,#2651,#2652);
#2650 = CARTESIAN_POINT('',(-4.3,1.905,0.));
#2651 = DIRECTION('',(-0.950871431487,0.,0.309586047461));
#2652 = DIRECTION('',(0.309586047461,0.,0.950871431487));
#2653 = DEFINITIONAL_REPRESENTATION('',(#2654),#2658);
#2654 = LINE('',#2655,#2656);
#2655 = CARTESIAN_POINT('',(0.,0.205));
#2656 = VECTOR('',#2657,1.);
#2657 = DIRECTION('',(1.,0.));
#2658 = ( GEOMETRIC_REPRESENTATION_CONTEXT(2) 
PARAMETRIC_REPRESENTATION_CONTEXT() REPRESENTATION_CONTEXT('2D SPACE',''
  ) );
#2659 = ORIENTED_EDGE('',*,*,#2660,.T.);
#2660 = EDGE_CURVE('',#2633,#2661,#2663,.T.);
#2661 = VERTEX_POINT('',#2662);
#2662 = CARTESIAN_POINT('',(-3.4,2.11,1.075));
#2663 = SURFACE_CURVE('',#2664,(#2668,#2675),.PCURVE_S1.);
#2664 = LINE('',#2665,#2666);
#2665 = CARTESIAN_POINT('',(-3.95,2.11,1.075));
#2666 = VECTOR('',#2667,1.);
#2667 = DIRECTION('',(1.,0.,0.));
#2668 = PCURVE('',#2509,#2669);
#2669 = DEFINITIONAL_REPRESENTATION('',(#2670),#2674);
#2670 = LINE('',#2671,#2672);
#2671 = CARTESIAN_POINT('',(-0.441496146342,0.303946318775));
#2672 = VECTOR('',#2673,1.);
#2673 = DIRECTION('',(0.,1.));
#2674 = ( GEOMETRIC_REPRESENTATION_CONTEXT(2) 
PARAMETRIC_REPRESENTATION_CONTEXT() REPRESENTATION_CONTEXT('2D SPACE',''
  ) );
#2675 = PCURVE('',#2676,#2681);
#2676 = PLANE('',#2677);
#2677 = AXIS2_PLACEMENT_3D('',#2678,#2679,#2680);
#2678 = CARTESIAN_POINT('',(-3.95,1.905,1.075));
#2679 = DIRECTION('',(-0.,0.,1.));
#2680 = DIRECTION('',(1.,0.,0.));
#2681 = DEFINITIONAL_REPRESENTATION('',(#2682),#2686);
#2682 = LINE('',#2683,#2684);
#2683 = CARTESIAN_POINT('',(0.,0.205));
#2684 = VECTOR('',#2685,1.);
#2685 = DIRECTION('',(1.,0.));
#2686 = ( GEOMETRIC_REPRESENTATION_CONTEXT(2) 
PARAMETRIC_REPRESENTATION_CONTEXT() REPRESENTATION_CONTEXT('2D SPACE',''
  ) );
#2687 = ORIENTED_EDGE('',*,*,#2688,.T.);
#2688 = EDGE_CURVE('',#2661,#2407,#2689,.T.);
#2689 = SURFACE_CURVE('',#2690,(#2694,#2701),.PCURVE_S1.);
#2690 = LINE('',#2691,#2692);
#2691 = CARTESIAN_POINT('',(-3.4,2.11,1.075));
#2692 = VECTOR('',#2693,1.);
#2693 = DIRECTION('',(0.,0.,1.));
#2694 = PCURVE('',#2509,#2695);
#2695 = DEFINITIONAL_REPRESENTATION('',(#2696),#2700);
#2696 = LINE('',#2697,#2698);
#2697 = CARTESIAN_POINT('',(-0.441496146342,0.853946318775));
#2698 = VECTOR('',#2699,1.);
#2699 = DIRECTION('',(-1.,0.));
#2700 = ( GEOMETRIC_REPRESENTATION_CONTEXT(2) 
PARAMETRIC_REPRESENTATION_CONTEXT() REPRESENTATION_CONTEXT('2D SPACE',''
  ) );
#2701 = PCURVE('',#2427,#2702);
#2702 = DEFINITIONAL_REPRESENTATION('',(#2703),#2707);
#2703 = LINE('',#2704,#2705);
#2704 = CARTESIAN_POINT('',(0.,0.205));
#2705 = VECTOR('',#2706,1.);
#2706 = DIRECTION('',(1.,0.));
#2707 = ( GEOMETRIC_REPRESENTATION_CONTEXT(2) 
PARAMETRIC_REPRESENTATION_CONTEXT() REPRESENTATION_CONTEXT('2D SPACE',''
  ) );
#2708 = ADVANCED_FACE('',(#2709),#2676,.F.);
#2709 = FACE_BOUND('',#2710,.F.);
#2710 = EDGE_LOOP('',(#2711,#2734,#2757,#2778));
#2711 = ORIENTED_EDGE('',*,*,#2712,.F.);
#2712 = EDGE_CURVE('',#2713,#2633,#2715,.T.);
#2713 = VERTEX_POINT('',#2714);
#2714 = CARTESIAN_POINT('',(-3.95,1.7,1.075));
#2715 = SURFACE_CURVE('',#2716,(#2720,#2727),.PCURVE_S1.);
#2716 = LINE('',#2717,#2718);
#2717 = CARTESIAN_POINT('',(-3.95,1.7,1.075));
#2718 = VECTOR('',#2719,1.);
#2719 = DIRECTION('',(0.,1.,0.));
#2720 = PCURVE('',#2676,#2721);
#2721 = DEFINITIONAL_REPRESENTATION('',(#2722),#2726);
#2722 = LINE('',#2723,#2724);
#2723 = CARTESIAN_POINT('',(0.,-0.205));
#2724 = VECTOR('',#2725,1.);
#2725 = DIRECTION('',(0.,1.));
#2726 = ( GEOMETRIC_REPRESENTATION_CONTEXT(2) 
PARAMETRIC_REPRESENTATION_CONTEXT() REPRESENTATION_CONTEXT('2D SPACE',''
  ) );
#2727 = PCURVE('',#2648,#2728);
#2728 = DEFINITIONAL_REPRESENTATION('',(#2729),#2733);
#2729 = LINE('',#2730,#2731);
#2730 = CARTESIAN_POINT('',(1.13054190546,-0.205));
#2731 = VECTOR('',#2732,1.);
#2732 = DIRECTION('',(0.,1.));
#2733 = ( GEOMETRIC_REPRESENTATION_CONTEXT(2) 
PARAMETRIC_REPRESENTATION_CONTEXT() REPRESENTATION_CONTEXT('2D SPACE',''
  ) );
#2734 = ORIENTED_EDGE('',*,*,#2735,.T.);
#2735 = EDGE_CURVE('',#2713,#2736,#2738,.T.);
#2736 = VERTEX_POINT('',#2737);
#2737 = CARTESIAN_POINT('',(-3.4,1.7,1.075));
#2738 = SURFACE_CURVE('',#2739,(#2743,#2750),.PCURVE_S1.);
#2739 = LINE('',#2740,#2741);
#2740 = CARTESIAN_POINT('',(-3.95,1.7,1.075));
#2741 = VECTOR('',#2742,1.);
#2742 = DIRECTION('',(1.,0.,0.));
#2743 = PCURVE('',#2676,#2744);
#2744 = DEFINITIONAL_REPRESENTATION('',(#2745),#2749);
#2745 = LINE('',#2746,#2747);
#2746 = CARTESIAN_POINT('',(0.,-0.205));
#2747 = VECTOR('',#2748,1.);
#2748 = DIRECTION('',(1.,0.));
#2749 = ( GEOMETRIC_REPRESENTATION_CONTEXT(2) 
PARAMETRIC_REPRESENTATION_CONTEXT() REPRESENTATION_CONTEXT('2D SPACE',''
  ) );
#2750 = PCURVE('',#2455,#2751);
#2751 = DEFINITIONAL_REPRESENTATION('',(#2752),#2756);
#2752 = LINE('',#2753,#2754);
#2753 = CARTESIAN_POINT('',(-0.441496146342,0.303946318775));
#2754 = VECTOR('',#2755,1.);
#2755 = DIRECTION('',(0.,1.));
#2756 = ( GEOMETRIC_REPRESENTATION_CONTEXT(2) 
PARAMETRIC_REPRESENTATION_CONTEXT() REPRESENTATION_CONTEXT('2D SPACE',''
  ) );
#2757 = ORIENTED_EDGE('',*,*,#2758,.T.);
#2758 = EDGE_CURVE('',#2736,#2661,#2759,.T.);
#2759 = SURFACE_CURVE('',#2760,(#2764,#2771),.PCURVE_S1.);
#2760 = LINE('',#2761,#2762);
#2761 = CARTESIAN_POINT('',(-3.4,1.7,1.075));
#2762 = VECTOR('',#2763,1.);
#2763 = DIRECTION('',(0.,1.,0.));
#2764 = PCURVE('',#2676,#2765);
#2765 = DEFINITIONAL_REPRESENTATION('',(#2766),#2770);
#2766 = LINE('',#2767,#2768);
#2767 = CARTESIAN_POINT('',(0.55,-0.205));
#2768 = VECTOR('',#2769,1.);
#2769 = DIRECTION('',(0.,1.));
#2770 = ( GEOMETRIC_REPRESENTATION_CONTEXT(2) 
PARAMETRIC_REPRESENTATION_CONTEXT() REPRESENTATION_CONTEXT('2D SPACE',''
  ) );
#2771 = PCURVE('',#2427,#2772);
#2772 = DEFINITIONAL_REPRESENTATION('',(#2773),#2777);
#2773 = LINE('',#2774,#2775);
#2774 = CARTESIAN_POINT('',(0.,-0.205));
#2775 = VECTOR('',#2776,1.);
#2776 = DIRECTION('',(0.,1.));
#2777 = ( GEOMETRIC_REPRESENTATION_CONTEXT(2) 
PARAMETRIC_REPRESENTATION_CONTEXT() REPRESENTATION_CONTEXT('2D SPACE',''
  ) );
#2778 = ORIENTED_EDGE('',*,*,#2660,.F.);
#2779 = ADVANCED_FACE('',(#2780),#2648,.F.);
#2780 = FACE_BOUND('',#2781,.F.);
#2781 = EDGE_LOOP('',(#2782,#2805,#2806,#2807));
#2782 = ORIENTED_EDGE('',*,*,#2783,.T.);
#2783 = EDGE_CURVE('',#2784,#2713,#2786,.T.);
#2784 = VERTEX_POINT('',#2785);
#2785 = CARTESIAN_POINT('',(-4.3,1.7,0.));
#2786 = SURFACE_CURVE('',#2787,(#2791,#2798),.PCURVE_S1.);
#2787 = LINE('',#2788,#2789);
#2788 = CARTESIAN_POINT('',(-4.3,1.7,0.));
#2789 = VECTOR('',#2790,1.);
#2790 = DIRECTION('',(0.309586047461,0.,0.950871431487));
#2791 = PCURVE('',#2648,#2792);
#2792 = DEFINITIONAL_REPRESENTATION('',(#2793),#2797);
#2793 = LINE('',#2794,#2795);
#2794 = CARTESIAN_POINT('',(0.,-0.205));
#2795 = VECTOR('',#2796,1.);
#2796 = DIRECTION('',(1.,0.));
#2797 = ( GEOMETRIC_REPRESENTATION_CONTEXT(2) 
PARAMETRIC_REPRESENTATION_CONTEXT() REPRESENTATION_CONTEXT('2D SPACE',''
  ) );
#2798 = PCURVE('',#2455,#2799);
#2799 = DEFINITIONAL_REPRESENTATION('',(#2800),#2804);
#2800 = LINE('',#2801,#2802);
#2801 = CARTESIAN_POINT('',(0.633503853658,-4.6053681225E-02));
#2802 = VECTOR('',#2803,1.);
#2803 = DIRECTION('',(-0.950871431487,0.309586047461));
#2804 = ( GEOMETRIC_REPRESENTATION_CONTEXT(2) 
PARAMETRIC_REPRESENTATION_CONTEXT() REPRESENTATION_CONTEXT('2D SPACE',''
  ) );
#2805 = ORIENTED_EDGE('',*,*,#2712,.T.);
#2806 = ORIENTED_EDGE('',*,*,#2632,.F.);
#2807 = ORIENTED_EDGE('',*,*,#2808,.T.);
#2808 = EDGE_CURVE('',#2605,#2784,#2809,.T.);
#2809 = SURFACE_CURVE('',#2810,(#2814,#2821),.PCURVE_S1.);
#2810 = LINE('',#2811,#2812);
#2811 = CARTESIAN_POINT('',(-4.3,2.11,0.));
#2812 = VECTOR('',#2813,1.);
#2813 = DIRECTION('',(0.,-1.,0.));
#2814 = PCURVE('',#2648,#2815);
#2815 = DEFINITIONAL_REPRESENTATION('',(#2816),#2820);
#2816 = LINE('',#2817,#2818);
#2817 = CARTESIAN_POINT('',(0.,0.205));
#2818 = VECTOR('',#2819,1.);
#2819 = DIRECTION('',(0.,-1.));
#2820 = ( GEOMETRIC_REPRESENTATION_CONTEXT(2) 
PARAMETRIC_REPRESENTATION_CONTEXT() REPRESENTATION_CONTEXT('2D SPACE',''
  ) );
#2821 = PCURVE('',#2620,#2822);
#2822 = DEFINITIONAL_REPRESENTATION('',(#2823),#2827);
#2823 = LINE('',#2824,#2825);
#2824 = CARTESIAN_POINT('',(0.85,0.205));
#2825 = VECTOR('',#2826,1.);
#2826 = DIRECTION('',(0.,-1.));
#2827 = ( GEOMETRIC_REPRESENTATION_CONTEXT(2) 
PARAMETRIC_REPRESENTATION_CONTEXT() REPRESENTATION_CONTEXT('2D SPACE',''
  ) );
#2828 = ADVANCED_FACE('',(#2829),#2620,.F.);
#2829 = FACE_BOUND('',#2830,.F.);
#2830 = EDGE_LOOP('',(#2831,#2854,#2855,#2856));
#2831 = ORIENTED_EDGE('',*,*,#2832,.T.);
#2832 = EDGE_CURVE('',#2833,#2784,#2835,.T.);
#2833 = VERTEX_POINT('',#2834);
#2834 = CARTESIAN_POINT('',(-5.15,1.7,0.));
#2835 = SURFACE_CURVE('',#2836,(#2840,#2847),.PCURVE_S1.);
#2836 = LINE('',#2837,#2838);
#2837 = CARTESIAN_POINT('',(-5.15,1.7,0.));
#2838 = VECTOR('',#2839,1.);
#2839 = DIRECTION('',(1.,0.,0.));
#2840 = PCURVE('',#2620,#2841);
#2841 = DEFINITIONAL_REPRESENTATION('',(#2842),#2846);
#2842 = LINE('',#2843,#2844);
#2843 = CARTESIAN_POINT('',(0.,-0.205));
#2844 = VECTOR('',#2845,1.);
#2845 = DIRECTION('',(1.,0.));
#2846 = ( GEOMETRIC_REPRESENTATION_CONTEXT(2) 
PARAMETRIC_REPRESENTATION_CONTEXT() REPRESENTATION_CONTEXT('2D SPACE',''
  ) );
#2847 = PCURVE('',#2455,#2848);
#2848 = DEFINITIONAL_REPRESENTATION('',(#2849),#2853);
#2849 = LINE('',#2850,#2851);
#2850 = CARTESIAN_POINT('',(0.633503853658,-0.896053681225));
#2851 = VECTOR('',#2852,1.);
#2852 = DIRECTION('',(0.,1.));
#2853 = ( GEOMETRIC_REPRESENTATION_CONTEXT(2) 
PARAMETRIC_REPRESENTATION_CONTEXT() REPRESENTATION_CONTEXT('2D SPACE',''
  ) );
#2854 = ORIENTED_EDGE('',*,*,#2808,.F.);
#2855 = ORIENTED_EDGE('',*,*,#2604,.F.);
#2856 = ORIENTED_EDGE('',*,*,#2857,.T.);
#2857 = EDGE_CURVE('',#2577,#2833,#2858,.T.);
#2858 = SURFACE_CURVE('',#2859,(#2863,#2870),.PCURVE_S1.);
#2859 = LINE('',#2860,#2861);
#2860 = CARTESIAN_POINT('',(-5.15,2.11,0.));
#2861 = VECTOR('',#2862,1.);
#2862 = DIRECTION('',(0.,-1.,0.));
#2863 = PCURVE('',#2620,#2864);
#2864 = DEFINITIONAL_REPRESENTATION('',(#2865),#2869);
#2865 = LINE('',#2866,#2867);
#2866 = CARTESIAN_POINT('',(0.,0.205));
#2867 = VECTOR('',#2868,1.);
#2868 = DIRECTION('',(0.,-1.));
#2869 = ( GEOMETRIC_REPRESENTATION_CONTEXT(2) 
PARAMETRIC_REPRESENTATION_CONTEXT() REPRESENTATION_CONTEXT('2D SPACE',''
  ) );
#2870 = PCURVE('',#2592,#2871);
#2871 = DEFINITIONAL_REPRESENTATION('',(#2872),#2876);
#2872 = LINE('',#2873,#2874);
#2873 = CARTESIAN_POINT('',(0.25,0.205));
#2874 = VECTOR('',#2875,1.);
#2875 = DIRECTION('',(0.,-1.));
#2876 = ( GEOMETRIC_REPRESENTATION_CONTEXT(2) 
PARAMETRIC_REPRESENTATION_CONTEXT() REPRESENTATION_CONTEXT('2D SPACE',''
  ) );
#2877 = ADVANCED_FACE('',(#2878),#2592,.F.);
#2878 = FACE_BOUND('',#2879,.F.);
#2879 = EDGE_LOOP('',(#2880,#2903,#2904,#2905));
#2880 = ORIENTED_EDGE('',*,*,#2881,.T.);
#2881 = EDGE_CURVE('',#2882,#2833,#2884,.T.);
#2882 = VERTEX_POINT('',#2883);
#2883 = CARTESIAN_POINT('',(-5.15,1.7,0.25));
#2884 = SURFACE_CURVE('',#2885,(#2889,#2896),.PCURVE_S1.);
#2885 = LINE('',#2886,#2887);
#2886 = CARTESIAN_POINT('',(-5.15,1.7,0.25));
#2887 = VECTOR('',#2888,1.);
#2888 = DIRECTION('',(0.,0.,-1.));
#2889 = PCURVE('',#2592,#2890);
#2890 = DEFINITIONAL_REPRESENTATION('',(#2891),#2895);
#2891 = LINE('',#2892,#2893);
#2892 = CARTESIAN_POINT('',(0.,-0.205));
#2893 = VECTOR('',#2894,1.);
#2894 = DIRECTION('',(1.,0.));
#2895 = ( GEOMETRIC_REPRESENTATION_CONTEXT(2) 
PARAMETRIC_REPRESENTATION_CONTEXT() REPRESENTATION_CONTEXT('2D SPACE',''
  ) );
#2896 = PCURVE('',#2455,#2897);
#2897 = DEFINITIONAL_REPRESENTATION('',(#2898),#2902);
#2898 = LINE('',#2899,#2900);
#2899 = CARTESIAN_POINT('',(0.383503853658,-0.896053681225));
#2900 = VECTOR('',#2901,1.);
#2901 = DIRECTION('',(1.,0.));
#2902 = ( GEOMETRIC_REPRESENTATION_CONTEXT(2) 
PARAMETRIC_REPRESENTATION_CONTEXT() REPRESENTATION_CONTEXT('2D SPACE',''
  ) );
#2903 = ORIENTED_EDGE('',*,*,#2857,.F.);
#2904 = ORIENTED_EDGE('',*,*,#2576,.F.);
#2905 = ORIENTED_EDGE('',*,*,#2906,.T.);
#2906 = EDGE_CURVE('',#2549,#2882,#2907,.T.);
#2907 = SURFACE_CURVE('',#2908,(#2912,#2919),.PCURVE_S1.);
#2908 = LINE('',#2909,#2910);
#2909 = CARTESIAN_POINT('',(-5.15,2.11,0.25));
#2910 = VECTOR('',#2911,1.);
#2911 = DIRECTION('',(0.,-1.,0.));
#2912 = PCURVE('',#2592,#2913);
#2913 = DEFINITIONAL_REPRESENTATION('',(#2914),#2918);
#2914 = LINE('',#2915,#2916);
#2915 = CARTESIAN_POINT('',(0.,0.205));
#2916 = VECTOR('',#2917,1.);
#2917 = DIRECTION('',(0.,-1.));
#2918 = ( GEOMETRIC_REPRESENTATION_CONTEXT(2) 
PARAMETRIC_REPRESENTATION_CONTEXT() REPRESENTATION_CONTEXT('2D SPACE',''
  ) );
#2919 = PCURVE('',#2564,#2920);
#2920 = DEFINITIONAL_REPRESENTATION('',(#2921),#2925);
#2921 = LINE('',#2922,#2923);
#2922 = CARTESIAN_POINT('',(0.7,0.205));
#2923 = VECTOR('',#2924,1.);
#2924 = DIRECTION('',(0.,-1.));
#2925 = ( GEOMETRIC_REPRESENTATION_CONTEXT(2) 
PARAMETRIC_REPRESENTATION_CONTEXT() REPRESENTATION_CONTEXT('2D SPACE',''
  ) );
#2926 = ADVANCED_FACE('',(#2927),#2564,.F.);
#2927 = FACE_BOUND('',#2928,.F.);
#2928 = EDGE_LOOP('',(#2929,#2952,#2953,#2954));
#2929 = ORIENTED_EDGE('',*,*,#2930,.T.);
#2930 = EDGE_CURVE('',#2931,#2882,#2933,.T.);
#2931 = VERTEX_POINT('',#2932);
#2932 = CARTESIAN_POINT('',(-4.45,1.7,0.25));
#2933 = SURFACE_CURVE('',#2934,(#2938,#2945),.PCURVE_S1.);
#2934 = LINE('',#2935,#2936);
#2935 = CARTESIAN_POINT('',(-4.45,1.7,0.25));
#2936 = VECTOR('',#2937,1.);
#2937 = DIRECTION('',(-1.,0.,0.));
#2938 = PCURVE('',#2564,#2939);
#2939 = DEFINITIONAL_REPRESENTATION('',(#2940),#2944);
#2940 = LINE('',#2941,#2942);
#2941 = CARTESIAN_POINT('',(0.,-0.205));
#2942 = VECTOR('',#2943,1.);
#2943 = DIRECTION('',(1.,0.));
#2944 = ( GEOMETRIC_REPRESENTATION_CONTEXT(2) 
PARAMETRIC_REPRESENTATION_CONTEXT() REPRESENTATION_CONTEXT('2D SPACE',''
  ) );
#2945 = PCURVE('',#2455,#2946);
#2946 = DEFINITIONAL_REPRESENTATION('',(#2947),#2951);
#2947 = LINE('',#2948,#2949);
#2948 = CARTESIAN_POINT('',(0.383503853658,-0.196053681225));
#2949 = VECTOR('',#2950,1.);
#2950 = DIRECTION('',(0.,-1.));
#2951 = ( GEOMETRIC_REPRESENTATION_CONTEXT(2) 
PARAMETRIC_REPRESENTATION_CONTEXT() REPRESENTATION_CONTEXT('2D SPACE',''
  ) );
#2952 = ORIENTED_EDGE('',*,*,#2906,.F.);
#2953 = ORIENTED_EDGE('',*,*,#2548,.F.);
#2954 = ORIENTED_EDGE('',*,*,#2955,.T.);
#2955 = EDGE_CURVE('',#2526,#2931,#2956,.T.);
#2956 = SURFACE_CURVE('',#2957,(#2961,#2968),.PCURVE_S1.);
#2957 = LINE('',#2958,#2959);
#2958 = CARTESIAN_POINT('',(-4.45,2.11,0.25));
#2959 = VECTOR('',#2960,1.);
#2960 = DIRECTION('',(0.,-1.,0.));
#2961 = PCURVE('',#2564,#2962);
#2962 = DEFINITIONAL_REPRESENTATION('',(#2963),#2967);
#2963 = LINE('',#2964,#2965);
#2964 = CARTESIAN_POINT('',(0.,0.205));
#2965 = VECTOR('',#2966,1.);
#2966 = DIRECTION('',(0.,-1.));
#2967 = ( GEOMETRIC_REPRESENTATION_CONTEXT(2) 
PARAMETRIC_REPRESENTATION_CONTEXT() REPRESENTATION_CONTEXT('2D SPACE',''
  ) );
#2968 = PCURVE('',#2483,#2969);
#2969 = DEFINITIONAL_REPRESENTATION('',(#2970),#2974);
#2970 = LINE('',#2971,#2972);
#2971 = CARTESIAN_POINT('',(1.13054190546,0.205));
#2972 = VECTOR('',#2973,1.);
#2973 = DIRECTION('',(-0.,-1.));
#2974 = ( GEOMETRIC_REPRESENTATION_CONTEXT(2) 
PARAMETRIC_REPRESENTATION_CONTEXT() REPRESENTATION_CONTEXT('2D SPACE',''
  ) );
#2975 = ADVANCED_FACE('',(#2976),#2483,.F.);
#2976 = FACE_BOUND('',#2977,.F.);
#2977 = EDGE_LOOP('',(#2978,#2999,#3000,#3001));
#2978 = ORIENTED_EDGE('',*,*,#2979,.T.);
#2979 = EDGE_CURVE('',#2440,#2931,#2980,.T.);
#2980 = SURFACE_CURVE('',#2981,(#2985,#2992),.PCURVE_S1.);
#2981 = LINE('',#2982,#2983);
#2982 = CARTESIAN_POINT('',(-4.1,1.7,1.325));
#2983 = VECTOR('',#2984,1.);
#2984 = DIRECTION('',(-0.309586047461,0.,-0.950871431487));
#2985 = PCURVE('',#2483,#2986);
#2986 = DEFINITIONAL_REPRESENTATION('',(#2987),#2991);
#2987 = LINE('',#2988,#2989);
#2988 = CARTESIAN_POINT('',(-0.,-0.205));
#2989 = VECTOR('',#2990,1.);
#2990 = DIRECTION('',(1.,0.));
#2991 = ( GEOMETRIC_REPRESENTATION_CONTEXT(2) 
PARAMETRIC_REPRESENTATION_CONTEXT() REPRESENTATION_CONTEXT('2D SPACE',''
  ) );
#2992 = PCURVE('',#2455,#2993);
#2993 = DEFINITIONAL_REPRESENTATION('',(#2994),#2998);
#2994 = LINE('',#2995,#2996);
#2995 = CARTESIAN_POINT('',(-0.691496146342,0.153946318775));
#2996 = VECTOR('',#2997,1.);
#2997 = DIRECTION('',(0.950871431487,-0.309586047461));
#2998 = ( GEOMETRIC_REPRESENTATION_CONTEXT(2) 
PARAMETRIC_REPRESENTATION_CONTEXT() REPRESENTATION_CONTEXT('2D SPACE',''
  ) );
#2999 = ORIENTED_EDGE('',*,*,#2955,.F.);
#3000 = ORIENTED_EDGE('',*,*,#2525,.F.);
#3001 = ORIENTED_EDGE('',*,*,#2467,.T.);
#3002 = ADVANCED_FACE('',(#3003),#2455,.T.);
#3003 = FACE_BOUND('',#3004,.T.);
#3004 = EDGE_LOOP('',(#3005,#3006,#3007,#3008,#3009,#3010,#3011,#3012));
#3005 = ORIENTED_EDGE('',*,*,#2439,.T.);
#3006 = ORIENTED_EDGE('',*,*,#2979,.T.);
#3007 = ORIENTED_EDGE('',*,*,#2930,.T.);
#3008 = ORIENTED_EDGE('',*,*,#2881,.T.);
#3009 = ORIENTED_EDGE('',*,*,#2832,.T.);
#3010 = ORIENTED_EDGE('',*,*,#2783,.T.);
#3011 = ORIENTED_EDGE('',*,*,#2735,.T.);
#3012 = ORIENTED_EDGE('',*,*,#3013,.T.);
#3013 = EDGE_CURVE('',#2736,#2405,#3014,.T.);
#3014 = SURFACE_CURVE('',#3015,(#3019,#3026),.PCURVE_S1.);
#3015 = LINE('',#3016,#3017);
#3016 = CARTESIAN_POINT('',(-3.4,1.7,1.075));
#3017 = VECTOR('',#3018,1.);
#3018 = DIRECTION('',(0.,0.,1.));
#3019 = PCURVE('',#2455,#3020);
#3020 = DEFINITIONAL_REPRESENTATION('',(#3021),#3025);
#3021 = LINE('',#3022,#3023);
#3022 = CARTESIAN_POINT('',(-0.441496146342,0.853946318775));
#3023 = VECTOR('',#3024,1.);
#3024 = DIRECTION('',(-1.,0.));
#3025 = ( GEOMETRIC_REPRESENTATION_CONTEXT(2) 
PARAMETRIC_REPRESENTATION_CONTEXT() REPRESENTATION_CONTEXT('2D SPACE',''
  ) );
#3026 = PCURVE('',#2427,#3027);
#3027 = DEFINITIONAL_REPRESENTATION('',(#3028),#3032);
#3028 = LINE('',#3029,#3030);
#3029 = CARTESIAN_POINT('',(0.,-0.205));
#3030 = VECTOR('',#3031,1.);
#3031 = DIRECTION('',(1.,0.));
#3032 = ( GEOMETRIC_REPRESENTATION_CONTEXT(2) 
PARAMETRIC_REPRESENTATION_CONTEXT() REPRESENTATION_CONTEXT('2D SPACE',''
  ) );
#3033 = ADVANCED_FACE('',(#3034),#2427,.F.);
#3034 = FACE_BOUND('',#3035,.F.);
#3035 = EDGE_LOOP('',(#3036,#3037,#3038,#3039));
#3036 = ORIENTED_EDGE('',*,*,#2758,.F.);
#3037 = ORIENTED_EDGE('',*,*,#3013,.T.);
#3038 = ORIENTED_EDGE('',*,*,#2404,.T.);
#3039 = ORIENTED_EDGE('',*,*,#2688,.F.);
#3040 = MANIFOLD_SOLID_BREP('',#3041);
#3041 = CLOSED_SHELL('',(#3042,#3162,#3350,#3421,#3470,#3519,#3568,#3617
    ,#3644,#3675));
#3042 = ADVANCED_FACE('',(#3043),#3057,.F.);
#3043 = FACE_BOUND('',#3044,.F.);
#3044 = EDGE_LOOP('',(#3045,#3080,#3108,#3136));
#3045 = ORIENTED_EDGE('',*,*,#3046,.F.);
#3046 = EDGE_CURVE('',#3047,#3049,#3051,.T.);
#3047 = VERTEX_POINT('',#3048);
#3048 = CARTESIAN_POINT('',(-3.4,0.43,1.325));
#3049 = VERTEX_POINT('',#3050);
#3050 = CARTESIAN_POINT('',(-3.4,0.84,1.325));
#3051 = SURFACE_CURVE('',#3052,(#3056,#3068),.PCURVE_S1.);
#3052 = LINE('',#3053,#3054);
#3053 = CARTESIAN_POINT('',(-3.4,0.43,1.325));
#3054 = VECTOR('',#3055,1.);
#3055 = DIRECTION('',(0.,1.,0.));
#3056 = PCURVE('',#3057,#3062);
#3057 = PLANE('',#3058);
#3058 = AXIS2_PLACEMENT_3D('',#3059,#3060,#3061);
#3059 = CARTESIAN_POINT('',(-3.4,0.635,1.325));
#3060 = DIRECTION('',(-0.,-0.,-1.));
#3061 = DIRECTION('',(-1.,0.,0.));
#3062 = DEFINITIONAL_REPRESENTATION('',(#3063),#3067);
#3063 = LINE('',#3064,#3065);
#3064 = CARTESIAN_POINT('',(0.,-0.205));
#3065 = VECTOR('',#3066,1.);
#3066 = DIRECTION('',(0.,1.));
#3067 = ( GEOMETRIC_REPRESENTATION_CONTEXT(2) 
PARAMETRIC_REPRESENTATION_CONTEXT() REPRESENTATION_CONTEXT('2D SPACE',''
  ) );
#3068 = PCURVE('',#3069,#3074);
#3069 = PLANE('',#3070);
#3070 = AXIS2_PLACEMENT_3D('',#3071,#3072,#3073);
#3071 = CARTESIAN_POINT('',(-3.4,0.635,1.075));
#3072 = DIRECTION('',(-1.,0.,0.));
#3073 = DIRECTION('',(0.,0.,1.));
#3074 = DEFINITIONAL_REPRESENTATION('',(#3075),#3079);
#3075 = LINE('',#3076,#3077);
#3076 = CARTESIAN_POINT('',(0.25,-0.205));
#3077 = VECTOR('',#3078,1.);
#3078 = DIRECTION('',(0.,1.));
#3079 = ( GEOMETRIC_REPRESENTATION_CONTEXT(2) 
PARAMETRIC_REPRESENTATION_CONTEXT() REPRESENTATION_CONTEXT('2D SPACE',''
  ) );
#3080 = ORIENTED_EDGE('',*,*,#3081,.T.);
#3081 = EDGE_CURVE('',#3047,#3082,#3084,.T.);
#3082 = VERTEX_POINT('',#3083);
#3083 = CARTESIAN_POINT('',(-4.1,0.43,1.325));
#3084 = SURFACE_CURVE('',#3085,(#3089,#3096),.PCURVE_S1.);
#3085 = LINE('',#3086,#3087);
#3086 = CARTESIAN_POINT('',(-3.4,0.43,1.325));
#3087 = VECTOR('',#3088,1.);
#3088 = DIRECTION('',(-1.,0.,0.));
#3089 = PCURVE('',#3057,#3090);
#3090 = DEFINITIONAL_REPRESENTATION('',(#3091),#3095);
#3091 = LINE('',#3092,#3093);
#3092 = CARTESIAN_POINT('',(0.,-0.205));
#3093 = VECTOR('',#3094,1.);
#3094 = DIRECTION('',(1.,0.));
#3095 = ( GEOMETRIC_REPRESENTATION_CONTEXT(2) 
PARAMETRIC_REPRESENTATION_CONTEXT() REPRESENTATION_CONTEXT('2D SPACE',''
  ) );
#3096 = PCURVE('',#3097,#3102);
#3097 = PLANE('',#3098);
#3098 = AXIS2_PLACEMENT_3D('',#3099,#3100,#3101);
#3099 = CARTESIAN_POINT('',(-4.253946318775,0.43,0.633503853658));
#3100 = DIRECTION('',(-0.,-1.,-0.));
#3101 = DIRECTION('',(0.,0.,-1.));
#3102 = DEFINITIONAL_REPRESENTATION('',(#3103),#3107);
#3103 = LINE('',#3104,#3105);
#3104 = CARTESIAN_POINT('',(-0.691496146342,0.853946318775));
#3105 = VECTOR('',#3106,1.);
#3106 = DIRECTION('',(0.,-1.));
#3107 = ( GEOMETRIC_REPRESENTATION_CONTEXT(2) 
PARAMETRIC_REPRESENTATION_CONTEXT() REPRESENTATION_CONTEXT('2D SPACE',''
  ) );
#3108 = ORIENTED_EDGE('',*,*,#3109,.F.);
#3109 = EDGE_CURVE('',#3110,#3082,#3112,.T.);
#3110 = VERTEX_POINT('',#3111);
#3111 = CARTESIAN_POINT('',(-4.1,0.84,1.325));
#3112 = SURFACE_CURVE('',#3113,(#3117,#3124),.PCURVE_S1.);
#3113 = LINE('',#3114,#3115);
#3114 = CARTESIAN_POINT('',(-4.1,0.84,1.325));
#3115 = VECTOR('',#3116,1.);
#3116 = DIRECTION('',(0.,-1.,0.));
#3117 = PCURVE('',#3057,#3118);
#3118 = DEFINITIONAL_REPRESENTATION('',(#3119),#3123);
#3119 = LINE('',#3120,#3121);
#3120 = CARTESIAN_POINT('',(0.7,0.205));
#3121 = VECTOR('',#3122,1.);
#3122 = DIRECTION('',(0.,-1.));
#3123 = ( GEOMETRIC_REPRESENTATION_CONTEXT(2) 
PARAMETRIC_REPRESENTATION_CONTEXT() REPRESENTATION_CONTEXT('2D SPACE',''
  ) );
#3124 = PCURVE('',#3125,#3130);
#3125 = PLANE('',#3126);
#3126 = AXIS2_PLACEMENT_3D('',#3127,#3128,#3129);
#3127 = CARTESIAN_POINT('',(-4.1,0.635,1.325));
#3128 = DIRECTION('',(0.950871431487,0.,-0.309586047461));
#3129 = DIRECTION('',(-0.309586047461,0.,-0.950871431487));
#3130 = DEFINITIONAL_REPRESENTATION('',(#3131),#3135);
#3131 = LINE('',#3132,#3133);
#3132 = CARTESIAN_POINT('',(0.,0.205));
#3133 = VECTOR('',#3134,1.);
#3134 = DIRECTION('',(-0.,-1.));
#3135 = ( GEOMETRIC_REPRESENTATION_CONTEXT(2) 
PARAMETRIC_REPRESENTATION_CONTEXT() REPRESENTATION_CONTEXT('2D SPACE',''
  ) );
#3136 = ORIENTED_EDGE('',*,*,#3137,.F.);
#3137 = EDGE_CURVE('',#3049,#3110,#3138,.T.);
#3138 = SURFACE_CURVE('',#3139,(#3143,#3150),.PCURVE_S1.);
#3139 = LINE('',#3140,#3141);
#3140 = CARTESIAN_POINT('',(-3.4,0.84,1.325));
#3141 = VECTOR('',#3142,1.);
#3142 = DIRECTION('',(-1.,0.,0.));
#3143 = PCURVE('',#3057,#3144);
#3144 = DEFINITIONAL_REPRESENTATION('',(#3145),#3149);
#3145 = LINE('',#3146,#3147);
#3146 = CARTESIAN_POINT('',(0.,0.205));
#3147 = VECTOR('',#3148,1.);
#3148 = DIRECTION('',(1.,0.));
#3149 = ( GEOMETRIC_REPRESENTATION_CONTEXT(2) 
PARAMETRIC_REPRESENTATION_CONTEXT() REPRESENTATION_CONTEXT('2D SPACE',''
  ) );
#3150 = PCURVE('',#3151,#3156);
#3151 = PLANE('',#3152);
#3152 = AXIS2_PLACEMENT_3D('',#3153,#3154,#3155);
#3153 = CARTESIAN_POINT('',(-4.253946318775,0.84,0.633503853658));
#3154 = DIRECTION('',(-0.,-1.,-0.));
#3155 = DIRECTION('',(0.,0.,-1.));
#3156 = DEFINITIONAL_REPRESENTATION('',(#3157),#3161);
#3157 = LINE('',#3158,#3159);
#3158 = CARTESIAN_POINT('',(-0.691496146342,0.853946318775));
#3159 = VECTOR('',#3160,1.);
#3160 = DIRECTION('',(0.,-1.));
#3161 = ( GEOMETRIC_REPRESENTATION_CONTEXT(2) 
PARAMETRIC_REPRESENTATION_CONTEXT() REPRESENTATION_CONTEXT('2D SPACE',''
  ) );
#3162 = ADVANCED_FACE('',(#3163),#3151,.F.);
#3163 = FACE_BOUND('',#3164,.F.);
#3164 = EDGE_LOOP('',(#3165,#3166,#3189,#3217,#3245,#3273,#3301,#3329));
#3165 = ORIENTED_EDGE('',*,*,#3137,.T.);
#3166 = ORIENTED_EDGE('',*,*,#3167,.T.);
#3167 = EDGE_CURVE('',#3110,#3168,#3170,.T.);
#3168 = VERTEX_POINT('',#3169);
#3169 = CARTESIAN_POINT('',(-4.45,0.84,0.25));
#3170 = SURFACE_CURVE('',#3171,(#3175,#3182),.PCURVE_S1.);
#3171 = LINE('',#3172,#3173);
#3172 = CARTESIAN_POINT('',(-4.1,0.84,1.325));
#3173 = VECTOR('',#3174,1.);
#3174 = DIRECTION('',(-0.309586047461,0.,-0.950871431487));
#3175 = PCURVE('',#3151,#3176);
#3176 = DEFINITIONAL_REPRESENTATION('',(#3177),#3181);
#3177 = LINE('',#3178,#3179);
#3178 = CARTESIAN_POINT('',(-0.691496146342,0.153946318775));
#3179 = VECTOR('',#3180,1.);
#3180 = DIRECTION('',(0.950871431487,-0.309586047461));
#3181 = ( GEOMETRIC_REPRESENTATION_CONTEXT(2) 
PARAMETRIC_REPRESENTATION_CONTEXT() REPRESENTATION_CONTEXT('2D SPACE',''
  ) );
#3182 = PCURVE('',#3125,#3183);
#3183 = DEFINITIONAL_REPRESENTATION('',(#3184),#3188);
#3184 = LINE('',#3185,#3186);
#3185 = CARTESIAN_POINT('',(0.,0.205));
#3186 = VECTOR('',#3187,1.);
#3187 = DIRECTION('',(1.,0.));
#3188 = ( GEOMETRIC_REPRESENTATION_CONTEXT(2) 
PARAMETRIC_REPRESENTATION_CONTEXT() REPRESENTATION_CONTEXT('2D SPACE',''
  ) );
#3189 = ORIENTED_EDGE('',*,*,#3190,.T.);
#3190 = EDGE_CURVE('',#3168,#3191,#3193,.T.);
#3191 = VERTEX_POINT('',#3192);
#3192 = CARTESIAN_POINT('',(-5.15,0.84,0.25));
#3193 = SURFACE_CURVE('',#3194,(#3198,#3205),.PCURVE_S1.);
#3194 = LINE('',#3195,#3196);
#3195 = CARTESIAN_POINT('',(-4.45,0.84,0.25));
#3196 = VECTOR('',#3197,1.);
#3197 = DIRECTION('',(-1.,0.,0.));
#3198 = PCURVE('',#3151,#3199);
#3199 = DEFINITIONAL_REPRESENTATION('',(#3200),#3204);
#3200 = LINE('',#3201,#3202);
#3201 = CARTESIAN_POINT('',(0.383503853658,-0.196053681225));
#3202 = VECTOR('',#3203,1.);
#3203 = DIRECTION('',(0.,-1.));
#3204 = ( GEOMETRIC_REPRESENTATION_CONTEXT(2) 
PARAMETRIC_REPRESENTATION_CONTEXT() REPRESENTATION_CONTEXT('2D SPACE',''
  ) );
#3205 = PCURVE('',#3206,#3211);
#3206 = PLANE('',#3207);
#3207 = AXIS2_PLACEMENT_3D('',#3208,#3209,#3210);
#3208 = CARTESIAN_POINT('',(-4.45,0.635,0.25));
#3209 = DIRECTION('',(-0.,-0.,-1.));
#3210 = DIRECTION('',(-1.,0.,0.));
#3211 = DEFINITIONAL_REPRESENTATION('',(#3212),#3216);
#3212 = LINE('',#3213,#3214);
#3213 = CARTESIAN_POINT('',(0.,0.205));
#3214 = VECTOR('',#3215,1.);
#3215 = DIRECTION('',(1.,0.));
#3216 = ( GEOMETRIC_REPRESENTATION_CONTEXT(2) 
PARAMETRIC_REPRESENTATION_CONTEXT() REPRESENTATION_CONTEXT('2D SPACE',''
  ) );
#3217 = ORIENTED_EDGE('',*,*,#3218,.T.);
#3218 = EDGE_CURVE('',#3191,#3219,#3221,.T.);
#3219 = VERTEX_POINT('',#3220);
#3220 = CARTESIAN_POINT('',(-5.15,0.84,0.));
#3221 = SURFACE_CURVE('',#3222,(#3226,#3233),.PCURVE_S1.);
#3222 = LINE('',#3223,#3224);
#3223 = CARTESIAN_POINT('',(-5.15,0.84,0.25));
#3224 = VECTOR('',#3225,1.);
#3225 = DIRECTION('',(0.,0.,-1.));
#3226 = PCURVE('',#3151,#3227);
#3227 = DEFINITIONAL_REPRESENTATION('',(#3228),#3232);
#3228 = LINE('',#3229,#3230);
#3229 = CARTESIAN_POINT('',(0.383503853658,-0.896053681225));
#3230 = VECTOR('',#3231,1.);
#3231 = DIRECTION('',(1.,0.));
#3232 = ( GEOMETRIC_REPRESENTATION_CONTEXT(2) 
PARAMETRIC_REPRESENTATION_CONTEXT() REPRESENTATION_CONTEXT('2D SPACE',''
  ) );
#3233 = PCURVE('',#3234,#3239);
#3234 = PLANE('',#3235);
#3235 = AXIS2_PLACEMENT_3D('',#3236,#3237,#3238);
#3236 = CARTESIAN_POINT('',(-5.15,0.635,0.25));
#3237 = DIRECTION('',(1.,0.,0.));
#3238 = DIRECTION('',(0.,0.,-1.));
#3239 = DEFINITIONAL_REPRESENTATION('',(#3240),#3244);
#3240 = LINE('',#3241,#3242);
#3241 = CARTESIAN_POINT('',(0.,0.205));
#3242 = VECTOR('',#3243,1.);
#3243 = DIRECTION('',(1.,0.));
#3244 = ( GEOMETRIC_REPRESENTATION_CONTEXT(2) 
PARAMETRIC_REPRESENTATION_CONTEXT() REPRESENTATION_CONTEXT('2D SPACE',''
  ) );
#3245 = ORIENTED_EDGE('',*,*,#3246,.T.);
#3246 = EDGE_CURVE('',#3219,#3247,#3249,.T.);
#3247 = VERTEX_POINT('',#3248);
#3248 = CARTESIAN_POINT('',(-4.3,0.84,0.));
#3249 = SURFACE_CURVE('',#3250,(#3254,#3261),.PCURVE_S1.);
#3250 = LINE('',#3251,#3252);
#3251 = CARTESIAN_POINT('',(-5.15,0.84,0.));
#3252 = VECTOR('',#3253,1.);
#3253 = DIRECTION('',(1.,0.,0.));
#3254 = PCURVE('',#3151,#3255);
#3255 = DEFINITIONAL_REPRESENTATION('',(#3256),#3260);
#3256 = LINE('',#3257,#3258);
#3257 = CARTESIAN_POINT('',(0.633503853658,-0.896053681225));
#3258 = VECTOR('',#3259,1.);
#3259 = DIRECTION('',(0.,1.));
#3260 = ( GEOMETRIC_REPRESENTATION_CONTEXT(2) 
PARAMETRIC_REPRESENTATION_CONTEXT() REPRESENTATION_CONTEXT('2D SPACE',''
  ) );
#3261 = PCURVE('',#3262,#3267);
#3262 = PLANE('',#3263);
#3263 = AXIS2_PLACEMENT_3D('',#3264,#3265,#3266);
#3264 = CARTESIAN_POINT('',(-5.15,0.635,0.));
#3265 = DIRECTION('',(-0.,0.,1.));
#3266 = DIRECTION('',(1.,0.,0.));
#3267 = DEFINITIONAL_REPRESENTATION('',(#3268),#3272);
#3268 = LINE('',#3269,#3270);
#3269 = CARTESIAN_POINT('',(0.,0.205));
#3270 = VECTOR('',#3271,1.);
#3271 = DIRECTION('',(1.,0.));
#3272 = ( GEOMETRIC_REPRESENTATION_CONTEXT(2) 
PARAMETRIC_REPRESENTATION_CONTEXT() REPRESENTATION_CONTEXT('2D SPACE',''
  ) );
#3273 = ORIENTED_EDGE('',*,*,#3274,.T.);
#3274 = EDGE_CURVE('',#3247,#3275,#3277,.T.);
#3275 = VERTEX_POINT('',#3276);
#3276 = CARTESIAN_POINT('',(-3.95,0.84,1.075));
#3277 = SURFACE_CURVE('',#3278,(#3282,#3289),.PCURVE_S1.);
#3278 = LINE('',#3279,#3280);
#3279 = CARTESIAN_POINT('',(-4.3,0.84,0.));
#3280 = VECTOR('',#3281,1.);
#3281 = DIRECTION('',(0.309586047461,0.,0.950871431487));
#3282 = PCURVE('',#3151,#3283);
#3283 = DEFINITIONAL_REPRESENTATION('',(#3284),#3288);
#3284 = LINE('',#3285,#3286);
#3285 = CARTESIAN_POINT('',(0.633503853658,-4.6053681225E-02));
#3286 = VECTOR('',#3287,1.);
#3287 = DIRECTION('',(-0.950871431487,0.309586047461));
#3288 = ( GEOMETRIC_REPRESENTATION_CONTEXT(2) 
PARAMETRIC_REPRESENTATION_CONTEXT() REPRESENTATION_CONTEXT('2D SPACE',''
  ) );
#3289 = PCURVE('',#3290,#3295);
#3290 = PLANE('',#3291);
#3291 = AXIS2_PLACEMENT_3D('',#3292,#3293,#3294);
#3292 = CARTESIAN_POINT('',(-4.3,0.635,0.));
#3293 = DIRECTION('',(-0.950871431487,0.,0.309586047461));
#3294 = DIRECTION('',(0.309586047461,0.,0.950871431487));
#3295 = DEFINITIONAL_REPRESENTATION('',(#3296),#3300);
#3296 = LINE('',#3297,#3298);
#3297 = CARTESIAN_POINT('',(0.,0.205));
#3298 = VECTOR('',#3299,1.);
#3299 = DIRECTION('',(1.,0.));
#3300 = ( GEOMETRIC_REPRESENTATION_CONTEXT(2) 
PARAMETRIC_REPRESENTATION_CONTEXT() REPRESENTATION_CONTEXT('2D SPACE',''
  ) );
#3301 = ORIENTED_EDGE('',*,*,#3302,.T.);
#3302 = EDGE_CURVE('',#3275,#3303,#3305,.T.);
#3303 = VERTEX_POINT('',#3304);
#3304 = CARTESIAN_POINT('',(-3.4,0.84,1.075));
#3305 = SURFACE_CURVE('',#3306,(#3310,#3317),.PCURVE_S1.);
#3306 = LINE('',#3307,#3308);
#3307 = CARTESIAN_POINT('',(-3.95,0.84,1.075));
#3308 = VECTOR('',#3309,1.);
#3309 = DIRECTION('',(1.,0.,0.));
#3310 = PCURVE('',#3151,#3311);
#3311 = DEFINITIONAL_REPRESENTATION('',(#3312),#3316);
#3312 = LINE('',#3313,#3314);
#3313 = CARTESIAN_POINT('',(-0.441496146342,0.303946318775));
#3314 = VECTOR('',#3315,1.);
#3315 = DIRECTION('',(0.,1.));
#3316 = ( GEOMETRIC_REPRESENTATION_CONTEXT(2) 
PARAMETRIC_REPRESENTATION_CONTEXT() REPRESENTATION_CONTEXT('2D SPACE',''
  ) );
#3317 = PCURVE('',#3318,#3323);
#3318 = PLANE('',#3319);
#3319 = AXIS2_PLACEMENT_3D('',#3320,#3321,#3322);
#3320 = CARTESIAN_POINT('',(-3.95,0.635,1.075));
#3321 = DIRECTION('',(-0.,0.,1.));
#3322 = DIRECTION('',(1.,0.,0.));
#3323 = DEFINITIONAL_REPRESENTATION('',(#3324),#3328);
#3324 = LINE('',#3325,#3326);
#3325 = CARTESIAN_POINT('',(0.,0.205));
#3326 = VECTOR('',#3327,1.);
#3327 = DIRECTION('',(1.,0.));
#3328 = ( GEOMETRIC_REPRESENTATION_CONTEXT(2) 
PARAMETRIC_REPRESENTATION_CONTEXT() REPRESENTATION_CONTEXT('2D SPACE',''
  ) );
#3329 = ORIENTED_EDGE('',*,*,#3330,.T.);
#3330 = EDGE_CURVE('',#3303,#3049,#3331,.T.);
#3331 = SURFACE_CURVE('',#3332,(#3336,#3343),.PCURVE_S1.);
#3332 = LINE('',#3333,#3334);
#3333 = CARTESIAN_POINT('',(-3.4,0.84,1.075));
#3334 = VECTOR('',#3335,1.);
#3335 = DIRECTION('',(0.,0.,1.));
#3336 = PCURVE('',#3151,#3337);
#3337 = DEFINITIONAL_REPRESENTATION('',(#3338),#3342);
#3338 = LINE('',#3339,#3340);
#3339 = CARTESIAN_POINT('',(-0.441496146342,0.853946318775));
#3340 = VECTOR('',#3341,1.);
#3341 = DIRECTION('',(-1.,0.));
#3342 = ( GEOMETRIC_REPRESENTATION_CONTEXT(2) 
PARAMETRIC_REPRESENTATION_CONTEXT() REPRESENTATION_CONTEXT('2D SPACE',''
  ) );
#3343 = PCURVE('',#3069,#3344);
#3344 = DEFINITIONAL_REPRESENTATION('',(#3345),#3349);
#3345 = LINE('',#3346,#3347);
#3346 = CARTESIAN_POINT('',(0.,0.205));
#3347 = VECTOR('',#3348,1.);
#3348 = DIRECTION('',(1.,0.));
#3349 = ( GEOMETRIC_REPRESENTATION_CONTEXT(2) 
PARAMETRIC_REPRESENTATION_CONTEXT() REPRESENTATION_CONTEXT('2D SPACE',''
  ) );
#3350 = ADVANCED_FACE('',(#3351),#3318,.F.);
#3351 = FACE_BOUND('',#3352,.F.);
#3352 = EDGE_LOOP('',(#3353,#3376,#3399,#3420));
#3353 = ORIENTED_EDGE('',*,*,#3354,.F.);
#3354 = EDGE_CURVE('',#3355,#3275,#3357,.T.);
#3355 = VERTEX_POINT('',#3356);
#3356 = CARTESIAN_POINT('',(-3.95,0.43,1.075));
#3357 = SURFACE_CURVE('',#3358,(#3362,#3369),.PCURVE_S1.);
#3358 = LINE('',#3359,#3360);
#3359 = CARTESIAN_POINT('',(-3.95,0.43,1.075));
#3360 = VECTOR('',#3361,1.);
#3361 = DIRECTION('',(0.,1.,0.));
#3362 = PCURVE('',#3318,#3363);
#3363 = DEFINITIONAL_REPRESENTATION('',(#3364),#3368);
#3364 = LINE('',#3365,#3366);
#3365 = CARTESIAN_POINT('',(0.,-0.205));
#3366 = VECTOR('',#3367,1.);
#3367 = DIRECTION('',(0.,1.));
#3368 = ( GEOMETRIC_REPRESENTATION_CONTEXT(2) 
PARAMETRIC_REPRESENTATION_CONTEXT() REPRESENTATION_CONTEXT('2D SPACE',''
  ) );
#3369 = PCURVE('',#3290,#3370);
#3370 = DEFINITIONAL_REPRESENTATION('',(#3371),#3375);
#3371 = LINE('',#3372,#3373);
#3372 = CARTESIAN_POINT('',(1.13054190546,-0.205));
#3373 = VECTOR('',#3374,1.);
#3374 = DIRECTION('',(0.,1.));
#3375 = ( GEOMETRIC_REPRESENTATION_CONTEXT(2) 
PARAMETRIC_REPRESENTATION_CONTEXT() REPRESENTATION_CONTEXT('2D SPACE',''
  ) );
#3376 = ORIENTED_EDGE('',*,*,#3377,.T.);
#3377 = EDGE_CURVE('',#3355,#3378,#3380,.T.);
#3378 = VERTEX_POINT('',#3379);
#3379 = CARTESIAN_POINT('',(-3.4,0.43,1.075));
#3380 = SURFACE_CURVE('',#3381,(#3385,#3392),.PCURVE_S1.);
#3381 = LINE('',#3382,#3383);
#3382 = CARTESIAN_POINT('',(-3.95,0.43,1.075));
#3383 = VECTOR('',#3384,1.);
#3384 = DIRECTION('',(1.,0.,0.));
#3385 = PCURVE('',#3318,#3386);
#3386 = DEFINITIONAL_REPRESENTATION('',(#3387),#3391);
#3387 = LINE('',#3388,#3389);
#3388 = CARTESIAN_POINT('',(0.,-0.205));
#3389 = VECTOR('',#3390,1.);
#3390 = DIRECTION('',(1.,0.));
#3391 = ( GEOMETRIC_REPRESENTATION_CONTEXT(2) 
PARAMETRIC_REPRESENTATION_CONTEXT() REPRESENTATION_CONTEXT('2D SPACE',''
  ) );
#3392 = PCURVE('',#3097,#3393);
#3393 = DEFINITIONAL_REPRESENTATION('',(#3394),#3398);
#3394 = LINE('',#3395,#3396);
#3395 = CARTESIAN_POINT('',(-0.441496146342,0.303946318775));
#3396 = VECTOR('',#3397,1.);
#3397 = DIRECTION('',(0.,1.));
#3398 = ( GEOMETRIC_REPRESENTATION_CONTEXT(2) 
PARAMETRIC_REPRESENTATION_CONTEXT() REPRESENTATION_CONTEXT('2D SPACE',''
  ) );
#3399 = ORIENTED_EDGE('',*,*,#3400,.T.);
#3400 = EDGE_CURVE('',#3378,#3303,#3401,.T.);
#3401 = SURFACE_CURVE('',#3402,(#3406,#3413),.PCURVE_S1.);
#3402 = LINE('',#3403,#3404);
#3403 = CARTESIAN_POINT('',(-3.4,0.43,1.075));
#3404 = VECTOR('',#3405,1.);
#3405 = DIRECTION('',(0.,1.,0.));
#3406 = PCURVE('',#3318,#3407);
#3407 = DEFINITIONAL_REPRESENTATION('',(#3408),#3412);
#3408 = LINE('',#3409,#3410);
#3409 = CARTESIAN_POINT('',(0.55,-0.205));
#3410 = VECTOR('',#3411,1.);
#3411 = DIRECTION('',(0.,1.));
#3412 = ( GEOMETRIC_REPRESENTATION_CONTEXT(2) 
PARAMETRIC_REPRESENTATION_CONTEXT() REPRESENTATION_CONTEXT('2D SPACE',''
  ) );
#3413 = PCURVE('',#3069,#3414);
#3414 = DEFINITIONAL_REPRESENTATION('',(#3415),#3419);
#3415 = LINE('',#3416,#3417);
#3416 = CARTESIAN_POINT('',(0.,-0.205));
#3417 = VECTOR('',#3418,1.);
#3418 = DIRECTION('',(0.,1.));
#3419 = ( GEOMETRIC_REPRESENTATION_CONTEXT(2) 
PARAMETRIC_REPRESENTATION_CONTEXT() REPRESENTATION_CONTEXT('2D SPACE',''
  ) );
#3420 = ORIENTED_EDGE('',*,*,#3302,.F.);
#3421 = ADVANCED_FACE('',(#3422),#3290,.F.);
#3422 = FACE_BOUND('',#3423,.F.);
#3423 = EDGE_LOOP('',(#3424,#3447,#3448,#3449));
#3424 = ORIENTED_EDGE('',*,*,#3425,.T.);
#3425 = EDGE_CURVE('',#3426,#3355,#3428,.T.);
#3426 = VERTEX_POINT('',#3427);
#3427 = CARTESIAN_POINT('',(-4.3,0.43,0.));
#3428 = SURFACE_CURVE('',#3429,(#3433,#3440),.PCURVE_S1.);
#3429 = LINE('',#3430,#3431);
#3430 = CARTESIAN_POINT('',(-4.3,0.43,0.));
#3431 = VECTOR('',#3432,1.);
#3432 = DIRECTION('',(0.309586047461,0.,0.950871431487));
#3433 = PCURVE('',#3290,#3434);
#3434 = DEFINITIONAL_REPRESENTATION('',(#3435),#3439);
#3435 = LINE('',#3436,#3437);
#3436 = CARTESIAN_POINT('',(0.,-0.205));
#3437 = VECTOR('',#3438,1.);
#3438 = DIRECTION('',(1.,0.));
#3439 = ( GEOMETRIC_REPRESENTATION_CONTEXT(2) 
PARAMETRIC_REPRESENTATION_CONTEXT() REPRESENTATION_CONTEXT('2D SPACE',''
  ) );
#3440 = PCURVE('',#3097,#3441);
#3441 = DEFINITIONAL_REPRESENTATION('',(#3442),#3446);
#3442 = LINE('',#3443,#3444);
#3443 = CARTESIAN_POINT('',(0.633503853658,-4.6053681225E-02));
#3444 = VECTOR('',#3445,1.);
#3445 = DIRECTION('',(-0.950871431487,0.309586047461));
#3446 = ( GEOMETRIC_REPRESENTATION_CONTEXT(2) 
PARAMETRIC_REPRESENTATION_CONTEXT() REPRESENTATION_CONTEXT('2D SPACE',''
  ) );
#3447 = ORIENTED_EDGE('',*,*,#3354,.T.);
#3448 = ORIENTED_EDGE('',*,*,#3274,.F.);
#3449 = ORIENTED_EDGE('',*,*,#3450,.T.);
#3450 = EDGE_CURVE('',#3247,#3426,#3451,.T.);
#3451 = SURFACE_CURVE('',#3452,(#3456,#3463),.PCURVE_S1.);
#3452 = LINE('',#3453,#3454);
#3453 = CARTESIAN_POINT('',(-4.3,0.84,0.));
#3454 = VECTOR('',#3455,1.);
#3455 = DIRECTION('',(0.,-1.,0.));
#3456 = PCURVE('',#3290,#3457);
#3457 = DEFINITIONAL_REPRESENTATION('',(#3458),#3462);
#3458 = LINE('',#3459,#3460);
#3459 = CARTESIAN_POINT('',(0.,0.205));
#3460 = VECTOR('',#3461,1.);
#3461 = DIRECTION('',(0.,-1.));
#3462 = ( GEOMETRIC_REPRESENTATION_CONTEXT(2) 
PARAMETRIC_REPRESENTATION_CONTEXT() REPRESENTATION_CONTEXT('2D SPACE',''
  ) );
#3463 = PCURVE('',#3262,#3464);
#3464 = DEFINITIONAL_REPRESENTATION('',(#3465),#3469);
#3465 = LINE('',#3466,#3467);
#3466 = CARTESIAN_POINT('',(0.85,0.205));
#3467 = VECTOR('',#3468,1.);
#3468 = DIRECTION('',(0.,-1.));
#3469 = ( GEOMETRIC_REPRESENTATION_CONTEXT(2) 
PARAMETRIC_REPRESENTATION_CONTEXT() REPRESENTATION_CONTEXT('2D SPACE',''
  ) );
#3470 = ADVANCED_FACE('',(#3471),#3262,.F.);
#3471 = FACE_BOUND('',#3472,.F.);
#3472 = EDGE_LOOP('',(#3473,#3496,#3497,#3498));
#3473 = ORIENTED_EDGE('',*,*,#3474,.T.);
#3474 = EDGE_CURVE('',#3475,#3426,#3477,.T.);
#3475 = VERTEX_POINT('',#3476);
#3476 = CARTESIAN_POINT('',(-5.15,0.43,0.));
#3477 = SURFACE_CURVE('',#3478,(#3482,#3489),.PCURVE_S1.);
#3478 = LINE('',#3479,#3480);
#3479 = CARTESIAN_POINT('',(-5.15,0.43,0.));
#3480 = VECTOR('',#3481,1.);
#3481 = DIRECTION('',(1.,0.,0.));
#3482 = PCURVE('',#3262,#3483);
#3483 = DEFINITIONAL_REPRESENTATION('',(#3484),#3488);
#3484 = LINE('',#3485,#3486);
#3485 = CARTESIAN_POINT('',(0.,-0.205));
#3486 = VECTOR('',#3487,1.);
#3487 = DIRECTION('',(1.,0.));
#3488 = ( GEOMETRIC_REPRESENTATION_CONTEXT(2) 
PARAMETRIC_REPRESENTATION_CONTEXT() REPRESENTATION_CONTEXT('2D SPACE',''
  ) );
#3489 = PCURVE('',#3097,#3490);
#3490 = DEFINITIONAL_REPRESENTATION('',(#3491),#3495);
#3491 = LINE('',#3492,#3493);
#3492 = CARTESIAN_POINT('',(0.633503853658,-0.896053681225));
#3493 = VECTOR('',#3494,1.);
#3494 = DIRECTION('',(0.,1.));
#3495 = ( GEOMETRIC_REPRESENTATION_CONTEXT(2) 
PARAMETRIC_REPRESENTATION_CONTEXT() REPRESENTATION_CONTEXT('2D SPACE',''
  ) );
#3496 = ORIENTED_EDGE('',*,*,#3450,.F.);
#3497 = ORIENTED_EDGE('',*,*,#3246,.F.);
#3498 = ORIENTED_EDGE('',*,*,#3499,.T.);
#3499 = EDGE_CURVE('',#3219,#3475,#3500,.T.);
#3500 = SURFACE_CURVE('',#3501,(#3505,#3512),.PCURVE_S1.);
#3501 = LINE('',#3502,#3503);
#3502 = CARTESIAN_POINT('',(-5.15,0.84,0.));
#3503 = VECTOR('',#3504,1.);
#3504 = DIRECTION('',(0.,-1.,0.));
#3505 = PCURVE('',#3262,#3506);
#3506 = DEFINITIONAL_REPRESENTATION('',(#3507),#3511);
#3507 = LINE('',#3508,#3509);
#3508 = CARTESIAN_POINT('',(0.,0.205));
#3509 = VECTOR('',#3510,1.);
#3510 = DIRECTION('',(0.,-1.));
#3511 = ( GEOMETRIC_REPRESENTATION_CONTEXT(2) 
PARAMETRIC_REPRESENTATION_CONTEXT() REPRESENTATION_CONTEXT('2D SPACE',''
  ) );
#3512 = PCURVE('',#3234,#3513);
#3513 = DEFINITIONAL_REPRESENTATION('',(#3514),#3518);
#3514 = LINE('',#3515,#3516);
#3515 = CARTESIAN_POINT('',(0.25,0.205));
#3516 = VECTOR('',#3517,1.);
#3517 = DIRECTION('',(0.,-1.));
#3518 = ( GEOMETRIC_REPRESENTATION_CONTEXT(2) 
PARAMETRIC_REPRESENTATION_CONTEXT() REPRESENTATION_CONTEXT('2D SPACE',''
  ) );
#3519 = ADVANCED_FACE('',(#3520),#3234,.F.);
#3520 = FACE_BOUND('',#3521,.F.);
#3521 = EDGE_LOOP('',(#3522,#3545,#3546,#3547));
#3522 = ORIENTED_EDGE('',*,*,#3523,.T.);
#3523 = EDGE_CURVE('',#3524,#3475,#3526,.T.);
#3524 = VERTEX_POINT('',#3525);
#3525 = CARTESIAN_POINT('',(-5.15,0.43,0.25));
#3526 = SURFACE_CURVE('',#3527,(#3531,#3538),.PCURVE_S1.);
#3527 = LINE('',#3528,#3529);
#3528 = CARTESIAN_POINT('',(-5.15,0.43,0.25));
#3529 = VECTOR('',#3530,1.);
#3530 = DIRECTION('',(0.,0.,-1.));
#3531 = PCURVE('',#3234,#3532);
#3532 = DEFINITIONAL_REPRESENTATION('',(#3533),#3537);
#3533 = LINE('',#3534,#3535);
#3534 = CARTESIAN_POINT('',(0.,-0.205));
#3535 = VECTOR('',#3536,1.);
#3536 = DIRECTION('',(1.,0.));
#3537 = ( GEOMETRIC_REPRESENTATION_CONTEXT(2) 
PARAMETRIC_REPRESENTATION_CONTEXT() REPRESENTATION_CONTEXT('2D SPACE',''
  ) );
#3538 = PCURVE('',#3097,#3539);
#3539 = DEFINITIONAL_REPRESENTATION('',(#3540),#3544);
#3540 = LINE('',#3541,#3542);
#3541 = CARTESIAN_POINT('',(0.383503853658,-0.896053681225));
#3542 = VECTOR('',#3543,1.);
#3543 = DIRECTION('',(1.,0.));
#3544 = ( GEOMETRIC_REPRESENTATION_CONTEXT(2) 
PARAMETRIC_REPRESENTATION_CONTEXT() REPRESENTATION_CONTEXT('2D SPACE',''
  ) );
#3545 = ORIENTED_EDGE('',*,*,#3499,.F.);
#3546 = ORIENTED_EDGE('',*,*,#3218,.F.);
#3547 = ORIENTED_EDGE('',*,*,#3548,.T.);
#3548 = EDGE_CURVE('',#3191,#3524,#3549,.T.);
#3549 = SURFACE_CURVE('',#3550,(#3554,#3561),.PCURVE_S1.);
#3550 = LINE('',#3551,#3552);
#3551 = CARTESIAN_POINT('',(-5.15,0.84,0.25));
#3552 = VECTOR('',#3553,1.);
#3553 = DIRECTION('',(0.,-1.,0.));
#3554 = PCURVE('',#3234,#3555);
#3555 = DEFINITIONAL_REPRESENTATION('',(#3556),#3560);
#3556 = LINE('',#3557,#3558);
#3557 = CARTESIAN_POINT('',(0.,0.205));
#3558 = VECTOR('',#3559,1.);
#3559 = DIRECTION('',(0.,-1.));
#3560 = ( GEOMETRIC_REPRESENTATION_CONTEXT(2) 
PARAMETRIC_REPRESENTATION_CONTEXT() REPRESENTATION_CONTEXT('2D SPACE',''
  ) );
#3561 = PCURVE('',#3206,#3562);
#3562 = DEFINITIONAL_REPRESENTATION('',(#3563),#3567);
#3563 = LINE('',#3564,#3565);
#3564 = CARTESIAN_POINT('',(0.7,0.205));
#3565 = VECTOR('',#3566,1.);
#3566 = DIRECTION('',(0.,-1.));
#3567 = ( GEOMETRIC_REPRESENTATION_CONTEXT(2) 
PARAMETRIC_REPRESENTATION_CONTEXT() REPRESENTATION_CONTEXT('2D SPACE',''
  ) );
#3568 = ADVANCED_FACE('',(#3569),#3206,.F.);
#3569 = FACE_BOUND('',#3570,.F.);
#3570 = EDGE_LOOP('',(#3571,#3594,#3595,#3596));
#3571 = ORIENTED_EDGE('',*,*,#3572,.T.);
#3572 = EDGE_CURVE('',#3573,#3524,#3575,.T.);
#3573 = VERTEX_POINT('',#3574);
#3574 = CARTESIAN_POINT('',(-4.45,0.43,0.25));
#3575 = SURFACE_CURVE('',#3576,(#3580,#3587),.PCURVE_S1.);
#3576 = LINE('',#3577,#3578);
#3577 = CARTESIAN_POINT('',(-4.45,0.43,0.25));
#3578 = VECTOR('',#3579,1.);
#3579 = DIRECTION('',(-1.,0.,0.));
#3580 = PCURVE('',#3206,#3581);
#3581 = DEFINITIONAL_REPRESENTATION('',(#3582),#3586);
#3582 = LINE('',#3583,#3584);
#3583 = CARTESIAN_POINT('',(0.,-0.205));
#3584 = VECTOR('',#3585,1.);
#3585 = DIRECTION('',(1.,0.));
#3586 = ( GEOMETRIC_REPRESENTATION_CONTEXT(2) 
PARAMETRIC_REPRESENTATION_CONTEXT() REPRESENTATION_CONTEXT('2D SPACE',''
  ) );
#3587 = PCURVE('',#3097,#3588);
#3588 = DEFINITIONAL_REPRESENTATION('',(#3589),#3593);
#3589 = LINE('',#3590,#3591);
#3590 = CARTESIAN_POINT('',(0.383503853658,-0.196053681225));
#3591 = VECTOR('',#3592,1.);
#3592 = DIRECTION('',(0.,-1.));
#3593 = ( GEOMETRIC_REPRESENTATION_CONTEXT(2) 
PARAMETRIC_REPRESENTATION_CONTEXT() REPRESENTATION_CONTEXT('2D SPACE',''
  ) );
#3594 = ORIENTED_EDGE('',*,*,#3548,.F.);
#3595 = ORIENTED_EDGE('',*,*,#3190,.F.);
#3596 = ORIENTED_EDGE('',*,*,#3597,.T.);
#3597 = EDGE_CURVE('',#3168,#3573,#3598,.T.);
#3598 = SURFACE_CURVE('',#3599,(#3603,#3610),.PCURVE_S1.);
#3599 = LINE('',#3600,#3601);
#3600 = CARTESIAN_POINT('',(-4.45,0.84,0.25));
#3601 = VECTOR('',#3602,1.);
#3602 = DIRECTION('',(0.,-1.,0.));
#3603 = PCURVE('',#3206,#3604);
#3604 = DEFINITIONAL_REPRESENTATION('',(#3605),#3609);
#3605 = LINE('',#3606,#3607);
#3606 = CARTESIAN_POINT('',(0.,0.205));
#3607 = VECTOR('',#3608,1.);
#3608 = DIRECTION('',(0.,-1.));
#3609 = ( GEOMETRIC_REPRESENTATION_CONTEXT(2) 
PARAMETRIC_REPRESENTATION_CONTEXT() REPRESENTATION_CONTEXT('2D SPACE',''
  ) );
#3610 = PCURVE('',#3125,#3611);
#3611 = DEFINITIONAL_REPRESENTATION('',(#3612),#3616);
#3612 = LINE('',#3613,#3614);
#3613 = CARTESIAN_POINT('',(1.13054190546,0.205));
#3614 = VECTOR('',#3615,1.);
#3615 = DIRECTION('',(-0.,-1.));
#3616 = ( GEOMETRIC_REPRESENTATION_CONTEXT(2) 
PARAMETRIC_REPRESENTATION_CONTEXT() REPRESENTATION_CONTEXT('2D SPACE',''
  ) );
#3617 = ADVANCED_FACE('',(#3618),#3125,.F.);
#3618 = FACE_BOUND('',#3619,.F.);
#3619 = EDGE_LOOP('',(#3620,#3641,#3642,#3643));
#3620 = ORIENTED_EDGE('',*,*,#3621,.T.);
#3621 = EDGE_CURVE('',#3082,#3573,#3622,.T.);
#3622 = SURFACE_CURVE('',#3623,(#3627,#3634),.PCURVE_S1.);
#3623 = LINE('',#3624,#3625);
#3624 = CARTESIAN_POINT('',(-4.1,0.43,1.325));
#3625 = VECTOR('',#3626,1.);
#3626 = DIRECTION('',(-0.309586047461,0.,-0.950871431487));
#3627 = PCURVE('',#3125,#3628);
#3628 = DEFINITIONAL_REPRESENTATION('',(#3629),#3633);
#3629 = LINE('',#3630,#3631);
#3630 = CARTESIAN_POINT('',(-0.,-0.205));
#3631 = VECTOR('',#3632,1.);
#3632 = DIRECTION('',(1.,0.));
#3633 = ( GEOMETRIC_REPRESENTATION_CONTEXT(2) 
PARAMETRIC_REPRESENTATION_CONTEXT() REPRESENTATION_CONTEXT('2D SPACE',''
  ) );
#3634 = PCURVE('',#3097,#3635);
#3635 = DEFINITIONAL_REPRESENTATION('',(#3636),#3640);
#3636 = LINE('',#3637,#3638);
#3637 = CARTESIAN_POINT('',(-0.691496146342,0.153946318775));
#3638 = VECTOR('',#3639,1.);
#3639 = DIRECTION('',(0.950871431487,-0.309586047461));
#3640 = ( GEOMETRIC_REPRESENTATION_CONTEXT(2) 
PARAMETRIC_REPRESENTATION_CONTEXT() REPRESENTATION_CONTEXT('2D SPACE',''
  ) );
#3641 = ORIENTED_EDGE('',*,*,#3597,.F.);
#3642 = ORIENTED_EDGE('',*,*,#3167,.F.);
#3643 = ORIENTED_EDGE('',*,*,#3109,.T.);
#3644 = ADVANCED_FACE('',(#3645),#3097,.T.);
#3645 = FACE_BOUND('',#3646,.T.);
#3646 = EDGE_LOOP('',(#3647,#3648,#3649,#3650,#3651,#3652,#3653,#3654));
#3647 = ORIENTED_EDGE('',*,*,#3081,.T.);
#3648 = ORIENTED_EDGE('',*,*,#3621,.T.);
#3649 = ORIENTED_EDGE('',*,*,#3572,.T.);
#3650 = ORIENTED_EDGE('',*,*,#3523,.T.);
#3651 = ORIENTED_EDGE('',*,*,#3474,.T.);
#3652 = ORIENTED_EDGE('',*,*,#3425,.T.);
#3653 = ORIENTED_EDGE('',*,*,#3377,.T.);
#3654 = ORIENTED_EDGE('',*,*,#3655,.T.);
#3655 = EDGE_CURVE('',#3378,#3047,#3656,.T.);
#3656 = SURFACE_CURVE('',#3657,(#3661,#3668),.PCURVE_S1.);
#3657 = LINE('',#3658,#3659);
#3658 = CARTESIAN_POINT('',(-3.4,0.43,1.075));
#3659 = VECTOR('',#3660,1.);
#3660 = DIRECTION('',(0.,0.,1.));
#3661 = PCURVE('',#3097,#3662);
#3662 = DEFINITIONAL_REPRESENTATION('',(#3663),#3667);
#3663 = LINE('',#3664,#3665);
#3664 = CARTESIAN_POINT('',(-0.441496146342,0.853946318775));
#3665 = VECTOR('',#3666,1.);
#3666 = DIRECTION('',(-1.,0.));
#3667 = ( GEOMETRIC_REPRESENTATION_CONTEXT(2) 
PARAMETRIC_REPRESENTATION_CONTEXT() REPRESENTATION_CONTEXT('2D SPACE',''
  ) );
#3668 = PCURVE('',#3069,#3669);
#3669 = DEFINITIONAL_REPRESENTATION('',(#3670),#3674);
#3670 = LINE('',#3671,#3672);
#3671 = CARTESIAN_POINT('',(0.,-0.205));
#3672 = VECTOR('',#3673,1.);
#3673 = DIRECTION('',(1.,0.));
#3674 = ( GEOMETRIC_REPRESENTATION_CONTEXT(2) 
PARAMETRIC_REPRESENTATION_CONTEXT() REPRESENTATION_CONTEXT('2D SPACE',''
  ) );
#3675 = ADVANCED_FACE('',(#3676),#3069,.F.);
#3676 = FACE_BOUND('',#3677,.F.);
#3677 = EDGE_LOOP('',(#3678,#3679,#3680,#3681));
#3678 = ORIENTED_EDGE('',*,*,#3400,.F.);
#3679 = ORIENTED_EDGE('',*,*,#3655,.T.);
#3680 = ORIENTED_EDGE('',*,*,#3046,.T.);
#3681 = ORIENTED_EDGE('',*,*,#3330,.F.);
#3682 = MANIFOLD_SOLID_BREP('',#3683);
#3683 = CLOSED_SHELL('',(#3684,#3804,#3992,#4063,#4112,#4161,#4210,#4259
    ,#4286,#4317));
#3684 = ADVANCED_FACE('',(#3685),#3699,.F.);
#3685 = FACE_BOUND('',#3686,.F.);
#3686 = EDGE_LOOP('',(#3687,#3722,#3750,#3778));
#3687 = ORIENTED_EDGE('',*,*,#3688,.F.);
#3688 = EDGE_CURVE('',#3689,#3691,#3693,.T.);
#3689 = VERTEX_POINT('',#3690);
#3690 = CARTESIAN_POINT('',(-3.4,-0.84,1.325));
#3691 = VERTEX_POINT('',#3692);
#3692 = CARTESIAN_POINT('',(-3.4,-0.43,1.325));
#3693 = SURFACE_CURVE('',#3694,(#3698,#3710),.PCURVE_S1.);
#3694 = LINE('',#3695,#3696);
#3695 = CARTESIAN_POINT('',(-3.4,-0.84,1.325));
#3696 = VECTOR('',#3697,1.);
#3697 = DIRECTION('',(0.,1.,0.));
#3698 = PCURVE('',#3699,#3704);
#3699 = PLANE('',#3700);
#3700 = AXIS2_PLACEMENT_3D('',#3701,#3702,#3703);
#3701 = CARTESIAN_POINT('',(-3.4,-0.635,1.325));
#3702 = DIRECTION('',(-0.,-0.,-1.));
#3703 = DIRECTION('',(-1.,0.,0.));
#3704 = DEFINITIONAL_REPRESENTATION('',(#3705),#3709);
#3705 = LINE('',#3706,#3707);
#3706 = CARTESIAN_POINT('',(0.,-0.205));
#3707 = VECTOR('',#3708,1.);
#3708 = DIRECTION('',(0.,1.));
#3709 = ( GEOMETRIC_REPRESENTATION_CONTEXT(2) 
PARAMETRIC_REPRESENTATION_CONTEXT() REPRESENTATION_CONTEXT('2D SPACE',''
  ) );
#3710 = PCURVE('',#3711,#3716);
#3711 = PLANE('',#3712);
#3712 = AXIS2_PLACEMENT_3D('',#3713,#3714,#3715);
#3713 = CARTESIAN_POINT('',(-3.4,-0.635,1.075));
#3714 = DIRECTION('',(-1.,0.,0.));
#3715 = DIRECTION('',(0.,0.,1.));
#3716 = DEFINITIONAL_REPRESENTATION('',(#3717),#3721);
#3717 = LINE('',#3718,#3719);
#3718 = CARTESIAN_POINT('',(0.25,-0.205));
#3719 = VECTOR('',#3720,1.);
#3720 = DIRECTION('',(0.,1.));
#3721 = ( GEOMETRIC_REPRESENTATION_CONTEXT(2) 
PARAMETRIC_REPRESENTATION_CONTEXT() REPRESENTATION_CONTEXT('2D SPACE',''
  ) );
#3722 = ORIENTED_EDGE('',*,*,#3723,.T.);
#3723 = EDGE_CURVE('',#3689,#3724,#3726,.T.);
#3724 = VERTEX_POINT('',#3725);
#3725 = CARTESIAN_POINT('',(-4.1,-0.84,1.325));
#3726 = SURFACE_CURVE('',#3727,(#3731,#3738),.PCURVE_S1.);
#3727 = LINE('',#3728,#3729);
#3728 = CARTESIAN_POINT('',(-3.4,-0.84,1.325));
#3729 = VECTOR('',#3730,1.);
#3730 = DIRECTION('',(-1.,0.,0.));
#3731 = PCURVE('',#3699,#3732);
#3732 = DEFINITIONAL_REPRESENTATION('',(#3733),#3737);
#3733 = LINE('',#3734,#3735);
#3734 = CARTESIAN_POINT('',(0.,-0.205));
#3735 = VECTOR('',#3736,1.);
#3736 = DIRECTION('',(1.,0.));
#3737 = ( GEOMETRIC_REPRESENTATION_CONTEXT(2) 
PARAMETRIC_REPRESENTATION_CONTEXT() REPRESENTATION_CONTEXT('2D SPACE',''
  ) );
#3738 = PCURVE('',#3739,#3744);
#3739 = PLANE('',#3740);
#3740 = AXIS2_PLACEMENT_3D('',#3741,#3742,#3743);
#3741 = CARTESIAN_POINT('',(-4.253946318775,-0.84,0.633503853658));
#3742 = DIRECTION('',(-0.,-1.,-0.));
#3743 = DIRECTION('',(0.,0.,-1.));
#3744 = DEFINITIONAL_REPRESENTATION('',(#3745),#3749);
#3745 = LINE('',#3746,#3747);
#3746 = CARTESIAN_POINT('',(-0.691496146342,0.853946318775));
#3747 = VECTOR('',#3748,1.);
#3748 = DIRECTION('',(0.,-1.));
#3749 = ( GEOMETRIC_REPRESENTATION_CONTEXT(2) 
PARAMETRIC_REPRESENTATION_CONTEXT() REPRESENTATION_CONTEXT('2D SPACE',''
  ) );
#3750 = ORIENTED_EDGE('',*,*,#3751,.F.);
#3751 = EDGE_CURVE('',#3752,#3724,#3754,.T.);
#3752 = VERTEX_POINT('',#3753);
#3753 = CARTESIAN_POINT('',(-4.1,-0.43,1.325));
#3754 = SURFACE_CURVE('',#3755,(#3759,#3766),.PCURVE_S1.);
#3755 = LINE('',#3756,#3757);
#3756 = CARTESIAN_POINT('',(-4.1,-0.43,1.325));
#3757 = VECTOR('',#3758,1.);
#3758 = DIRECTION('',(0.,-1.,0.));
#3759 = PCURVE('',#3699,#3760);
#3760 = DEFINITIONAL_REPRESENTATION('',(#3761),#3765);
#3761 = LINE('',#3762,#3763);
#3762 = CARTESIAN_POINT('',(0.7,0.205));
#3763 = VECTOR('',#3764,1.);
#3764 = DIRECTION('',(0.,-1.));
#3765 = ( GEOMETRIC_REPRESENTATION_CONTEXT(2) 
PARAMETRIC_REPRESENTATION_CONTEXT() REPRESENTATION_CONTEXT('2D SPACE',''
  ) );
#3766 = PCURVE('',#3767,#3772);
#3767 = PLANE('',#3768);
#3768 = AXIS2_PLACEMENT_3D('',#3769,#3770,#3771);
#3769 = CARTESIAN_POINT('',(-4.1,-0.635,1.325));
#3770 = DIRECTION('',(0.950871431487,0.,-0.309586047461));
#3771 = DIRECTION('',(-0.309586047461,0.,-0.950871431487));
#3772 = DEFINITIONAL_REPRESENTATION('',(#3773),#3777);
#3773 = LINE('',#3774,#3775);
#3774 = CARTESIAN_POINT('',(0.,0.205));
#3775 = VECTOR('',#3776,1.);
#3776 = DIRECTION('',(-0.,-1.));
#3777 = ( GEOMETRIC_REPRESENTATION_CONTEXT(2) 
PARAMETRIC_REPRESENTATION_CONTEXT() REPRESENTATION_CONTEXT('2D SPACE',''
  ) );
#3778 = ORIENTED_EDGE('',*,*,#3779,.F.);
#3779 = EDGE_CURVE('',#3691,#3752,#3780,.T.);
#3780 = SURFACE_CURVE('',#3781,(#3785,#3792),.PCURVE_S1.);
#3781 = LINE('',#3782,#3783);
#3782 = CARTESIAN_POINT('',(-3.4,-0.43,1.325));
#3783 = VECTOR('',#3784,1.);
#3784 = DIRECTION('',(-1.,0.,0.));
#3785 = PCURVE('',#3699,#3786);
#3786 = DEFINITIONAL_REPRESENTATION('',(#3787),#3791);
#3787 = LINE('',#3788,#3789);
#3788 = CARTESIAN_POINT('',(0.,0.205));
#3789 = VECTOR('',#3790,1.);
#3790 = DIRECTION('',(1.,0.));
#3791 = ( GEOMETRIC_REPRESENTATION_CONTEXT(2) 
PARAMETRIC_REPRESENTATION_CONTEXT() REPRESENTATION_CONTEXT('2D SPACE',''
  ) );
#3792 = PCURVE('',#3793,#3798);
#3793 = PLANE('',#3794);
#3794 = AXIS2_PLACEMENT_3D('',#3795,#3796,#3797);
#3795 = CARTESIAN_POINT('',(-4.253946318775,-0.43,0.633503853658));
#3796 = DIRECTION('',(-0.,-1.,-0.));
#3797 = DIRECTION('',(0.,0.,-1.));
#3798 = DEFINITIONAL_REPRESENTATION('',(#3799),#3803);
#3799 = LINE('',#3800,#3801);
#3800 = CARTESIAN_POINT('',(-0.691496146342,0.853946318775));
#3801 = VECTOR('',#3802,1.);
#3802 = DIRECTION('',(0.,-1.));
#3803 = ( GEOMETRIC_REPRESENTATION_CONTEXT(2) 
PARAMETRIC_REPRESENTATION_CONTEXT() REPRESENTATION_CONTEXT('2D SPACE',''
  ) );
#3804 = ADVANCED_FACE('',(#3805),#3793,.F.);
#3805 = FACE_BOUND('',#3806,.F.);
#3806 = EDGE_LOOP('',(#3807,#3808,#3831,#3859,#3887,#3915,#3943,#3971));
#3807 = ORIENTED_EDGE('',*,*,#3779,.T.);
#3808 = ORIENTED_EDGE('',*,*,#3809,.T.);
#3809 = EDGE_CURVE('',#3752,#3810,#3812,.T.);
#3810 = VERTEX_POINT('',#3811);
#3811 = CARTESIAN_POINT('',(-4.45,-0.43,0.25));
#3812 = SURFACE_CURVE('',#3813,(#3817,#3824),.PCURVE_S1.);
#3813 = LINE('',#3814,#3815);
#3814 = CARTESIAN_POINT('',(-4.1,-0.43,1.325));
#3815 = VECTOR('',#3816,1.);
#3816 = DIRECTION('',(-0.309586047461,0.,-0.950871431487));
#3817 = PCURVE('',#3793,#3818);
#3818 = DEFINITIONAL_REPRESENTATION('',(#3819),#3823);
#3819 = LINE('',#3820,#3821);
#3820 = CARTESIAN_POINT('',(-0.691496146342,0.153946318775));
#3821 = VECTOR('',#3822,1.);
#3822 = DIRECTION('',(0.950871431487,-0.309586047461));
#3823 = ( GEOMETRIC_REPRESENTATION_CONTEXT(2) 
PARAMETRIC_REPRESENTATION_CONTEXT() REPRESENTATION_CONTEXT('2D SPACE',''
  ) );
#3824 = PCURVE('',#3767,#3825);
#3825 = DEFINITIONAL_REPRESENTATION('',(#3826),#3830);
#3826 = LINE('',#3827,#3828);
#3827 = CARTESIAN_POINT('',(0.,0.205));
#3828 = VECTOR('',#3829,1.);
#3829 = DIRECTION('',(1.,0.));
#3830 = ( GEOMETRIC_REPRESENTATION_CONTEXT(2) 
PARAMETRIC_REPRESENTATION_CONTEXT() REPRESENTATION_CONTEXT('2D SPACE',''
  ) );
#3831 = ORIENTED_EDGE('',*,*,#3832,.T.);
#3832 = EDGE_CURVE('',#3810,#3833,#3835,.T.);
#3833 = VERTEX_POINT('',#3834);
#3834 = CARTESIAN_POINT('',(-5.15,-0.43,0.25));
#3835 = SURFACE_CURVE('',#3836,(#3840,#3847),.PCURVE_S1.);
#3836 = LINE('',#3837,#3838);
#3837 = CARTESIAN_POINT('',(-4.45,-0.43,0.25));
#3838 = VECTOR('',#3839,1.);
#3839 = DIRECTION('',(-1.,0.,0.));
#3840 = PCURVE('',#3793,#3841);
#3841 = DEFINITIONAL_REPRESENTATION('',(#3842),#3846);
#3842 = LINE('',#3843,#3844);
#3843 = CARTESIAN_POINT('',(0.383503853658,-0.196053681225));
#3844 = VECTOR('',#3845,1.);
#3845 = DIRECTION('',(0.,-1.));
#3846 = ( GEOMETRIC_REPRESENTATION_CONTEXT(2) 
PARAMETRIC_REPRESENTATION_CONTEXT() REPRESENTATION_CONTEXT('2D SPACE',''
  ) );
#3847 = PCURVE('',#3848,#3853);
#3848 = PLANE('',#3849);
#3849 = AXIS2_PLACEMENT_3D('',#3850,#3851,#3852);
#3850 = CARTESIAN_POINT('',(-4.45,-0.635,0.25));
#3851 = DIRECTION('',(-0.,-0.,-1.));
#3852 = DIRECTION('',(-1.,0.,0.));
#3853 = DEFINITIONAL_REPRESENTATION('',(#3854),#3858);
#3854 = LINE('',#3855,#3856);
#3855 = CARTESIAN_POINT('',(0.,0.205));
#3856 = VECTOR('',#3857,1.);
#3857 = DIRECTION('',(1.,0.));
#3858 = ( GEOMETRIC_REPRESENTATION_CONTEXT(2) 
PARAMETRIC_REPRESENTATION_CONTEXT() REPRESENTATION_CONTEXT('2D SPACE',''
  ) );
#3859 = ORIENTED_EDGE('',*,*,#3860,.T.);
#3860 = EDGE_CURVE('',#3833,#3861,#3863,.T.);
#3861 = VERTEX_POINT('',#3862);
#3862 = CARTESIAN_POINT('',(-5.15,-0.43,0.));
#3863 = SURFACE_CURVE('',#3864,(#3868,#3875),.PCURVE_S1.);
#3864 = LINE('',#3865,#3866);
#3865 = CARTESIAN_POINT('',(-5.15,-0.43,0.25));
#3866 = VECTOR('',#3867,1.);
#3867 = DIRECTION('',(0.,0.,-1.));
#3868 = PCURVE('',#3793,#3869);
#3869 = DEFINITIONAL_REPRESENTATION('',(#3870),#3874);
#3870 = LINE('',#3871,#3872);
#3871 = CARTESIAN_POINT('',(0.383503853658,-0.896053681225));
#3872 = VECTOR('',#3873,1.);
#3873 = DIRECTION('',(1.,0.));
#3874 = ( GEOMETRIC_REPRESENTATION_CONTEXT(2) 
PARAMETRIC_REPRESENTATION_CONTEXT() REPRESENTATION_CONTEXT('2D SPACE',''
  ) );
#3875 = PCURVE('',#3876,#3881);
#3876 = PLANE('',#3877);
#3877 = AXIS2_PLACEMENT_3D('',#3878,#3879,#3880);
#3878 = CARTESIAN_POINT('',(-5.15,-0.635,0.25));
#3879 = DIRECTION('',(1.,0.,0.));
#3880 = DIRECTION('',(0.,0.,-1.));
#3881 = DEFINITIONAL_REPRESENTATION('',(#3882),#3886);
#3882 = LINE('',#3883,#3884);
#3883 = CARTESIAN_POINT('',(0.,0.205));
#3884 = VECTOR('',#3885,1.);
#3885 = DIRECTION('',(1.,0.));
#3886 = ( GEOMETRIC_REPRESENTATION_CONTEXT(2) 
PARAMETRIC_REPRESENTATION_CONTEXT() REPRESENTATION_CONTEXT('2D SPACE',''
  ) );
#3887 = ORIENTED_EDGE('',*,*,#3888,.T.);
#3888 = EDGE_CURVE('',#3861,#3889,#3891,.T.);
#3889 = VERTEX_POINT('',#3890);
#3890 = CARTESIAN_POINT('',(-4.3,-0.43,0.));
#3891 = SURFACE_CURVE('',#3892,(#3896,#3903),.PCURVE_S1.);
#3892 = LINE('',#3893,#3894);
#3893 = CARTESIAN_POINT('',(-5.15,-0.43,0.));
#3894 = VECTOR('',#3895,1.);
#3895 = DIRECTION('',(1.,0.,0.));
#3896 = PCURVE('',#3793,#3897);
#3897 = DEFINITIONAL_REPRESENTATION('',(#3898),#3902);
#3898 = LINE('',#3899,#3900);
#3899 = CARTESIAN_POINT('',(0.633503853658,-0.896053681225));
#3900 = VECTOR('',#3901,1.);
#3901 = DIRECTION('',(0.,1.));
#3902 = ( GEOMETRIC_REPRESENTATION_CONTEXT(2) 
PARAMETRIC_REPRESENTATION_CONTEXT() REPRESENTATION_CONTEXT('2D SPACE',''
  ) );
#3903 = PCURVE('',#3904,#3909);
#3904 = PLANE('',#3905);
#3905 = AXIS2_PLACEMENT_3D('',#3906,#3907,#3908);
#3906 = CARTESIAN_POINT('',(-5.15,-0.635,0.));
#3907 = DIRECTION('',(-0.,0.,1.));
#3908 = DIRECTION('',(1.,0.,0.));
#3909 = DEFINITIONAL_REPRESENTATION('',(#3910),#3914);
#3910 = LINE('',#3911,#3912);
#3911 = CARTESIAN_POINT('',(0.,0.205));
#3912 = VECTOR('',#3913,1.);
#3913 = DIRECTION('',(1.,0.));
#3914 = ( GEOMETRIC_REPRESENTATION_CONTEXT(2) 
PARAMETRIC_REPRESENTATION_CONTEXT() REPRESENTATION_CONTEXT('2D SPACE',''
  ) );
#3915 = ORIENTED_EDGE('',*,*,#3916,.T.);
#3916 = EDGE_CURVE('',#3889,#3917,#3919,.T.);
#3917 = VERTEX_POINT('',#3918);
#3918 = CARTESIAN_POINT('',(-3.95,-0.43,1.075));
#3919 = SURFACE_CURVE('',#3920,(#3924,#3931),.PCURVE_S1.);
#3920 = LINE('',#3921,#3922);
#3921 = CARTESIAN_POINT('',(-4.3,-0.43,0.));
#3922 = VECTOR('',#3923,1.);
#3923 = DIRECTION('',(0.309586047461,0.,0.950871431487));
#3924 = PCURVE('',#3793,#3925);
#3925 = DEFINITIONAL_REPRESENTATION('',(#3926),#3930);
#3926 = LINE('',#3927,#3928);
#3927 = CARTESIAN_POINT('',(0.633503853658,-4.6053681225E-02));
#3928 = VECTOR('',#3929,1.);
#3929 = DIRECTION('',(-0.950871431487,0.309586047461));
#3930 = ( GEOMETRIC_REPRESENTATION_CONTEXT(2) 
PARAMETRIC_REPRESENTATION_CONTEXT() REPRESENTATION_CONTEXT('2D SPACE',''
  ) );
#3931 = PCURVE('',#3932,#3937);
#3932 = PLANE('',#3933);
#3933 = AXIS2_PLACEMENT_3D('',#3934,#3935,#3936);
#3934 = CARTESIAN_POINT('',(-4.3,-0.635,0.));
#3935 = DIRECTION('',(-0.950871431487,0.,0.309586047461));
#3936 = DIRECTION('',(0.309586047461,0.,0.950871431487));
#3937 = DEFINITIONAL_REPRESENTATION('',(#3938),#3942);
#3938 = LINE('',#3939,#3940);
#3939 = CARTESIAN_POINT('',(0.,0.205));
#3940 = VECTOR('',#3941,1.);
#3941 = DIRECTION('',(1.,0.));
#3942 = ( GEOMETRIC_REPRESENTATION_CONTEXT(2) 
PARAMETRIC_REPRESENTATION_CONTEXT() REPRESENTATION_CONTEXT('2D SPACE',''
  ) );
#3943 = ORIENTED_EDGE('',*,*,#3944,.T.);
#3944 = EDGE_CURVE('',#3917,#3945,#3947,.T.);
#3945 = VERTEX_POINT('',#3946);
#3946 = CARTESIAN_POINT('',(-3.4,-0.43,1.075));
#3947 = SURFACE_CURVE('',#3948,(#3952,#3959),.PCURVE_S1.);
#3948 = LINE('',#3949,#3950);
#3949 = CARTESIAN_POINT('',(-3.95,-0.43,1.075));
#3950 = VECTOR('',#3951,1.);
#3951 = DIRECTION('',(1.,0.,0.));
#3952 = PCURVE('',#3793,#3953);
#3953 = DEFINITIONAL_REPRESENTATION('',(#3954),#3958);
#3954 = LINE('',#3955,#3956);
#3955 = CARTESIAN_POINT('',(-0.441496146342,0.303946318775));
#3956 = VECTOR('',#3957,1.);
#3957 = DIRECTION('',(0.,1.));
#3958 = ( GEOMETRIC_REPRESENTATION_CONTEXT(2) 
PARAMETRIC_REPRESENTATION_CONTEXT() REPRESENTATION_CONTEXT('2D SPACE',''
  ) );
#3959 = PCURVE('',#3960,#3965);
#3960 = PLANE('',#3961);
#3961 = AXIS2_PLACEMENT_3D('',#3962,#3963,#3964);
#3962 = CARTESIAN_POINT('',(-3.95,-0.635,1.075));
#3963 = DIRECTION('',(-0.,0.,1.));
#3964 = DIRECTION('',(1.,0.,0.));
#3965 = DEFINITIONAL_REPRESENTATION('',(#3966),#3970);
#3966 = LINE('',#3967,#3968);
#3967 = CARTESIAN_POINT('',(0.,0.205));
#3968 = VECTOR('',#3969,1.);
#3969 = DIRECTION('',(1.,0.));
#3970 = ( GEOMETRIC_REPRESENTATION_CONTEXT(2) 
PARAMETRIC_REPRESENTATION_CONTEXT() REPRESENTATION_CONTEXT('2D SPACE',''
  ) );
#3971 = ORIENTED_EDGE('',*,*,#3972,.T.);
#3972 = EDGE_CURVE('',#3945,#3691,#3973,.T.);
#3973 = SURFACE_CURVE('',#3974,(#3978,#3985),.PCURVE_S1.);
#3974 = LINE('',#3975,#3976);
#3975 = CARTESIAN_POINT('',(-3.4,-0.43,1.075));
#3976 = VECTOR('',#3977,1.);
#3977 = DIRECTION('',(0.,0.,1.));
#3978 = PCURVE('',#3793,#3979);
#3979 = DEFINITIONAL_REPRESENTATION('',(#3980),#3984);
#3980 = LINE('',#3981,#3982);
#3981 = CARTESIAN_POINT('',(-0.441496146342,0.853946318775));
#3982 = VECTOR('',#3983,1.);
#3983 = DIRECTION('',(-1.,0.));
#3984 = ( GEOMETRIC_REPRESENTATION_CONTEXT(2) 
PARAMETRIC_REPRESENTATION_CONTEXT() REPRESENTATION_CONTEXT('2D SPACE',''
  ) );
#3985 = PCURVE('',#3711,#3986);
#3986 = DEFINITIONAL_REPRESENTATION('',(#3987),#3991);
#3987 = LINE('',#3988,#3989);
#3988 = CARTESIAN_POINT('',(0.,0.205));
#3989 = VECTOR('',#3990,1.);
#3990 = DIRECTION('',(1.,0.));
#3991 = ( GEOMETRIC_REPRESENTATION_CONTEXT(2) 
PARAMETRIC_REPRESENTATION_CONTEXT() REPRESENTATION_CONTEXT('2D SPACE',''
  ) );
#3992 = ADVANCED_FACE('',(#3993),#3960,.F.);
#3993 = FACE_BOUND('',#3994,.F.);
#3994 = EDGE_LOOP('',(#3995,#4018,#4041,#4062));
#3995 = ORIENTED_EDGE('',*,*,#3996,.F.);
#3996 = EDGE_CURVE('',#3997,#3917,#3999,.T.);
#3997 = VERTEX_POINT('',#3998);
#3998 = CARTESIAN_POINT('',(-3.95,-0.84,1.075));
#3999 = SURFACE_CURVE('',#4000,(#4004,#4011),.PCURVE_S1.);
#4000 = LINE('',#4001,#4002);
#4001 = CARTESIAN_POINT('',(-3.95,-0.84,1.075));
#4002 = VECTOR('',#4003,1.);
#4003 = DIRECTION('',(0.,1.,0.));
#4004 = PCURVE('',#3960,#4005);
#4005 = DEFINITIONAL_REPRESENTATION('',(#4006),#4010);
#4006 = LINE('',#4007,#4008);
#4007 = CARTESIAN_POINT('',(0.,-0.205));
#4008 = VECTOR('',#4009,1.);
#4009 = DIRECTION('',(0.,1.));
#4010 = ( GEOMETRIC_REPRESENTATION_CONTEXT(2) 
PARAMETRIC_REPRESENTATION_CONTEXT() REPRESENTATION_CONTEXT('2D SPACE',''
  ) );
#4011 = PCURVE('',#3932,#4012);
#4012 = DEFINITIONAL_REPRESENTATION('',(#4013),#4017);
#4013 = LINE('',#4014,#4015);
#4014 = CARTESIAN_POINT('',(1.13054190546,-0.205));
#4015 = VECTOR('',#4016,1.);
#4016 = DIRECTION('',(0.,1.));
#4017 = ( GEOMETRIC_REPRESENTATION_CONTEXT(2) 
PARAMETRIC_REPRESENTATION_CONTEXT() REPRESENTATION_CONTEXT('2D SPACE',''
  ) );
#4018 = ORIENTED_EDGE('',*,*,#4019,.T.);
#4019 = EDGE_CURVE('',#3997,#4020,#4022,.T.);
#4020 = VERTEX_POINT('',#4021);
#4021 = CARTESIAN_POINT('',(-3.4,-0.84,1.075));
#4022 = SURFACE_CURVE('',#4023,(#4027,#4034),.PCURVE_S1.);
#4023 = LINE('',#4024,#4025);
#4024 = CARTESIAN_POINT('',(-3.95,-0.84,1.075));
#4025 = VECTOR('',#4026,1.);
#4026 = DIRECTION('',(1.,0.,0.));
#4027 = PCURVE('',#3960,#4028);
#4028 = DEFINITIONAL_REPRESENTATION('',(#4029),#4033);
#4029 = LINE('',#4030,#4031);
#4030 = CARTESIAN_POINT('',(0.,-0.205));
#4031 = VECTOR('',#4032,1.);
#4032 = DIRECTION('',(1.,0.));
#4033 = ( GEOMETRIC_REPRESENTATION_CONTEXT(2) 
PARAMETRIC_REPRESENTATION_CONTEXT() REPRESENTATION_CONTEXT('2D SPACE',''
  ) );
#4034 = PCURVE('',#3739,#4035);
#4035 = DEFINITIONAL_REPRESENTATION('',(#4036),#4040);
#4036 = LINE('',#4037,#4038);
#4037 = CARTESIAN_POINT('',(-0.441496146342,0.303946318775));
#4038 = VECTOR('',#4039,1.);
#4039 = DIRECTION('',(0.,1.));
#4040 = ( GEOMETRIC_REPRESENTATION_CONTEXT(2) 
PARAMETRIC_REPRESENTATION_CONTEXT() REPRESENTATION_CONTEXT('2D SPACE',''
  ) );
#4041 = ORIENTED_EDGE('',*,*,#4042,.T.);
#4042 = EDGE_CURVE('',#4020,#3945,#4043,.T.);
#4043 = SURFACE_CURVE('',#4044,(#4048,#4055),.PCURVE_S1.);
#4044 = LINE('',#4045,#4046);
#4045 = CARTESIAN_POINT('',(-3.4,-0.84,1.075));
#4046 = VECTOR('',#4047,1.);
#4047 = DIRECTION('',(0.,1.,0.));
#4048 = PCURVE('',#3960,#4049);
#4049 = DEFINITIONAL_REPRESENTATION('',(#4050),#4054);
#4050 = LINE('',#4051,#4052);
#4051 = CARTESIAN_POINT('',(0.55,-0.205));
#4052 = VECTOR('',#4053,1.);
#4053 = DIRECTION('',(0.,1.));
#4054 = ( GEOMETRIC_REPRESENTATION_CONTEXT(2) 
PARAMETRIC_REPRESENTATION_CONTEXT() REPRESENTATION_CONTEXT('2D SPACE',''
  ) );
#4055 = PCURVE('',#3711,#4056);
#4056 = DEFINITIONAL_REPRESENTATION('',(#4057),#4061);
#4057 = LINE('',#4058,#4059);
#4058 = CARTESIAN_POINT('',(0.,-0.205));
#4059 = VECTOR('',#4060,1.);
#4060 = DIRECTION('',(0.,1.));
#4061 = ( GEOMETRIC_REPRESENTATION_CONTEXT(2) 
PARAMETRIC_REPRESENTATION_CONTEXT() REPRESENTATION_CONTEXT('2D SPACE',''
  ) );
#4062 = ORIENTED_EDGE('',*,*,#3944,.F.);
#4063 = ADVANCED_FACE('',(#4064),#3932,.F.);
#4064 = FACE_BOUND('',#4065,.F.);
#4065 = EDGE_LOOP('',(#4066,#4089,#4090,#4091));
#4066 = ORIENTED_EDGE('',*,*,#4067,.T.);
#4067 = EDGE_CURVE('',#4068,#3997,#4070,.T.);
#4068 = VERTEX_POINT('',#4069);
#4069 = CARTESIAN_POINT('',(-4.3,-0.84,0.));
#4070 = SURFACE_CURVE('',#4071,(#4075,#4082),.PCURVE_S1.);
#4071 = LINE('',#4072,#4073);
#4072 = CARTESIAN_POINT('',(-4.3,-0.84,0.));
#4073 = VECTOR('',#4074,1.);
#4074 = DIRECTION('',(0.309586047461,0.,0.950871431487));
#4075 = PCURVE('',#3932,#4076);
#4076 = DEFINITIONAL_REPRESENTATION('',(#4077),#4081);
#4077 = LINE('',#4078,#4079);
#4078 = CARTESIAN_POINT('',(0.,-0.205));
#4079 = VECTOR('',#4080,1.);
#4080 = DIRECTION('',(1.,0.));
#4081 = ( GEOMETRIC_REPRESENTATION_CONTEXT(2) 
PARAMETRIC_REPRESENTATION_CONTEXT() REPRESENTATION_CONTEXT('2D SPACE',''
  ) );
#4082 = PCURVE('',#3739,#4083);
#4083 = DEFINITIONAL_REPRESENTATION('',(#4084),#4088);
#4084 = LINE('',#4085,#4086);
#4085 = CARTESIAN_POINT('',(0.633503853658,-4.6053681225E-02));
#4086 = VECTOR('',#4087,1.);
#4087 = DIRECTION('',(-0.950871431487,0.309586047461));
#4088 = ( GEOMETRIC_REPRESENTATION_CONTEXT(2) 
PARAMETRIC_REPRESENTATION_CONTEXT() REPRESENTATION_CONTEXT('2D SPACE',''
  ) );
#4089 = ORIENTED_EDGE('',*,*,#3996,.T.);
#4090 = ORIENTED_EDGE('',*,*,#3916,.F.);
#4091 = ORIENTED_EDGE('',*,*,#4092,.T.);
#4092 = EDGE_CURVE('',#3889,#4068,#4093,.T.);
#4093 = SURFACE_CURVE('',#4094,(#4098,#4105),.PCURVE_S1.);
#4094 = LINE('',#4095,#4096);
#4095 = CARTESIAN_POINT('',(-4.3,-0.43,0.));
#4096 = VECTOR('',#4097,1.);
#4097 = DIRECTION('',(0.,-1.,0.));
#4098 = PCURVE('',#3932,#4099);
#4099 = DEFINITIONAL_REPRESENTATION('',(#4100),#4104);
#4100 = LINE('',#4101,#4102);
#4101 = CARTESIAN_POINT('',(0.,0.205));
#4102 = VECTOR('',#4103,1.);
#4103 = DIRECTION('',(0.,-1.));
#4104 = ( GEOMETRIC_REPRESENTATION_CONTEXT(2) 
PARAMETRIC_REPRESENTATION_CONTEXT() REPRESENTATION_CONTEXT('2D SPACE',''
  ) );
#4105 = PCURVE('',#3904,#4106);
#4106 = DEFINITIONAL_REPRESENTATION('',(#4107),#4111);
#4107 = LINE('',#4108,#4109);
#4108 = CARTESIAN_POINT('',(0.85,0.205));
#4109 = VECTOR('',#4110,1.);
#4110 = DIRECTION('',(0.,-1.));
#4111 = ( GEOMETRIC_REPRESENTATION_CONTEXT(2) 
PARAMETRIC_REPRESENTATION_CONTEXT() REPRESENTATION_CONTEXT('2D SPACE',''
  ) );
#4112 = ADVANCED_FACE('',(#4113),#3904,.F.);
#4113 = FACE_BOUND('',#4114,.F.);
#4114 = EDGE_LOOP('',(#4115,#4138,#4139,#4140));
#4115 = ORIENTED_EDGE('',*,*,#4116,.T.);
#4116 = EDGE_CURVE('',#4117,#4068,#4119,.T.);
#4117 = VERTEX_POINT('',#4118);
#4118 = CARTESIAN_POINT('',(-5.15,-0.84,0.));
#4119 = SURFACE_CURVE('',#4120,(#4124,#4131),.PCURVE_S1.);
#4120 = LINE('',#4121,#4122);
#4121 = CARTESIAN_POINT('',(-5.15,-0.84,0.));
#4122 = VECTOR('',#4123,1.);
#4123 = DIRECTION('',(1.,0.,0.));
#4124 = PCURVE('',#3904,#4125);
#4125 = DEFINITIONAL_REPRESENTATION('',(#4126),#4130);
#4126 = LINE('',#4127,#4128);
#4127 = CARTESIAN_POINT('',(0.,-0.205));
#4128 = VECTOR('',#4129,1.);
#4129 = DIRECTION('',(1.,0.));
#4130 = ( GEOMETRIC_REPRESENTATION_CONTEXT(2) 
PARAMETRIC_REPRESENTATION_CONTEXT() REPRESENTATION_CONTEXT('2D SPACE',''
  ) );
#4131 = PCURVE('',#3739,#4132);
#4132 = DEFINITIONAL_REPRESENTATION('',(#4133),#4137);
#4133 = LINE('',#4134,#4135);
#4134 = CARTESIAN_POINT('',(0.633503853658,-0.896053681225));
#4135 = VECTOR('',#4136,1.);
#4136 = DIRECTION('',(0.,1.));
#4137 = ( GEOMETRIC_REPRESENTATION_CONTEXT(2) 
PARAMETRIC_REPRESENTATION_CONTEXT() REPRESENTATION_CONTEXT('2D SPACE',''
  ) );
#4138 = ORIENTED_EDGE('',*,*,#4092,.F.);
#4139 = ORIENTED_EDGE('',*,*,#3888,.F.);
#4140 = ORIENTED_EDGE('',*,*,#4141,.T.);
#4141 = EDGE_CURVE('',#3861,#4117,#4142,.T.);
#4142 = SURFACE_CURVE('',#4143,(#4147,#4154),.PCURVE_S1.);
#4143 = LINE('',#4144,#4145);
#4144 = CARTESIAN_POINT('',(-5.15,-0.43,0.));
#4145 = VECTOR('',#4146,1.);
#4146 = DIRECTION('',(0.,-1.,0.));
#4147 = PCURVE('',#3904,#4148);
#4148 = DEFINITIONAL_REPRESENTATION('',(#4149),#4153);
#4149 = LINE('',#4150,#4151);
#4150 = CARTESIAN_POINT('',(0.,0.205));
#4151 = VECTOR('',#4152,1.);
#4152 = DIRECTION('',(0.,-1.));
#4153 = ( GEOMETRIC_REPRESENTATION_CONTEXT(2) 
PARAMETRIC_REPRESENTATION_CONTEXT() REPRESENTATION_CONTEXT('2D SPACE',''
  ) );
#4154 = PCURVE('',#3876,#4155);
#4155 = DEFINITIONAL_REPRESENTATION('',(#4156),#4160);
#4156 = LINE('',#4157,#4158);
#4157 = CARTESIAN_POINT('',(0.25,0.205));
#4158 = VECTOR('',#4159,1.);
#4159 = DIRECTION('',(0.,-1.));
#4160 = ( GEOMETRIC_REPRESENTATION_CONTEXT(2) 
PARAMETRIC_REPRESENTATION_CONTEXT() REPRESENTATION_CONTEXT('2D SPACE',''
  ) );
#4161 = ADVANCED_FACE('',(#4162),#3876,.F.);
#4162 = FACE_BOUND('',#4163,.F.);
#4163 = EDGE_LOOP('',(#4164,#4187,#4188,#4189));
#4164 = ORIENTED_EDGE('',*,*,#4165,.T.);
#4165 = EDGE_CURVE('',#4166,#4117,#4168,.T.);
#4166 = VERTEX_POINT('',#4167);
#4167 = CARTESIAN_POINT('',(-5.15,-0.84,0.25));
#4168 = SURFACE_CURVE('',#4169,(#4173,#4180),.PCURVE_S1.);
#4169 = LINE('',#4170,#4171);
#4170 = CARTESIAN_POINT('',(-5.15,-0.84,0.25));
#4171 = VECTOR('',#4172,1.);
#4172 = DIRECTION('',(0.,0.,-1.));
#4173 = PCURVE('',#3876,#4174);
#4174 = DEFINITIONAL_REPRESENTATION('',(#4175),#4179);
#4175 = LINE('',#4176,#4177);
#4176 = CARTESIAN_POINT('',(0.,-0.205));
#4177 = VECTOR('',#4178,1.);
#4178 = DIRECTION('',(1.,0.));
#4179 = ( GEOMETRIC_REPRESENTATION_CONTEXT(2) 
PARAMETRIC_REPRESENTATION_CONTEXT() REPRESENTATION_CONTEXT('2D SPACE',''
  ) );
#4180 = PCURVE('',#3739,#4181);
#4181 = DEFINITIONAL_REPRESENTATION('',(#4182),#4186);
#4182 = LINE('',#4183,#4184);
#4183 = CARTESIAN_POINT('',(0.383503853658,-0.896053681225));
#4184 = VECTOR('',#4185,1.);
#4185 = DIRECTION('',(1.,0.));
#4186 = ( GEOMETRIC_REPRESENTATION_CONTEXT(2) 
PARAMETRIC_REPRESENTATION_CONTEXT() REPRESENTATION_CONTEXT('2D SPACE',''
  ) );
#4187 = ORIENTED_EDGE('',*,*,#4141,.F.);
#4188 = ORIENTED_EDGE('',*,*,#3860,.F.);
#4189 = ORIENTED_EDGE('',*,*,#4190,.T.);
#4190 = EDGE_CURVE('',#3833,#4166,#4191,.T.);
#4191 = SURFACE_CURVE('',#4192,(#4196,#4203),.PCURVE_S1.);
#4192 = LINE('',#4193,#4194);
#4193 = CARTESIAN_POINT('',(-5.15,-0.43,0.25));
#4194 = VECTOR('',#4195,1.);
#4195 = DIRECTION('',(0.,-1.,0.));
#4196 = PCURVE('',#3876,#4197);
#4197 = DEFINITIONAL_REPRESENTATION('',(#4198),#4202);
#4198 = LINE('',#4199,#4200);
#4199 = CARTESIAN_POINT('',(0.,0.205));
#4200 = VECTOR('',#4201,1.);
#4201 = DIRECTION('',(0.,-1.));
#4202 = ( GEOMETRIC_REPRESENTATION_CONTEXT(2) 
PARAMETRIC_REPRESENTATION_CONTEXT() REPRESENTATION_CONTEXT('2D SPACE',''
  ) );
#4203 = PCURVE('',#3848,#4204);
#4204 = DEFINITIONAL_REPRESENTATION('',(#4205),#4209);
#4205 = LINE('',#4206,#4207);
#4206 = CARTESIAN_POINT('',(0.7,0.205));
#4207 = VECTOR('',#4208,1.);
#4208 = DIRECTION('',(0.,-1.));
#4209 = ( GEOMETRIC_REPRESENTATION_CONTEXT(2) 
PARAMETRIC_REPRESENTATION_CONTEXT() REPRESENTATION_CONTEXT('2D SPACE',''
  ) );
#4210 = ADVANCED_FACE('',(#4211),#3848,.F.);
#4211 = FACE_BOUND('',#4212,.F.);
#4212 = EDGE_LOOP('',(#4213,#4236,#4237,#4238));
#4213 = ORIENTED_EDGE('',*,*,#4214,.T.);
#4214 = EDGE_CURVE('',#4215,#4166,#4217,.T.);
#4215 = VERTEX_POINT('',#4216);
#4216 = CARTESIAN_POINT('',(-4.45,-0.84,0.25));
#4217 = SURFACE_CURVE('',#4218,(#4222,#4229),.PCURVE_S1.);
#4218 = LINE('',#4219,#4220);
#4219 = CARTESIAN_POINT('',(-4.45,-0.84,0.25));
#4220 = VECTOR('',#4221,1.);
#4221 = DIRECTION('',(-1.,0.,0.));
#4222 = PCURVE('',#3848,#4223);
#4223 = DEFINITIONAL_REPRESENTATION('',(#4224),#4228);
#4224 = LINE('',#4225,#4226);
#4225 = CARTESIAN_POINT('',(0.,-0.205));
#4226 = VECTOR('',#4227,1.);
#4227 = DIRECTION('',(1.,0.));
#4228 = ( GEOMETRIC_REPRESENTATION_CONTEXT(2) 
PARAMETRIC_REPRESENTATION_CONTEXT() REPRESENTATION_CONTEXT('2D SPACE',''
  ) );
#4229 = PCURVE('',#3739,#4230);
#4230 = DEFINITIONAL_REPRESENTATION('',(#4231),#4235);
#4231 = LINE('',#4232,#4233);
#4232 = CARTESIAN_POINT('',(0.383503853658,-0.196053681225));
#4233 = VECTOR('',#4234,1.);
#4234 = DIRECTION('',(0.,-1.));
#4235 = ( GEOMETRIC_REPRESENTATION_CONTEXT(2) 
PARAMETRIC_REPRESENTATION_CONTEXT() REPRESENTATION_CONTEXT('2D SPACE',''
  ) );
#4236 = ORIENTED_EDGE('',*,*,#4190,.F.);
#4237 = ORIENTED_EDGE('',*,*,#3832,.F.);
#4238 = ORIENTED_EDGE('',*,*,#4239,.T.);
#4239 = EDGE_CURVE('',#3810,#4215,#4240,.T.);
#4240 = SURFACE_CURVE('',#4241,(#4245,#4252),.PCURVE_S1.);
#4241 = LINE('',#4242,#4243);
#4242 = CARTESIAN_POINT('',(-4.45,-0.43,0.25));
#4243 = VECTOR('',#4244,1.);
#4244 = DIRECTION('',(0.,-1.,0.));
#4245 = PCURVE('',#3848,#4246);
#4246 = DEFINITIONAL_REPRESENTATION('',(#4247),#4251);
#4247 = LINE('',#4248,#4249);
#4248 = CARTESIAN_POINT('',(0.,0.205));
#4249 = VECTOR('',#4250,1.);
#4250 = DIRECTION('',(0.,-1.));
#4251 = ( GEOMETRIC_REPRESENTATION_CONTEXT(2) 
PARAMETRIC_REPRESENTATION_CONTEXT() REPRESENTATION_CONTEXT('2D SPACE',''
  ) );
#4252 = PCURVE('',#3767,#4253);
#4253 = DEFINITIONAL_REPRESENTATION('',(#4254),#4258);
#4254 = LINE('',#4255,#4256);
#4255 = CARTESIAN_POINT('',(1.13054190546,0.205));
#4256 = VECTOR('',#4257,1.);
#4257 = DIRECTION('',(-0.,-1.));
#4258 = ( GEOMETRIC_REPRESENTATION_CONTEXT(2) 
PARAMETRIC_REPRESENTATION_CONTEXT() REPRESENTATION_CONTEXT('2D SPACE',''
  ) );
#4259 = ADVANCED_FACE('',(#4260),#3767,.F.);
#4260 = FACE_BOUND('',#4261,.F.);
#4261 = EDGE_LOOP('',(#4262,#4283,#4284,#4285));
#4262 = ORIENTED_EDGE('',*,*,#4263,.T.);
#4263 = EDGE_CURVE('',#3724,#4215,#4264,.T.);
#4264 = SURFACE_CURVE('',#4265,(#4269,#4276),.PCURVE_S1.);
#4265 = LINE('',#4266,#4267);
#4266 = CARTESIAN_POINT('',(-4.1,-0.84,1.325));
#4267 = VECTOR('',#4268,1.);
#4268 = DIRECTION('',(-0.309586047461,0.,-0.950871431487));
#4269 = PCURVE('',#3767,#4270);
#4270 = DEFINITIONAL_REPRESENTATION('',(#4271),#4275);
#4271 = LINE('',#4272,#4273);
#4272 = CARTESIAN_POINT('',(-0.,-0.205));
#4273 = VECTOR('',#4274,1.);
#4274 = DIRECTION('',(1.,0.));
#4275 = ( GEOMETRIC_REPRESENTATION_CONTEXT(2) 
PARAMETRIC_REPRESENTATION_CONTEXT() REPRESENTATION_CONTEXT('2D SPACE',''
  ) );
#4276 = PCURVE('',#3739,#4277);
#4277 = DEFINITIONAL_REPRESENTATION('',(#4278),#4282);
#4278 = LINE('',#4279,#4280);
#4279 = CARTESIAN_POINT('',(-0.691496146342,0.153946318775));
#4280 = VECTOR('',#4281,1.);
#4281 = DIRECTION('',(0.950871431487,-0.309586047461));
#4282 = ( GEOMETRIC_REPRESENTATION_CONTEXT(2) 
PARAMETRIC_REPRESENTATION_CONTEXT() REPRESENTATION_CONTEXT('2D SPACE',''
  ) );
#4283 = ORIENTED_EDGE('',*,*,#4239,.F.);
#4284 = ORIENTED_EDGE('',*,*,#3809,.F.);
#4285 = ORIENTED_EDGE('',*,*,#3751,.T.);
#4286 = ADVANCED_FACE('',(#4287),#3739,.T.);
#4287 = FACE_BOUND('',#4288,.T.);
#4288 = EDGE_LOOP('',(#4289,#4290,#4291,#4292,#4293,#4294,#4295,#4296));
#4289 = ORIENTED_EDGE('',*,*,#3723,.T.);
#4290 = ORIENTED_EDGE('',*,*,#4263,.T.);
#4291 = ORIENTED_EDGE('',*,*,#4214,.T.);
#4292 = ORIENTED_EDGE('',*,*,#4165,.T.);
#4293 = ORIENTED_EDGE('',*,*,#4116,.T.);
#4294 = ORIENTED_EDGE('',*,*,#4067,.T.);
#4295 = ORIENTED_EDGE('',*,*,#4019,.T.);
#4296 = ORIENTED_EDGE('',*,*,#4297,.T.);
#4297 = EDGE_CURVE('',#4020,#3689,#4298,.T.);
#4298 = SURFACE_CURVE('',#4299,(#4303,#4310),.PCURVE_S1.);
#4299 = LINE('',#4300,#4301);
#4300 = CARTESIAN_POINT('',(-3.4,-0.84,1.075));
#4301 = VECTOR('',#4302,1.);
#4302 = DIRECTION('',(0.,0.,1.));
#4303 = PCURVE('',#3739,#4304);
#4304 = DEFINITIONAL_REPRESENTATION('',(#4305),#4309);
#4305 = LINE('',#4306,#4307);
#4306 = CARTESIAN_POINT('',(-0.441496146342,0.853946318775));
#4307 = VECTOR('',#4308,1.);
#4308 = DIRECTION('',(-1.,0.));
#4309 = ( GEOMETRIC_REPRESENTATION_CONTEXT(2) 
PARAMETRIC_REPRESENTATION_CONTEXT() REPRESENTATION_CONTEXT('2D SPACE',''
  ) );
#4310 = PCURVE('',#3711,#4311);
#4311 = DEFINITIONAL_REPRESENTATION('',(#4312),#4316);
#4312 = LINE('',#4313,#4314);
#4313 = CARTESIAN_POINT('',(0.,-0.205));
#4314 = VECTOR('',#4315,1.);
#4315 = DIRECTION('',(1.,0.));
#4316 = ( GEOMETRIC_REPRESENTATION_CONTEXT(2) 
PARAMETRIC_REPRESENTATION_CONTEXT() REPRESENTATION_CONTEXT('2D SPACE',''
  ) );
#4317 = ADVANCED_FACE('',(#4318),#3711,.F.);
#4318 = FACE_BOUND('',#4319,.F.);
#4319 = EDGE_LOOP('',(#4320,#4321,#4322,#4323));
#4320 = ORIENTED_EDGE('',*,*,#4042,.F.);
#4321 = ORIENTED_EDGE('',*,*,#4297,.T.);
#4322 = ORIENTED_EDGE('',*,*,#3688,.T.);
#4323 = ORIENTED_EDGE('',*,*,#3972,.F.);
#4324 = MANIFOLD_SOLID_BREP('',#4325);
#4325 = CLOSED_SHELL('',(#4326,#4446,#4634,#4705,#4754,#4803,#4852,#4901
    ,#4928,#4959));
#4326 = ADVANCED_FACE('',(#4327),#4341,.F.);
#4327 = FACE_BOUND('',#4328,.F.);
#4328 = EDGE_LOOP('',(#4329,#4364,#4392,#4420));
#4329 = ORIENTED_EDGE('',*,*,#4330,.F.);
#4330 = EDGE_CURVE('',#4331,#4333,#4335,.T.);
#4331 = VERTEX_POINT('',#4332);
#4332 = CARTESIAN_POINT('',(-3.4,-2.11,1.325));
#4333 = VERTEX_POINT('',#4334);
#4334 = CARTESIAN_POINT('',(-3.4,-1.7,1.325));
#4335 = SURFACE_CURVE('',#4336,(#4340,#4352),.PCURVE_S1.);
#4336 = LINE('',#4337,#4338);
#4337 = CARTESIAN_POINT('',(-3.4,-2.11,1.325));
#4338 = VECTOR('',#4339,1.);
#4339 = DIRECTION('',(0.,1.,0.));
#4340 = PCURVE('',#4341,#4346);
#4341 = PLANE('',#4342);
#4342 = AXIS2_PLACEMENT_3D('',#4343,#4344,#4345);
#4343 = CARTESIAN_POINT('',(-3.4,-1.905,1.325));
#4344 = DIRECTION('',(-0.,-0.,-1.));
#4345 = DIRECTION('',(-1.,0.,0.));
#4346 = DEFINITIONAL_REPRESENTATION('',(#4347),#4351);
#4347 = LINE('',#4348,#4349);
#4348 = CARTESIAN_POINT('',(0.,-0.205));
#4349 = VECTOR('',#4350,1.);
#4350 = DIRECTION('',(0.,1.));
#4351 = ( GEOMETRIC_REPRESENTATION_CONTEXT(2) 
PARAMETRIC_REPRESENTATION_CONTEXT() REPRESENTATION_CONTEXT('2D SPACE',''
  ) );
#4352 = PCURVE('',#4353,#4358);
#4353 = PLANE('',#4354);
#4354 = AXIS2_PLACEMENT_3D('',#4355,#4356,#4357);
#4355 = CARTESIAN_POINT('',(-3.4,-1.905,1.075));
#4356 = DIRECTION('',(-1.,0.,0.));
#4357 = DIRECTION('',(0.,0.,1.));
#4358 = DEFINITIONAL_REPRESENTATION('',(#4359),#4363);
#4359 = LINE('',#4360,#4361);
#4360 = CARTESIAN_POINT('',(0.25,-0.205));
#4361 = VECTOR('',#4362,1.);
#4362 = DIRECTION('',(0.,1.));
#4363 = ( GEOMETRIC_REPRESENTATION_CONTEXT(2) 
PARAMETRIC_REPRESENTATION_CONTEXT() REPRESENTATION_CONTEXT('2D SPACE',''
  ) );
#4364 = ORIENTED_EDGE('',*,*,#4365,.T.);
#4365 = EDGE_CURVE('',#4331,#4366,#4368,.T.);
#4366 = VERTEX_POINT('',#4367);
#4367 = CARTESIAN_POINT('',(-4.1,-2.11,1.325));
#4368 = SURFACE_CURVE('',#4369,(#4373,#4380),.PCURVE_S1.);
#4369 = LINE('',#4370,#4371);
#4370 = CARTESIAN_POINT('',(-3.4,-2.11,1.325));
#4371 = VECTOR('',#4372,1.);
#4372 = DIRECTION('',(-1.,0.,0.));
#4373 = PCURVE('',#4341,#4374);
#4374 = DEFINITIONAL_REPRESENTATION('',(#4375),#4379);
#4375 = LINE('',#4376,#4377);
#4376 = CARTESIAN_POINT('',(0.,-0.205));
#4377 = VECTOR('',#4378,1.);
#4378 = DIRECTION('',(1.,0.));
#4379 = ( GEOMETRIC_REPRESENTATION_CONTEXT(2) 
PARAMETRIC_REPRESENTATION_CONTEXT() REPRESENTATION_CONTEXT('2D SPACE',''
  ) );
#4380 = PCURVE('',#4381,#4386);
#4381 = PLANE('',#4382);
#4382 = AXIS2_PLACEMENT_3D('',#4383,#4384,#4385);
#4383 = CARTESIAN_POINT('',(-4.253946318775,-2.11,0.633503853658));
#4384 = DIRECTION('',(-0.,-1.,-0.));
#4385 = DIRECTION('',(0.,0.,-1.));
#4386 = DEFINITIONAL_REPRESENTATION('',(#4387),#4391);
#4387 = LINE('',#4388,#4389);
#4388 = CARTESIAN_POINT('',(-0.691496146342,0.853946318775));
#4389 = VECTOR('',#4390,1.);
#4390 = DIRECTION('',(0.,-1.));
#4391 = ( GEOMETRIC_REPRESENTATION_CONTEXT(2) 
PARAMETRIC_REPRESENTATION_CONTEXT() REPRESENTATION_CONTEXT('2D SPACE',''
  ) );
#4392 = ORIENTED_EDGE('',*,*,#4393,.F.);
#4393 = EDGE_CURVE('',#4394,#4366,#4396,.T.);
#4394 = VERTEX_POINT('',#4395);
#4395 = CARTESIAN_POINT('',(-4.1,-1.7,1.325));
#4396 = SURFACE_CURVE('',#4397,(#4401,#4408),.PCURVE_S1.);
#4397 = LINE('',#4398,#4399);
#4398 = CARTESIAN_POINT('',(-4.1,-1.7,1.325));
#4399 = VECTOR('',#4400,1.);
#4400 = DIRECTION('',(0.,-1.,0.));
#4401 = PCURVE('',#4341,#4402);
#4402 = DEFINITIONAL_REPRESENTATION('',(#4403),#4407);
#4403 = LINE('',#4404,#4405);
#4404 = CARTESIAN_POINT('',(0.7,0.205));
#4405 = VECTOR('',#4406,1.);
#4406 = DIRECTION('',(0.,-1.));
#4407 = ( GEOMETRIC_REPRESENTATION_CONTEXT(2) 
PARAMETRIC_REPRESENTATION_CONTEXT() REPRESENTATION_CONTEXT('2D SPACE',''
  ) );
#4408 = PCURVE('',#4409,#4414);
#4409 = PLANE('',#4410);
#4410 = AXIS2_PLACEMENT_3D('',#4411,#4412,#4413);
#4411 = CARTESIAN_POINT('',(-4.1,-1.905,1.325));
#4412 = DIRECTION('',(0.950871431487,0.,-0.309586047461));
#4413 = DIRECTION('',(-0.309586047461,0.,-0.950871431487));
#4414 = DEFINITIONAL_REPRESENTATION('',(#4415),#4419);
#4415 = LINE('',#4416,#4417);
#4416 = CARTESIAN_POINT('',(0.,0.205));
#4417 = VECTOR('',#4418,1.);
#4418 = DIRECTION('',(-0.,-1.));
#4419 = ( GEOMETRIC_REPRESENTATION_CONTEXT(2) 
PARAMETRIC_REPRESENTATION_CONTEXT() REPRESENTATION_CONTEXT('2D SPACE',''
  ) );
#4420 = ORIENTED_EDGE('',*,*,#4421,.F.);
#4421 = EDGE_CURVE('',#4333,#4394,#4422,.T.);
#4422 = SURFACE_CURVE('',#4423,(#4427,#4434),.PCURVE_S1.);
#4423 = LINE('',#4424,#4425);
#4424 = CARTESIAN_POINT('',(-3.4,-1.7,1.325));
#4425 = VECTOR('',#4426,1.);
#4426 = DIRECTION('',(-1.,0.,0.));
#4427 = PCURVE('',#4341,#4428);
#4428 = DEFINITIONAL_REPRESENTATION('',(#4429),#4433);
#4429 = LINE('',#4430,#4431);
#4430 = CARTESIAN_POINT('',(0.,0.205));
#4431 = VECTOR('',#4432,1.);
#4432 = DIRECTION('',(1.,0.));
#4433 = ( GEOMETRIC_REPRESENTATION_CONTEXT(2) 
PARAMETRIC_REPRESENTATION_CONTEXT() REPRESENTATION_CONTEXT('2D SPACE',''
  ) );
#4434 = PCURVE('',#4435,#4440);
#4435 = PLANE('',#4436);
#4436 = AXIS2_PLACEMENT_3D('',#4437,#4438,#4439);
#4437 = CARTESIAN_POINT('',(-4.253946318775,-1.7,0.633503853658));
#4438 = DIRECTION('',(-0.,-1.,-0.));
#4439 = DIRECTION('',(0.,0.,-1.));
#4440 = DEFINITIONAL_REPRESENTATION('',(#4441),#4445);
#4441 = LINE('',#4442,#4443);
#4442 = CARTESIAN_POINT('',(-0.691496146342,0.853946318775));
#4443 = VECTOR('',#4444,1.);
#4444 = DIRECTION('',(0.,-1.));
#4445 = ( GEOMETRIC_REPRESENTATION_CONTEXT(2) 
PARAMETRIC_REPRESENTATION_CONTEXT() REPRESENTATION_CONTEXT('2D SPACE',''
  ) );
#4446 = ADVANCED_FACE('',(#4447),#4435,.F.);
#4447 = FACE_BOUND('',#4448,.F.);
#4448 = EDGE_LOOP('',(#4449,#4450,#4473,#4501,#4529,#4557,#4585,#4613));
#4449 = ORIENTED_EDGE('',*,*,#4421,.T.);
#4450 = ORIENTED_EDGE('',*,*,#4451,.T.);
#4451 = EDGE_CURVE('',#4394,#4452,#4454,.T.);
#4452 = VERTEX_POINT('',#4453);
#4453 = CARTESIAN_POINT('',(-4.45,-1.7,0.25));
#4454 = SURFACE_CURVE('',#4455,(#4459,#4466),.PCURVE_S1.);
#4455 = LINE('',#4456,#4457);
#4456 = CARTESIAN_POINT('',(-4.1,-1.7,1.325));
#4457 = VECTOR('',#4458,1.);
#4458 = DIRECTION('',(-0.309586047461,0.,-0.950871431487));
#4459 = PCURVE('',#4435,#4460);
#4460 = DEFINITIONAL_REPRESENTATION('',(#4461),#4465);
#4461 = LINE('',#4462,#4463);
#4462 = CARTESIAN_POINT('',(-0.691496146342,0.153946318775));
#4463 = VECTOR('',#4464,1.);
#4464 = DIRECTION('',(0.950871431487,-0.309586047461));
#4465 = ( GEOMETRIC_REPRESENTATION_CONTEXT(2) 
PARAMETRIC_REPRESENTATION_CONTEXT() REPRESENTATION_CONTEXT('2D SPACE',''
  ) );
#4466 = PCURVE('',#4409,#4467);
#4467 = DEFINITIONAL_REPRESENTATION('',(#4468),#4472);
#4468 = LINE('',#4469,#4470);
#4469 = CARTESIAN_POINT('',(0.,0.205));
#4470 = VECTOR('',#4471,1.);
#4471 = DIRECTION('',(1.,0.));
#4472 = ( GEOMETRIC_REPRESENTATION_CONTEXT(2) 
PARAMETRIC_REPRESENTATION_CONTEXT() REPRESENTATION_CONTEXT('2D SPACE',''
  ) );
#4473 = ORIENTED_EDGE('',*,*,#4474,.T.);
#4474 = EDGE_CURVE('',#4452,#4475,#4477,.T.);
#4475 = VERTEX_POINT('',#4476);
#4476 = CARTESIAN_POINT('',(-5.15,-1.7,0.25));
#4477 = SURFACE_CURVE('',#4478,(#4482,#4489),.PCURVE_S1.);
#4478 = LINE('',#4479,#4480);
#4479 = CARTESIAN_POINT('',(-4.45,-1.7,0.25));
#4480 = VECTOR('',#4481,1.);
#4481 = DIRECTION('',(-1.,0.,0.));
#4482 = PCURVE('',#4435,#4483);
#4483 = DEFINITIONAL_REPRESENTATION('',(#4484),#4488);
#4484 = LINE('',#4485,#4486);
#4485 = CARTESIAN_POINT('',(0.383503853658,-0.196053681225));
#4486 = VECTOR('',#4487,1.);
#4487 = DIRECTION('',(0.,-1.));
#4488 = ( GEOMETRIC_REPRESENTATION_CONTEXT(2) 
PARAMETRIC_REPRESENTATION_CONTEXT() REPRESENTATION_CONTEXT('2D SPACE',''
  ) );
#4489 = PCURVE('',#4490,#4495);
#4490 = PLANE('',#4491);
#4491 = AXIS2_PLACEMENT_3D('',#4492,#4493,#4494);
#4492 = CARTESIAN_POINT('',(-4.45,-1.905,0.25));
#4493 = DIRECTION('',(-0.,-0.,-1.));
#4494 = DIRECTION('',(-1.,0.,0.));
#4495 = DEFINITIONAL_REPRESENTATION('',(#4496),#4500);
#4496 = LINE('',#4497,#4498);
#4497 = CARTESIAN_POINT('',(0.,0.205));
#4498 = VECTOR('',#4499,1.);
#4499 = DIRECTION('',(1.,0.));
#4500 = ( GEOMETRIC_REPRESENTATION_CONTEXT(2) 
PARAMETRIC_REPRESENTATION_CONTEXT() REPRESENTATION_CONTEXT('2D SPACE',''
  ) );
#4501 = ORIENTED_EDGE('',*,*,#4502,.T.);
#4502 = EDGE_CURVE('',#4475,#4503,#4505,.T.);
#4503 = VERTEX_POINT('',#4504);
#4504 = CARTESIAN_POINT('',(-5.15,-1.7,0.));
#4505 = SURFACE_CURVE('',#4506,(#4510,#4517),.PCURVE_S1.);
#4506 = LINE('',#4507,#4508);
#4507 = CARTESIAN_POINT('',(-5.15,-1.7,0.25));
#4508 = VECTOR('',#4509,1.);
#4509 = DIRECTION('',(0.,0.,-1.));
#4510 = PCURVE('',#4435,#4511);
#4511 = DEFINITIONAL_REPRESENTATION('',(#4512),#4516);
#4512 = LINE('',#4513,#4514);
#4513 = CARTESIAN_POINT('',(0.383503853658,-0.896053681225));
#4514 = VECTOR('',#4515,1.);
#4515 = DIRECTION('',(1.,0.));
#4516 = ( GEOMETRIC_REPRESENTATION_CONTEXT(2) 
PARAMETRIC_REPRESENTATION_CONTEXT() REPRESENTATION_CONTEXT('2D SPACE',''
  ) );
#4517 = PCURVE('',#4518,#4523);
#4518 = PLANE('',#4519);
#4519 = AXIS2_PLACEMENT_3D('',#4520,#4521,#4522);
#4520 = CARTESIAN_POINT('',(-5.15,-1.905,0.25));
#4521 = DIRECTION('',(1.,0.,0.));
#4522 = DIRECTION('',(0.,0.,-1.));
#4523 = DEFINITIONAL_REPRESENTATION('',(#4524),#4528);
#4524 = LINE('',#4525,#4526);
#4525 = CARTESIAN_POINT('',(0.,0.205));
#4526 = VECTOR('',#4527,1.);
#4527 = DIRECTION('',(1.,0.));
#4528 = ( GEOMETRIC_REPRESENTATION_CONTEXT(2) 
PARAMETRIC_REPRESENTATION_CONTEXT() REPRESENTATION_CONTEXT('2D SPACE',''
  ) );
#4529 = ORIENTED_EDGE('',*,*,#4530,.T.);
#4530 = EDGE_CURVE('',#4503,#4531,#4533,.T.);
#4531 = VERTEX_POINT('',#4532);
#4532 = CARTESIAN_POINT('',(-4.3,-1.7,0.));
#4533 = SURFACE_CURVE('',#4534,(#4538,#4545),.PCURVE_S1.);
#4534 = LINE('',#4535,#4536);
#4535 = CARTESIAN_POINT('',(-5.15,-1.7,0.));
#4536 = VECTOR('',#4537,1.);
#4537 = DIRECTION('',(1.,0.,0.));
#4538 = PCURVE('',#4435,#4539);
#4539 = DEFINITIONAL_REPRESENTATION('',(#4540),#4544);
#4540 = LINE('',#4541,#4542);
#4541 = CARTESIAN_POINT('',(0.633503853658,-0.896053681225));
#4542 = VECTOR('',#4543,1.);
#4543 = DIRECTION('',(0.,1.));
#4544 = ( GEOMETRIC_REPRESENTATION_CONTEXT(2) 
PARAMETRIC_REPRESENTATION_CONTEXT() REPRESENTATION_CONTEXT('2D SPACE',''
  ) );
#4545 = PCURVE('',#4546,#4551);
#4546 = PLANE('',#4547);
#4547 = AXIS2_PLACEMENT_3D('',#4548,#4549,#4550);
#4548 = CARTESIAN_POINT('',(-5.15,-1.905,0.));
#4549 = DIRECTION('',(-0.,0.,1.));
#4550 = DIRECTION('',(1.,0.,0.));
#4551 = DEFINITIONAL_REPRESENTATION('',(#4552),#4556);
#4552 = LINE('',#4553,#4554);
#4553 = CARTESIAN_POINT('',(0.,0.205));
#4554 = VECTOR('',#4555,1.);
#4555 = DIRECTION('',(1.,0.));
#4556 = ( GEOMETRIC_REPRESENTATION_CONTEXT(2) 
PARAMETRIC_REPRESENTATION_CONTEXT() REPRESENTATION_CONTEXT('2D SPACE',''
  ) );
#4557 = ORIENTED_EDGE('',*,*,#4558,.T.);
#4558 = EDGE_CURVE('',#4531,#4559,#4561,.T.);
#4559 = VERTEX_POINT('',#4560);
#4560 = CARTESIAN_POINT('',(-3.95,-1.7,1.075));
#4561 = SURFACE_CURVE('',#4562,(#4566,#4573),.PCURVE_S1.);
#4562 = LINE('',#4563,#4564);
#4563 = CARTESIAN_POINT('',(-4.3,-1.7,0.));
#4564 = VECTOR('',#4565,1.);
#4565 = DIRECTION('',(0.309586047461,0.,0.950871431487));
#4566 = PCURVE('',#4435,#4567);
#4567 = DEFINITIONAL_REPRESENTATION('',(#4568),#4572);
#4568 = LINE('',#4569,#4570);
#4569 = CARTESIAN_POINT('',(0.633503853658,-4.6053681225E-02));
#4570 = VECTOR('',#4571,1.);
#4571 = DIRECTION('',(-0.950871431487,0.309586047461));
#4572 = ( GEOMETRIC_REPRESENTATION_CONTEXT(2) 
PARAMETRIC_REPRESENTATION_CONTEXT() REPRESENTATION_CONTEXT('2D SPACE',''
  ) );
#4573 = PCURVE('',#4574,#4579);
#4574 = PLANE('',#4575);
#4575 = AXIS2_PLACEMENT_3D('',#4576,#4577,#4578);
#4576 = CARTESIAN_POINT('',(-4.3,-1.905,0.));
#4577 = DIRECTION('',(-0.950871431487,0.,0.309586047461));
#4578 = DIRECTION('',(0.309586047461,0.,0.950871431487));
#4579 = DEFINITIONAL_REPRESENTATION('',(#4580),#4584);
#4580 = LINE('',#4581,#4582);
#4581 = CARTESIAN_POINT('',(0.,0.205));
#4582 = VECTOR('',#4583,1.);
#4583 = DIRECTION('',(1.,0.));
#4584 = ( GEOMETRIC_REPRESENTATION_CONTEXT(2) 
PARAMETRIC_REPRESENTATION_CONTEXT() REPRESENTATION_CONTEXT('2D SPACE',''
  ) );
#4585 = ORIENTED_EDGE('',*,*,#4586,.T.);
#4586 = EDGE_CURVE('',#4559,#4587,#4589,.T.);
#4587 = VERTEX_POINT('',#4588);
#4588 = CARTESIAN_POINT('',(-3.4,-1.7,1.075));
#4589 = SURFACE_CURVE('',#4590,(#4594,#4601),.PCURVE_S1.);
#4590 = LINE('',#4591,#4592);
#4591 = CARTESIAN_POINT('',(-3.95,-1.7,1.075));
#4592 = VECTOR('',#4593,1.);
#4593 = DIRECTION('',(1.,0.,0.));
#4594 = PCURVE('',#4435,#4595);
#4595 = DEFINITIONAL_REPRESENTATION('',(#4596),#4600);
#4596 = LINE('',#4597,#4598);
#4597 = CARTESIAN_POINT('',(-0.441496146342,0.303946318775));
#4598 = VECTOR('',#4599,1.);
#4599 = DIRECTION('',(0.,1.));
#4600 = ( GEOMETRIC_REPRESENTATION_CONTEXT(2) 
PARAMETRIC_REPRESENTATION_CONTEXT() REPRESENTATION_CONTEXT('2D SPACE',''
  ) );
#4601 = PCURVE('',#4602,#4607);
#4602 = PLANE('',#4603);
#4603 = AXIS2_PLACEMENT_3D('',#4604,#4605,#4606);
#4604 = CARTESIAN_POINT('',(-3.95,-1.905,1.075));
#4605 = DIRECTION('',(-0.,0.,1.));
#4606 = DIRECTION('',(1.,0.,0.));
#4607 = DEFINITIONAL_REPRESENTATION('',(#4608),#4612);
#4608 = LINE('',#4609,#4610);
#4609 = CARTESIAN_POINT('',(0.,0.205));
#4610 = VECTOR('',#4611,1.);
#4611 = DIRECTION('',(1.,0.));
#4612 = ( GEOMETRIC_REPRESENTATION_CONTEXT(2) 
PARAMETRIC_REPRESENTATION_CONTEXT() REPRESENTATION_CONTEXT('2D SPACE',''
  ) );
#4613 = ORIENTED_EDGE('',*,*,#4614,.T.);
#4614 = EDGE_CURVE('',#4587,#4333,#4615,.T.);
#4615 = SURFACE_CURVE('',#4616,(#4620,#4627),.PCURVE_S1.);
#4616 = LINE('',#4617,#4618);
#4617 = CARTESIAN_POINT('',(-3.4,-1.7,1.075));
#4618 = VECTOR('',#4619,1.);
#4619 = DIRECTION('',(0.,0.,1.));
#4620 = PCURVE('',#4435,#4621);
#4621 = DEFINITIONAL_REPRESENTATION('',(#4622),#4626);
#4622 = LINE('',#4623,#4624);
#4623 = CARTESIAN_POINT('',(-0.441496146342,0.853946318775));
#4624 = VECTOR('',#4625,1.);
#4625 = DIRECTION('',(-1.,0.));
#4626 = ( GEOMETRIC_REPRESENTATION_CONTEXT(2) 
PARAMETRIC_REPRESENTATION_CONTEXT() REPRESENTATION_CONTEXT('2D SPACE',''
  ) );
#4627 = PCURVE('',#4353,#4628);
#4628 = DEFINITIONAL_REPRESENTATION('',(#4629),#4633);
#4629 = LINE('',#4630,#4631);
#4630 = CARTESIAN_POINT('',(0.,0.205));
#4631 = VECTOR('',#4632,1.);
#4632 = DIRECTION('',(1.,0.));
#4633 = ( GEOMETRIC_REPRESENTATION_CONTEXT(2) 
PARAMETRIC_REPRESENTATION_CONTEXT() REPRESENTATION_CONTEXT('2D SPACE',''
  ) );
#4634 = ADVANCED_FACE('',(#4635),#4602,.F.);
#4635 = FACE_BOUND('',#4636,.F.);
#4636 = EDGE_LOOP('',(#4637,#4660,#4683,#4704));
#4637 = ORIENTED_EDGE('',*,*,#4638,.F.);
#4638 = EDGE_CURVE('',#4639,#4559,#4641,.T.);
#4639 = VERTEX_POINT('',#4640);
#4640 = CARTESIAN_POINT('',(-3.95,-2.11,1.075));
#4641 = SURFACE_CURVE('',#4642,(#4646,#4653),.PCURVE_S1.);
#4642 = LINE('',#4643,#4644);
#4643 = CARTESIAN_POINT('',(-3.95,-2.11,1.075));
#4644 = VECTOR('',#4645,1.);
#4645 = DIRECTION('',(0.,1.,0.));
#4646 = PCURVE('',#4602,#4647);
#4647 = DEFINITIONAL_REPRESENTATION('',(#4648),#4652);
#4648 = LINE('',#4649,#4650);
#4649 = CARTESIAN_POINT('',(0.,-0.205));
#4650 = VECTOR('',#4651,1.);
#4651 = DIRECTION('',(0.,1.));
#4652 = ( GEOMETRIC_REPRESENTATION_CONTEXT(2) 
PARAMETRIC_REPRESENTATION_CONTEXT() REPRESENTATION_CONTEXT('2D SPACE',''
  ) );
#4653 = PCURVE('',#4574,#4654);
#4654 = DEFINITIONAL_REPRESENTATION('',(#4655),#4659);
#4655 = LINE('',#4656,#4657);
#4656 = CARTESIAN_POINT('',(1.13054190546,-0.205));
#4657 = VECTOR('',#4658,1.);
#4658 = DIRECTION('',(0.,1.));
#4659 = ( GEOMETRIC_REPRESENTATION_CONTEXT(2) 
PARAMETRIC_REPRESENTATION_CONTEXT() REPRESENTATION_CONTEXT('2D SPACE',''
  ) );
#4660 = ORIENTED_EDGE('',*,*,#4661,.T.);
#4661 = EDGE_CURVE('',#4639,#4662,#4664,.T.);
#4662 = VERTEX_POINT('',#4663);
#4663 = CARTESIAN_POINT('',(-3.4,-2.11,1.075));
#4664 = SURFACE_CURVE('',#4665,(#4669,#4676),.PCURVE_S1.);
#4665 = LINE('',#4666,#4667);
#4666 = CARTESIAN_POINT('',(-3.95,-2.11,1.075));
#4667 = VECTOR('',#4668,1.);
#4668 = DIRECTION('',(1.,0.,0.));
#4669 = PCURVE('',#4602,#4670);
#4670 = DEFINITIONAL_REPRESENTATION('',(#4671),#4675);
#4671 = LINE('',#4672,#4673);
#4672 = CARTESIAN_POINT('',(0.,-0.205));
#4673 = VECTOR('',#4674,1.);
#4674 = DIRECTION('',(1.,0.));
#4675 = ( GEOMETRIC_REPRESENTATION_CONTEXT(2) 
PARAMETRIC_REPRESENTATION_CONTEXT() REPRESENTATION_CONTEXT('2D SPACE',''
  ) );
#4676 = PCURVE('',#4381,#4677);
#4677 = DEFINITIONAL_REPRESENTATION('',(#4678),#4682);
#4678 = LINE('',#4679,#4680);
#4679 = CARTESIAN_POINT('',(-0.441496146342,0.303946318775));
#4680 = VECTOR('',#4681,1.);
#4681 = DIRECTION('',(0.,1.));
#4682 = ( GEOMETRIC_REPRESENTATION_CONTEXT(2) 
PARAMETRIC_REPRESENTATION_CONTEXT() REPRESENTATION_CONTEXT('2D SPACE',''
  ) );
#4683 = ORIENTED_EDGE('',*,*,#4684,.T.);
#4684 = EDGE_CURVE('',#4662,#4587,#4685,.T.);
#4685 = SURFACE_CURVE('',#4686,(#4690,#4697),.PCURVE_S1.);
#4686 = LINE('',#4687,#4688);
#4687 = CARTESIAN_POINT('',(-3.4,-2.11,1.075));
#4688 = VECTOR('',#4689,1.);
#4689 = DIRECTION('',(0.,1.,0.));
#4690 = PCURVE('',#4602,#4691);
#4691 = DEFINITIONAL_REPRESENTATION('',(#4692),#4696);
#4692 = LINE('',#4693,#4694);
#4693 = CARTESIAN_POINT('',(0.55,-0.205));
#4694 = VECTOR('',#4695,1.);
#4695 = DIRECTION('',(0.,1.));
#4696 = ( GEOMETRIC_REPRESENTATION_CONTEXT(2) 
PARAMETRIC_REPRESENTATION_CONTEXT() REPRESENTATION_CONTEXT('2D SPACE',''
  ) );
#4697 = PCURVE('',#4353,#4698);
#4698 = DEFINITIONAL_REPRESENTATION('',(#4699),#4703);
#4699 = LINE('',#4700,#4701);
#4700 = CARTESIAN_POINT('',(0.,-0.205));
#4701 = VECTOR('',#4702,1.);
#4702 = DIRECTION('',(0.,1.));
#4703 = ( GEOMETRIC_REPRESENTATION_CONTEXT(2) 
PARAMETRIC_REPRESENTATION_CONTEXT() REPRESENTATION_CONTEXT('2D SPACE',''
  ) );
#4704 = ORIENTED_EDGE('',*,*,#4586,.F.);
#4705 = ADVANCED_FACE('',(#4706),#4574,.F.);
#4706 = FACE_BOUND('',#4707,.F.);
#4707 = EDGE_LOOP('',(#4708,#4731,#4732,#4733));
#4708 = ORIENTED_EDGE('',*,*,#4709,.T.);
#4709 = EDGE_CURVE('',#4710,#4639,#4712,.T.);
#4710 = VERTEX_POINT('',#4711);
#4711 = CARTESIAN_POINT('',(-4.3,-2.11,0.));
#4712 = SURFACE_CURVE('',#4713,(#4717,#4724),.PCURVE_S1.);
#4713 = LINE('',#4714,#4715);
#4714 = CARTESIAN_POINT('',(-4.3,-2.11,0.));
#4715 = VECTOR('',#4716,1.);
#4716 = DIRECTION('',(0.309586047461,0.,0.950871431487));
#4717 = PCURVE('',#4574,#4718);
#4718 = DEFINITIONAL_REPRESENTATION('',(#4719),#4723);
#4719 = LINE('',#4720,#4721);
#4720 = CARTESIAN_POINT('',(0.,-0.205));
#4721 = VECTOR('',#4722,1.);
#4722 = DIRECTION('',(1.,0.));
#4723 = ( GEOMETRIC_REPRESENTATION_CONTEXT(2) 
PARAMETRIC_REPRESENTATION_CONTEXT() REPRESENTATION_CONTEXT('2D SPACE',''
  ) );
#4724 = PCURVE('',#4381,#4725);
#4725 = DEFINITIONAL_REPRESENTATION('',(#4726),#4730);
#4726 = LINE('',#4727,#4728);
#4727 = CARTESIAN_POINT('',(0.633503853658,-4.6053681225E-02));
#4728 = VECTOR('',#4729,1.);
#4729 = DIRECTION('',(-0.950871431487,0.309586047461));
#4730 = ( GEOMETRIC_REPRESENTATION_CONTEXT(2) 
PARAMETRIC_REPRESENTATION_CONTEXT() REPRESENTATION_CONTEXT('2D SPACE',''
  ) );
#4731 = ORIENTED_EDGE('',*,*,#4638,.T.);
#4732 = ORIENTED_EDGE('',*,*,#4558,.F.);
#4733 = ORIENTED_EDGE('',*,*,#4734,.T.);
#4734 = EDGE_CURVE('',#4531,#4710,#4735,.T.);
#4735 = SURFACE_CURVE('',#4736,(#4740,#4747),.PCURVE_S1.);
#4736 = LINE('',#4737,#4738);
#4737 = CARTESIAN_POINT('',(-4.3,-1.7,0.));
#4738 = VECTOR('',#4739,1.);
#4739 = DIRECTION('',(0.,-1.,0.));
#4740 = PCURVE('',#4574,#4741);
#4741 = DEFINITIONAL_REPRESENTATION('',(#4742),#4746);
#4742 = LINE('',#4743,#4744);
#4743 = CARTESIAN_POINT('',(0.,0.205));
#4744 = VECTOR('',#4745,1.);
#4745 = DIRECTION('',(0.,-1.));
#4746 = ( GEOMETRIC_REPRESENTATION_CONTEXT(2) 
PARAMETRIC_REPRESENTATION_CONTEXT() REPRESENTATION_CONTEXT('2D SPACE',''
  ) );
#4747 = PCURVE('',#4546,#4748);
#4748 = DEFINITIONAL_REPRESENTATION('',(#4749),#4753);
#4749 = LINE('',#4750,#4751);
#4750 = CARTESIAN_POINT('',(0.85,0.205));
#4751 = VECTOR('',#4752,1.);
#4752 = DIRECTION('',(0.,-1.));
#4753 = ( GEOMETRIC_REPRESENTATION_CONTEXT(2) 
PARAMETRIC_REPRESENTATION_CONTEXT() REPRESENTATION_CONTEXT('2D SPACE',''
  ) );
#4754 = ADVANCED_FACE('',(#4755),#4546,.F.);
#4755 = FACE_BOUND('',#4756,.F.);
#4756 = EDGE_LOOP('',(#4757,#4780,#4781,#4782));
#4757 = ORIENTED_EDGE('',*,*,#4758,.T.);
#4758 = EDGE_CURVE('',#4759,#4710,#4761,.T.);
#4759 = VERTEX_POINT('',#4760);
#4760 = CARTESIAN_POINT('',(-5.15,-2.11,0.));
#4761 = SURFACE_CURVE('',#4762,(#4766,#4773),.PCURVE_S1.);
#4762 = LINE('',#4763,#4764);
#4763 = CARTESIAN_POINT('',(-5.15,-2.11,0.));
#4764 = VECTOR('',#4765,1.);
#4765 = DIRECTION('',(1.,0.,0.));
#4766 = PCURVE('',#4546,#4767);
#4767 = DEFINITIONAL_REPRESENTATION('',(#4768),#4772);
#4768 = LINE('',#4769,#4770);
#4769 = CARTESIAN_POINT('',(0.,-0.205));
#4770 = VECTOR('',#4771,1.);
#4771 = DIRECTION('',(1.,0.));
#4772 = ( GEOMETRIC_REPRESENTATION_CONTEXT(2) 
PARAMETRIC_REPRESENTATION_CONTEXT() REPRESENTATION_CONTEXT('2D SPACE',''
  ) );
#4773 = PCURVE('',#4381,#4774);
#4774 = DEFINITIONAL_REPRESENTATION('',(#4775),#4779);
#4775 = LINE('',#4776,#4777);
#4776 = CARTESIAN_POINT('',(0.633503853658,-0.896053681225));
#4777 = VECTOR('',#4778,1.);
#4778 = DIRECTION('',(0.,1.));
#4779 = ( GEOMETRIC_REPRESENTATION_CONTEXT(2) 
PARAMETRIC_REPRESENTATION_CONTEXT() REPRESENTATION_CONTEXT('2D SPACE',''
  ) );
#4780 = ORIENTED_EDGE('',*,*,#4734,.F.);
#4781 = ORIENTED_EDGE('',*,*,#4530,.F.);
#4782 = ORIENTED_EDGE('',*,*,#4783,.T.);
#4783 = EDGE_CURVE('',#4503,#4759,#4784,.T.);
#4784 = SURFACE_CURVE('',#4785,(#4789,#4796),.PCURVE_S1.);
#4785 = LINE('',#4786,#4787);
#4786 = CARTESIAN_POINT('',(-5.15,-1.7,0.));
#4787 = VECTOR('',#4788,1.);
#4788 = DIRECTION('',(0.,-1.,0.));
#4789 = PCURVE('',#4546,#4790);
#4790 = DEFINITIONAL_REPRESENTATION('',(#4791),#4795);
#4791 = LINE('',#4792,#4793);
#4792 = CARTESIAN_POINT('',(0.,0.205));
#4793 = VECTOR('',#4794,1.);
#4794 = DIRECTION('',(0.,-1.));
#4795 = ( GEOMETRIC_REPRESENTATION_CONTEXT(2) 
PARAMETRIC_REPRESENTATION_CONTEXT() REPRESENTATION_CONTEXT('2D SPACE',''
  ) );
#4796 = PCURVE('',#4518,#4797);
#4797 = DEFINITIONAL_REPRESENTATION('',(#4798),#4802);
#4798 = LINE('',#4799,#4800);
#4799 = CARTESIAN_POINT('',(0.25,0.205));
#4800 = VECTOR('',#4801,1.);
#4801 = DIRECTION('',(0.,-1.));
#4802 = ( GEOMETRIC_REPRESENTATION_CONTEXT(2) 
PARAMETRIC_REPRESENTATION_CONTEXT() REPRESENTATION_CONTEXT('2D SPACE',''
  ) );
#4803 = ADVANCED_FACE('',(#4804),#4518,.F.);
#4804 = FACE_BOUND('',#4805,.F.);
#4805 = EDGE_LOOP('',(#4806,#4829,#4830,#4831));
#4806 = ORIENTED_EDGE('',*,*,#4807,.T.);
#4807 = EDGE_CURVE('',#4808,#4759,#4810,.T.);
#4808 = VERTEX_POINT('',#4809);
#4809 = CARTESIAN_POINT('',(-5.15,-2.11,0.25));
#4810 = SURFACE_CURVE('',#4811,(#4815,#4822),.PCURVE_S1.);
#4811 = LINE('',#4812,#4813);
#4812 = CARTESIAN_POINT('',(-5.15,-2.11,0.25));
#4813 = VECTOR('',#4814,1.);
#4814 = DIRECTION('',(0.,0.,-1.));
#4815 = PCURVE('',#4518,#4816);
#4816 = DEFINITIONAL_REPRESENTATION('',(#4817),#4821);
#4817 = LINE('',#4818,#4819);
#4818 = CARTESIAN_POINT('',(0.,-0.205));
#4819 = VECTOR('',#4820,1.);
#4820 = DIRECTION('',(1.,0.));
#4821 = ( GEOMETRIC_REPRESENTATION_CONTEXT(2) 
PARAMETRIC_REPRESENTATION_CONTEXT() REPRESENTATION_CONTEXT('2D SPACE',''
  ) );
#4822 = PCURVE('',#4381,#4823);
#4823 = DEFINITIONAL_REPRESENTATION('',(#4824),#4828);
#4824 = LINE('',#4825,#4826);
#4825 = CARTESIAN_POINT('',(0.383503853658,-0.896053681225));
#4826 = VECTOR('',#4827,1.);
#4827 = DIRECTION('',(1.,0.));
#4828 = ( GEOMETRIC_REPRESENTATION_CONTEXT(2) 
PARAMETRIC_REPRESENTATION_CONTEXT() REPRESENTATION_CONTEXT('2D SPACE',''
  ) );
#4829 = ORIENTED_EDGE('',*,*,#4783,.F.);
#4830 = ORIENTED_EDGE('',*,*,#4502,.F.);
#4831 = ORIENTED_EDGE('',*,*,#4832,.T.);
#4832 = EDGE_CURVE('',#4475,#4808,#4833,.T.);
#4833 = SURFACE_CURVE('',#4834,(#4838,#4845),.PCURVE_S1.);
#4834 = LINE('',#4835,#4836);
#4835 = CARTESIAN_POINT('',(-5.15,-1.7,0.25));
#4836 = VECTOR('',#4837,1.);
#4837 = DIRECTION('',(0.,-1.,0.));
#4838 = PCURVE('',#4518,#4839);
#4839 = DEFINITIONAL_REPRESENTATION('',(#4840),#4844);
#4840 = LINE('',#4841,#4842);
#4841 = CARTESIAN_POINT('',(0.,0.205));
#4842 = VECTOR('',#4843,1.);
#4843 = DIRECTION('',(0.,-1.));
#4844 = ( GEOMETRIC_REPRESENTATION_CONTEXT(2) 
PARAMETRIC_REPRESENTATION_CONTEXT() REPRESENTATION_CONTEXT('2D SPACE',''
  ) );
#4845 = PCURVE('',#4490,#4846);
#4846 = DEFINITIONAL_REPRESENTATION('',(#4847),#4851);
#4847 = LINE('',#4848,#4849);
#4848 = CARTESIAN_POINT('',(0.7,0.205));
#4849 = VECTOR('',#4850,1.);
#4850 = DIRECTION('',(0.,-1.));
#4851 = ( GEOMETRIC_REPRESENTATION_CONTEXT(2) 
PARAMETRIC_REPRESENTATION_CONTEXT() REPRESENTATION_CONTEXT('2D SPACE',''
  ) );
#4852 = ADVANCED_FACE('',(#4853),#4490,.F.);
#4853 = FACE_BOUND('',#4854,.F.);
#4854 = EDGE_LOOP('',(#4855,#4878,#4879,#4880));
#4855 = ORIENTED_EDGE('',*,*,#4856,.T.);
#4856 = EDGE_CURVE('',#4857,#4808,#4859,.T.);
#4857 = VERTEX_POINT('',#4858);
#4858 = CARTESIAN_POINT('',(-4.45,-2.11,0.25));
#4859 = SURFACE_CURVE('',#4860,(#4864,#4871),.PCURVE_S1.);
#4860 = LINE('',#4861,#4862);
#4861 = CARTESIAN_POINT('',(-4.45,-2.11,0.25));
#4862 = VECTOR('',#4863,1.);
#4863 = DIRECTION('',(-1.,0.,0.));
#4864 = PCURVE('',#4490,#4865);
#4865 = DEFINITIONAL_REPRESENTATION('',(#4866),#4870);
#4866 = LINE('',#4867,#4868);
#4867 = CARTESIAN_POINT('',(0.,-0.205));
#4868 = VECTOR('',#4869,1.);
#4869 = DIRECTION('',(1.,0.));
#4870 = ( GEOMETRIC_REPRESENTATION_CONTEXT(2) 
PARAMETRIC_REPRESENTATION_CONTEXT() REPRESENTATION_CONTEXT('2D SPACE',''
  ) );
#4871 = PCURVE('',#4381,#4872);
#4872 = DEFINITIONAL_REPRESENTATION('',(#4873),#4877);
#4873 = LINE('',#4874,#4875);
#4874 = CARTESIAN_POINT('',(0.383503853658,-0.196053681225));
#4875 = VECTOR('',#4876,1.);
#4876 = DIRECTION('',(0.,-1.));
#4877 = ( GEOMETRIC_REPRESENTATION_CONTEXT(2) 
PARAMETRIC_REPRESENTATION_CONTEXT() REPRESENTATION_CONTEXT('2D SPACE',''
  ) );
#4878 = ORIENTED_EDGE('',*,*,#4832,.F.);
#4879 = ORIENTED_EDGE('',*,*,#4474,.F.);
#4880 = ORIENTED_EDGE('',*,*,#4881,.T.);
#4881 = EDGE_CURVE('',#4452,#4857,#4882,.T.);
#4882 = SURFACE_CURVE('',#4883,(#4887,#4894),.PCURVE_S1.);
#4883 = LINE('',#4884,#4885);
#4884 = CARTESIAN_POINT('',(-4.45,-1.7,0.25));
#4885 = VECTOR('',#4886,1.);
#4886 = DIRECTION('',(0.,-1.,0.));
#4887 = PCURVE('',#4490,#4888);
#4888 = DEFINITIONAL_REPRESENTATION('',(#4889),#4893);
#4889 = LINE('',#4890,#4891);
#4890 = CARTESIAN_POINT('',(0.,0.205));
#4891 = VECTOR('',#4892,1.);
#4892 = DIRECTION('',(0.,-1.));
#4893 = ( GEOMETRIC_REPRESENTATION_CONTEXT(2) 
PARAMETRIC_REPRESENTATION_CONTEXT() REPRESENTATION_CONTEXT('2D SPACE',''
  ) );
#4894 = PCURVE('',#4409,#4895);
#4895 = DEFINITIONAL_REPRESENTATION('',(#4896),#4900);
#4896 = LINE('',#4897,#4898);
#4897 = CARTESIAN_POINT('',(1.13054190546,0.205));
#4898 = VECTOR('',#4899,1.);
#4899 = DIRECTION('',(-0.,-1.));
#4900 = ( GEOMETRIC_REPRESENTATION_CONTEXT(2) 
PARAMETRIC_REPRESENTATION_CONTEXT() REPRESENTATION_CONTEXT('2D SPACE',''
  ) );
#4901 = ADVANCED_FACE('',(#4902),#4409,.F.);
#4902 = FACE_BOUND('',#4903,.F.);
#4903 = EDGE_LOOP('',(#4904,#4925,#4926,#4927));
#4904 = ORIENTED_EDGE('',*,*,#4905,.T.);
#4905 = EDGE_CURVE('',#4366,#4857,#4906,.T.);
#4906 = SURFACE_CURVE('',#4907,(#4911,#4918),.PCURVE_S1.);
#4907 = LINE('',#4908,#4909);
#4908 = CARTESIAN_POINT('',(-4.1,-2.11,1.325));
#4909 = VECTOR('',#4910,1.);
#4910 = DIRECTION('',(-0.309586047461,0.,-0.950871431487));
#4911 = PCURVE('',#4409,#4912);
#4912 = DEFINITIONAL_REPRESENTATION('',(#4913),#4917);
#4913 = LINE('',#4914,#4915);
#4914 = CARTESIAN_POINT('',(-0.,-0.205));
#4915 = VECTOR('',#4916,1.);
#4916 = DIRECTION('',(1.,0.));
#4917 = ( GEOMETRIC_REPRESENTATION_CONTEXT(2) 
PARAMETRIC_REPRESENTATION_CONTEXT() REPRESENTATION_CONTEXT('2D SPACE',''
  ) );
#4918 = PCURVE('',#4381,#4919);
#4919 = DEFINITIONAL_REPRESENTATION('',(#4920),#4924);
#4920 = LINE('',#4921,#4922);
#4921 = CARTESIAN_POINT('',(-0.691496146342,0.153946318775));
#4922 = VECTOR('',#4923,1.);
#4923 = DIRECTION('',(0.950871431487,-0.309586047461));
#4924 = ( GEOMETRIC_REPRESENTATION_CONTEXT(2) 
PARAMETRIC_REPRESENTATION_CONTEXT() REPRESENTATION_CONTEXT('2D SPACE',''
  ) );
#4925 = ORIENTED_EDGE('',*,*,#4881,.F.);
#4926 = ORIENTED_EDGE('',*,*,#4451,.F.);
#4927 = ORIENTED_EDGE('',*,*,#4393,.T.);
#4928 = ADVANCED_FACE('',(#4929),#4381,.T.);
#4929 = FACE_BOUND('',#4930,.T.);
#4930 = EDGE_LOOP('',(#4931,#4932,#4933,#4934,#4935,#4936,#4937,#4938));
#4931 = ORIENTED_EDGE('',*,*,#4365,.T.);
#4932 = ORIENTED_EDGE('',*,*,#4905,.T.);
#4933 = ORIENTED_EDGE('',*,*,#4856,.T.);
#4934 = ORIENTED_EDGE('',*,*,#4807,.T.);
#4935 = ORIENTED_EDGE('',*,*,#4758,.T.);
#4936 = ORIENTED_EDGE('',*,*,#4709,.T.);
#4937 = ORIENTED_EDGE('',*,*,#4661,.T.);
#4938 = ORIENTED_EDGE('',*,*,#4939,.T.);
#4939 = EDGE_CURVE('',#4662,#4331,#4940,.T.);
#4940 = SURFACE_CURVE('',#4941,(#4945,#4952),.PCURVE_S1.);
#4941 = LINE('',#4942,#4943);
#4942 = CARTESIAN_POINT('',(-3.4,-2.11,1.075));
#4943 = VECTOR('',#4944,1.);
#4944 = DIRECTION('',(0.,0.,1.));
#4945 = PCURVE('',#4381,#4946);
#4946 = DEFINITIONAL_REPRESENTATION('',(#4947),#4951);
#4947 = LINE('',#4948,#4949);
#4948 = CARTESIAN_POINT('',(-0.441496146342,0.853946318775));
#4949 = VECTOR('',#4950,1.);
#4950 = DIRECTION('',(-1.,0.));
#4951 = ( GEOMETRIC_REPRESENTATION_CONTEXT(2) 
PARAMETRIC_REPRESENTATION_CONTEXT() REPRESENTATION_CONTEXT('2D SPACE',''
  ) );
#4952 = PCURVE('',#4353,#4953);
#4953 = DEFINITIONAL_REPRESENTATION('',(#4954),#4958);
#4954 = LINE('',#4955,#4956);
#4955 = CARTESIAN_POINT('',(0.,-0.205));
#4956 = VECTOR('',#4957,1.);
#4957 = DIRECTION('',(1.,0.));
#4958 = ( GEOMETRIC_REPRESENTATION_CONTEXT(2) 
PARAMETRIC_REPRESENTATION_CONTEXT() REPRESENTATION_CONTEXT('2D SPACE',''
  ) );
#4959 = ADVANCED_FACE('',(#4960),#4353,.F.);
#4960 = FACE_BOUND('',#4961,.F.);
#4961 = EDGE_LOOP('',(#4962,#4963,#4964,#4965));
#4962 = ORIENTED_EDGE('',*,*,#4684,.F.);
#4963 = ORIENTED_EDGE('',*,*,#4939,.T.);
#4964 = ORIENTED_EDGE('',*,*,#4330,.T.);
#4965 = ORIENTED_EDGE('',*,*,#4614,.F.);
#4966 = MANIFOLD_SOLID_BREP('',#4967);
#4967 = CLOSED_SHELL('',(#4968,#5088,#5276,#5347,#5396,#5445,#5494,#5543
    ,#5570,#5601));
#4968 = ADVANCED_FACE('',(#4969),#4983,.F.);
#4969 = FACE_BOUND('',#4970,.F.);
#4970 = EDGE_LOOP('',(#4971,#5006,#5034,#5062));
#4971 = ORIENTED_EDGE('',*,*,#4972,.F.);
#4972 = EDGE_CURVE('',#4973,#4975,#4977,.T.);
#4973 = VERTEX_POINT('',#4974);
#4974 = CARTESIAN_POINT('',(-3.4,-3.38,1.325));
#4975 = VERTEX_POINT('',#4976);
#4976 = CARTESIAN_POINT('',(-3.4,-2.97,1.325));
#4977 = SURFACE_CURVE('',#4978,(#4982,#4994),.PCURVE_S1.);
#4978 = LINE('',#4979,#4980);
#4979 = CARTESIAN_POINT('',(-3.4,-3.38,1.325));
#4980 = VECTOR('',#4981,1.);
#4981 = DIRECTION('',(0.,1.,0.));
#4982 = PCURVE('',#4983,#4988);
#4983 = PLANE('',#4984);
#4984 = AXIS2_PLACEMENT_3D('',#4985,#4986,#4987);
#4985 = CARTESIAN_POINT('',(-3.4,-3.175,1.325));
#4986 = DIRECTION('',(-0.,-0.,-1.));
#4987 = DIRECTION('',(-1.,0.,0.));
#4988 = DEFINITIONAL_REPRESENTATION('',(#4989),#4993);
#4989 = LINE('',#4990,#4991);
#4990 = CARTESIAN_POINT('',(0.,-0.205));
#4991 = VECTOR('',#4992,1.);
#4992 = DIRECTION('',(0.,1.));
#4993 = ( GEOMETRIC_REPRESENTATION_CONTEXT(2) 
PARAMETRIC_REPRESENTATION_CONTEXT() REPRESENTATION_CONTEXT('2D SPACE',''
  ) );
#4994 = PCURVE('',#4995,#5000);
#4995 = PLANE('',#4996);
#4996 = AXIS2_PLACEMENT_3D('',#4997,#4998,#4999);
#4997 = CARTESIAN_POINT('',(-3.4,-3.175,1.075));
#4998 = DIRECTION('',(-1.,0.,0.));
#4999 = DIRECTION('',(0.,0.,1.));
#5000 = DEFINITIONAL_REPRESENTATION('',(#5001),#5005);
#5001 = LINE('',#5002,#5003);
#5002 = CARTESIAN_POINT('',(0.25,-0.205));
#5003 = VECTOR('',#5004,1.);
#5004 = DIRECTION('',(0.,1.));
#5005 = ( GEOMETRIC_REPRESENTATION_CONTEXT(2) 
PARAMETRIC_REPRESENTATION_CONTEXT() REPRESENTATION_CONTEXT('2D SPACE',''
  ) );
#5006 = ORIENTED_EDGE('',*,*,#5007,.T.);
#5007 = EDGE_CURVE('',#4973,#5008,#5010,.T.);
#5008 = VERTEX_POINT('',#5009);
#5009 = CARTESIAN_POINT('',(-4.1,-3.38,1.325));
#5010 = SURFACE_CURVE('',#5011,(#5015,#5022),.PCURVE_S1.);
#5011 = LINE('',#5012,#5013);
#5012 = CARTESIAN_POINT('',(-3.4,-3.38,1.325));
#5013 = VECTOR('',#5014,1.);
#5014 = DIRECTION('',(-1.,0.,0.));
#5015 = PCURVE('',#4983,#5016);
#5016 = DEFINITIONAL_REPRESENTATION('',(#5017),#5021);
#5017 = LINE('',#5018,#5019);
#5018 = CARTESIAN_POINT('',(0.,-0.205));
#5019 = VECTOR('',#5020,1.);
#5020 = DIRECTION('',(1.,0.));
#5021 = ( GEOMETRIC_REPRESENTATION_CONTEXT(2) 
PARAMETRIC_REPRESENTATION_CONTEXT() REPRESENTATION_CONTEXT('2D SPACE',''
  ) );
#5022 = PCURVE('',#5023,#5028);
#5023 = PLANE('',#5024);
#5024 = AXIS2_PLACEMENT_3D('',#5025,#5026,#5027);
#5025 = CARTESIAN_POINT('',(-4.253946318775,-3.38,0.633503853658));
#5026 = DIRECTION('',(-0.,-1.,-0.));
#5027 = DIRECTION('',(0.,0.,-1.));
#5028 = DEFINITIONAL_REPRESENTATION('',(#5029),#5033);
#5029 = LINE('',#5030,#5031);
#5030 = CARTESIAN_POINT('',(-0.691496146342,0.853946318775));
#5031 = VECTOR('',#5032,1.);
#5032 = DIRECTION('',(0.,-1.));
#5033 = ( GEOMETRIC_REPRESENTATION_CONTEXT(2) 
PARAMETRIC_REPRESENTATION_CONTEXT() REPRESENTATION_CONTEXT('2D SPACE',''
  ) );
#5034 = ORIENTED_EDGE('',*,*,#5035,.F.);
#5035 = EDGE_CURVE('',#5036,#5008,#5038,.T.);
#5036 = VERTEX_POINT('',#5037);
#5037 = CARTESIAN_POINT('',(-4.1,-2.97,1.325));
#5038 = SURFACE_CURVE('',#5039,(#5043,#5050),.PCURVE_S1.);
#5039 = LINE('',#5040,#5041);
#5040 = CARTESIAN_POINT('',(-4.1,-2.97,1.325));
#5041 = VECTOR('',#5042,1.);
#5042 = DIRECTION('',(0.,-1.,0.));
#5043 = PCURVE('',#4983,#5044);
#5044 = DEFINITIONAL_REPRESENTATION('',(#5045),#5049);
#5045 = LINE('',#5046,#5047);
#5046 = CARTESIAN_POINT('',(0.7,0.205));
#5047 = VECTOR('',#5048,1.);
#5048 = DIRECTION('',(0.,-1.));
#5049 = ( GEOMETRIC_REPRESENTATION_CONTEXT(2) 
PARAMETRIC_REPRESENTATION_CONTEXT() REPRESENTATION_CONTEXT('2D SPACE',''
  ) );
#5050 = PCURVE('',#5051,#5056);
#5051 = PLANE('',#5052);
#5052 = AXIS2_PLACEMENT_3D('',#5053,#5054,#5055);
#5053 = CARTESIAN_POINT('',(-4.1,-3.175,1.325));
#5054 = DIRECTION('',(0.950871431487,0.,-0.309586047461));
#5055 = DIRECTION('',(-0.309586047461,0.,-0.950871431487));
#5056 = DEFINITIONAL_REPRESENTATION('',(#5057),#5061);
#5057 = LINE('',#5058,#5059);
#5058 = CARTESIAN_POINT('',(0.,0.205));
#5059 = VECTOR('',#5060,1.);
#5060 = DIRECTION('',(-0.,-1.));
#5061 = ( GEOMETRIC_REPRESENTATION_CONTEXT(2) 
PARAMETRIC_REPRESENTATION_CONTEXT() REPRESENTATION_CONTEXT('2D SPACE',''
  ) );
#5062 = ORIENTED_EDGE('',*,*,#5063,.F.);
#5063 = EDGE_CURVE('',#4975,#5036,#5064,.T.);
#5064 = SURFACE_CURVE('',#5065,(#5069,#5076),.PCURVE_S1.);
#5065 = LINE('',#5066,#5067);
#5066 = CARTESIAN_POINT('',(-3.4,-2.97,1.325));
#5067 = VECTOR('',#5068,1.);
#5068 = DIRECTION('',(-1.,0.,0.));
#5069 = PCURVE('',#4983,#5070);
#5070 = DEFINITIONAL_REPRESENTATION('',(#5071),#5075);
#5071 = LINE('',#5072,#5073);
#5072 = CARTESIAN_POINT('',(0.,0.205));
#5073 = VECTOR('',#5074,1.);
#5074 = DIRECTION('',(1.,0.));
#5075 = ( GEOMETRIC_REPRESENTATION_CONTEXT(2) 
PARAMETRIC_REPRESENTATION_CONTEXT() REPRESENTATION_CONTEXT('2D SPACE',''
  ) );
#5076 = PCURVE('',#5077,#5082);
#5077 = PLANE('',#5078);
#5078 = AXIS2_PLACEMENT_3D('',#5079,#5080,#5081);
#5079 = CARTESIAN_POINT('',(-4.253946318775,-2.97,0.633503853658));
#5080 = DIRECTION('',(-0.,-1.,-0.));
#5081 = DIRECTION('',(0.,0.,-1.));
#5082 = DEFINITIONAL_REPRESENTATION('',(#5083),#5087);
#5083 = LINE('',#5084,#5085);
#5084 = CARTESIAN_POINT('',(-0.691496146342,0.853946318775));
#5085 = VECTOR('',#5086,1.);
#5086 = DIRECTION('',(0.,-1.));
#5087 = ( GEOMETRIC_REPRESENTATION_CONTEXT(2) 
PARAMETRIC_REPRESENTATION_CONTEXT() REPRESENTATION_CONTEXT('2D SPACE',''
  ) );
#5088 = ADVANCED_FACE('',(#5089),#5077,.F.);
#5089 = FACE_BOUND('',#5090,.F.);
#5090 = EDGE_LOOP('',(#5091,#5092,#5115,#5143,#5171,#5199,#5227,#5255));
#5091 = ORIENTED_EDGE('',*,*,#5063,.T.);
#5092 = ORIENTED_EDGE('',*,*,#5093,.T.);
#5093 = EDGE_CURVE('',#5036,#5094,#5096,.T.);
#5094 = VERTEX_POINT('',#5095);
#5095 = CARTESIAN_POINT('',(-4.45,-2.97,0.25));
#5096 = SURFACE_CURVE('',#5097,(#5101,#5108),.PCURVE_S1.);
#5097 = LINE('',#5098,#5099);
#5098 = CARTESIAN_POINT('',(-4.1,-2.97,1.325));
#5099 = VECTOR('',#5100,1.);
#5100 = DIRECTION('',(-0.309586047461,0.,-0.950871431487));
#5101 = PCURVE('',#5077,#5102);
#5102 = DEFINITIONAL_REPRESENTATION('',(#5103),#5107);
#5103 = LINE('',#5104,#5105);
#5104 = CARTESIAN_POINT('',(-0.691496146342,0.153946318775));
#5105 = VECTOR('',#5106,1.);
#5106 = DIRECTION('',(0.950871431487,-0.309586047461));
#5107 = ( GEOMETRIC_REPRESENTATION_CONTEXT(2) 
PARAMETRIC_REPRESENTATION_CONTEXT() REPRESENTATION_CONTEXT('2D SPACE',''
  ) );
#5108 = PCURVE('',#5051,#5109);
#5109 = DEFINITIONAL_REPRESENTATION('',(#5110),#5114);
#5110 = LINE('',#5111,#5112);
#5111 = CARTESIAN_POINT('',(0.,0.205));
#5112 = VECTOR('',#5113,1.);
#5113 = DIRECTION('',(1.,0.));
#5114 = ( GEOMETRIC_REPRESENTATION_CONTEXT(2) 
PARAMETRIC_REPRESENTATION_CONTEXT() REPRESENTATION_CONTEXT('2D SPACE',''
  ) );
#5115 = ORIENTED_EDGE('',*,*,#5116,.T.);
#5116 = EDGE_CURVE('',#5094,#5117,#5119,.T.);
#5117 = VERTEX_POINT('',#5118);
#5118 = CARTESIAN_POINT('',(-5.15,-2.97,0.25));
#5119 = SURFACE_CURVE('',#5120,(#5124,#5131),.PCURVE_S1.);
#5120 = LINE('',#5121,#5122);
#5121 = CARTESIAN_POINT('',(-4.45,-2.97,0.25));
#5122 = VECTOR('',#5123,1.);
#5123 = DIRECTION('',(-1.,0.,0.));
#5124 = PCURVE('',#5077,#5125);
#5125 = DEFINITIONAL_REPRESENTATION('',(#5126),#5130);
#5126 = LINE('',#5127,#5128);
#5127 = CARTESIAN_POINT('',(0.383503853658,-0.196053681225));
#5128 = VECTOR('',#5129,1.);
#5129 = DIRECTION('',(0.,-1.));
#5130 = ( GEOMETRIC_REPRESENTATION_CONTEXT(2) 
PARAMETRIC_REPRESENTATION_CONTEXT() REPRESENTATION_CONTEXT('2D SPACE',''
  ) );
#5131 = PCURVE('',#5132,#5137);
#5132 = PLANE('',#5133);
#5133 = AXIS2_PLACEMENT_3D('',#5134,#5135,#5136);
#5134 = CARTESIAN_POINT('',(-4.45,-3.175,0.25));
#5135 = DIRECTION('',(-0.,-0.,-1.));
#5136 = DIRECTION('',(-1.,0.,0.));
#5137 = DEFINITIONAL_REPRESENTATION('',(#5138),#5142);
#5138 = LINE('',#5139,#5140);
#5139 = CARTESIAN_POINT('',(0.,0.205));
#5140 = VECTOR('',#5141,1.);
#5141 = DIRECTION('',(1.,0.));
#5142 = ( GEOMETRIC_REPRESENTATION_CONTEXT(2) 
PARAMETRIC_REPRESENTATION_CONTEXT() REPRESENTATION_CONTEXT('2D SPACE',''
  ) );
#5143 = ORIENTED_EDGE('',*,*,#5144,.T.);
#5144 = EDGE_CURVE('',#5117,#5145,#5147,.T.);
#5145 = VERTEX_POINT('',#5146);
#5146 = CARTESIAN_POINT('',(-5.15,-2.97,0.));
#5147 = SURFACE_CURVE('',#5148,(#5152,#5159),.PCURVE_S1.);
#5148 = LINE('',#5149,#5150);
#5149 = CARTESIAN_POINT('',(-5.15,-2.97,0.25));
#5150 = VECTOR('',#5151,1.);
#5151 = DIRECTION('',(0.,0.,-1.));
#5152 = PCURVE('',#5077,#5153);
#5153 = DEFINITIONAL_REPRESENTATION('',(#5154),#5158);
#5154 = LINE('',#5155,#5156);
#5155 = CARTESIAN_POINT('',(0.383503853658,-0.896053681225));
#5156 = VECTOR('',#5157,1.);
#5157 = DIRECTION('',(1.,0.));
#5158 = ( GEOMETRIC_REPRESENTATION_CONTEXT(2) 
PARAMETRIC_REPRESENTATION_CONTEXT() REPRESENTATION_CONTEXT('2D SPACE',''
  ) );
#5159 = PCURVE('',#5160,#5165);
#5160 = PLANE('',#5161);
#5161 = AXIS2_PLACEMENT_3D('',#5162,#5163,#5164);
#5162 = CARTESIAN_POINT('',(-5.15,-3.175,0.25));
#5163 = DIRECTION('',(1.,0.,0.));
#5164 = DIRECTION('',(0.,0.,-1.));
#5165 = DEFINITIONAL_REPRESENTATION('',(#5166),#5170);
#5166 = LINE('',#5167,#5168);
#5167 = CARTESIAN_POINT('',(0.,0.205));
#5168 = VECTOR('',#5169,1.);
#5169 = DIRECTION('',(1.,0.));
#5170 = ( GEOMETRIC_REPRESENTATION_CONTEXT(2) 
PARAMETRIC_REPRESENTATION_CONTEXT() REPRESENTATION_CONTEXT('2D SPACE',''
  ) );
#5171 = ORIENTED_EDGE('',*,*,#5172,.T.);
#5172 = EDGE_CURVE('',#5145,#5173,#5175,.T.);
#5173 = VERTEX_POINT('',#5174);
#5174 = CARTESIAN_POINT('',(-4.3,-2.97,0.));
#5175 = SURFACE_CURVE('',#5176,(#5180,#5187),.PCURVE_S1.);
#5176 = LINE('',#5177,#5178);
#5177 = CARTESIAN_POINT('',(-5.15,-2.97,0.));
#5178 = VECTOR('',#5179,1.);
#5179 = DIRECTION('',(1.,0.,0.));
#5180 = PCURVE('',#5077,#5181);
#5181 = DEFINITIONAL_REPRESENTATION('',(#5182),#5186);
#5182 = LINE('',#5183,#5184);
#5183 = CARTESIAN_POINT('',(0.633503853658,-0.896053681225));
#5184 = VECTOR('',#5185,1.);
#5185 = DIRECTION('',(0.,1.));
#5186 = ( GEOMETRIC_REPRESENTATION_CONTEXT(2) 
PARAMETRIC_REPRESENTATION_CONTEXT() REPRESENTATION_CONTEXT('2D SPACE',''
  ) );
#5187 = PCURVE('',#5188,#5193);
#5188 = PLANE('',#5189);
#5189 = AXIS2_PLACEMENT_3D('',#5190,#5191,#5192);
#5190 = CARTESIAN_POINT('',(-5.15,-3.175,0.));
#5191 = DIRECTION('',(-0.,0.,1.));
#5192 = DIRECTION('',(1.,0.,0.));
#5193 = DEFINITIONAL_REPRESENTATION('',(#5194),#5198);
#5194 = LINE('',#5195,#5196);
#5195 = CARTESIAN_POINT('',(0.,0.205));
#5196 = VECTOR('',#5197,1.);
#5197 = DIRECTION('',(1.,0.));
#5198 = ( GEOMETRIC_REPRESENTATION_CONTEXT(2) 
PARAMETRIC_REPRESENTATION_CONTEXT() REPRESENTATION_CONTEXT('2D SPACE',''
  ) );
#5199 = ORIENTED_EDGE('',*,*,#5200,.T.);
#5200 = EDGE_CURVE('',#5173,#5201,#5203,.T.);
#5201 = VERTEX_POINT('',#5202);
#5202 = CARTESIAN_POINT('',(-3.95,-2.97,1.075));
#5203 = SURFACE_CURVE('',#5204,(#5208,#5215),.PCURVE_S1.);
#5204 = LINE('',#5205,#5206);
#5205 = CARTESIAN_POINT('',(-4.3,-2.97,0.));
#5206 = VECTOR('',#5207,1.);
#5207 = DIRECTION('',(0.309586047461,0.,0.950871431487));
#5208 = PCURVE('',#5077,#5209);
#5209 = DEFINITIONAL_REPRESENTATION('',(#5210),#5214);
#5210 = LINE('',#5211,#5212);
#5211 = CARTESIAN_POINT('',(0.633503853658,-4.6053681225E-02));
#5212 = VECTOR('',#5213,1.);
#5213 = DIRECTION('',(-0.950871431487,0.309586047461));
#5214 = ( GEOMETRIC_REPRESENTATION_CONTEXT(2) 
PARAMETRIC_REPRESENTATION_CONTEXT() REPRESENTATION_CONTEXT('2D SPACE',''
  ) );
#5215 = PCURVE('',#5216,#5221);
#5216 = PLANE('',#5217);
#5217 = AXIS2_PLACEMENT_3D('',#5218,#5219,#5220);
#5218 = CARTESIAN_POINT('',(-4.3,-3.175,0.));
#5219 = DIRECTION('',(-0.950871431487,0.,0.309586047461));
#5220 = DIRECTION('',(0.309586047461,0.,0.950871431487));
#5221 = DEFINITIONAL_REPRESENTATION('',(#5222),#5226);
#5222 = LINE('',#5223,#5224);
#5223 = CARTESIAN_POINT('',(0.,0.205));
#5224 = VECTOR('',#5225,1.);
#5225 = DIRECTION('',(1.,0.));
#5226 = ( GEOMETRIC_REPRESENTATION_CONTEXT(2) 
PARAMETRIC_REPRESENTATION_CONTEXT() REPRESENTATION_CONTEXT('2D SPACE',''
  ) );
#5227 = ORIENTED_EDGE('',*,*,#5228,.T.);
#5228 = EDGE_CURVE('',#5201,#5229,#5231,.T.);
#5229 = VERTEX_POINT('',#5230);
#5230 = CARTESIAN_POINT('',(-3.4,-2.97,1.075));
#5231 = SURFACE_CURVE('',#5232,(#5236,#5243),.PCURVE_S1.);
#5232 = LINE('',#5233,#5234);
#5233 = CARTESIAN_POINT('',(-3.95,-2.97,1.075));
#5234 = VECTOR('',#5235,1.);
#5235 = DIRECTION('',(1.,0.,0.));
#5236 = PCURVE('',#5077,#5237);
#5237 = DEFINITIONAL_REPRESENTATION('',(#5238),#5242);
#5238 = LINE('',#5239,#5240);
#5239 = CARTESIAN_POINT('',(-0.441496146342,0.303946318775));
#5240 = VECTOR('',#5241,1.);
#5241 = DIRECTION('',(0.,1.));
#5242 = ( GEOMETRIC_REPRESENTATION_CONTEXT(2) 
PARAMETRIC_REPRESENTATION_CONTEXT() REPRESENTATION_CONTEXT('2D SPACE',''
  ) );
#5243 = PCURVE('',#5244,#5249);
#5244 = PLANE('',#5245);
#5245 = AXIS2_PLACEMENT_3D('',#5246,#5247,#5248);
#5246 = CARTESIAN_POINT('',(-3.95,-3.175,1.075));
#5247 = DIRECTION('',(-0.,0.,1.));
#5248 = DIRECTION('',(1.,0.,0.));
#5249 = DEFINITIONAL_REPRESENTATION('',(#5250),#5254);
#5250 = LINE('',#5251,#5252);
#5251 = CARTESIAN_POINT('',(0.,0.205));
#5252 = VECTOR('',#5253,1.);
#5253 = DIRECTION('',(1.,0.));
#5254 = ( GEOMETRIC_REPRESENTATION_CONTEXT(2) 
PARAMETRIC_REPRESENTATION_CONTEXT() REPRESENTATION_CONTEXT('2D SPACE',''
  ) );
#5255 = ORIENTED_EDGE('',*,*,#5256,.T.);
#5256 = EDGE_CURVE('',#5229,#4975,#5257,.T.);
#5257 = SURFACE_CURVE('',#5258,(#5262,#5269),.PCURVE_S1.);
#5258 = LINE('',#5259,#5260);
#5259 = CARTESIAN_POINT('',(-3.4,-2.97,1.075));
#5260 = VECTOR('',#5261,1.);
#5261 = DIRECTION('',(0.,0.,1.));
#5262 = PCURVE('',#5077,#5263);
#5263 = DEFINITIONAL_REPRESENTATION('',(#5264),#5268);
#5264 = LINE('',#5265,#5266);
#5265 = CARTESIAN_POINT('',(-0.441496146342,0.853946318775));
#5266 = VECTOR('',#5267,1.);
#5267 = DIRECTION('',(-1.,0.));
#5268 = ( GEOMETRIC_REPRESENTATION_CONTEXT(2) 
PARAMETRIC_REPRESENTATION_CONTEXT() REPRESENTATION_CONTEXT('2D SPACE',''
  ) );
#5269 = PCURVE('',#4995,#5270);
#5270 = DEFINITIONAL_REPRESENTATION('',(#5271),#5275);
#5271 = LINE('',#5272,#5273);
#5272 = CARTESIAN_POINT('',(0.,0.205));
#5273 = VECTOR('',#5274,1.);
#5274 = DIRECTION('',(1.,0.));
#5275 = ( GEOMETRIC_REPRESENTATION_CONTEXT(2) 
PARAMETRIC_REPRESENTATION_CONTEXT() REPRESENTATION_CONTEXT('2D SPACE',''
  ) );
#5276 = ADVANCED_FACE('',(#5277),#5244,.F.);
#5277 = FACE_BOUND('',#5278,.F.);
#5278 = EDGE_LOOP('',(#5279,#5302,#5325,#5346));
#5279 = ORIENTED_EDGE('',*,*,#5280,.F.);
#5280 = EDGE_CURVE('',#5281,#5201,#5283,.T.);
#5281 = VERTEX_POINT('',#5282);
#5282 = CARTESIAN_POINT('',(-3.95,-3.38,1.075));
#5283 = SURFACE_CURVE('',#5284,(#5288,#5295),.PCURVE_S1.);
#5284 = LINE('',#5285,#5286);
#5285 = CARTESIAN_POINT('',(-3.95,-3.38,1.075));
#5286 = VECTOR('',#5287,1.);
#5287 = DIRECTION('',(0.,1.,0.));
#5288 = PCURVE('',#5244,#5289);
#5289 = DEFINITIONAL_REPRESENTATION('',(#5290),#5294);
#5290 = LINE('',#5291,#5292);
#5291 = CARTESIAN_POINT('',(0.,-0.205));
#5292 = VECTOR('',#5293,1.);
#5293 = DIRECTION('',(0.,1.));
#5294 = ( GEOMETRIC_REPRESENTATION_CONTEXT(2) 
PARAMETRIC_REPRESENTATION_CONTEXT() REPRESENTATION_CONTEXT('2D SPACE',''
  ) );
#5295 = PCURVE('',#5216,#5296);
#5296 = DEFINITIONAL_REPRESENTATION('',(#5297),#5301);
#5297 = LINE('',#5298,#5299);
#5298 = CARTESIAN_POINT('',(1.13054190546,-0.205));
#5299 = VECTOR('',#5300,1.);
#5300 = DIRECTION('',(0.,1.));
#5301 = ( GEOMETRIC_REPRESENTATION_CONTEXT(2) 
PARAMETRIC_REPRESENTATION_CONTEXT() REPRESENTATION_CONTEXT('2D SPACE',''
  ) );
#5302 = ORIENTED_EDGE('',*,*,#5303,.T.);
#5303 = EDGE_CURVE('',#5281,#5304,#5306,.T.);
#5304 = VERTEX_POINT('',#5305);
#5305 = CARTESIAN_POINT('',(-3.4,-3.38,1.075));
#5306 = SURFACE_CURVE('',#5307,(#5311,#5318),.PCURVE_S1.);
#5307 = LINE('',#5308,#5309);
#5308 = CARTESIAN_POINT('',(-3.95,-3.38,1.075));
#5309 = VECTOR('',#5310,1.);
#5310 = DIRECTION('',(1.,0.,0.));
#5311 = PCURVE('',#5244,#5312);
#5312 = DEFINITIONAL_REPRESENTATION('',(#5313),#5317);
#5313 = LINE('',#5314,#5315);
#5314 = CARTESIAN_POINT('',(0.,-0.205));
#5315 = VECTOR('',#5316,1.);
#5316 = DIRECTION('',(1.,0.));
#5317 = ( GEOMETRIC_REPRESENTATION_CONTEXT(2) 
PARAMETRIC_REPRESENTATION_CONTEXT() REPRESENTATION_CONTEXT('2D SPACE',''
  ) );
#5318 = PCURVE('',#5023,#5319);
#5319 = DEFINITIONAL_REPRESENTATION('',(#5320),#5324);
#5320 = LINE('',#5321,#5322);
#5321 = CARTESIAN_POINT('',(-0.441496146342,0.303946318775));
#5322 = VECTOR('',#5323,1.);
#5323 = DIRECTION('',(0.,1.));
#5324 = ( GEOMETRIC_REPRESENTATION_CONTEXT(2) 
PARAMETRIC_REPRESENTATION_CONTEXT() REPRESENTATION_CONTEXT('2D SPACE',''
  ) );
#5325 = ORIENTED_EDGE('',*,*,#5326,.T.);
#5326 = EDGE_CURVE('',#5304,#5229,#5327,.T.);
#5327 = SURFACE_CURVE('',#5328,(#5332,#5339),.PCURVE_S1.);
#5328 = LINE('',#5329,#5330);
#5329 = CARTESIAN_POINT('',(-3.4,-3.38,1.075));
#5330 = VECTOR('',#5331,1.);
#5331 = DIRECTION('',(0.,1.,0.));
#5332 = PCURVE('',#5244,#5333);
#5333 = DEFINITIONAL_REPRESENTATION('',(#5334),#5338);
#5334 = LINE('',#5335,#5336);
#5335 = CARTESIAN_POINT('',(0.55,-0.205));
#5336 = VECTOR('',#5337,1.);
#5337 = DIRECTION('',(0.,1.));
#5338 = ( GEOMETRIC_REPRESENTATION_CONTEXT(2) 
PARAMETRIC_REPRESENTATION_CONTEXT() REPRESENTATION_CONTEXT('2D SPACE',''
  ) );
#5339 = PCURVE('',#4995,#5340);
#5340 = DEFINITIONAL_REPRESENTATION('',(#5341),#5345);
#5341 = LINE('',#5342,#5343);
#5342 = CARTESIAN_POINT('',(0.,-0.205));
#5343 = VECTOR('',#5344,1.);
#5344 = DIRECTION('',(0.,1.));
#5345 = ( GEOMETRIC_REPRESENTATION_CONTEXT(2) 
PARAMETRIC_REPRESENTATION_CONTEXT() REPRESENTATION_CONTEXT('2D SPACE',''
  ) );
#5346 = ORIENTED_EDGE('',*,*,#5228,.F.);
#5347 = ADVANCED_FACE('',(#5348),#5216,.F.);
#5348 = FACE_BOUND('',#5349,.F.);
#5349 = EDGE_LOOP('',(#5350,#5373,#5374,#5375));
#5350 = ORIENTED_EDGE('',*,*,#5351,.T.);
#5351 = EDGE_CURVE('',#5352,#5281,#5354,.T.);
#5352 = VERTEX_POINT('',#5353);
#5353 = CARTESIAN_POINT('',(-4.3,-3.38,0.));
#5354 = SURFACE_CURVE('',#5355,(#5359,#5366),.PCURVE_S1.);
#5355 = LINE('',#5356,#5357);
#5356 = CARTESIAN_POINT('',(-4.3,-3.38,0.));
#5357 = VECTOR('',#5358,1.);
#5358 = DIRECTION('',(0.309586047461,0.,0.950871431487));
#5359 = PCURVE('',#5216,#5360);
#5360 = DEFINITIONAL_REPRESENTATION('',(#5361),#5365);
#5361 = LINE('',#5362,#5363);
#5362 = CARTESIAN_POINT('',(0.,-0.205));
#5363 = VECTOR('',#5364,1.);
#5364 = DIRECTION('',(1.,0.));
#5365 = ( GEOMETRIC_REPRESENTATION_CONTEXT(2) 
PARAMETRIC_REPRESENTATION_CONTEXT() REPRESENTATION_CONTEXT('2D SPACE',''
  ) );
#5366 = PCURVE('',#5023,#5367);
#5367 = DEFINITIONAL_REPRESENTATION('',(#5368),#5372);
#5368 = LINE('',#5369,#5370);
#5369 = CARTESIAN_POINT('',(0.633503853658,-4.6053681225E-02));
#5370 = VECTOR('',#5371,1.);
#5371 = DIRECTION('',(-0.950871431487,0.309586047461));
#5372 = ( GEOMETRIC_REPRESENTATION_CONTEXT(2) 
PARAMETRIC_REPRESENTATION_CONTEXT() REPRESENTATION_CONTEXT('2D SPACE',''
  ) );
#5373 = ORIENTED_EDGE('',*,*,#5280,.T.);
#5374 = ORIENTED_EDGE('',*,*,#5200,.F.);
#5375 = ORIENTED_EDGE('',*,*,#5376,.T.);
#5376 = EDGE_CURVE('',#5173,#5352,#5377,.T.);
#5377 = SURFACE_CURVE('',#5378,(#5382,#5389),.PCURVE_S1.);
#5378 = LINE('',#5379,#5380);
#5379 = CARTESIAN_POINT('',(-4.3,-2.97,0.));
#5380 = VECTOR('',#5381,1.);
#5381 = DIRECTION('',(0.,-1.,0.));
#5382 = PCURVE('',#5216,#5383);
#5383 = DEFINITIONAL_REPRESENTATION('',(#5384),#5388);
#5384 = LINE('',#5385,#5386);
#5385 = CARTESIAN_POINT('',(0.,0.205));
#5386 = VECTOR('',#5387,1.);
#5387 = DIRECTION('',(0.,-1.));
#5388 = ( GEOMETRIC_REPRESENTATION_CONTEXT(2) 
PARAMETRIC_REPRESENTATION_CONTEXT() REPRESENTATION_CONTEXT('2D SPACE',''
  ) );
#5389 = PCURVE('',#5188,#5390);
#5390 = DEFINITIONAL_REPRESENTATION('',(#5391),#5395);
#5391 = LINE('',#5392,#5393);
#5392 = CARTESIAN_POINT('',(0.85,0.205));
#5393 = VECTOR('',#5394,1.);
#5394 = DIRECTION('',(0.,-1.));
#5395 = ( GEOMETRIC_REPRESENTATION_CONTEXT(2) 
PARAMETRIC_REPRESENTATION_CONTEXT() REPRESENTATION_CONTEXT('2D SPACE',''
  ) );
#5396 = ADVANCED_FACE('',(#5397),#5188,.F.);
#5397 = FACE_BOUND('',#5398,.F.);
#5398 = EDGE_LOOP('',(#5399,#5422,#5423,#5424));
#5399 = ORIENTED_EDGE('',*,*,#5400,.T.);
#5400 = EDGE_CURVE('',#5401,#5352,#5403,.T.);
#5401 = VERTEX_POINT('',#5402);
#5402 = CARTESIAN_POINT('',(-5.15,-3.38,0.));
#5403 = SURFACE_CURVE('',#5404,(#5408,#5415),.PCURVE_S1.);
#5404 = LINE('',#5405,#5406);
#5405 = CARTESIAN_POINT('',(-5.15,-3.38,0.));
#5406 = VECTOR('',#5407,1.);
#5407 = DIRECTION('',(1.,0.,0.));
#5408 = PCURVE('',#5188,#5409);
#5409 = DEFINITIONAL_REPRESENTATION('',(#5410),#5414);
#5410 = LINE('',#5411,#5412);
#5411 = CARTESIAN_POINT('',(0.,-0.205));
#5412 = VECTOR('',#5413,1.);
#5413 = DIRECTION('',(1.,0.));
#5414 = ( GEOMETRIC_REPRESENTATION_CONTEXT(2) 
PARAMETRIC_REPRESENTATION_CONTEXT() REPRESENTATION_CONTEXT('2D SPACE',''
  ) );
#5415 = PCURVE('',#5023,#5416);
#5416 = DEFINITIONAL_REPRESENTATION('',(#5417),#5421);
#5417 = LINE('',#5418,#5419);
#5418 = CARTESIAN_POINT('',(0.633503853658,-0.896053681225));
#5419 = VECTOR('',#5420,1.);
#5420 = DIRECTION('',(0.,1.));
#5421 = ( GEOMETRIC_REPRESENTATION_CONTEXT(2) 
PARAMETRIC_REPRESENTATION_CONTEXT() REPRESENTATION_CONTEXT('2D SPACE',''
  ) );
#5422 = ORIENTED_EDGE('',*,*,#5376,.F.);
#5423 = ORIENTED_EDGE('',*,*,#5172,.F.);
#5424 = ORIENTED_EDGE('',*,*,#5425,.T.);
#5425 = EDGE_CURVE('',#5145,#5401,#5426,.T.);
#5426 = SURFACE_CURVE('',#5427,(#5431,#5438),.PCURVE_S1.);
#5427 = LINE('',#5428,#5429);
#5428 = CARTESIAN_POINT('',(-5.15,-2.97,0.));
#5429 = VECTOR('',#5430,1.);
#5430 = DIRECTION('',(0.,-1.,0.));
#5431 = PCURVE('',#5188,#5432);
#5432 = DEFINITIONAL_REPRESENTATION('',(#5433),#5437);
#5433 = LINE('',#5434,#5435);
#5434 = CARTESIAN_POINT('',(0.,0.205));
#5435 = VECTOR('',#5436,1.);
#5436 = DIRECTION('',(0.,-1.));
#5437 = ( GEOMETRIC_REPRESENTATION_CONTEXT(2) 
PARAMETRIC_REPRESENTATION_CONTEXT() REPRESENTATION_CONTEXT('2D SPACE',''
  ) );
#5438 = PCURVE('',#5160,#5439);
#5439 = DEFINITIONAL_REPRESENTATION('',(#5440),#5444);
#5440 = LINE('',#5441,#5442);
#5441 = CARTESIAN_POINT('',(0.25,0.205));
#5442 = VECTOR('',#5443,1.);
#5443 = DIRECTION('',(0.,-1.));
#5444 = ( GEOMETRIC_REPRESENTATION_CONTEXT(2) 
PARAMETRIC_REPRESENTATION_CONTEXT() REPRESENTATION_CONTEXT('2D SPACE',''
  ) );
#5445 = ADVANCED_FACE('',(#5446),#5160,.F.);
#5446 = FACE_BOUND('',#5447,.F.);
#5447 = EDGE_LOOP('',(#5448,#5471,#5472,#5473));
#5448 = ORIENTED_EDGE('',*,*,#5449,.T.);
#5449 = EDGE_CURVE('',#5450,#5401,#5452,.T.);
#5450 = VERTEX_POINT('',#5451);
#5451 = CARTESIAN_POINT('',(-5.15,-3.38,0.25));
#5452 = SURFACE_CURVE('',#5453,(#5457,#5464),.PCURVE_S1.);
#5453 = LINE('',#5454,#5455);
#5454 = CARTESIAN_POINT('',(-5.15,-3.38,0.25));
#5455 = VECTOR('',#5456,1.);
#5456 = DIRECTION('',(0.,0.,-1.));
#5457 = PCURVE('',#5160,#5458);
#5458 = DEFINITIONAL_REPRESENTATION('',(#5459),#5463);
#5459 = LINE('',#5460,#5461);
#5460 = CARTESIAN_POINT('',(0.,-0.205));
#5461 = VECTOR('',#5462,1.);
#5462 = DIRECTION('',(1.,0.));
#5463 = ( GEOMETRIC_REPRESENTATION_CONTEXT(2) 
PARAMETRIC_REPRESENTATION_CONTEXT() REPRESENTATION_CONTEXT('2D SPACE',''
  ) );
#5464 = PCURVE('',#5023,#5465);
#5465 = DEFINITIONAL_REPRESENTATION('',(#5466),#5470);
#5466 = LINE('',#5467,#5468);
#5467 = CARTESIAN_POINT('',(0.383503853658,-0.896053681225));
#5468 = VECTOR('',#5469,1.);
#5469 = DIRECTION('',(1.,0.));
#5470 = ( GEOMETRIC_REPRESENTATION_CONTEXT(2) 
PARAMETRIC_REPRESENTATION_CONTEXT() REPRESENTATION_CONTEXT('2D SPACE',''
  ) );
#5471 = ORIENTED_EDGE('',*,*,#5425,.F.);
#5472 = ORIENTED_EDGE('',*,*,#5144,.F.);
#5473 = ORIENTED_EDGE('',*,*,#5474,.T.);
#5474 = EDGE_CURVE('',#5117,#5450,#5475,.T.);
#5475 = SURFACE_CURVE('',#5476,(#5480,#5487),.PCURVE_S1.);
#5476 = LINE('',#5477,#5478);
#5477 = CARTESIAN_POINT('',(-5.15,-2.97,0.25));
#5478 = VECTOR('',#5479,1.);
#5479 = DIRECTION('',(0.,-1.,0.));
#5480 = PCURVE('',#5160,#5481);
#5481 = DEFINITIONAL_REPRESENTATION('',(#5482),#5486);
#5482 = LINE('',#5483,#5484);
#5483 = CARTESIAN_POINT('',(0.,0.205));
#5484 = VECTOR('',#5485,1.);
#5485 = DIRECTION('',(0.,-1.));
#5486 = ( GEOMETRIC_REPRESENTATION_CONTEXT(2) 
PARAMETRIC_REPRESENTATION_CONTEXT() REPRESENTATION_CONTEXT('2D SPACE',''
  ) );
#5487 = PCURVE('',#5132,#5488);
#5488 = DEFINITIONAL_REPRESENTATION('',(#5489),#5493);
#5489 = LINE('',#5490,#5491);
#5490 = CARTESIAN_POINT('',(0.7,0.205));
#5491 = VECTOR('',#5492,1.);
#5492 = DIRECTION('',(0.,-1.));
#5493 = ( GEOMETRIC_REPRESENTATION_CONTEXT(2) 
PARAMETRIC_REPRESENTATION_CONTEXT() REPRESENTATION_CONTEXT('2D SPACE',''
  ) );
#5494 = ADVANCED_FACE('',(#5495),#5132,.F.);
#5495 = FACE_BOUND('',#5496,.F.);
#5496 = EDGE_LOOP('',(#5497,#5520,#5521,#5522));
#5497 = ORIENTED_EDGE('',*,*,#5498,.T.);
#5498 = EDGE_CURVE('',#5499,#5450,#5501,.T.);
#5499 = VERTEX_POINT('',#5500);
#5500 = CARTESIAN_POINT('',(-4.45,-3.38,0.25));
#5501 = SURFACE_CURVE('',#5502,(#5506,#5513),.PCURVE_S1.);
#5502 = LINE('',#5503,#5504);
#5503 = CARTESIAN_POINT('',(-4.45,-3.38,0.25));
#5504 = VECTOR('',#5505,1.);
#5505 = DIRECTION('',(-1.,0.,0.));
#5506 = PCURVE('',#5132,#5507);
#5507 = DEFINITIONAL_REPRESENTATION('',(#5508),#5512);
#5508 = LINE('',#5509,#5510);
#5509 = CARTESIAN_POINT('',(0.,-0.205));
#5510 = VECTOR('',#5511,1.);
#5511 = DIRECTION('',(1.,0.));
#5512 = ( GEOMETRIC_REPRESENTATION_CONTEXT(2) 
PARAMETRIC_REPRESENTATION_CONTEXT() REPRESENTATION_CONTEXT('2D SPACE',''
  ) );
#5513 = PCURVE('',#5023,#5514);
#5514 = DEFINITIONAL_REPRESENTATION('',(#5515),#5519);
#5515 = LINE('',#5516,#5517);
#5516 = CARTESIAN_POINT('',(0.383503853658,-0.196053681225));
#5517 = VECTOR('',#5518,1.);
#5518 = DIRECTION('',(0.,-1.));
#5519 = ( GEOMETRIC_REPRESENTATION_CONTEXT(2) 
PARAMETRIC_REPRESENTATION_CONTEXT() REPRESENTATION_CONTEXT('2D SPACE',''
  ) );
#5520 = ORIENTED_EDGE('',*,*,#5474,.F.);
#5521 = ORIENTED_EDGE('',*,*,#5116,.F.);
#5522 = ORIENTED_EDGE('',*,*,#5523,.T.);
#5523 = EDGE_CURVE('',#5094,#5499,#5524,.T.);
#5524 = SURFACE_CURVE('',#5525,(#5529,#5536),.PCURVE_S1.);
#5525 = LINE('',#5526,#5527);
#5526 = CARTESIAN_POINT('',(-4.45,-2.97,0.25));
#5527 = VECTOR('',#5528,1.);
#5528 = DIRECTION('',(0.,-1.,0.));
#5529 = PCURVE('',#5132,#5530);
#5530 = DEFINITIONAL_REPRESENTATION('',(#5531),#5535);
#5531 = LINE('',#5532,#5533);
#5532 = CARTESIAN_POINT('',(0.,0.205));
#5533 = VECTOR('',#5534,1.);
#5534 = DIRECTION('',(0.,-1.));
#5535 = ( GEOMETRIC_REPRESENTATION_CONTEXT(2) 
PARAMETRIC_REPRESENTATION_CONTEXT() REPRESENTATION_CONTEXT('2D SPACE',''
  ) );
#5536 = PCURVE('',#5051,#5537);
#5537 = DEFINITIONAL_REPRESENTATION('',(#5538),#5542);
#5538 = LINE('',#5539,#5540);
#5539 = CARTESIAN_POINT('',(1.13054190546,0.205));
#5540 = VECTOR('',#5541,1.);
#5541 = DIRECTION('',(-0.,-1.));
#5542 = ( GEOMETRIC_REPRESENTATION_CONTEXT(2) 
PARAMETRIC_REPRESENTATION_CONTEXT() REPRESENTATION_CONTEXT('2D SPACE',''
  ) );
#5543 = ADVANCED_FACE('',(#5544),#5051,.F.);
#5544 = FACE_BOUND('',#5545,.F.);
#5545 = EDGE_LOOP('',(#5546,#5567,#5568,#5569));
#5546 = ORIENTED_EDGE('',*,*,#5547,.T.);
#5547 = EDGE_CURVE('',#5008,#5499,#5548,.T.);
#5548 = SURFACE_CURVE('',#5549,(#5553,#5560),.PCURVE_S1.);
#5549 = LINE('',#5550,#5551);
#5550 = CARTESIAN_POINT('',(-4.1,-3.38,1.325));
#5551 = VECTOR('',#5552,1.);
#5552 = DIRECTION('',(-0.309586047461,0.,-0.950871431487));
#5553 = PCURVE('',#5051,#5554);
#5554 = DEFINITIONAL_REPRESENTATION('',(#5555),#5559);
#5555 = LINE('',#5556,#5557);
#5556 = CARTESIAN_POINT('',(-0.,-0.205));
#5557 = VECTOR('',#5558,1.);
#5558 = DIRECTION('',(1.,0.));
#5559 = ( GEOMETRIC_REPRESENTATION_CONTEXT(2) 
PARAMETRIC_REPRESENTATION_CONTEXT() REPRESENTATION_CONTEXT('2D SPACE',''
  ) );
#5560 = PCURVE('',#5023,#5561);
#5561 = DEFINITIONAL_REPRESENTATION('',(#5562),#5566);
#5562 = LINE('',#5563,#5564);
#5563 = CARTESIAN_POINT('',(-0.691496146342,0.153946318775));
#5564 = VECTOR('',#5565,1.);
#5565 = DIRECTION('',(0.950871431487,-0.309586047461));
#5566 = ( GEOMETRIC_REPRESENTATION_CONTEXT(2) 
PARAMETRIC_REPRESENTATION_CONTEXT() REPRESENTATION_CONTEXT('2D SPACE',''
  ) );
#5567 = ORIENTED_EDGE('',*,*,#5523,.F.);
#5568 = ORIENTED_EDGE('',*,*,#5093,.F.);
#5569 = ORIENTED_EDGE('',*,*,#5035,.T.);
#5570 = ADVANCED_FACE('',(#5571),#5023,.T.);
#5571 = FACE_BOUND('',#5572,.T.);
#5572 = EDGE_LOOP('',(#5573,#5574,#5575,#5576,#5577,#5578,#5579,#5580));
#5573 = ORIENTED_EDGE('',*,*,#5007,.T.);
#5574 = ORIENTED_EDGE('',*,*,#5547,.T.);
#5575 = ORIENTED_EDGE('',*,*,#5498,.T.);
#5576 = ORIENTED_EDGE('',*,*,#5449,.T.);
#5577 = ORIENTED_EDGE('',*,*,#5400,.T.);
#5578 = ORIENTED_EDGE('',*,*,#5351,.T.);
#5579 = ORIENTED_EDGE('',*,*,#5303,.T.);
#5580 = ORIENTED_EDGE('',*,*,#5581,.T.);
#5581 = EDGE_CURVE('',#5304,#4973,#5582,.T.);
#5582 = SURFACE_CURVE('',#5583,(#5587,#5594),.PCURVE_S1.);
#5583 = LINE('',#5584,#5585);
#5584 = CARTESIAN_POINT('',(-3.4,-3.38,1.075));
#5585 = VECTOR('',#5586,1.);
#5586 = DIRECTION('',(0.,0.,1.));
#5587 = PCURVE('',#5023,#5588);
#5588 = DEFINITIONAL_REPRESENTATION('',(#5589),#5593);
#5589 = LINE('',#5590,#5591);
#5590 = CARTESIAN_POINT('',(-0.441496146342,0.853946318775));
#5591 = VECTOR('',#5592,1.);
#5592 = DIRECTION('',(-1.,0.));
#5593 = ( GEOMETRIC_REPRESENTATION_CONTEXT(2) 
PARAMETRIC_REPRESENTATION_CONTEXT() REPRESENTATION_CONTEXT('2D SPACE',''
  ) );
#5594 = PCURVE('',#4995,#5595);
#5595 = DEFINITIONAL_REPRESENTATION('',(#5596),#5600);
#5596 = LINE('',#5597,#5598);
#5597 = CARTESIAN_POINT('',(0.,-0.205));
#5598 = VECTOR('',#5599,1.);
#5599 = DIRECTION('',(1.,0.));
#5600 = ( GEOMETRIC_REPRESENTATION_CONTEXT(2) 
PARAMETRIC_REPRESENTATION_CONTEXT() REPRESENTATION_CONTEXT('2D SPACE',''
  ) );
#5601 = ADVANCED_FACE('',(#5602),#4995,.F.);
#5602 = FACE_BOUND('',#5603,.F.);
#5603 = EDGE_LOOP('',(#5604,#5605,#5606,#5607));
#5604 = ORIENTED_EDGE('',*,*,#5326,.F.);
#5605 = ORIENTED_EDGE('',*,*,#5581,.T.);
#5606 = ORIENTED_EDGE('',*,*,#4972,.T.);
#5607 = ORIENTED_EDGE('',*,*,#5256,.F.);
#5608 = MANIFOLD_SOLID_BREP('',#5609);
#5609 = CLOSED_SHELL('',(#5610,#5730,#5918,#5989,#6038,#6087,#6136,#6185
    ,#6212,#6243));
#5610 = ADVANCED_FACE('',(#5611),#5625,.F.);
#5611 = FACE_BOUND('',#5612,.F.);
#5612 = EDGE_LOOP('',(#5613,#5648,#5676,#5704));
#5613 = ORIENTED_EDGE('',*,*,#5614,.F.);
#5614 = EDGE_CURVE('',#5615,#5617,#5619,.T.);
#5615 = VERTEX_POINT('',#5616);
#5616 = CARTESIAN_POINT('',(-3.4,-4.65,1.325));
#5617 = VERTEX_POINT('',#5618);
#5618 = CARTESIAN_POINT('',(-3.4,-4.24,1.325));
#5619 = SURFACE_CURVE('',#5620,(#5624,#5636),.PCURVE_S1.);
#5620 = LINE('',#5621,#5622);
#5621 = CARTESIAN_POINT('',(-3.4,-4.65,1.325));
#5622 = VECTOR('',#5623,1.);
#5623 = DIRECTION('',(0.,1.,0.));
#5624 = PCURVE('',#5625,#5630);
#5625 = PLANE('',#5626);
#5626 = AXIS2_PLACEMENT_3D('',#5627,#5628,#5629);
#5627 = CARTESIAN_POINT('',(-3.4,-4.445,1.325));
#5628 = DIRECTION('',(-0.,-0.,-1.));
#5629 = DIRECTION('',(-1.,0.,0.));
#5630 = DEFINITIONAL_REPRESENTATION('',(#5631),#5635);
#5631 = LINE('',#5632,#5633);
#5632 = CARTESIAN_POINT('',(0.,-0.205));
#5633 = VECTOR('',#5634,1.);
#5634 = DIRECTION('',(0.,1.));
#5635 = ( GEOMETRIC_REPRESENTATION_CONTEXT(2) 
PARAMETRIC_REPRESENTATION_CONTEXT() REPRESENTATION_CONTEXT('2D SPACE',''
  ) );
#5636 = PCURVE('',#5637,#5642);
#5637 = PLANE('',#5638);
#5638 = AXIS2_PLACEMENT_3D('',#5639,#5640,#5641);
#5639 = CARTESIAN_POINT('',(-3.4,-4.445,1.075));
#5640 = DIRECTION('',(-1.,0.,0.));
#5641 = DIRECTION('',(0.,0.,1.));
#5642 = DEFINITIONAL_REPRESENTATION('',(#5643),#5647);
#5643 = LINE('',#5644,#5645);
#5644 = CARTESIAN_POINT('',(0.25,-0.205));
#5645 = VECTOR('',#5646,1.);
#5646 = DIRECTION('',(0.,1.));
#5647 = ( GEOMETRIC_REPRESENTATION_CONTEXT(2) 
PARAMETRIC_REPRESENTATION_CONTEXT() REPRESENTATION_CONTEXT('2D SPACE',''
  ) );
#5648 = ORIENTED_EDGE('',*,*,#5649,.T.);
#5649 = EDGE_CURVE('',#5615,#5650,#5652,.T.);
#5650 = VERTEX_POINT('',#5651);
#5651 = CARTESIAN_POINT('',(-4.1,-4.65,1.325));
#5652 = SURFACE_CURVE('',#5653,(#5657,#5664),.PCURVE_S1.);
#5653 = LINE('',#5654,#5655);
#5654 = CARTESIAN_POINT('',(-3.4,-4.65,1.325));
#5655 = VECTOR('',#5656,1.);
#5656 = DIRECTION('',(-1.,0.,0.));
#5657 = PCURVE('',#5625,#5658);
#5658 = DEFINITIONAL_REPRESENTATION('',(#5659),#5663);
#5659 = LINE('',#5660,#5661);
#5660 = CARTESIAN_POINT('',(0.,-0.205));
#5661 = VECTOR('',#5662,1.);
#5662 = DIRECTION('',(1.,0.));
#5663 = ( GEOMETRIC_REPRESENTATION_CONTEXT(2) 
PARAMETRIC_REPRESENTATION_CONTEXT() REPRESENTATION_CONTEXT('2D SPACE',''
  ) );
#5664 = PCURVE('',#5665,#5670);
#5665 = PLANE('',#5666);
#5666 = AXIS2_PLACEMENT_3D('',#5667,#5668,#5669);
#5667 = CARTESIAN_POINT('',(-4.253946318775,-4.65,0.633503853658));
#5668 = DIRECTION('',(-0.,-1.,-0.));
#5669 = DIRECTION('',(0.,0.,-1.));
#5670 = DEFINITIONAL_REPRESENTATION('',(#5671),#5675);
#5671 = LINE('',#5672,#5673);
#5672 = CARTESIAN_POINT('',(-0.691496146342,0.853946318775));
#5673 = VECTOR('',#5674,1.);
#5674 = DIRECTION('',(0.,-1.));
#5675 = ( GEOMETRIC_REPRESENTATION_CONTEXT(2) 
PARAMETRIC_REPRESENTATION_CONTEXT() REPRESENTATION_CONTEXT('2D SPACE',''
  ) );
#5676 = ORIENTED_EDGE('',*,*,#5677,.F.);
#5677 = EDGE_CURVE('',#5678,#5650,#5680,.T.);
#5678 = VERTEX_POINT('',#5679);
#5679 = CARTESIAN_POINT('',(-4.1,-4.24,1.325));
#5680 = SURFACE_CURVE('',#5681,(#5685,#5692),.PCURVE_S1.);
#5681 = LINE('',#5682,#5683);
#5682 = CARTESIAN_POINT('',(-4.1,-4.24,1.325));
#5683 = VECTOR('',#5684,1.);
#5684 = DIRECTION('',(0.,-1.,0.));
#5685 = PCURVE('',#5625,#5686);
#5686 = DEFINITIONAL_REPRESENTATION('',(#5687),#5691);
#5687 = LINE('',#5688,#5689);
#5688 = CARTESIAN_POINT('',(0.7,0.205));
#5689 = VECTOR('',#5690,1.);
#5690 = DIRECTION('',(0.,-1.));
#5691 = ( GEOMETRIC_REPRESENTATION_CONTEXT(2) 
PARAMETRIC_REPRESENTATION_CONTEXT() REPRESENTATION_CONTEXT('2D SPACE',''
  ) );
#5692 = PCURVE('',#5693,#5698);
#5693 = PLANE('',#5694);
#5694 = AXIS2_PLACEMENT_3D('',#5695,#5696,#5697);
#5695 = CARTESIAN_POINT('',(-4.1,-4.445,1.325));
#5696 = DIRECTION('',(0.950871431487,0.,-0.309586047461));
#5697 = DIRECTION('',(-0.309586047461,0.,-0.950871431487));
#5698 = DEFINITIONAL_REPRESENTATION('',(#5699),#5703);
#5699 = LINE('',#5700,#5701);
#5700 = CARTESIAN_POINT('',(0.,0.205));
#5701 = VECTOR('',#5702,1.);
#5702 = DIRECTION('',(-0.,-1.));
#5703 = ( GEOMETRIC_REPRESENTATION_CONTEXT(2) 
PARAMETRIC_REPRESENTATION_CONTEXT() REPRESENTATION_CONTEXT('2D SPACE',''
  ) );
#5704 = ORIENTED_EDGE('',*,*,#5705,.F.);
#5705 = EDGE_CURVE('',#5617,#5678,#5706,.T.);
#5706 = SURFACE_CURVE('',#5707,(#5711,#5718),.PCURVE_S1.);
#5707 = LINE('',#5708,#5709);
#5708 = CARTESIAN_POINT('',(-3.4,-4.24,1.325));
#5709 = VECTOR('',#5710,1.);
#5710 = DIRECTION('',(-1.,0.,0.));
#5711 = PCURVE('',#5625,#5712);
#5712 = DEFINITIONAL_REPRESENTATION('',(#5713),#5717);
#5713 = LINE('',#5714,#5715);
#5714 = CARTESIAN_POINT('',(0.,0.205));
#5715 = VECTOR('',#5716,1.);
#5716 = DIRECTION('',(1.,0.));
#5717 = ( GEOMETRIC_REPRESENTATION_CONTEXT(2) 
PARAMETRIC_REPRESENTATION_CONTEXT() REPRESENTATION_CONTEXT('2D SPACE',''
  ) );
#5718 = PCURVE('',#5719,#5724);
#5719 = PLANE('',#5720);
#5720 = AXIS2_PLACEMENT_3D('',#5721,#5722,#5723);
#5721 = CARTESIAN_POINT('',(-4.253946318775,-4.24,0.633503853658));
#5722 = DIRECTION('',(-0.,-1.,-0.));
#5723 = DIRECTION('',(0.,0.,-1.));
#5724 = DEFINITIONAL_REPRESENTATION('',(#5725),#5729);
#5725 = LINE('',#5726,#5727);
#5726 = CARTESIAN_POINT('',(-0.691496146342,0.853946318775));
#5727 = VECTOR('',#5728,1.);
#5728 = DIRECTION('',(0.,-1.));
#5729 = ( GEOMETRIC_REPRESENTATION_CONTEXT(2) 
PARAMETRIC_REPRESENTATION_CONTEXT() REPRESENTATION_CONTEXT('2D SPACE',''
  ) );
#5730 = ADVANCED_FACE('',(#5731),#5719,.F.);
#5731 = FACE_BOUND('',#5732,.F.);
#5732 = EDGE_LOOP('',(#5733,#5734,#5757,#5785,#5813,#5841,#5869,#5897));
#5733 = ORIENTED_EDGE('',*,*,#5705,.T.);
#5734 = ORIENTED_EDGE('',*,*,#5735,.T.);
#5735 = EDGE_CURVE('',#5678,#5736,#5738,.T.);
#5736 = VERTEX_POINT('',#5737);
#5737 = CARTESIAN_POINT('',(-4.45,-4.24,0.25));
#5738 = SURFACE_CURVE('',#5739,(#5743,#5750),.PCURVE_S1.);
#5739 = LINE('',#5740,#5741);
#5740 = CARTESIAN_POINT('',(-4.1,-4.24,1.325));
#5741 = VECTOR('',#5742,1.);
#5742 = DIRECTION('',(-0.309586047461,0.,-0.950871431487));
#5743 = PCURVE('',#5719,#5744);
#5744 = DEFINITIONAL_REPRESENTATION('',(#5745),#5749);
#5745 = LINE('',#5746,#5747);
#5746 = CARTESIAN_POINT('',(-0.691496146342,0.153946318775));
#5747 = VECTOR('',#5748,1.);
#5748 = DIRECTION('',(0.950871431487,-0.309586047461));
#5749 = ( GEOMETRIC_REPRESENTATION_CONTEXT(2) 
PARAMETRIC_REPRESENTATION_CONTEXT() REPRESENTATION_CONTEXT('2D SPACE',''
  ) );
#5750 = PCURVE('',#5693,#5751);
#5751 = DEFINITIONAL_REPRESENTATION('',(#5752),#5756);
#5752 = LINE('',#5753,#5754);
#5753 = CARTESIAN_POINT('',(0.,0.205));
#5754 = VECTOR('',#5755,1.);
#5755 = DIRECTION('',(1.,0.));
#5756 = ( GEOMETRIC_REPRESENTATION_CONTEXT(2) 
PARAMETRIC_REPRESENTATION_CONTEXT() REPRESENTATION_CONTEXT('2D SPACE',''
  ) );
#5757 = ORIENTED_EDGE('',*,*,#5758,.T.);
#5758 = EDGE_CURVE('',#5736,#5759,#5761,.T.);
#5759 = VERTEX_POINT('',#5760);
#5760 = CARTESIAN_POINT('',(-5.15,-4.24,0.25));
#5761 = SURFACE_CURVE('',#5762,(#5766,#5773),.PCURVE_S1.);
#5762 = LINE('',#5763,#5764);
#5763 = CARTESIAN_POINT('',(-4.45,-4.24,0.25));
#5764 = VECTOR('',#5765,1.);
#5765 = DIRECTION('',(-1.,0.,0.));
#5766 = PCURVE('',#5719,#5767);
#5767 = DEFINITIONAL_REPRESENTATION('',(#5768),#5772);
#5768 = LINE('',#5769,#5770);
#5769 = CARTESIAN_POINT('',(0.383503853658,-0.196053681225));
#5770 = VECTOR('',#5771,1.);
#5771 = DIRECTION('',(0.,-1.));
#5772 = ( GEOMETRIC_REPRESENTATION_CONTEXT(2) 
PARAMETRIC_REPRESENTATION_CONTEXT() REPRESENTATION_CONTEXT('2D SPACE',''
  ) );
#5773 = PCURVE('',#5774,#5779);
#5774 = PLANE('',#5775);
#5775 = AXIS2_PLACEMENT_3D('',#5776,#5777,#5778);
#5776 = CARTESIAN_POINT('',(-4.45,-4.445,0.25));
#5777 = DIRECTION('',(-0.,-0.,-1.));
#5778 = DIRECTION('',(-1.,0.,0.));
#5779 = DEFINITIONAL_REPRESENTATION('',(#5780),#5784);
#5780 = LINE('',#5781,#5782);
#5781 = CARTESIAN_POINT('',(0.,0.205));
#5782 = VECTOR('',#5783,1.);
#5783 = DIRECTION('',(1.,0.));
#5784 = ( GEOMETRIC_REPRESENTATION_CONTEXT(2) 
PARAMETRIC_REPRESENTATION_CONTEXT() REPRESENTATION_CONTEXT('2D SPACE',''
  ) );
#5785 = ORIENTED_EDGE('',*,*,#5786,.T.);
#5786 = EDGE_CURVE('',#5759,#5787,#5789,.T.);
#5787 = VERTEX_POINT('',#5788);
#5788 = CARTESIAN_POINT('',(-5.15,-4.24,0.));
#5789 = SURFACE_CURVE('',#5790,(#5794,#5801),.PCURVE_S1.);
#5790 = LINE('',#5791,#5792);
#5791 = CARTESIAN_POINT('',(-5.15,-4.24,0.25));
#5792 = VECTOR('',#5793,1.);
#5793 = DIRECTION('',(0.,0.,-1.));
#5794 = PCURVE('',#5719,#5795);
#5795 = DEFINITIONAL_REPRESENTATION('',(#5796),#5800);
#5796 = LINE('',#5797,#5798);
#5797 = CARTESIAN_POINT('',(0.383503853658,-0.896053681225));
#5798 = VECTOR('',#5799,1.);
#5799 = DIRECTION('',(1.,0.));
#5800 = ( GEOMETRIC_REPRESENTATION_CONTEXT(2) 
PARAMETRIC_REPRESENTATION_CONTEXT() REPRESENTATION_CONTEXT('2D SPACE',''
  ) );
#5801 = PCURVE('',#5802,#5807);
#5802 = PLANE('',#5803);
#5803 = AXIS2_PLACEMENT_3D('',#5804,#5805,#5806);
#5804 = CARTESIAN_POINT('',(-5.15,-4.445,0.25));
#5805 = DIRECTION('',(1.,0.,0.));
#5806 = DIRECTION('',(0.,0.,-1.));
#5807 = DEFINITIONAL_REPRESENTATION('',(#5808),#5812);
#5808 = LINE('',#5809,#5810);
#5809 = CARTESIAN_POINT('',(0.,0.205));
#5810 = VECTOR('',#5811,1.);
#5811 = DIRECTION('',(1.,0.));
#5812 = ( GEOMETRIC_REPRESENTATION_CONTEXT(2) 
PARAMETRIC_REPRESENTATION_CONTEXT() REPRESENTATION_CONTEXT('2D SPACE',''
  ) );
#5813 = ORIENTED_EDGE('',*,*,#5814,.T.);
#5814 = EDGE_CURVE('',#5787,#5815,#5817,.T.);
#5815 = VERTEX_POINT('',#5816);
#5816 = CARTESIAN_POINT('',(-4.3,-4.24,0.));
#5817 = SURFACE_CURVE('',#5818,(#5822,#5829),.PCURVE_S1.);
#5818 = LINE('',#5819,#5820);
#5819 = CARTESIAN_POINT('',(-5.15,-4.24,0.));
#5820 = VECTOR('',#5821,1.);
#5821 = DIRECTION('',(1.,0.,0.));
#5822 = PCURVE('',#5719,#5823);
#5823 = DEFINITIONAL_REPRESENTATION('',(#5824),#5828);
#5824 = LINE('',#5825,#5826);
#5825 = CARTESIAN_POINT('',(0.633503853658,-0.896053681225));
#5826 = VECTOR('',#5827,1.);
#5827 = DIRECTION('',(0.,1.));
#5828 = ( GEOMETRIC_REPRESENTATION_CONTEXT(2) 
PARAMETRIC_REPRESENTATION_CONTEXT() REPRESENTATION_CONTEXT('2D SPACE',''
  ) );
#5829 = PCURVE('',#5830,#5835);
#5830 = PLANE('',#5831);
#5831 = AXIS2_PLACEMENT_3D('',#5832,#5833,#5834);
#5832 = CARTESIAN_POINT('',(-5.15,-4.445,0.));
#5833 = DIRECTION('',(-0.,0.,1.));
#5834 = DIRECTION('',(1.,0.,0.));
#5835 = DEFINITIONAL_REPRESENTATION('',(#5836),#5840);
#5836 = LINE('',#5837,#5838);
#5837 = CARTESIAN_POINT('',(0.,0.205));
#5838 = VECTOR('',#5839,1.);
#5839 = DIRECTION('',(1.,0.));
#5840 = ( GEOMETRIC_REPRESENTATION_CONTEXT(2) 
PARAMETRIC_REPRESENTATION_CONTEXT() REPRESENTATION_CONTEXT('2D SPACE',''
  ) );
#5841 = ORIENTED_EDGE('',*,*,#5842,.T.);
#5842 = EDGE_CURVE('',#5815,#5843,#5845,.T.);
#5843 = VERTEX_POINT('',#5844);
#5844 = CARTESIAN_POINT('',(-3.95,-4.24,1.075));
#5845 = SURFACE_CURVE('',#5846,(#5850,#5857),.PCURVE_S1.);
#5846 = LINE('',#5847,#5848);
#5847 = CARTESIAN_POINT('',(-4.3,-4.24,0.));
#5848 = VECTOR('',#5849,1.);
#5849 = DIRECTION('',(0.309586047461,0.,0.950871431487));
#5850 = PCURVE('',#5719,#5851);
#5851 = DEFINITIONAL_REPRESENTATION('',(#5852),#5856);
#5852 = LINE('',#5853,#5854);
#5853 = CARTESIAN_POINT('',(0.633503853658,-4.6053681225E-02));
#5854 = VECTOR('',#5855,1.);
#5855 = DIRECTION('',(-0.950871431487,0.309586047461));
#5856 = ( GEOMETRIC_REPRESENTATION_CONTEXT(2) 
PARAMETRIC_REPRESENTATION_CONTEXT() REPRESENTATION_CONTEXT('2D SPACE',''
  ) );
#5857 = PCURVE('',#5858,#5863);
#5858 = PLANE('',#5859);
#5859 = AXIS2_PLACEMENT_3D('',#5860,#5861,#5862);
#5860 = CARTESIAN_POINT('',(-4.3,-4.445,0.));
#5861 = DIRECTION('',(-0.950871431487,0.,0.309586047461));
#5862 = DIRECTION('',(0.309586047461,0.,0.950871431487));
#5863 = DEFINITIONAL_REPRESENTATION('',(#5864),#5868);
#5864 = LINE('',#5865,#5866);
#5865 = CARTESIAN_POINT('',(0.,0.205));
#5866 = VECTOR('',#5867,1.);
#5867 = DIRECTION('',(1.,0.));
#5868 = ( GEOMETRIC_REPRESENTATION_CONTEXT(2) 
PARAMETRIC_REPRESENTATION_CONTEXT() REPRESENTATION_CONTEXT('2D SPACE',''
  ) );
#5869 = ORIENTED_EDGE('',*,*,#5870,.T.);
#5870 = EDGE_CURVE('',#5843,#5871,#5873,.T.);
#5871 = VERTEX_POINT('',#5872);
#5872 = CARTESIAN_POINT('',(-3.4,-4.24,1.075));
#5873 = SURFACE_CURVE('',#5874,(#5878,#5885),.PCURVE_S1.);
#5874 = LINE('',#5875,#5876);
#5875 = CARTESIAN_POINT('',(-3.95,-4.24,1.075));
#5876 = VECTOR('',#5877,1.);
#5877 = DIRECTION('',(1.,0.,0.));
#5878 = PCURVE('',#5719,#5879);
#5879 = DEFINITIONAL_REPRESENTATION('',(#5880),#5884);
#5880 = LINE('',#5881,#5882);
#5881 = CARTESIAN_POINT('',(-0.441496146342,0.303946318775));
#5882 = VECTOR('',#5883,1.);
#5883 = DIRECTION('',(0.,1.));
#5884 = ( GEOMETRIC_REPRESENTATION_CONTEXT(2) 
PARAMETRIC_REPRESENTATION_CONTEXT() REPRESENTATION_CONTEXT('2D SPACE',''
  ) );
#5885 = PCURVE('',#5886,#5891);
#5886 = PLANE('',#5887);
#5887 = AXIS2_PLACEMENT_3D('',#5888,#5889,#5890);
#5888 = CARTESIAN_POINT('',(-3.95,-4.445,1.075));
#5889 = DIRECTION('',(-0.,0.,1.));
#5890 = DIRECTION('',(1.,0.,0.));
#5891 = DEFINITIONAL_REPRESENTATION('',(#5892),#5896);
#5892 = LINE('',#5893,#5894);
#5893 = CARTESIAN_POINT('',(0.,0.205));
#5894 = VECTOR('',#5895,1.);
#5895 = DIRECTION('',(1.,0.));
#5896 = ( GEOMETRIC_REPRESENTATION_CONTEXT(2) 
PARAMETRIC_REPRESENTATION_CONTEXT() REPRESENTATION_CONTEXT('2D SPACE',''
  ) );
#5897 = ORIENTED_EDGE('',*,*,#5898,.T.);
#5898 = EDGE_CURVE('',#5871,#5617,#5899,.T.);
#5899 = SURFACE_CURVE('',#5900,(#5904,#5911),.PCURVE_S1.);
#5900 = LINE('',#5901,#5902);
#5901 = CARTESIAN_POINT('',(-3.4,-4.24,1.075));
#5902 = VECTOR('',#5903,1.);
#5903 = DIRECTION('',(0.,0.,1.));
#5904 = PCURVE('',#5719,#5905);
#5905 = DEFINITIONAL_REPRESENTATION('',(#5906),#5910);
#5906 = LINE('',#5907,#5908);
#5907 = CARTESIAN_POINT('',(-0.441496146342,0.853946318775));
#5908 = VECTOR('',#5909,1.);
#5909 = DIRECTION('',(-1.,0.));
#5910 = ( GEOMETRIC_REPRESENTATION_CONTEXT(2) 
PARAMETRIC_REPRESENTATION_CONTEXT() REPRESENTATION_CONTEXT('2D SPACE',''
  ) );
#5911 = PCURVE('',#5637,#5912);
#5912 = DEFINITIONAL_REPRESENTATION('',(#5913),#5917);
#5913 = LINE('',#5914,#5915);
#5914 = CARTESIAN_POINT('',(0.,0.205));
#5915 = VECTOR('',#5916,1.);
#5916 = DIRECTION('',(1.,0.));
#5917 = ( GEOMETRIC_REPRESENTATION_CONTEXT(2) 
PARAMETRIC_REPRESENTATION_CONTEXT() REPRESENTATION_CONTEXT('2D SPACE',''
  ) );
#5918 = ADVANCED_FACE('',(#5919),#5886,.F.);
#5919 = FACE_BOUND('',#5920,.F.);
#5920 = EDGE_LOOP('',(#5921,#5944,#5967,#5988));
#5921 = ORIENTED_EDGE('',*,*,#5922,.F.);
#5922 = EDGE_CURVE('',#5923,#5843,#5925,.T.);
#5923 = VERTEX_POINT('',#5924);
#5924 = CARTESIAN_POINT('',(-3.95,-4.65,1.075));
#5925 = SURFACE_CURVE('',#5926,(#5930,#5937),.PCURVE_S1.);
#5926 = LINE('',#5927,#5928);
#5927 = CARTESIAN_POINT('',(-3.95,-4.65,1.075));
#5928 = VECTOR('',#5929,1.);
#5929 = DIRECTION('',(0.,1.,0.));
#5930 = PCURVE('',#5886,#5931);
#5931 = DEFINITIONAL_REPRESENTATION('',(#5932),#5936);
#5932 = LINE('',#5933,#5934);
#5933 = CARTESIAN_POINT('',(0.,-0.205));
#5934 = VECTOR('',#5935,1.);
#5935 = DIRECTION('',(0.,1.));
#5936 = ( GEOMETRIC_REPRESENTATION_CONTEXT(2) 
PARAMETRIC_REPRESENTATION_CONTEXT() REPRESENTATION_CONTEXT('2D SPACE',''
  ) );
#5937 = PCURVE('',#5858,#5938);
#5938 = DEFINITIONAL_REPRESENTATION('',(#5939),#5943);
#5939 = LINE('',#5940,#5941);
#5940 = CARTESIAN_POINT('',(1.13054190546,-0.205));
#5941 = VECTOR('',#5942,1.);
#5942 = DIRECTION('',(0.,1.));
#5943 = ( GEOMETRIC_REPRESENTATION_CONTEXT(2) 
PARAMETRIC_REPRESENTATION_CONTEXT() REPRESENTATION_CONTEXT('2D SPACE',''
  ) );
#5944 = ORIENTED_EDGE('',*,*,#5945,.T.);
#5945 = EDGE_CURVE('',#5923,#5946,#5948,.T.);
#5946 = VERTEX_POINT('',#5947);
#5947 = CARTESIAN_POINT('',(-3.4,-4.65,1.075));
#5948 = SURFACE_CURVE('',#5949,(#5953,#5960),.PCURVE_S1.);
#5949 = LINE('',#5950,#5951);
#5950 = CARTESIAN_POINT('',(-3.95,-4.65,1.075));
#5951 = VECTOR('',#5952,1.);
#5952 = DIRECTION('',(1.,0.,0.));
#5953 = PCURVE('',#5886,#5954);
#5954 = DEFINITIONAL_REPRESENTATION('',(#5955),#5959);
#5955 = LINE('',#5956,#5957);
#5956 = CARTESIAN_POINT('',(0.,-0.205));
#5957 = VECTOR('',#5958,1.);
#5958 = DIRECTION('',(1.,0.));
#5959 = ( GEOMETRIC_REPRESENTATION_CONTEXT(2) 
PARAMETRIC_REPRESENTATION_CONTEXT() REPRESENTATION_CONTEXT('2D SPACE',''
  ) );
#5960 = PCURVE('',#5665,#5961);
#5961 = DEFINITIONAL_REPRESENTATION('',(#5962),#5966);
#5962 = LINE('',#5963,#5964);
#5963 = CARTESIAN_POINT('',(-0.441496146342,0.303946318775));
#5964 = VECTOR('',#5965,1.);
#5965 = DIRECTION('',(0.,1.));
#5966 = ( GEOMETRIC_REPRESENTATION_CONTEXT(2) 
PARAMETRIC_REPRESENTATION_CONTEXT() REPRESENTATION_CONTEXT('2D SPACE',''
  ) );
#5967 = ORIENTED_EDGE('',*,*,#5968,.T.);
#5968 = EDGE_CURVE('',#5946,#5871,#5969,.T.);
#5969 = SURFACE_CURVE('',#5970,(#5974,#5981),.PCURVE_S1.);
#5970 = LINE('',#5971,#5972);
#5971 = CARTESIAN_POINT('',(-3.4,-4.65,1.075));
#5972 = VECTOR('',#5973,1.);
#5973 = DIRECTION('',(0.,1.,0.));
#5974 = PCURVE('',#5886,#5975);
#5975 = DEFINITIONAL_REPRESENTATION('',(#5976),#5980);
#5976 = LINE('',#5977,#5978);
#5977 = CARTESIAN_POINT('',(0.55,-0.205));
#5978 = VECTOR('',#5979,1.);
#5979 = DIRECTION('',(0.,1.));
#5980 = ( GEOMETRIC_REPRESENTATION_CONTEXT(2) 
PARAMETRIC_REPRESENTATION_CONTEXT() REPRESENTATION_CONTEXT('2D SPACE',''
  ) );
#5981 = PCURVE('',#5637,#5982);
#5982 = DEFINITIONAL_REPRESENTATION('',(#5983),#5987);
#5983 = LINE('',#5984,#5985);
#5984 = CARTESIAN_POINT('',(0.,-0.205));
#5985 = VECTOR('',#5986,1.);
#5986 = DIRECTION('',(0.,1.));
#5987 = ( GEOMETRIC_REPRESENTATION_CONTEXT(2) 
PARAMETRIC_REPRESENTATION_CONTEXT() REPRESENTATION_CONTEXT('2D SPACE',''
  ) );
#5988 = ORIENTED_EDGE('',*,*,#5870,.F.);
#5989 = ADVANCED_FACE('',(#5990),#5858,.F.);
#5990 = FACE_BOUND('',#5991,.F.);
#5991 = EDGE_LOOP('',(#5992,#6015,#6016,#6017));
#5992 = ORIENTED_EDGE('',*,*,#5993,.T.);
#5993 = EDGE_CURVE('',#5994,#5923,#5996,.T.);
#5994 = VERTEX_POINT('',#5995);
#5995 = CARTESIAN_POINT('',(-4.3,-4.65,0.));
#5996 = SURFACE_CURVE('',#5997,(#6001,#6008),.PCURVE_S1.);
#5997 = LINE('',#5998,#5999);
#5998 = CARTESIAN_POINT('',(-4.3,-4.65,0.));
#5999 = VECTOR('',#6000,1.);
#6000 = DIRECTION('',(0.309586047461,0.,0.950871431487));
#6001 = PCURVE('',#5858,#6002);
#6002 = DEFINITIONAL_REPRESENTATION('',(#6003),#6007);
#6003 = LINE('',#6004,#6005);
#6004 = CARTESIAN_POINT('',(0.,-0.205));
#6005 = VECTOR('',#6006,1.);
#6006 = DIRECTION('',(1.,0.));
#6007 = ( GEOMETRIC_REPRESENTATION_CONTEXT(2) 
PARAMETRIC_REPRESENTATION_CONTEXT() REPRESENTATION_CONTEXT('2D SPACE',''
  ) );
#6008 = PCURVE('',#5665,#6009);
#6009 = DEFINITIONAL_REPRESENTATION('',(#6010),#6014);
#6010 = LINE('',#6011,#6012);
#6011 = CARTESIAN_POINT('',(0.633503853658,-4.6053681225E-02));
#6012 = VECTOR('',#6013,1.);
#6013 = DIRECTION('',(-0.950871431487,0.309586047461));
#6014 = ( GEOMETRIC_REPRESENTATION_CONTEXT(2) 
PARAMETRIC_REPRESENTATION_CONTEXT() REPRESENTATION_CONTEXT('2D SPACE',''
  ) );
#6015 = ORIENTED_EDGE('',*,*,#5922,.T.);
#6016 = ORIENTED_EDGE('',*,*,#5842,.F.);
#6017 = ORIENTED_EDGE('',*,*,#6018,.T.);
#6018 = EDGE_CURVE('',#5815,#5994,#6019,.T.);
#6019 = SURFACE_CURVE('',#6020,(#6024,#6031),.PCURVE_S1.);
#6020 = LINE('',#6021,#6022);
#6021 = CARTESIAN_POINT('',(-4.3,-4.24,0.));
#6022 = VECTOR('',#6023,1.);
#6023 = DIRECTION('',(0.,-1.,0.));
#6024 = PCURVE('',#5858,#6025);
#6025 = DEFINITIONAL_REPRESENTATION('',(#6026),#6030);
#6026 = LINE('',#6027,#6028);
#6027 = CARTESIAN_POINT('',(0.,0.205));
#6028 = VECTOR('',#6029,1.);
#6029 = DIRECTION('',(0.,-1.));
#6030 = ( GEOMETRIC_REPRESENTATION_CONTEXT(2) 
PARAMETRIC_REPRESENTATION_CONTEXT() REPRESENTATION_CONTEXT('2D SPACE',''
  ) );
#6031 = PCURVE('',#5830,#6032);
#6032 = DEFINITIONAL_REPRESENTATION('',(#6033),#6037);
#6033 = LINE('',#6034,#6035);
#6034 = CARTESIAN_POINT('',(0.85,0.205));
#6035 = VECTOR('',#6036,1.);
#6036 = DIRECTION('',(0.,-1.));
#6037 = ( GEOMETRIC_REPRESENTATION_CONTEXT(2) 
PARAMETRIC_REPRESENTATION_CONTEXT() REPRESENTATION_CONTEXT('2D SPACE',''
  ) );
#6038 = ADVANCED_FACE('',(#6039),#5830,.F.);
#6039 = FACE_BOUND('',#6040,.F.);
#6040 = EDGE_LOOP('',(#6041,#6064,#6065,#6066));
#6041 = ORIENTED_EDGE('',*,*,#6042,.T.);
#6042 = EDGE_CURVE('',#6043,#5994,#6045,.T.);
#6043 = VERTEX_POINT('',#6044);
#6044 = CARTESIAN_POINT('',(-5.15,-4.65,0.));
#6045 = SURFACE_CURVE('',#6046,(#6050,#6057),.PCURVE_S1.);
#6046 = LINE('',#6047,#6048);
#6047 = CARTESIAN_POINT('',(-5.15,-4.65,0.));
#6048 = VECTOR('',#6049,1.);
#6049 = DIRECTION('',(1.,0.,0.));
#6050 = PCURVE('',#5830,#6051);
#6051 = DEFINITIONAL_REPRESENTATION('',(#6052),#6056);
#6052 = LINE('',#6053,#6054);
#6053 = CARTESIAN_POINT('',(0.,-0.205));
#6054 = VECTOR('',#6055,1.);
#6055 = DIRECTION('',(1.,0.));
#6056 = ( GEOMETRIC_REPRESENTATION_CONTEXT(2) 
PARAMETRIC_REPRESENTATION_CONTEXT() REPRESENTATION_CONTEXT('2D SPACE',''
  ) );
#6057 = PCURVE('',#5665,#6058);
#6058 = DEFINITIONAL_REPRESENTATION('',(#6059),#6063);
#6059 = LINE('',#6060,#6061);
#6060 = CARTESIAN_POINT('',(0.633503853658,-0.896053681225));
#6061 = VECTOR('',#6062,1.);
#6062 = DIRECTION('',(0.,1.));
#6063 = ( GEOMETRIC_REPRESENTATION_CONTEXT(2) 
PARAMETRIC_REPRESENTATION_CONTEXT() REPRESENTATION_CONTEXT('2D SPACE',''
  ) );
#6064 = ORIENTED_EDGE('',*,*,#6018,.F.);
#6065 = ORIENTED_EDGE('',*,*,#5814,.F.);
#6066 = ORIENTED_EDGE('',*,*,#6067,.T.);
#6067 = EDGE_CURVE('',#5787,#6043,#6068,.T.);
#6068 = SURFACE_CURVE('',#6069,(#6073,#6080),.PCURVE_S1.);
#6069 = LINE('',#6070,#6071);
#6070 = CARTESIAN_POINT('',(-5.15,-4.24,0.));
#6071 = VECTOR('',#6072,1.);
#6072 = DIRECTION('',(0.,-1.,0.));
#6073 = PCURVE('',#5830,#6074);
#6074 = DEFINITIONAL_REPRESENTATION('',(#6075),#6079);
#6075 = LINE('',#6076,#6077);
#6076 = CARTESIAN_POINT('',(0.,0.205));
#6077 = VECTOR('',#6078,1.);
#6078 = DIRECTION('',(0.,-1.));
#6079 = ( GEOMETRIC_REPRESENTATION_CONTEXT(2) 
PARAMETRIC_REPRESENTATION_CONTEXT() REPRESENTATION_CONTEXT('2D SPACE',''
  ) );
#6080 = PCURVE('',#5802,#6081);
#6081 = DEFINITIONAL_REPRESENTATION('',(#6082),#6086);
#6082 = LINE('',#6083,#6084);
#6083 = CARTESIAN_POINT('',(0.25,0.205));
#6084 = VECTOR('',#6085,1.);
#6085 = DIRECTION('',(0.,-1.));
#6086 = ( GEOMETRIC_REPRESENTATION_CONTEXT(2) 
PARAMETRIC_REPRESENTATION_CONTEXT() REPRESENTATION_CONTEXT('2D SPACE',''
  ) );
#6087 = ADVANCED_FACE('',(#6088),#5802,.F.);
#6088 = FACE_BOUND('',#6089,.F.);
#6089 = EDGE_LOOP('',(#6090,#6113,#6114,#6115));
#6090 = ORIENTED_EDGE('',*,*,#6091,.T.);
#6091 = EDGE_CURVE('',#6092,#6043,#6094,.T.);
#6092 = VERTEX_POINT('',#6093);
#6093 = CARTESIAN_POINT('',(-5.15,-4.65,0.25));
#6094 = SURFACE_CURVE('',#6095,(#6099,#6106),.PCURVE_S1.);
#6095 = LINE('',#6096,#6097);
#6096 = CARTESIAN_POINT('',(-5.15,-4.65,0.25));
#6097 = VECTOR('',#6098,1.);
#6098 = DIRECTION('',(0.,0.,-1.));
#6099 = PCURVE('',#5802,#6100);
#6100 = DEFINITIONAL_REPRESENTATION('',(#6101),#6105);
#6101 = LINE('',#6102,#6103);
#6102 = CARTESIAN_POINT('',(0.,-0.205));
#6103 = VECTOR('',#6104,1.);
#6104 = DIRECTION('',(1.,0.));
#6105 = ( GEOMETRIC_REPRESENTATION_CONTEXT(2) 
PARAMETRIC_REPRESENTATION_CONTEXT() REPRESENTATION_CONTEXT('2D SPACE',''
  ) );
#6106 = PCURVE('',#5665,#6107);
#6107 = DEFINITIONAL_REPRESENTATION('',(#6108),#6112);
#6108 = LINE('',#6109,#6110);
#6109 = CARTESIAN_POINT('',(0.383503853658,-0.896053681225));
#6110 = VECTOR('',#6111,1.);
#6111 = DIRECTION('',(1.,0.));
#6112 = ( GEOMETRIC_REPRESENTATION_CONTEXT(2) 
PARAMETRIC_REPRESENTATION_CONTEXT() REPRESENTATION_CONTEXT('2D SPACE',''
  ) );
#6113 = ORIENTED_EDGE('',*,*,#6067,.F.);
#6114 = ORIENTED_EDGE('',*,*,#5786,.F.);
#6115 = ORIENTED_EDGE('',*,*,#6116,.T.);
#6116 = EDGE_CURVE('',#5759,#6092,#6117,.T.);
#6117 = SURFACE_CURVE('',#6118,(#6122,#6129),.PCURVE_S1.);
#6118 = LINE('',#6119,#6120);
#6119 = CARTESIAN_POINT('',(-5.15,-4.24,0.25));
#6120 = VECTOR('',#6121,1.);
#6121 = DIRECTION('',(0.,-1.,0.));
#6122 = PCURVE('',#5802,#6123);
#6123 = DEFINITIONAL_REPRESENTATION('',(#6124),#6128);
#6124 = LINE('',#6125,#6126);
#6125 = CARTESIAN_POINT('',(0.,0.205));
#6126 = VECTOR('',#6127,1.);
#6127 = DIRECTION('',(0.,-1.));
#6128 = ( GEOMETRIC_REPRESENTATION_CONTEXT(2) 
PARAMETRIC_REPRESENTATION_CONTEXT() REPRESENTATION_CONTEXT('2D SPACE',''
  ) );
#6129 = PCURVE('',#5774,#6130);
#6130 = DEFINITIONAL_REPRESENTATION('',(#6131),#6135);
#6131 = LINE('',#6132,#6133);
#6132 = CARTESIAN_POINT('',(0.7,0.205));
#6133 = VECTOR('',#6134,1.);
#6134 = DIRECTION('',(0.,-1.));
#6135 = ( GEOMETRIC_REPRESENTATION_CONTEXT(2) 
PARAMETRIC_REPRESENTATION_CONTEXT() REPRESENTATION_CONTEXT('2D SPACE',''
  ) );
#6136 = ADVANCED_FACE('',(#6137),#5774,.F.);
#6137 = FACE_BOUND('',#6138,.F.);
#6138 = EDGE_LOOP('',(#6139,#6162,#6163,#6164));
#6139 = ORIENTED_EDGE('',*,*,#6140,.T.);
#6140 = EDGE_CURVE('',#6141,#6092,#6143,.T.);
#6141 = VERTEX_POINT('',#6142);
#6142 = CARTESIAN_POINT('',(-4.45,-4.65,0.25));
#6143 = SURFACE_CURVE('',#6144,(#6148,#6155),.PCURVE_S1.);
#6144 = LINE('',#6145,#6146);
#6145 = CARTESIAN_POINT('',(-4.45,-4.65,0.25));
#6146 = VECTOR('',#6147,1.);
#6147 = DIRECTION('',(-1.,0.,0.));
#6148 = PCURVE('',#5774,#6149);
#6149 = DEFINITIONAL_REPRESENTATION('',(#6150),#6154);
#6150 = LINE('',#6151,#6152);
#6151 = CARTESIAN_POINT('',(0.,-0.205));
#6152 = VECTOR('',#6153,1.);
#6153 = DIRECTION('',(1.,0.));
#6154 = ( GEOMETRIC_REPRESENTATION_CONTEXT(2) 
PARAMETRIC_REPRESENTATION_CONTEXT() REPRESENTATION_CONTEXT('2D SPACE',''
  ) );
#6155 = PCURVE('',#5665,#6156);
#6156 = DEFINITIONAL_REPRESENTATION('',(#6157),#6161);
#6157 = LINE('',#6158,#6159);
#6158 = CARTESIAN_POINT('',(0.383503853658,-0.196053681225));
#6159 = VECTOR('',#6160,1.);
#6160 = DIRECTION('',(0.,-1.));
#6161 = ( GEOMETRIC_REPRESENTATION_CONTEXT(2) 
PARAMETRIC_REPRESENTATION_CONTEXT() REPRESENTATION_CONTEXT('2D SPACE',''
  ) );
#6162 = ORIENTED_EDGE('',*,*,#6116,.F.);
#6163 = ORIENTED_EDGE('',*,*,#5758,.F.);
#6164 = ORIENTED_EDGE('',*,*,#6165,.T.);
#6165 = EDGE_CURVE('',#5736,#6141,#6166,.T.);
#6166 = SURFACE_CURVE('',#6167,(#6171,#6178),.PCURVE_S1.);
#6167 = LINE('',#6168,#6169);
#6168 = CARTESIAN_POINT('',(-4.45,-4.24,0.25));
#6169 = VECTOR('',#6170,1.);
#6170 = DIRECTION('',(0.,-1.,0.));
#6171 = PCURVE('',#5774,#6172);
#6172 = DEFINITIONAL_REPRESENTATION('',(#6173),#6177);
#6173 = LINE('',#6174,#6175);
#6174 = CARTESIAN_POINT('',(0.,0.205));
#6175 = VECTOR('',#6176,1.);
#6176 = DIRECTION('',(0.,-1.));
#6177 = ( GEOMETRIC_REPRESENTATION_CONTEXT(2) 
PARAMETRIC_REPRESENTATION_CONTEXT() REPRESENTATION_CONTEXT('2D SPACE',''
  ) );
#6178 = PCURVE('',#5693,#6179);
#6179 = DEFINITIONAL_REPRESENTATION('',(#6180),#6184);
#6180 = LINE('',#6181,#6182);
#6181 = CARTESIAN_POINT('',(1.13054190546,0.205));
#6182 = VECTOR('',#6183,1.);
#6183 = DIRECTION('',(-0.,-1.));
#6184 = ( GEOMETRIC_REPRESENTATION_CONTEXT(2) 
PARAMETRIC_REPRESENTATION_CONTEXT() REPRESENTATION_CONTEXT('2D SPACE',''
  ) );
#6185 = ADVANCED_FACE('',(#6186),#5693,.F.);
#6186 = FACE_BOUND('',#6187,.F.);
#6187 = EDGE_LOOP('',(#6188,#6209,#6210,#6211));
#6188 = ORIENTED_EDGE('',*,*,#6189,.T.);
#6189 = EDGE_CURVE('',#5650,#6141,#6190,.T.);
#6190 = SURFACE_CURVE('',#6191,(#6195,#6202),.PCURVE_S1.);
#6191 = LINE('',#6192,#6193);
#6192 = CARTESIAN_POINT('',(-4.1,-4.65,1.325));
#6193 = VECTOR('',#6194,1.);
#6194 = DIRECTION('',(-0.309586047461,0.,-0.950871431487));
#6195 = PCURVE('',#5693,#6196);
#6196 = DEFINITIONAL_REPRESENTATION('',(#6197),#6201);
#6197 = LINE('',#6198,#6199);
#6198 = CARTESIAN_POINT('',(-0.,-0.205));
#6199 = VECTOR('',#6200,1.);
#6200 = DIRECTION('',(1.,0.));
#6201 = ( GEOMETRIC_REPRESENTATION_CONTEXT(2) 
PARAMETRIC_REPRESENTATION_CONTEXT() REPRESENTATION_CONTEXT('2D SPACE',''
  ) );
#6202 = PCURVE('',#5665,#6203);
#6203 = DEFINITIONAL_REPRESENTATION('',(#6204),#6208);
#6204 = LINE('',#6205,#6206);
#6205 = CARTESIAN_POINT('',(-0.691496146342,0.153946318775));
#6206 = VECTOR('',#6207,1.);
#6207 = DIRECTION('',(0.950871431487,-0.309586047461));
#6208 = ( GEOMETRIC_REPRESENTATION_CONTEXT(2) 
PARAMETRIC_REPRESENTATION_CONTEXT() REPRESENTATION_CONTEXT('2D SPACE',''
  ) );
#6209 = ORIENTED_EDGE('',*,*,#6165,.F.);
#6210 = ORIENTED_EDGE('',*,*,#5735,.F.);
#6211 = ORIENTED_EDGE('',*,*,#5677,.T.);
#6212 = ADVANCED_FACE('',(#6213),#5665,.T.);
#6213 = FACE_BOUND('',#6214,.T.);
#6214 = EDGE_LOOP('',(#6215,#6216,#6217,#6218,#6219,#6220,#6221,#6222));
#6215 = ORIENTED_EDGE('',*,*,#5649,.T.);
#6216 = ORIENTED_EDGE('',*,*,#6189,.T.);
#6217 = ORIENTED_EDGE('',*,*,#6140,.T.);
#6218 = ORIENTED_EDGE('',*,*,#6091,.T.);
#6219 = ORIENTED_EDGE('',*,*,#6042,.T.);
#6220 = ORIENTED_EDGE('',*,*,#5993,.T.);
#6221 = ORIENTED_EDGE('',*,*,#5945,.T.);
#6222 = ORIENTED_EDGE('',*,*,#6223,.T.);
#6223 = EDGE_CURVE('',#5946,#5615,#6224,.T.);
#6224 = SURFACE_CURVE('',#6225,(#6229,#6236),.PCURVE_S1.);
#6225 = LINE('',#6226,#6227);
#6226 = CARTESIAN_POINT('',(-3.4,-4.65,1.075));
#6227 = VECTOR('',#6228,1.);
#6228 = DIRECTION('',(0.,0.,1.));
#6229 = PCURVE('',#5665,#6230);
#6230 = DEFINITIONAL_REPRESENTATION('',(#6231),#6235);
#6231 = LINE('',#6232,#6233);
#6232 = CARTESIAN_POINT('',(-0.441496146342,0.853946318775));
#6233 = VECTOR('',#6234,1.);
#6234 = DIRECTION('',(-1.,0.));
#6235 = ( GEOMETRIC_REPRESENTATION_CONTEXT(2) 
PARAMETRIC_REPRESENTATION_CONTEXT() REPRESENTATION_CONTEXT('2D SPACE',''
  ) );
#6236 = PCURVE('',#5637,#6237);
#6237 = DEFINITIONAL_REPRESENTATION('',(#6238),#6242);
#6238 = LINE('',#6239,#6240);
#6239 = CARTESIAN_POINT('',(0.,-0.205));
#6240 = VECTOR('',#6241,1.);
#6241 = DIRECTION('',(1.,0.));
#6242 = ( GEOMETRIC_REPRESENTATION_CONTEXT(2) 
PARAMETRIC_REPRESENTATION_CONTEXT() REPRESENTATION_CONTEXT('2D SPACE',''
  ) );
#6243 = ADVANCED_FACE('',(#6244),#5637,.F.);
#6244 = FACE_BOUND('',#6245,.F.);
#6245 = EDGE_LOOP('',(#6246,#6247,#6248,#6249));
#6246 = ORIENTED_EDGE('',*,*,#5968,.F.);
#6247 = ORIENTED_EDGE('',*,*,#6223,.T.);
#6248 = ORIENTED_EDGE('',*,*,#5614,.T.);
#6249 = ORIENTED_EDGE('',*,*,#5898,.F.);
#6250 = MANIFOLD_SOLID_BREP('',#6251);
#6251 = CLOSED_SHELL('',(#6252,#6372,#6448,#6524,#6600,#6676,#6752,#6823
    ,#6854,#6881));
#6252 = ADVANCED_FACE('',(#6253),#6267,.T.);
#6253 = FACE_BOUND('',#6254,.T.);
#6254 = EDGE_LOOP('',(#6255,#6290,#6318,#6346));
#6255 = ORIENTED_EDGE('',*,*,#6256,.T.);
#6256 = EDGE_CURVE('',#6257,#6259,#6261,.T.);
#6257 = VERTEX_POINT('',#6258);
#6258 = CARTESIAN_POINT('',(3.4,4.24,1.325));
#6259 = VERTEX_POINT('',#6260);
#6260 = CARTESIAN_POINT('',(4.1,4.24,1.325));
#6261 = SURFACE_CURVE('',#6262,(#6266,#6278),.PCURVE_S1.);
#6262 = LINE('',#6263,#6264);
#6263 = CARTESIAN_POINT('',(3.4,4.24,1.325));
#6264 = VECTOR('',#6265,1.);
#6265 = DIRECTION('',(1.,0.,0.));
#6266 = PCURVE('',#6267,#6272);
#6267 = PLANE('',#6268);
#6268 = AXIS2_PLACEMENT_3D('',#6269,#6270,#6271);
#6269 = CARTESIAN_POINT('',(3.4,4.445,1.325));
#6270 = DIRECTION('',(-0.,0.,1.));
#6271 = DIRECTION('',(1.,0.,0.));
#6272 = DEFINITIONAL_REPRESENTATION('',(#6273),#6277);
#6273 = LINE('',#6274,#6275);
#6274 = CARTESIAN_POINT('',(0.,-0.205));
#6275 = VECTOR('',#6276,1.);
#6276 = DIRECTION('',(1.,0.));
#6277 = ( GEOMETRIC_REPRESENTATION_CONTEXT(2) 
PARAMETRIC_REPRESENTATION_CONTEXT() REPRESENTATION_CONTEXT('2D SPACE',''
  ) );
#6278 = PCURVE('',#6279,#6284);
#6279 = PLANE('',#6280);
#6280 = AXIS2_PLACEMENT_3D('',#6281,#6282,#6283);
#6281 = CARTESIAN_POINT('',(4.253946318775,4.24,0.633503853658));
#6282 = DIRECTION('',(0.,1.,0.));
#6283 = DIRECTION('',(0.,-0.,1.));
#6284 = DEFINITIONAL_REPRESENTATION('',(#6285),#6289);
#6285 = LINE('',#6286,#6287);
#6286 = CARTESIAN_POINT('',(0.691496146342,-0.853946318775));
#6287 = VECTOR('',#6288,1.);
#6288 = DIRECTION('',(0.,1.));
#6289 = ( GEOMETRIC_REPRESENTATION_CONTEXT(2) 
PARAMETRIC_REPRESENTATION_CONTEXT() REPRESENTATION_CONTEXT('2D SPACE',''
  ) );
#6290 = ORIENTED_EDGE('',*,*,#6291,.T.);
#6291 = EDGE_CURVE('',#6259,#6292,#6294,.T.);
#6292 = VERTEX_POINT('',#6293);
#6293 = CARTESIAN_POINT('',(4.1,4.65,1.325));
#6294 = SURFACE_CURVE('',#6295,(#6299,#6306),.PCURVE_S1.);
#6295 = LINE('',#6296,#6297);
#6296 = CARTESIAN_POINT('',(4.1,4.24,1.325));
#6297 = VECTOR('',#6298,1.);
#6298 = DIRECTION('',(0.,1.,0.));
#6299 = PCURVE('',#6267,#6300);
#6300 = DEFINITIONAL_REPRESENTATION('',(#6301),#6305);
#6301 = LINE('',#6302,#6303);
#6302 = CARTESIAN_POINT('',(0.7,-0.205));
#6303 = VECTOR('',#6304,1.);
#6304 = DIRECTION('',(0.,1.));
#6305 = ( GEOMETRIC_REPRESENTATION_CONTEXT(2) 
PARAMETRIC_REPRESENTATION_CONTEXT() REPRESENTATION_CONTEXT('2D SPACE',''
  ) );
#6306 = PCURVE('',#6307,#6312);
#6307 = PLANE('',#6308);
#6308 = AXIS2_PLACEMENT_3D('',#6309,#6310,#6311);
#6309 = CARTESIAN_POINT('',(4.1,4.445,1.325));
#6310 = DIRECTION('',(0.950871431487,0.,0.309586047461));
#6311 = DIRECTION('',(0.309586047461,0.,-0.950871431487));
#6312 = DEFINITIONAL_REPRESENTATION('',(#6313),#6317);
#6313 = LINE('',#6314,#6315);
#6314 = CARTESIAN_POINT('',(0.,-0.205));
#6315 = VECTOR('',#6316,1.);
#6316 = DIRECTION('',(0.,1.));
#6317 = ( GEOMETRIC_REPRESENTATION_CONTEXT(2) 
PARAMETRIC_REPRESENTATION_CONTEXT() REPRESENTATION_CONTEXT('2D SPACE',''
  ) );
#6318 = ORIENTED_EDGE('',*,*,#6319,.F.);
#6319 = EDGE_CURVE('',#6320,#6292,#6322,.T.);
#6320 = VERTEX_POINT('',#6321);
#6321 = CARTESIAN_POINT('',(3.4,4.65,1.325));
#6322 = SURFACE_CURVE('',#6323,(#6327,#6334),.PCURVE_S1.);
#6323 = LINE('',#6324,#6325);
#6324 = CARTESIAN_POINT('',(3.4,4.65,1.325));
#6325 = VECTOR('',#6326,1.);
#6326 = DIRECTION('',(1.,0.,0.));
#6327 = PCURVE('',#6267,#6328);
#6328 = DEFINITIONAL_REPRESENTATION('',(#6329),#6333);
#6329 = LINE('',#6330,#6331);
#6330 = CARTESIAN_POINT('',(0.,0.205));
#6331 = VECTOR('',#6332,1.);
#6332 = DIRECTION('',(1.,0.));
#6333 = ( GEOMETRIC_REPRESENTATION_CONTEXT(2) 
PARAMETRIC_REPRESENTATION_CONTEXT() REPRESENTATION_CONTEXT('2D SPACE',''
  ) );
#6334 = PCURVE('',#6335,#6340);
#6335 = PLANE('',#6336);
#6336 = AXIS2_PLACEMENT_3D('',#6337,#6338,#6339);
#6337 = CARTESIAN_POINT('',(4.253946318775,4.65,0.633503853658));
#6338 = DIRECTION('',(0.,1.,0.));
#6339 = DIRECTION('',(0.,-0.,1.));
#6340 = DEFINITIONAL_REPRESENTATION('',(#6341),#6345);
#6341 = LINE('',#6342,#6343);
#6342 = CARTESIAN_POINT('',(0.691496146342,-0.853946318775));
#6343 = VECTOR('',#6344,1.);
#6344 = DIRECTION('',(0.,1.));
#6345 = ( GEOMETRIC_REPRESENTATION_CONTEXT(2) 
PARAMETRIC_REPRESENTATION_CONTEXT() REPRESENTATION_CONTEXT('2D SPACE',''
  ) );
#6346 = ORIENTED_EDGE('',*,*,#6347,.T.);
#6347 = EDGE_CURVE('',#6320,#6257,#6348,.T.);
#6348 = SURFACE_CURVE('',#6349,(#6353,#6360),.PCURVE_S1.);
#6349 = LINE('',#6350,#6351);
#6350 = CARTESIAN_POINT('',(3.4,4.65,1.325));
#6351 = VECTOR('',#6352,1.);
#6352 = DIRECTION('',(0.,-1.,0.));
#6353 = PCURVE('',#6267,#6354);
#6354 = DEFINITIONAL_REPRESENTATION('',(#6355),#6359);
#6355 = LINE('',#6356,#6357);
#6356 = CARTESIAN_POINT('',(0.,0.205));
#6357 = VECTOR('',#6358,1.);
#6358 = DIRECTION('',(0.,-1.));
#6359 = ( GEOMETRIC_REPRESENTATION_CONTEXT(2) 
PARAMETRIC_REPRESENTATION_CONTEXT() REPRESENTATION_CONTEXT('2D SPACE',''
  ) );
#6360 = PCURVE('',#6361,#6366);
#6361 = PLANE('',#6362);
#6362 = AXIS2_PLACEMENT_3D('',#6363,#6364,#6365);
#6363 = CARTESIAN_POINT('',(3.4,4.445,1.075));
#6364 = DIRECTION('',(-1.,0.,0.));
#6365 = DIRECTION('',(0.,0.,1.));
#6366 = DEFINITIONAL_REPRESENTATION('',(#6367),#6371);
#6367 = LINE('',#6368,#6369);
#6368 = CARTESIAN_POINT('',(0.25,0.205));
#6369 = VECTOR('',#6370,1.);
#6370 = DIRECTION('',(0.,-1.));
#6371 = ( GEOMETRIC_REPRESENTATION_CONTEXT(2) 
PARAMETRIC_REPRESENTATION_CONTEXT() REPRESENTATION_CONTEXT('2D SPACE',''
  ) );
#6372 = ADVANCED_FACE('',(#6373),#6361,.T.);
#6373 = FACE_BOUND('',#6374,.T.);
#6374 = EDGE_LOOP('',(#6375,#6398,#6399,#6422));
#6375 = ORIENTED_EDGE('',*,*,#6376,.T.);
#6376 = EDGE_CURVE('',#6377,#6257,#6379,.T.);
#6377 = VERTEX_POINT('',#6378);
#6378 = CARTESIAN_POINT('',(3.4,4.24,1.075));
#6379 = SURFACE_CURVE('',#6380,(#6384,#6391),.PCURVE_S1.);
#6380 = LINE('',#6381,#6382);
#6381 = CARTESIAN_POINT('',(3.4,4.24,1.075));
#6382 = VECTOR('',#6383,1.);
#6383 = DIRECTION('',(0.,0.,1.));
#6384 = PCURVE('',#6361,#6385);
#6385 = DEFINITIONAL_REPRESENTATION('',(#6386),#6390);
#6386 = LINE('',#6387,#6388);
#6387 = CARTESIAN_POINT('',(0.,-0.205));
#6388 = VECTOR('',#6389,1.);
#6389 = DIRECTION('',(1.,0.));
#6390 = ( GEOMETRIC_REPRESENTATION_CONTEXT(2) 
PARAMETRIC_REPRESENTATION_CONTEXT() REPRESENTATION_CONTEXT('2D SPACE',''
  ) );
#6391 = PCURVE('',#6279,#6392);
#6392 = DEFINITIONAL_REPRESENTATION('',(#6393),#6397);
#6393 = LINE('',#6394,#6395);
#6394 = CARTESIAN_POINT('',(0.441496146342,-0.853946318775));
#6395 = VECTOR('',#6396,1.);
#6396 = DIRECTION('',(1.,0.));
#6397 = ( GEOMETRIC_REPRESENTATION_CONTEXT(2) 
PARAMETRIC_REPRESENTATION_CONTEXT() REPRESENTATION_CONTEXT('2D SPACE',''
  ) );
#6398 = ORIENTED_EDGE('',*,*,#6347,.F.);
#6399 = ORIENTED_EDGE('',*,*,#6400,.F.);
#6400 = EDGE_CURVE('',#6401,#6320,#6403,.T.);
#6401 = VERTEX_POINT('',#6402);
#6402 = CARTESIAN_POINT('',(3.4,4.65,1.075));
#6403 = SURFACE_CURVE('',#6404,(#6408,#6415),.PCURVE_S1.);
#6404 = LINE('',#6405,#6406);
#6405 = CARTESIAN_POINT('',(3.4,4.65,1.075));
#6406 = VECTOR('',#6407,1.);
#6407 = DIRECTION('',(0.,0.,1.));
#6408 = PCURVE('',#6361,#6409);
#6409 = DEFINITIONAL_REPRESENTATION('',(#6410),#6414);
#6410 = LINE('',#6411,#6412);
#6411 = CARTESIAN_POINT('',(0.,0.205));
#6412 = VECTOR('',#6413,1.);
#6413 = DIRECTION('',(1.,0.));
#6414 = ( GEOMETRIC_REPRESENTATION_CONTEXT(2) 
PARAMETRIC_REPRESENTATION_CONTEXT() REPRESENTATION_CONTEXT('2D SPACE',''
  ) );
#6415 = PCURVE('',#6335,#6416);
#6416 = DEFINITIONAL_REPRESENTATION('',(#6417),#6421);
#6417 = LINE('',#6418,#6419);
#6418 = CARTESIAN_POINT('',(0.441496146342,-0.853946318775));
#6419 = VECTOR('',#6420,1.);
#6420 = DIRECTION('',(1.,0.));
#6421 = ( GEOMETRIC_REPRESENTATION_CONTEXT(2) 
PARAMETRIC_REPRESENTATION_CONTEXT() REPRESENTATION_CONTEXT('2D SPACE',''
  ) );
#6422 = ORIENTED_EDGE('',*,*,#6423,.T.);
#6423 = EDGE_CURVE('',#6401,#6377,#6424,.T.);
#6424 = SURFACE_CURVE('',#6425,(#6429,#6436),.PCURVE_S1.);
#6425 = LINE('',#6426,#6427);
#6426 = CARTESIAN_POINT('',(3.4,4.65,1.075));
#6427 = VECTOR('',#6428,1.);
#6428 = DIRECTION('',(0.,-1.,0.));
#6429 = PCURVE('',#6361,#6430);
#6430 = DEFINITIONAL_REPRESENTATION('',(#6431),#6435);
#6431 = LINE('',#6432,#6433);
#6432 = CARTESIAN_POINT('',(0.,0.205));
#6433 = VECTOR('',#6434,1.);
#6434 = DIRECTION('',(0.,-1.));
#6435 = ( GEOMETRIC_REPRESENTATION_CONTEXT(2) 
PARAMETRIC_REPRESENTATION_CONTEXT() REPRESENTATION_CONTEXT('2D SPACE',''
  ) );
#6436 = PCURVE('',#6437,#6442);
#6437 = PLANE('',#6438);
#6438 = AXIS2_PLACEMENT_3D('',#6439,#6440,#6441);
#6439 = CARTESIAN_POINT('',(3.95,4.445,1.075));
#6440 = DIRECTION('',(-0.,-0.,-1.));
#6441 = DIRECTION('',(-1.,0.,0.));
#6442 = DEFINITIONAL_REPRESENTATION('',(#6443),#6447);
#6443 = LINE('',#6444,#6445);
#6444 = CARTESIAN_POINT('',(0.55,0.205));
#6445 = VECTOR('',#6446,1.);
#6446 = DIRECTION('',(0.,-1.));
#6447 = ( GEOMETRIC_REPRESENTATION_CONTEXT(2) 
PARAMETRIC_REPRESENTATION_CONTEXT() REPRESENTATION_CONTEXT('2D SPACE',''
  ) );
#6448 = ADVANCED_FACE('',(#6449),#6437,.T.);
#6449 = FACE_BOUND('',#6450,.T.);
#6450 = EDGE_LOOP('',(#6451,#6474,#6475,#6498));
#6451 = ORIENTED_EDGE('',*,*,#6452,.T.);
#6452 = EDGE_CURVE('',#6453,#6377,#6455,.T.);
#6453 = VERTEX_POINT('',#6454);
#6454 = CARTESIAN_POINT('',(3.95,4.24,1.075));
#6455 = SURFACE_CURVE('',#6456,(#6460,#6467),.PCURVE_S1.);
#6456 = LINE('',#6457,#6458);
#6457 = CARTESIAN_POINT('',(3.95,4.24,1.075));
#6458 = VECTOR('',#6459,1.);
#6459 = DIRECTION('',(-1.,0.,0.));
#6460 = PCURVE('',#6437,#6461);
#6461 = DEFINITIONAL_REPRESENTATION('',(#6462),#6466);
#6462 = LINE('',#6463,#6464);
#6463 = CARTESIAN_POINT('',(0.,-0.205));
#6464 = VECTOR('',#6465,1.);
#6465 = DIRECTION('',(1.,0.));
#6466 = ( GEOMETRIC_REPRESENTATION_CONTEXT(2) 
PARAMETRIC_REPRESENTATION_CONTEXT() REPRESENTATION_CONTEXT('2D SPACE',''
  ) );
#6467 = PCURVE('',#6279,#6468);
#6468 = DEFINITIONAL_REPRESENTATION('',(#6469),#6473);
#6469 = LINE('',#6470,#6471);
#6470 = CARTESIAN_POINT('',(0.441496146342,-0.303946318775));
#6471 = VECTOR('',#6472,1.);
#6472 = DIRECTION('',(0.,-1.));
#6473 = ( GEOMETRIC_REPRESENTATION_CONTEXT(2) 
PARAMETRIC_REPRESENTATION_CONTEXT() REPRESENTATION_CONTEXT('2D SPACE',''
  ) );
#6474 = ORIENTED_EDGE('',*,*,#6423,.F.);
#6475 = ORIENTED_EDGE('',*,*,#6476,.F.);
#6476 = EDGE_CURVE('',#6477,#6401,#6479,.T.);
#6477 = VERTEX_POINT('',#6478);
#6478 = CARTESIAN_POINT('',(3.95,4.65,1.075));
#6479 = SURFACE_CURVE('',#6480,(#6484,#6491),.PCURVE_S1.);
#6480 = LINE('',#6481,#6482);
#6481 = CARTESIAN_POINT('',(3.95,4.65,1.075));
#6482 = VECTOR('',#6483,1.);
#6483 = DIRECTION('',(-1.,0.,0.));
#6484 = PCURVE('',#6437,#6485);
#6485 = DEFINITIONAL_REPRESENTATION('',(#6486),#6490);
#6486 = LINE('',#6487,#6488);
#6487 = CARTESIAN_POINT('',(0.,0.205));
#6488 = VECTOR('',#6489,1.);
#6489 = DIRECTION('',(1.,0.));
#6490 = ( GEOMETRIC_REPRESENTATION_CONTEXT(2) 
PARAMETRIC_REPRESENTATION_CONTEXT() REPRESENTATION_CONTEXT('2D SPACE',''
  ) );
#6491 = PCURVE('',#6335,#6492);
#6492 = DEFINITIONAL_REPRESENTATION('',(#6493),#6497);
#6493 = LINE('',#6494,#6495);
#6494 = CARTESIAN_POINT('',(0.441496146342,-0.303946318775));
#6495 = VECTOR('',#6496,1.);
#6496 = DIRECTION('',(0.,-1.));
#6497 = ( GEOMETRIC_REPRESENTATION_CONTEXT(2) 
PARAMETRIC_REPRESENTATION_CONTEXT() REPRESENTATION_CONTEXT('2D SPACE',''
  ) );
#6498 = ORIENTED_EDGE('',*,*,#6499,.T.);
#6499 = EDGE_CURVE('',#6477,#6453,#6500,.T.);
#6500 = SURFACE_CURVE('',#6501,(#6505,#6512),.PCURVE_S1.);
#6501 = LINE('',#6502,#6503);
#6502 = CARTESIAN_POINT('',(3.95,4.65,1.075));
#6503 = VECTOR('',#6504,1.);
#6504 = DIRECTION('',(0.,-1.,0.));
#6505 = PCURVE('',#6437,#6506);
#6506 = DEFINITIONAL_REPRESENTATION('',(#6507),#6511);
#6507 = LINE('',#6508,#6509);
#6508 = CARTESIAN_POINT('',(0.,0.205));
#6509 = VECTOR('',#6510,1.);
#6510 = DIRECTION('',(0.,-1.));
#6511 = ( GEOMETRIC_REPRESENTATION_CONTEXT(2) 
PARAMETRIC_REPRESENTATION_CONTEXT() REPRESENTATION_CONTEXT('2D SPACE',''
  ) );
#6512 = PCURVE('',#6513,#6518);
#6513 = PLANE('',#6514);
#6514 = AXIS2_PLACEMENT_3D('',#6515,#6516,#6517);
#6515 = CARTESIAN_POINT('',(4.3,4.445,0.));
#6516 = DIRECTION('',(-0.950871431487,-0.,-0.309586047461));
#6517 = DIRECTION('',(-0.309586047461,0.,0.950871431487));
#6518 = DEFINITIONAL_REPRESENTATION('',(#6519),#6523);
#6519 = LINE('',#6520,#6521);
#6520 = CARTESIAN_POINT('',(1.13054190546,0.205));
#6521 = VECTOR('',#6522,1.);
#6522 = DIRECTION('',(0.,-1.));
#6523 = ( GEOMETRIC_REPRESENTATION_CONTEXT(2) 
PARAMETRIC_REPRESENTATION_CONTEXT() REPRESENTATION_CONTEXT('2D SPACE',''
  ) );
#6524 = ADVANCED_FACE('',(#6525),#6513,.T.);
#6525 = FACE_BOUND('',#6526,.T.);
#6526 = EDGE_LOOP('',(#6527,#6557,#6578,#6579));
#6527 = ORIENTED_EDGE('',*,*,#6528,.F.);
#6528 = EDGE_CURVE('',#6529,#6531,#6533,.T.);
#6529 = VERTEX_POINT('',#6530);
#6530 = CARTESIAN_POINT('',(4.3,4.24,0.));
#6531 = VERTEX_POINT('',#6532);
#6532 = CARTESIAN_POINT('',(4.3,4.65,0.));
#6533 = SURFACE_CURVE('',#6534,(#6538,#6545),.PCURVE_S1.);
#6534 = LINE('',#6535,#6536);
#6535 = CARTESIAN_POINT('',(4.3,4.24,0.));
#6536 = VECTOR('',#6537,1.);
#6537 = DIRECTION('',(0.,1.,0.));
#6538 = PCURVE('',#6513,#6539);
#6539 = DEFINITIONAL_REPRESENTATION('',(#6540),#6544);
#6540 = LINE('',#6541,#6542);
#6541 = CARTESIAN_POINT('',(0.,-0.205));
#6542 = VECTOR('',#6543,1.);
#6543 = DIRECTION('',(0.,1.));
#6544 = ( GEOMETRIC_REPRESENTATION_CONTEXT(2) 
PARAMETRIC_REPRESENTATION_CONTEXT() REPRESENTATION_CONTEXT('2D SPACE',''
  ) );
#6545 = PCURVE('',#6546,#6551);
#6546 = PLANE('',#6547);
#6547 = AXIS2_PLACEMENT_3D('',#6548,#6549,#6550);
#6548 = CARTESIAN_POINT('',(5.15,4.445,0.));
#6549 = DIRECTION('',(-0.,-0.,-1.));
#6550 = DIRECTION('',(-1.,0.,0.));
#6551 = DEFINITIONAL_REPRESENTATION('',(#6552),#6556);
#6552 = LINE('',#6553,#6554);
#6553 = CARTESIAN_POINT('',(0.85,-0.205));
#6554 = VECTOR('',#6555,1.);
#6555 = DIRECTION('',(0.,1.));
#6556 = ( GEOMETRIC_REPRESENTATION_CONTEXT(2) 
PARAMETRIC_REPRESENTATION_CONTEXT() REPRESENTATION_CONTEXT('2D SPACE',''
  ) );
#6557 = ORIENTED_EDGE('',*,*,#6558,.T.);
#6558 = EDGE_CURVE('',#6529,#6453,#6559,.T.);
#6559 = SURFACE_CURVE('',#6560,(#6564,#6571),.PCURVE_S1.);
#6560 = LINE('',#6561,#6562);
#6561 = CARTESIAN_POINT('',(4.3,4.24,0.));
#6562 = VECTOR('',#6563,1.);
#6563 = DIRECTION('',(-0.309586047461,0.,0.950871431487));
#6564 = PCURVE('',#6513,#6565);
#6565 = DEFINITIONAL_REPRESENTATION('',(#6566),#6570);
#6566 = LINE('',#6567,#6568);
#6567 = CARTESIAN_POINT('',(0.,-0.205));
#6568 = VECTOR('',#6569,1.);
#6569 = DIRECTION('',(1.,0.));
#6570 = ( GEOMETRIC_REPRESENTATION_CONTEXT(2) 
PARAMETRIC_REPRESENTATION_CONTEXT() REPRESENTATION_CONTEXT('2D SPACE',''
  ) );
#6571 = PCURVE('',#6279,#6572);
#6572 = DEFINITIONAL_REPRESENTATION('',(#6573),#6577);
#6573 = LINE('',#6574,#6575);
#6574 = CARTESIAN_POINT('',(-0.633503853658,4.6053681225E-02));
#6575 = VECTOR('',#6576,1.);
#6576 = DIRECTION('',(0.950871431487,-0.309586047461));
#6577 = ( GEOMETRIC_REPRESENTATION_CONTEXT(2) 
PARAMETRIC_REPRESENTATION_CONTEXT() REPRESENTATION_CONTEXT('2D SPACE',''
  ) );
#6578 = ORIENTED_EDGE('',*,*,#6499,.F.);
#6579 = ORIENTED_EDGE('',*,*,#6580,.F.);
#6580 = EDGE_CURVE('',#6531,#6477,#6581,.T.);
#6581 = SURFACE_CURVE('',#6582,(#6586,#6593),.PCURVE_S1.);
#6582 = LINE('',#6583,#6584);
#6583 = CARTESIAN_POINT('',(4.3,4.65,0.));
#6584 = VECTOR('',#6585,1.);
#6585 = DIRECTION('',(-0.309586047461,0.,0.950871431487));
#6586 = PCURVE('',#6513,#6587);
#6587 = DEFINITIONAL_REPRESENTATION('',(#6588),#6592);
#6588 = LINE('',#6589,#6590);
#6589 = CARTESIAN_POINT('',(0.,0.205));
#6590 = VECTOR('',#6591,1.);
#6591 = DIRECTION('',(1.,0.));
#6592 = ( GEOMETRIC_REPRESENTATION_CONTEXT(2) 
PARAMETRIC_REPRESENTATION_CONTEXT() REPRESENTATION_CONTEXT('2D SPACE',''
  ) );
#6593 = PCURVE('',#6335,#6594);
#6594 = DEFINITIONAL_REPRESENTATION('',(#6595),#6599);
#6595 = LINE('',#6596,#6597);
#6596 = CARTESIAN_POINT('',(-0.633503853658,4.6053681225E-02));
#6597 = VECTOR('',#6598,1.);
#6598 = DIRECTION('',(0.950871431487,-0.309586047461));
#6599 = ( GEOMETRIC_REPRESENTATION_CONTEXT(2) 
PARAMETRIC_REPRESENTATION_CONTEXT() REPRESENTATION_CONTEXT('2D SPACE',''
  ) );
#6600 = ADVANCED_FACE('',(#6601),#6546,.T.);
#6601 = FACE_BOUND('',#6602,.T.);
#6602 = EDGE_LOOP('',(#6603,#6633,#6654,#6655));
#6603 = ORIENTED_EDGE('',*,*,#6604,.F.);
#6604 = EDGE_CURVE('',#6605,#6607,#6609,.T.);
#6605 = VERTEX_POINT('',#6606);
#6606 = CARTESIAN_POINT('',(5.15,4.24,0.));
#6607 = VERTEX_POINT('',#6608);
#6608 = CARTESIAN_POINT('',(5.15,4.65,0.));
#6609 = SURFACE_CURVE('',#6610,(#6614,#6621),.PCURVE_S1.);
#6610 = LINE('',#6611,#6612);
#6611 = CARTESIAN_POINT('',(5.15,4.24,0.));
#6612 = VECTOR('',#6613,1.);
#6613 = DIRECTION('',(0.,1.,0.));
#6614 = PCURVE('',#6546,#6615);
#6615 = DEFINITIONAL_REPRESENTATION('',(#6616),#6620);
#6616 = LINE('',#6617,#6618);
#6617 = CARTESIAN_POINT('',(0.,-0.205));
#6618 = VECTOR('',#6619,1.);
#6619 = DIRECTION('',(0.,1.));
#6620 = ( GEOMETRIC_REPRESENTATION_CONTEXT(2) 
PARAMETRIC_REPRESENTATION_CONTEXT() REPRESENTATION_CONTEXT('2D SPACE',''
  ) );
#6621 = PCURVE('',#6622,#6627);
#6622 = PLANE('',#6623);
#6623 = AXIS2_PLACEMENT_3D('',#6624,#6625,#6626);
#6624 = CARTESIAN_POINT('',(5.15,4.445,0.25));
#6625 = DIRECTION('',(1.,0.,0.));
#6626 = DIRECTION('',(0.,0.,-1.));
#6627 = DEFINITIONAL_REPRESENTATION('',(#6628),#6632);
#6628 = LINE('',#6629,#6630);
#6629 = CARTESIAN_POINT('',(0.25,-0.205));
#6630 = VECTOR('',#6631,1.);
#6631 = DIRECTION('',(0.,1.));
#6632 = ( GEOMETRIC_REPRESENTATION_CONTEXT(2) 
PARAMETRIC_REPRESENTATION_CONTEXT() REPRESENTATION_CONTEXT('2D SPACE',''
  ) );
#6633 = ORIENTED_EDGE('',*,*,#6634,.T.);
#6634 = EDGE_CURVE('',#6605,#6529,#6635,.T.);
#6635 = SURFACE_CURVE('',#6636,(#6640,#6647),.PCURVE_S1.);
#6636 = LINE('',#6637,#6638);
#6637 = CARTESIAN_POINT('',(5.15,4.24,0.));
#6638 = VECTOR('',#6639,1.);
#6639 = DIRECTION('',(-1.,0.,0.));
#6640 = PCURVE('',#6546,#6641);
#6641 = DEFINITIONAL_REPRESENTATION('',(#6642),#6646);
#6642 = LINE('',#6643,#6644);
#6643 = CARTESIAN_POINT('',(0.,-0.205));
#6644 = VECTOR('',#6645,1.);
#6645 = DIRECTION('',(1.,0.));
#6646 = ( GEOMETRIC_REPRESENTATION_CONTEXT(2) 
PARAMETRIC_REPRESENTATION_CONTEXT() REPRESENTATION_CONTEXT('2D SPACE',''
  ) );
#6647 = PCURVE('',#6279,#6648);
#6648 = DEFINITIONAL_REPRESENTATION('',(#6649),#6653);
#6649 = LINE('',#6650,#6651);
#6650 = CARTESIAN_POINT('',(-0.633503853658,0.896053681225));
#6651 = VECTOR('',#6652,1.);
#6652 = DIRECTION('',(0.,-1.));
#6653 = ( GEOMETRIC_REPRESENTATION_CONTEXT(2) 
PARAMETRIC_REPRESENTATION_CONTEXT() REPRESENTATION_CONTEXT('2D SPACE',''
  ) );
#6654 = ORIENTED_EDGE('',*,*,#6528,.T.);
#6655 = ORIENTED_EDGE('',*,*,#6656,.F.);
#6656 = EDGE_CURVE('',#6607,#6531,#6657,.T.);
#6657 = SURFACE_CURVE('',#6658,(#6662,#6669),.PCURVE_S1.);
#6658 = LINE('',#6659,#6660);
#6659 = CARTESIAN_POINT('',(5.15,4.65,0.));
#6660 = VECTOR('',#6661,1.);
#6661 = DIRECTION('',(-1.,0.,0.));
#6662 = PCURVE('',#6546,#6663);
#6663 = DEFINITIONAL_REPRESENTATION('',(#6664),#6668);
#6664 = LINE('',#6665,#6666);
#6665 = CARTESIAN_POINT('',(0.,0.205));
#6666 = VECTOR('',#6667,1.);
#6667 = DIRECTION('',(1.,0.));
#6668 = ( GEOMETRIC_REPRESENTATION_CONTEXT(2) 
PARAMETRIC_REPRESENTATION_CONTEXT() REPRESENTATION_CONTEXT('2D SPACE',''
  ) );
#6669 = PCURVE('',#6335,#6670);
#6670 = DEFINITIONAL_REPRESENTATION('',(#6671),#6675);
#6671 = LINE('',#6672,#6673);
#6672 = CARTESIAN_POINT('',(-0.633503853658,0.896053681225));
#6673 = VECTOR('',#6674,1.);
#6674 = DIRECTION('',(0.,-1.));
#6675 = ( GEOMETRIC_REPRESENTATION_CONTEXT(2) 
PARAMETRIC_REPRESENTATION_CONTEXT() REPRESENTATION_CONTEXT('2D SPACE',''
  ) );
#6676 = ADVANCED_FACE('',(#6677),#6622,.T.);
#6677 = FACE_BOUND('',#6678,.T.);
#6678 = EDGE_LOOP('',(#6679,#6709,#6730,#6731));
#6679 = ORIENTED_EDGE('',*,*,#6680,.F.);
#6680 = EDGE_CURVE('',#6681,#6683,#6685,.T.);
#6681 = VERTEX_POINT('',#6682);
#6682 = CARTESIAN_POINT('',(5.15,4.24,0.25));
#6683 = VERTEX_POINT('',#6684);
#6684 = CARTESIAN_POINT('',(5.15,4.65,0.25));
#6685 = SURFACE_CURVE('',#6686,(#6690,#6697),.PCURVE_S1.);
#6686 = LINE('',#6687,#6688);
#6687 = CARTESIAN_POINT('',(5.15,4.24,0.25));
#6688 = VECTOR('',#6689,1.);
#6689 = DIRECTION('',(0.,1.,0.));
#6690 = PCURVE('',#6622,#6691);
#6691 = DEFINITIONAL_REPRESENTATION('',(#6692),#6696);
#6692 = LINE('',#6693,#6694);
#6693 = CARTESIAN_POINT('',(0.,-0.205));
#6694 = VECTOR('',#6695,1.);
#6695 = DIRECTION('',(0.,1.));
#6696 = ( GEOMETRIC_REPRESENTATION_CONTEXT(2) 
PARAMETRIC_REPRESENTATION_CONTEXT() REPRESENTATION_CONTEXT('2D SPACE',''
  ) );
#6697 = PCURVE('',#6698,#6703);
#6698 = PLANE('',#6699);
#6699 = AXIS2_PLACEMENT_3D('',#6700,#6701,#6702);
#6700 = CARTESIAN_POINT('',(4.45,4.445,0.25));
#6701 = DIRECTION('',(-0.,0.,1.));
#6702 = DIRECTION('',(1.,0.,0.));
#6703 = DEFINITIONAL_REPRESENTATION('',(#6704),#6708);
#6704 = LINE('',#6705,#6706);
#6705 = CARTESIAN_POINT('',(0.7,-0.205));
#6706 = VECTOR('',#6707,1.);
#6707 = DIRECTION('',(0.,1.));
#6708 = ( GEOMETRIC_REPRESENTATION_CONTEXT(2) 
PARAMETRIC_REPRESENTATION_CONTEXT() REPRESENTATION_CONTEXT('2D SPACE',''
  ) );
#6709 = ORIENTED_EDGE('',*,*,#6710,.T.);
#6710 = EDGE_CURVE('',#6681,#6605,#6711,.T.);
#6711 = SURFACE_CURVE('',#6712,(#6716,#6723),.PCURVE_S1.);
#6712 = LINE('',#6713,#6714);
#6713 = CARTESIAN_POINT('',(5.15,4.24,0.25));
#6714 = VECTOR('',#6715,1.);
#6715 = DIRECTION('',(0.,0.,-1.));
#6716 = PCURVE('',#6622,#6717);
#6717 = DEFINITIONAL_REPRESENTATION('',(#6718),#6722);
#6718 = LINE('',#6719,#6720);
#6719 = CARTESIAN_POINT('',(0.,-0.205));
#6720 = VECTOR('',#6721,1.);
#6721 = DIRECTION('',(1.,0.));
#6722 = ( GEOMETRIC_REPRESENTATION_CONTEXT(2) 
PARAMETRIC_REPRESENTATION_CONTEXT() REPRESENTATION_CONTEXT('2D SPACE',''
  ) );
#6723 = PCURVE('',#6279,#6724);
#6724 = DEFINITIONAL_REPRESENTATION('',(#6725),#6729);
#6725 = LINE('',#6726,#6727);
#6726 = CARTESIAN_POINT('',(-0.383503853658,0.896053681225));
#6727 = VECTOR('',#6728,1.);
#6728 = DIRECTION('',(-1.,0.));
#6729 = ( GEOMETRIC_REPRESENTATION_CONTEXT(2) 
PARAMETRIC_REPRESENTATION_CONTEXT() REPRESENTATION_CONTEXT('2D SPACE',''
  ) );
#6730 = ORIENTED_EDGE('',*,*,#6604,.T.);
#6731 = ORIENTED_EDGE('',*,*,#6732,.F.);
#6732 = EDGE_CURVE('',#6683,#6607,#6733,.T.);
#6733 = SURFACE_CURVE('',#6734,(#6738,#6745),.PCURVE_S1.);
#6734 = LINE('',#6735,#6736);
#6735 = CARTESIAN_POINT('',(5.15,4.65,0.25));
#6736 = VECTOR('',#6737,1.);
#6737 = DIRECTION('',(0.,0.,-1.));
#6738 = PCURVE('',#6622,#6739);
#6739 = DEFINITIONAL_REPRESENTATION('',(#6740),#6744);
#6740 = LINE('',#6741,#6742);
#6741 = CARTESIAN_POINT('',(0.,0.205));
#6742 = VECTOR('',#6743,1.);
#6743 = DIRECTION('',(1.,0.));
#6744 = ( GEOMETRIC_REPRESENTATION_CONTEXT(2) 
PARAMETRIC_REPRESENTATION_CONTEXT() REPRESENTATION_CONTEXT('2D SPACE',''
  ) );
#6745 = PCURVE('',#6335,#6746);
#6746 = DEFINITIONAL_REPRESENTATION('',(#6747),#6751);
#6747 = LINE('',#6748,#6749);
#6748 = CARTESIAN_POINT('',(-0.383503853658,0.896053681225));
#6749 = VECTOR('',#6750,1.);
#6750 = DIRECTION('',(-1.,0.));
#6751 = ( GEOMETRIC_REPRESENTATION_CONTEXT(2) 
PARAMETRIC_REPRESENTATION_CONTEXT() REPRESENTATION_CONTEXT('2D SPACE',''
  ) );
#6752 = ADVANCED_FACE('',(#6753),#6698,.T.);
#6753 = FACE_BOUND('',#6754,.T.);
#6754 = EDGE_LOOP('',(#6755,#6780,#6801,#6802));
#6755 = ORIENTED_EDGE('',*,*,#6756,.F.);
#6756 = EDGE_CURVE('',#6757,#6759,#6761,.T.);
#6757 = VERTEX_POINT('',#6758);
#6758 = CARTESIAN_POINT('',(4.45,4.24,0.25));
#6759 = VERTEX_POINT('',#6760);
#6760 = CARTESIAN_POINT('',(4.45,4.65,0.25));
#6761 = SURFACE_CURVE('',#6762,(#6766,#6773),.PCURVE_S1.);
#6762 = LINE('',#6763,#6764);
#6763 = CARTESIAN_POINT('',(4.45,4.24,0.25));
#6764 = VECTOR('',#6765,1.);
#6765 = DIRECTION('',(0.,1.,0.));
#6766 = PCURVE('',#6698,#6767);
#6767 = DEFINITIONAL_REPRESENTATION('',(#6768),#6772);
#6768 = LINE('',#6769,#6770);
#6769 = CARTESIAN_POINT('',(0.,-0.205));
#6770 = VECTOR('',#6771,1.);
#6771 = DIRECTION('',(0.,1.));
#6772 = ( GEOMETRIC_REPRESENTATION_CONTEXT(2) 
PARAMETRIC_REPRESENTATION_CONTEXT() REPRESENTATION_CONTEXT('2D SPACE',''
  ) );
#6773 = PCURVE('',#6307,#6774);
#6774 = DEFINITIONAL_REPRESENTATION('',(#6775),#6779);
#6775 = LINE('',#6776,#6777);
#6776 = CARTESIAN_POINT('',(1.13054190546,-0.205));
#6777 = VECTOR('',#6778,1.);
#6778 = DIRECTION('',(0.,1.));
#6779 = ( GEOMETRIC_REPRESENTATION_CONTEXT(2) 
PARAMETRIC_REPRESENTATION_CONTEXT() REPRESENTATION_CONTEXT('2D SPACE',''
  ) );
#6780 = ORIENTED_EDGE('',*,*,#6781,.T.);
#6781 = EDGE_CURVE('',#6757,#6681,#6782,.T.);
#6782 = SURFACE_CURVE('',#6783,(#6787,#6794),.PCURVE_S1.);
#6783 = LINE('',#6784,#6785);
#6784 = CARTESIAN_POINT('',(4.45,4.24,0.25));
#6785 = VECTOR('',#6786,1.);
#6786 = DIRECTION('',(1.,0.,0.));
#6787 = PCURVE('',#6698,#6788);
#6788 = DEFINITIONAL_REPRESENTATION('',(#6789),#6793);
#6789 = LINE('',#6790,#6791);
#6790 = CARTESIAN_POINT('',(0.,-0.205));
#6791 = VECTOR('',#6792,1.);
#6792 = DIRECTION('',(1.,0.));
#6793 = ( GEOMETRIC_REPRESENTATION_CONTEXT(2) 
PARAMETRIC_REPRESENTATION_CONTEXT() REPRESENTATION_CONTEXT('2D SPACE',''
  ) );
#6794 = PCURVE('',#6279,#6795);
#6795 = DEFINITIONAL_REPRESENTATION('',(#6796),#6800);
#6796 = LINE('',#6797,#6798);
#6797 = CARTESIAN_POINT('',(-0.383503853658,0.196053681225));
#6798 = VECTOR('',#6799,1.);
#6799 = DIRECTION('',(0.,1.));
#6800 = ( GEOMETRIC_REPRESENTATION_CONTEXT(2) 
PARAMETRIC_REPRESENTATION_CONTEXT() REPRESENTATION_CONTEXT('2D SPACE',''
  ) );
#6801 = ORIENTED_EDGE('',*,*,#6680,.T.);
#6802 = ORIENTED_EDGE('',*,*,#6803,.F.);
#6803 = EDGE_CURVE('',#6759,#6683,#6804,.T.);
#6804 = SURFACE_CURVE('',#6805,(#6809,#6816),.PCURVE_S1.);
#6805 = LINE('',#6806,#6807);
#6806 = CARTESIAN_POINT('',(4.45,4.65,0.25));
#6807 = VECTOR('',#6808,1.);
#6808 = DIRECTION('',(1.,0.,0.));
#6809 = PCURVE('',#6698,#6810);
#6810 = DEFINITIONAL_REPRESENTATION('',(#6811),#6815);
#6811 = LINE('',#6812,#6813);
#6812 = CARTESIAN_POINT('',(0.,0.205));
#6813 = VECTOR('',#6814,1.);
#6814 = DIRECTION('',(1.,0.));
#6815 = ( GEOMETRIC_REPRESENTATION_CONTEXT(2) 
PARAMETRIC_REPRESENTATION_CONTEXT() REPRESENTATION_CONTEXT('2D SPACE',''
  ) );
#6816 = PCURVE('',#6335,#6817);
#6817 = DEFINITIONAL_REPRESENTATION('',(#6818),#6822);
#6818 = LINE('',#6819,#6820);
#6819 = CARTESIAN_POINT('',(-0.383503853658,0.196053681225));
#6820 = VECTOR('',#6821,1.);
#6821 = DIRECTION('',(0.,1.));
#6822 = ( GEOMETRIC_REPRESENTATION_CONTEXT(2) 
PARAMETRIC_REPRESENTATION_CONTEXT() REPRESENTATION_CONTEXT('2D SPACE',''
  ) );
#6823 = ADVANCED_FACE('',(#6824),#6335,.T.);
#6824 = FACE_BOUND('',#6825,.T.);
#6825 = EDGE_LOOP('',(#6826,#6827,#6848,#6849,#6850,#6851,#6852,#6853));
#6826 = ORIENTED_EDGE('',*,*,#6319,.T.);
#6827 = ORIENTED_EDGE('',*,*,#6828,.T.);
#6828 = EDGE_CURVE('',#6292,#6759,#6829,.T.);
#6829 = SURFACE_CURVE('',#6830,(#6834,#6841),.PCURVE_S1.);
#6830 = LINE('',#6831,#6832);
#6831 = CARTESIAN_POINT('',(4.1,4.65,1.325));
#6832 = VECTOR('',#6833,1.);
#6833 = DIRECTION('',(0.309586047461,0.,-0.950871431487));
#6834 = PCURVE('',#6335,#6835);
#6835 = DEFINITIONAL_REPRESENTATION('',(#6836),#6840);
#6836 = LINE('',#6837,#6838);
#6837 = CARTESIAN_POINT('',(0.691496146342,-0.153946318775));
#6838 = VECTOR('',#6839,1.);
#6839 = DIRECTION('',(-0.950871431487,0.309586047461));
#6840 = ( GEOMETRIC_REPRESENTATION_CONTEXT(2) 
PARAMETRIC_REPRESENTATION_CONTEXT() REPRESENTATION_CONTEXT('2D SPACE',''
  ) );
#6841 = PCURVE('',#6307,#6842);
#6842 = DEFINITIONAL_REPRESENTATION('',(#6843),#6847);
#6843 = LINE('',#6844,#6845);
#6844 = CARTESIAN_POINT('',(0.,0.205));
#6845 = VECTOR('',#6846,1.);
#6846 = DIRECTION('',(1.,0.));
#6847 = ( GEOMETRIC_REPRESENTATION_CONTEXT(2) 
PARAMETRIC_REPRESENTATION_CONTEXT() REPRESENTATION_CONTEXT('2D SPACE',''
  ) );
#6848 = ORIENTED_EDGE('',*,*,#6803,.T.);
#6849 = ORIENTED_EDGE('',*,*,#6732,.T.);
#6850 = ORIENTED_EDGE('',*,*,#6656,.T.);
#6851 = ORIENTED_EDGE('',*,*,#6580,.T.);
#6852 = ORIENTED_EDGE('',*,*,#6476,.T.);
#6853 = ORIENTED_EDGE('',*,*,#6400,.T.);
#6854 = ADVANCED_FACE('',(#6855),#6307,.T.);
#6855 = FACE_BOUND('',#6856,.T.);
#6856 = EDGE_LOOP('',(#6857,#6858,#6879,#6880));
#6857 = ORIENTED_EDGE('',*,*,#6291,.F.);
#6858 = ORIENTED_EDGE('',*,*,#6859,.T.);
#6859 = EDGE_CURVE('',#6259,#6757,#6860,.T.);
#6860 = SURFACE_CURVE('',#6861,(#6865,#6872),.PCURVE_S1.);
#6861 = LINE('',#6862,#6863);
#6862 = CARTESIAN_POINT('',(4.1,4.24,1.325));
#6863 = VECTOR('',#6864,1.);
#6864 = DIRECTION('',(0.309586047461,0.,-0.950871431487));
#6865 = PCURVE('',#6307,#6866);
#6866 = DEFINITIONAL_REPRESENTATION('',(#6867),#6871);
#6867 = LINE('',#6868,#6869);
#6868 = CARTESIAN_POINT('',(0.,-0.205));
#6869 = VECTOR('',#6870,1.);
#6870 = DIRECTION('',(1.,0.));
#6871 = ( GEOMETRIC_REPRESENTATION_CONTEXT(2) 
PARAMETRIC_REPRESENTATION_CONTEXT() REPRESENTATION_CONTEXT('2D SPACE',''
  ) );
#6872 = PCURVE('',#6279,#6873);
#6873 = DEFINITIONAL_REPRESENTATION('',(#6874),#6878);
#6874 = LINE('',#6875,#6876);
#6875 = CARTESIAN_POINT('',(0.691496146342,-0.153946318775));
#6876 = VECTOR('',#6877,1.);
#6877 = DIRECTION('',(-0.950871431487,0.309586047461));
#6878 = ( GEOMETRIC_REPRESENTATION_CONTEXT(2) 
PARAMETRIC_REPRESENTATION_CONTEXT() REPRESENTATION_CONTEXT('2D SPACE',''
  ) );
#6879 = ORIENTED_EDGE('',*,*,#6756,.T.);
#6880 = ORIENTED_EDGE('',*,*,#6828,.F.);
#6881 = ADVANCED_FACE('',(#6882),#6279,.F.);
#6882 = FACE_BOUND('',#6883,.F.);
#6883 = EDGE_LOOP('',(#6884,#6885,#6886,#6887,#6888,#6889,#6890,#6891));
#6884 = ORIENTED_EDGE('',*,*,#6256,.T.);
#6885 = ORIENTED_EDGE('',*,*,#6859,.T.);
#6886 = ORIENTED_EDGE('',*,*,#6781,.T.);
#6887 = ORIENTED_EDGE('',*,*,#6710,.T.);
#6888 = ORIENTED_EDGE('',*,*,#6634,.T.);
#6889 = ORIENTED_EDGE('',*,*,#6558,.T.);
#6890 = ORIENTED_EDGE('',*,*,#6452,.T.);
#6891 = ORIENTED_EDGE('',*,*,#6376,.T.);
#6892 = MANIFOLD_SOLID_BREP('',#6893);
#6893 = CLOSED_SHELL('',(#6894,#7014,#7090,#7166,#7242,#7318,#7394,#7465
    ,#7496,#7523));
#6894 = ADVANCED_FACE('',(#6895),#6909,.T.);
#6895 = FACE_BOUND('',#6896,.T.);
#6896 = EDGE_LOOP('',(#6897,#6932,#6960,#6988));
#6897 = ORIENTED_EDGE('',*,*,#6898,.T.);
#6898 = EDGE_CURVE('',#6899,#6901,#6903,.T.);
#6899 = VERTEX_POINT('',#6900);
#6900 = CARTESIAN_POINT('',(3.4,2.97,1.325));
#6901 = VERTEX_POINT('',#6902);
#6902 = CARTESIAN_POINT('',(4.1,2.97,1.325));
#6903 = SURFACE_CURVE('',#6904,(#6908,#6920),.PCURVE_S1.);
#6904 = LINE('',#6905,#6906);
#6905 = CARTESIAN_POINT('',(3.4,2.97,1.325));
#6906 = VECTOR('',#6907,1.);
#6907 = DIRECTION('',(1.,0.,0.));
#6908 = PCURVE('',#6909,#6914);
#6909 = PLANE('',#6910);
#6910 = AXIS2_PLACEMENT_3D('',#6911,#6912,#6913);
#6911 = CARTESIAN_POINT('',(3.4,3.175,1.325));
#6912 = DIRECTION('',(-0.,0.,1.));
#6913 = DIRECTION('',(1.,0.,0.));
#6914 = DEFINITIONAL_REPRESENTATION('',(#6915),#6919);
#6915 = LINE('',#6916,#6917);
#6916 = CARTESIAN_POINT('',(0.,-0.205));
#6917 = VECTOR('',#6918,1.);
#6918 = DIRECTION('',(1.,0.));
#6919 = ( GEOMETRIC_REPRESENTATION_CONTEXT(2) 
PARAMETRIC_REPRESENTATION_CONTEXT() REPRESENTATION_CONTEXT('2D SPACE',''
  ) );
#6920 = PCURVE('',#6921,#6926);
#6921 = PLANE('',#6922);
#6922 = AXIS2_PLACEMENT_3D('',#6923,#6924,#6925);
#6923 = CARTESIAN_POINT('',(4.253946318775,2.97,0.633503853658));
#6924 = DIRECTION('',(0.,1.,0.));
#6925 = DIRECTION('',(0.,-0.,1.));
#6926 = DEFINITIONAL_REPRESENTATION('',(#6927),#6931);
#6927 = LINE('',#6928,#6929);
#6928 = CARTESIAN_POINT('',(0.691496146342,-0.853946318775));
#6929 = VECTOR('',#6930,1.);
#6930 = DIRECTION('',(0.,1.));
#6931 = ( GEOMETRIC_REPRESENTATION_CONTEXT(2) 
PARAMETRIC_REPRESENTATION_CONTEXT() REPRESENTATION_CONTEXT('2D SPACE',''
  ) );
#6932 = ORIENTED_EDGE('',*,*,#6933,.T.);
#6933 = EDGE_CURVE('',#6901,#6934,#6936,.T.);
#6934 = VERTEX_POINT('',#6935);
#6935 = CARTESIAN_POINT('',(4.1,3.38,1.325));
#6936 = SURFACE_CURVE('',#6937,(#6941,#6948),.PCURVE_S1.);
#6937 = LINE('',#6938,#6939);
#6938 = CARTESIAN_POINT('',(4.1,2.97,1.325));
#6939 = VECTOR('',#6940,1.);
#6940 = DIRECTION('',(0.,1.,0.));
#6941 = PCURVE('',#6909,#6942);
#6942 = DEFINITIONAL_REPRESENTATION('',(#6943),#6947);
#6943 = LINE('',#6944,#6945);
#6944 = CARTESIAN_POINT('',(0.7,-0.205));
#6945 = VECTOR('',#6946,1.);
#6946 = DIRECTION('',(0.,1.));
#6947 = ( GEOMETRIC_REPRESENTATION_CONTEXT(2) 
PARAMETRIC_REPRESENTATION_CONTEXT() REPRESENTATION_CONTEXT('2D SPACE',''
  ) );
#6948 = PCURVE('',#6949,#6954);
#6949 = PLANE('',#6950);
#6950 = AXIS2_PLACEMENT_3D('',#6951,#6952,#6953);
#6951 = CARTESIAN_POINT('',(4.1,3.175,1.325));
#6952 = DIRECTION('',(0.950871431487,0.,0.309586047461));
#6953 = DIRECTION('',(0.309586047461,0.,-0.950871431487));
#6954 = DEFINITIONAL_REPRESENTATION('',(#6955),#6959);
#6955 = LINE('',#6956,#6957);
#6956 = CARTESIAN_POINT('',(0.,-0.205));
#6957 = VECTOR('',#6958,1.);
#6958 = DIRECTION('',(0.,1.));
#6959 = ( GEOMETRIC_REPRESENTATION_CONTEXT(2) 
PARAMETRIC_REPRESENTATION_CONTEXT() REPRESENTATION_CONTEXT('2D SPACE',''
  ) );
#6960 = ORIENTED_EDGE('',*,*,#6961,.F.);
#6961 = EDGE_CURVE('',#6962,#6934,#6964,.T.);
#6962 = VERTEX_POINT('',#6963);
#6963 = CARTESIAN_POINT('',(3.4,3.38,1.325));
#6964 = SURFACE_CURVE('',#6965,(#6969,#6976),.PCURVE_S1.);
#6965 = LINE('',#6966,#6967);
#6966 = CARTESIAN_POINT('',(3.4,3.38,1.325));
#6967 = VECTOR('',#6968,1.);
#6968 = DIRECTION('',(1.,0.,0.));
#6969 = PCURVE('',#6909,#6970);
#6970 = DEFINITIONAL_REPRESENTATION('',(#6971),#6975);
#6971 = LINE('',#6972,#6973);
#6972 = CARTESIAN_POINT('',(0.,0.205));
#6973 = VECTOR('',#6974,1.);
#6974 = DIRECTION('',(1.,0.));
#6975 = ( GEOMETRIC_REPRESENTATION_CONTEXT(2) 
PARAMETRIC_REPRESENTATION_CONTEXT() REPRESENTATION_CONTEXT('2D SPACE',''
  ) );
#6976 = PCURVE('',#6977,#6982);
#6977 = PLANE('',#6978);
#6978 = AXIS2_PLACEMENT_3D('',#6979,#6980,#6981);
#6979 = CARTESIAN_POINT('',(4.253946318775,3.38,0.633503853658));
#6980 = DIRECTION('',(0.,1.,0.));
#6981 = DIRECTION('',(0.,-0.,1.));
#6982 = DEFINITIONAL_REPRESENTATION('',(#6983),#6987);
#6983 = LINE('',#6984,#6985);
#6984 = CARTESIAN_POINT('',(0.691496146342,-0.853946318775));
#6985 = VECTOR('',#6986,1.);
#6986 = DIRECTION('',(0.,1.));
#6987 = ( GEOMETRIC_REPRESENTATION_CONTEXT(2) 
PARAMETRIC_REPRESENTATION_CONTEXT() REPRESENTATION_CONTEXT('2D SPACE',''
  ) );
#6988 = ORIENTED_EDGE('',*,*,#6989,.T.);
#6989 = EDGE_CURVE('',#6962,#6899,#6990,.T.);
#6990 = SURFACE_CURVE('',#6991,(#6995,#7002),.PCURVE_S1.);
#6991 = LINE('',#6992,#6993);
#6992 = CARTESIAN_POINT('',(3.4,3.38,1.325));
#6993 = VECTOR('',#6994,1.);
#6994 = DIRECTION('',(0.,-1.,0.));
#6995 = PCURVE('',#6909,#6996);
#6996 = DEFINITIONAL_REPRESENTATION('',(#6997),#7001);
#6997 = LINE('',#6998,#6999);
#6998 = CARTESIAN_POINT('',(0.,0.205));
#6999 = VECTOR('',#7000,1.);
#7000 = DIRECTION('',(0.,-1.));
#7001 = ( GEOMETRIC_REPRESENTATION_CONTEXT(2) 
PARAMETRIC_REPRESENTATION_CONTEXT() REPRESENTATION_CONTEXT('2D SPACE',''
  ) );
#7002 = PCURVE('',#7003,#7008);
#7003 = PLANE('',#7004);
#7004 = AXIS2_PLACEMENT_3D('',#7005,#7006,#7007);
#7005 = CARTESIAN_POINT('',(3.4,3.175,1.075));
#7006 = DIRECTION('',(-1.,0.,0.));
#7007 = DIRECTION('',(0.,0.,1.));
#7008 = DEFINITIONAL_REPRESENTATION('',(#7009),#7013);
#7009 = LINE('',#7010,#7011);
#7010 = CARTESIAN_POINT('',(0.25,0.205));
#7011 = VECTOR('',#7012,1.);
#7012 = DIRECTION('',(0.,-1.));
#7013 = ( GEOMETRIC_REPRESENTATION_CONTEXT(2) 
PARAMETRIC_REPRESENTATION_CONTEXT() REPRESENTATION_CONTEXT('2D SPACE',''
  ) );
#7014 = ADVANCED_FACE('',(#7015),#7003,.T.);
#7015 = FACE_BOUND('',#7016,.T.);
#7016 = EDGE_LOOP('',(#7017,#7040,#7041,#7064));
#7017 = ORIENTED_EDGE('',*,*,#7018,.T.);
#7018 = EDGE_CURVE('',#7019,#6899,#7021,.T.);
#7019 = VERTEX_POINT('',#7020);
#7020 = CARTESIAN_POINT('',(3.4,2.97,1.075));
#7021 = SURFACE_CURVE('',#7022,(#7026,#7033),.PCURVE_S1.);
#7022 = LINE('',#7023,#7024);
#7023 = CARTESIAN_POINT('',(3.4,2.97,1.075));
#7024 = VECTOR('',#7025,1.);
#7025 = DIRECTION('',(0.,0.,1.));
#7026 = PCURVE('',#7003,#7027);
#7027 = DEFINITIONAL_REPRESENTATION('',(#7028),#7032);
#7028 = LINE('',#7029,#7030);
#7029 = CARTESIAN_POINT('',(0.,-0.205));
#7030 = VECTOR('',#7031,1.);
#7031 = DIRECTION('',(1.,0.));
#7032 = ( GEOMETRIC_REPRESENTATION_CONTEXT(2) 
PARAMETRIC_REPRESENTATION_CONTEXT() REPRESENTATION_CONTEXT('2D SPACE',''
  ) );
#7033 = PCURVE('',#6921,#7034);
#7034 = DEFINITIONAL_REPRESENTATION('',(#7035),#7039);
#7035 = LINE('',#7036,#7037);
#7036 = CARTESIAN_POINT('',(0.441496146342,-0.853946318775));
#7037 = VECTOR('',#7038,1.);
#7038 = DIRECTION('',(1.,0.));
#7039 = ( GEOMETRIC_REPRESENTATION_CONTEXT(2) 
PARAMETRIC_REPRESENTATION_CONTEXT() REPRESENTATION_CONTEXT('2D SPACE',''
  ) );
#7040 = ORIENTED_EDGE('',*,*,#6989,.F.);
#7041 = ORIENTED_EDGE('',*,*,#7042,.F.);
#7042 = EDGE_CURVE('',#7043,#6962,#7045,.T.);
#7043 = VERTEX_POINT('',#7044);
#7044 = CARTESIAN_POINT('',(3.4,3.38,1.075));
#7045 = SURFACE_CURVE('',#7046,(#7050,#7057),.PCURVE_S1.);
#7046 = LINE('',#7047,#7048);
#7047 = CARTESIAN_POINT('',(3.4,3.38,1.075));
#7048 = VECTOR('',#7049,1.);
#7049 = DIRECTION('',(0.,0.,1.));
#7050 = PCURVE('',#7003,#7051);
#7051 = DEFINITIONAL_REPRESENTATION('',(#7052),#7056);
#7052 = LINE('',#7053,#7054);
#7053 = CARTESIAN_POINT('',(0.,0.205));
#7054 = VECTOR('',#7055,1.);
#7055 = DIRECTION('',(1.,0.));
#7056 = ( GEOMETRIC_REPRESENTATION_CONTEXT(2) 
PARAMETRIC_REPRESENTATION_CONTEXT() REPRESENTATION_CONTEXT('2D SPACE',''
  ) );
#7057 = PCURVE('',#6977,#7058);
#7058 = DEFINITIONAL_REPRESENTATION('',(#7059),#7063);
#7059 = LINE('',#7060,#7061);
#7060 = CARTESIAN_POINT('',(0.441496146342,-0.853946318775));
#7061 = VECTOR('',#7062,1.);
#7062 = DIRECTION('',(1.,0.));
#7063 = ( GEOMETRIC_REPRESENTATION_CONTEXT(2) 
PARAMETRIC_REPRESENTATION_CONTEXT() REPRESENTATION_CONTEXT('2D SPACE',''
  ) );
#7064 = ORIENTED_EDGE('',*,*,#7065,.T.);
#7065 = EDGE_CURVE('',#7043,#7019,#7066,.T.);
#7066 = SURFACE_CURVE('',#7067,(#7071,#7078),.PCURVE_S1.);
#7067 = LINE('',#7068,#7069);
#7068 = CARTESIAN_POINT('',(3.4,3.38,1.075));
#7069 = VECTOR('',#7070,1.);
#7070 = DIRECTION('',(0.,-1.,0.));
#7071 = PCURVE('',#7003,#7072);
#7072 = DEFINITIONAL_REPRESENTATION('',(#7073),#7077);
#7073 = LINE('',#7074,#7075);
#7074 = CARTESIAN_POINT('',(0.,0.205));
#7075 = VECTOR('',#7076,1.);
#7076 = DIRECTION('',(0.,-1.));
#7077 = ( GEOMETRIC_REPRESENTATION_CONTEXT(2) 
PARAMETRIC_REPRESENTATION_CONTEXT() REPRESENTATION_CONTEXT('2D SPACE',''
  ) );
#7078 = PCURVE('',#7079,#7084);
#7079 = PLANE('',#7080);
#7080 = AXIS2_PLACEMENT_3D('',#7081,#7082,#7083);
#7081 = CARTESIAN_POINT('',(3.95,3.175,1.075));
#7082 = DIRECTION('',(-0.,-0.,-1.));
#7083 = DIRECTION('',(-1.,0.,0.));
#7084 = DEFINITIONAL_REPRESENTATION('',(#7085),#7089);
#7085 = LINE('',#7086,#7087);
#7086 = CARTESIAN_POINT('',(0.55,0.205));
#7087 = VECTOR('',#7088,1.);
#7088 = DIRECTION('',(0.,-1.));
#7089 = ( GEOMETRIC_REPRESENTATION_CONTEXT(2) 
PARAMETRIC_REPRESENTATION_CONTEXT() REPRESENTATION_CONTEXT('2D SPACE',''
  ) );
#7090 = ADVANCED_FACE('',(#7091),#7079,.T.);
#7091 = FACE_BOUND('',#7092,.T.);
#7092 = EDGE_LOOP('',(#7093,#7116,#7117,#7140));
#7093 = ORIENTED_EDGE('',*,*,#7094,.T.);
#7094 = EDGE_CURVE('',#7095,#7019,#7097,.T.);
#7095 = VERTEX_POINT('',#7096);
#7096 = CARTESIAN_POINT('',(3.95,2.97,1.075));
#7097 = SURFACE_CURVE('',#7098,(#7102,#7109),.PCURVE_S1.);
#7098 = LINE('',#7099,#7100);
#7099 = CARTESIAN_POINT('',(3.95,2.97,1.075));
#7100 = VECTOR('',#7101,1.);
#7101 = DIRECTION('',(-1.,0.,0.));
#7102 = PCURVE('',#7079,#7103);
#7103 = DEFINITIONAL_REPRESENTATION('',(#7104),#7108);
#7104 = LINE('',#7105,#7106);
#7105 = CARTESIAN_POINT('',(0.,-0.205));
#7106 = VECTOR('',#7107,1.);
#7107 = DIRECTION('',(1.,0.));
#7108 = ( GEOMETRIC_REPRESENTATION_CONTEXT(2) 
PARAMETRIC_REPRESENTATION_CONTEXT() REPRESENTATION_CONTEXT('2D SPACE',''
  ) );
#7109 = PCURVE('',#6921,#7110);
#7110 = DEFINITIONAL_REPRESENTATION('',(#7111),#7115);
#7111 = LINE('',#7112,#7113);
#7112 = CARTESIAN_POINT('',(0.441496146342,-0.303946318775));
#7113 = VECTOR('',#7114,1.);
#7114 = DIRECTION('',(0.,-1.));
#7115 = ( GEOMETRIC_REPRESENTATION_CONTEXT(2) 
PARAMETRIC_REPRESENTATION_CONTEXT() REPRESENTATION_CONTEXT('2D SPACE',''
  ) );
#7116 = ORIENTED_EDGE('',*,*,#7065,.F.);
#7117 = ORIENTED_EDGE('',*,*,#7118,.F.);
#7118 = EDGE_CURVE('',#7119,#7043,#7121,.T.);
#7119 = VERTEX_POINT('',#7120);
#7120 = CARTESIAN_POINT('',(3.95,3.38,1.075));
#7121 = SURFACE_CURVE('',#7122,(#7126,#7133),.PCURVE_S1.);
#7122 = LINE('',#7123,#7124);
#7123 = CARTESIAN_POINT('',(3.95,3.38,1.075));
#7124 = VECTOR('',#7125,1.);
#7125 = DIRECTION('',(-1.,0.,0.));
#7126 = PCURVE('',#7079,#7127);
#7127 = DEFINITIONAL_REPRESENTATION('',(#7128),#7132);
#7128 = LINE('',#7129,#7130);
#7129 = CARTESIAN_POINT('',(0.,0.205));
#7130 = VECTOR('',#7131,1.);
#7131 = DIRECTION('',(1.,0.));
#7132 = ( GEOMETRIC_REPRESENTATION_CONTEXT(2) 
PARAMETRIC_REPRESENTATION_CONTEXT() REPRESENTATION_CONTEXT('2D SPACE',''
  ) );
#7133 = PCURVE('',#6977,#7134);
#7134 = DEFINITIONAL_REPRESENTATION('',(#7135),#7139);
#7135 = LINE('',#7136,#7137);
#7136 = CARTESIAN_POINT('',(0.441496146342,-0.303946318775));
#7137 = VECTOR('',#7138,1.);
#7138 = DIRECTION('',(0.,-1.));
#7139 = ( GEOMETRIC_REPRESENTATION_CONTEXT(2) 
PARAMETRIC_REPRESENTATION_CONTEXT() REPRESENTATION_CONTEXT('2D SPACE',''
  ) );
#7140 = ORIENTED_EDGE('',*,*,#7141,.T.);
#7141 = EDGE_CURVE('',#7119,#7095,#7142,.T.);
#7142 = SURFACE_CURVE('',#7143,(#7147,#7154),.PCURVE_S1.);
#7143 = LINE('',#7144,#7145);
#7144 = CARTESIAN_POINT('',(3.95,3.38,1.075));
#7145 = VECTOR('',#7146,1.);
#7146 = DIRECTION('',(0.,-1.,0.));
#7147 = PCURVE('',#7079,#7148);
#7148 = DEFINITIONAL_REPRESENTATION('',(#7149),#7153);
#7149 = LINE('',#7150,#7151);
#7150 = CARTESIAN_POINT('',(0.,0.205));
#7151 = VECTOR('',#7152,1.);
#7152 = DIRECTION('',(0.,-1.));
#7153 = ( GEOMETRIC_REPRESENTATION_CONTEXT(2) 
PARAMETRIC_REPRESENTATION_CONTEXT() REPRESENTATION_CONTEXT('2D SPACE',''
  ) );
#7154 = PCURVE('',#7155,#7160);
#7155 = PLANE('',#7156);
#7156 = AXIS2_PLACEMENT_3D('',#7157,#7158,#7159);
#7157 = CARTESIAN_POINT('',(4.3,3.175,0.));
#7158 = DIRECTION('',(-0.950871431487,-0.,-0.309586047461));
#7159 = DIRECTION('',(-0.309586047461,0.,0.950871431487));
#7160 = DEFINITIONAL_REPRESENTATION('',(#7161),#7165);
#7161 = LINE('',#7162,#7163);
#7162 = CARTESIAN_POINT('',(1.13054190546,0.205));
#7163 = VECTOR('',#7164,1.);
#7164 = DIRECTION('',(0.,-1.));
#7165 = ( GEOMETRIC_REPRESENTATION_CONTEXT(2) 
PARAMETRIC_REPRESENTATION_CONTEXT() REPRESENTATION_CONTEXT('2D SPACE',''
  ) );
#7166 = ADVANCED_FACE('',(#7167),#7155,.T.);
#7167 = FACE_BOUND('',#7168,.T.);
#7168 = EDGE_LOOP('',(#7169,#7199,#7220,#7221));
#7169 = ORIENTED_EDGE('',*,*,#7170,.F.);
#7170 = EDGE_CURVE('',#7171,#7173,#7175,.T.);
#7171 = VERTEX_POINT('',#7172);
#7172 = CARTESIAN_POINT('',(4.3,2.97,0.));
#7173 = VERTEX_POINT('',#7174);
#7174 = CARTESIAN_POINT('',(4.3,3.38,0.));
#7175 = SURFACE_CURVE('',#7176,(#7180,#7187),.PCURVE_S1.);
#7176 = LINE('',#7177,#7178);
#7177 = CARTESIAN_POINT('',(4.3,2.97,0.));
#7178 = VECTOR('',#7179,1.);
#7179 = DIRECTION('',(0.,1.,0.));
#7180 = PCURVE('',#7155,#7181);
#7181 = DEFINITIONAL_REPRESENTATION('',(#7182),#7186);
#7182 = LINE('',#7183,#7184);
#7183 = CARTESIAN_POINT('',(0.,-0.205));
#7184 = VECTOR('',#7185,1.);
#7185 = DIRECTION('',(0.,1.));
#7186 = ( GEOMETRIC_REPRESENTATION_CONTEXT(2) 
PARAMETRIC_REPRESENTATION_CONTEXT() REPRESENTATION_CONTEXT('2D SPACE',''
  ) );
#7187 = PCURVE('',#7188,#7193);
#7188 = PLANE('',#7189);
#7189 = AXIS2_PLACEMENT_3D('',#7190,#7191,#7192);
#7190 = CARTESIAN_POINT('',(5.15,3.175,0.));
#7191 = DIRECTION('',(-0.,-0.,-1.));
#7192 = DIRECTION('',(-1.,0.,0.));
#7193 = DEFINITIONAL_REPRESENTATION('',(#7194),#7198);
#7194 = LINE('',#7195,#7196);
#7195 = CARTESIAN_POINT('',(0.85,-0.205));
#7196 = VECTOR('',#7197,1.);
#7197 = DIRECTION('',(0.,1.));
#7198 = ( GEOMETRIC_REPRESENTATION_CONTEXT(2) 
PARAMETRIC_REPRESENTATION_CONTEXT() REPRESENTATION_CONTEXT('2D SPACE',''
  ) );
#7199 = ORIENTED_EDGE('',*,*,#7200,.T.);
#7200 = EDGE_CURVE('',#7171,#7095,#7201,.T.);
#7201 = SURFACE_CURVE('',#7202,(#7206,#7213),.PCURVE_S1.);
#7202 = LINE('',#7203,#7204);
#7203 = CARTESIAN_POINT('',(4.3,2.97,0.));
#7204 = VECTOR('',#7205,1.);
#7205 = DIRECTION('',(-0.309586047461,0.,0.950871431487));
#7206 = PCURVE('',#7155,#7207);
#7207 = DEFINITIONAL_REPRESENTATION('',(#7208),#7212);
#7208 = LINE('',#7209,#7210);
#7209 = CARTESIAN_POINT('',(0.,-0.205));
#7210 = VECTOR('',#7211,1.);
#7211 = DIRECTION('',(1.,0.));
#7212 = ( GEOMETRIC_REPRESENTATION_CONTEXT(2) 
PARAMETRIC_REPRESENTATION_CONTEXT() REPRESENTATION_CONTEXT('2D SPACE',''
  ) );
#7213 = PCURVE('',#6921,#7214);
#7214 = DEFINITIONAL_REPRESENTATION('',(#7215),#7219);
#7215 = LINE('',#7216,#7217);
#7216 = CARTESIAN_POINT('',(-0.633503853658,4.6053681225E-02));
#7217 = VECTOR('',#7218,1.);
#7218 = DIRECTION('',(0.950871431487,-0.309586047461));
#7219 = ( GEOMETRIC_REPRESENTATION_CONTEXT(2) 
PARAMETRIC_REPRESENTATION_CONTEXT() REPRESENTATION_CONTEXT('2D SPACE',''
  ) );
#7220 = ORIENTED_EDGE('',*,*,#7141,.F.);
#7221 = ORIENTED_EDGE('',*,*,#7222,.F.);
#7222 = EDGE_CURVE('',#7173,#7119,#7223,.T.);
#7223 = SURFACE_CURVE('',#7224,(#7228,#7235),.PCURVE_S1.);
#7224 = LINE('',#7225,#7226);
#7225 = CARTESIAN_POINT('',(4.3,3.38,0.));
#7226 = VECTOR('',#7227,1.);
#7227 = DIRECTION('',(-0.309586047461,0.,0.950871431487));
#7228 = PCURVE('',#7155,#7229);
#7229 = DEFINITIONAL_REPRESENTATION('',(#7230),#7234);
#7230 = LINE('',#7231,#7232);
#7231 = CARTESIAN_POINT('',(0.,0.205));
#7232 = VECTOR('',#7233,1.);
#7233 = DIRECTION('',(1.,0.));
#7234 = ( GEOMETRIC_REPRESENTATION_CONTEXT(2) 
PARAMETRIC_REPRESENTATION_CONTEXT() REPRESENTATION_CONTEXT('2D SPACE',''
  ) );
#7235 = PCURVE('',#6977,#7236);
#7236 = DEFINITIONAL_REPRESENTATION('',(#7237),#7241);
#7237 = LINE('',#7238,#7239);
#7238 = CARTESIAN_POINT('',(-0.633503853658,4.6053681225E-02));
#7239 = VECTOR('',#7240,1.);
#7240 = DIRECTION('',(0.950871431487,-0.309586047461));
#7241 = ( GEOMETRIC_REPRESENTATION_CONTEXT(2) 
PARAMETRIC_REPRESENTATION_CONTEXT() REPRESENTATION_CONTEXT('2D SPACE',''
  ) );
#7242 = ADVANCED_FACE('',(#7243),#7188,.T.);
#7243 = FACE_BOUND('',#7244,.T.);
#7244 = EDGE_LOOP('',(#7245,#7275,#7296,#7297));
#7245 = ORIENTED_EDGE('',*,*,#7246,.F.);
#7246 = EDGE_CURVE('',#7247,#7249,#7251,.T.);
#7247 = VERTEX_POINT('',#7248);
#7248 = CARTESIAN_POINT('',(5.15,2.97,0.));
#7249 = VERTEX_POINT('',#7250);
#7250 = CARTESIAN_POINT('',(5.15,3.38,0.));
#7251 = SURFACE_CURVE('',#7252,(#7256,#7263),.PCURVE_S1.);
#7252 = LINE('',#7253,#7254);
#7253 = CARTESIAN_POINT('',(5.15,2.97,0.));
#7254 = VECTOR('',#7255,1.);
#7255 = DIRECTION('',(0.,1.,0.));
#7256 = PCURVE('',#7188,#7257);
#7257 = DEFINITIONAL_REPRESENTATION('',(#7258),#7262);
#7258 = LINE('',#7259,#7260);
#7259 = CARTESIAN_POINT('',(0.,-0.205));
#7260 = VECTOR('',#7261,1.);
#7261 = DIRECTION('',(0.,1.));
#7262 = ( GEOMETRIC_REPRESENTATION_CONTEXT(2) 
PARAMETRIC_REPRESENTATION_CONTEXT() REPRESENTATION_CONTEXT('2D SPACE',''
  ) );
#7263 = PCURVE('',#7264,#7269);
#7264 = PLANE('',#7265);
#7265 = AXIS2_PLACEMENT_3D('',#7266,#7267,#7268);
#7266 = CARTESIAN_POINT('',(5.15,3.175,0.25));
#7267 = DIRECTION('',(1.,0.,0.));
#7268 = DIRECTION('',(0.,0.,-1.));
#7269 = DEFINITIONAL_REPRESENTATION('',(#7270),#7274);
#7270 = LINE('',#7271,#7272);
#7271 = CARTESIAN_POINT('',(0.25,-0.205));
#7272 = VECTOR('',#7273,1.);
#7273 = DIRECTION('',(0.,1.));
#7274 = ( GEOMETRIC_REPRESENTATION_CONTEXT(2) 
PARAMETRIC_REPRESENTATION_CONTEXT() REPRESENTATION_CONTEXT('2D SPACE',''
  ) );
#7275 = ORIENTED_EDGE('',*,*,#7276,.T.);
#7276 = EDGE_CURVE('',#7247,#7171,#7277,.T.);
#7277 = SURFACE_CURVE('',#7278,(#7282,#7289),.PCURVE_S1.);
#7278 = LINE('',#7279,#7280);
#7279 = CARTESIAN_POINT('',(5.15,2.97,0.));
#7280 = VECTOR('',#7281,1.);
#7281 = DIRECTION('',(-1.,0.,0.));
#7282 = PCURVE('',#7188,#7283);
#7283 = DEFINITIONAL_REPRESENTATION('',(#7284),#7288);
#7284 = LINE('',#7285,#7286);
#7285 = CARTESIAN_POINT('',(0.,-0.205));
#7286 = VECTOR('',#7287,1.);
#7287 = DIRECTION('',(1.,0.));
#7288 = ( GEOMETRIC_REPRESENTATION_CONTEXT(2) 
PARAMETRIC_REPRESENTATION_CONTEXT() REPRESENTATION_CONTEXT('2D SPACE',''
  ) );
#7289 = PCURVE('',#6921,#7290);
#7290 = DEFINITIONAL_REPRESENTATION('',(#7291),#7295);
#7291 = LINE('',#7292,#7293);
#7292 = CARTESIAN_POINT('',(-0.633503853658,0.896053681225));
#7293 = VECTOR('',#7294,1.);
#7294 = DIRECTION('',(0.,-1.));
#7295 = ( GEOMETRIC_REPRESENTATION_CONTEXT(2) 
PARAMETRIC_REPRESENTATION_CONTEXT() REPRESENTATION_CONTEXT('2D SPACE',''
  ) );
#7296 = ORIENTED_EDGE('',*,*,#7170,.T.);
#7297 = ORIENTED_EDGE('',*,*,#7298,.F.);
#7298 = EDGE_CURVE('',#7249,#7173,#7299,.T.);
#7299 = SURFACE_CURVE('',#7300,(#7304,#7311),.PCURVE_S1.);
#7300 = LINE('',#7301,#7302);
#7301 = CARTESIAN_POINT('',(5.15,3.38,0.));
#7302 = VECTOR('',#7303,1.);
#7303 = DIRECTION('',(-1.,0.,0.));
#7304 = PCURVE('',#7188,#7305);
#7305 = DEFINITIONAL_REPRESENTATION('',(#7306),#7310);
#7306 = LINE('',#7307,#7308);
#7307 = CARTESIAN_POINT('',(0.,0.205));
#7308 = VECTOR('',#7309,1.);
#7309 = DIRECTION('',(1.,0.));
#7310 = ( GEOMETRIC_REPRESENTATION_CONTEXT(2) 
PARAMETRIC_REPRESENTATION_CONTEXT() REPRESENTATION_CONTEXT('2D SPACE',''
  ) );
#7311 = PCURVE('',#6977,#7312);
#7312 = DEFINITIONAL_REPRESENTATION('',(#7313),#7317);
#7313 = LINE('',#7314,#7315);
#7314 = CARTESIAN_POINT('',(-0.633503853658,0.896053681225));
#7315 = VECTOR('',#7316,1.);
#7316 = DIRECTION('',(0.,-1.));
#7317 = ( GEOMETRIC_REPRESENTATION_CONTEXT(2) 
PARAMETRIC_REPRESENTATION_CONTEXT() REPRESENTATION_CONTEXT('2D SPACE',''
  ) );
#7318 = ADVANCED_FACE('',(#7319),#7264,.T.);
#7319 = FACE_BOUND('',#7320,.T.);
#7320 = EDGE_LOOP('',(#7321,#7351,#7372,#7373));
#7321 = ORIENTED_EDGE('',*,*,#7322,.F.);
#7322 = EDGE_CURVE('',#7323,#7325,#7327,.T.);
#7323 = VERTEX_POINT('',#7324);
#7324 = CARTESIAN_POINT('',(5.15,2.97,0.25));
#7325 = VERTEX_POINT('',#7326);
#7326 = CARTESIAN_POINT('',(5.15,3.38,0.25));
#7327 = SURFACE_CURVE('',#7328,(#7332,#7339),.PCURVE_S1.);
#7328 = LINE('',#7329,#7330);
#7329 = CARTESIAN_POINT('',(5.15,2.97,0.25));
#7330 = VECTOR('',#7331,1.);
#7331 = DIRECTION('',(0.,1.,0.));
#7332 = PCURVE('',#7264,#7333);
#7333 = DEFINITIONAL_REPRESENTATION('',(#7334),#7338);
#7334 = LINE('',#7335,#7336);
#7335 = CARTESIAN_POINT('',(0.,-0.205));
#7336 = VECTOR('',#7337,1.);
#7337 = DIRECTION('',(0.,1.));
#7338 = ( GEOMETRIC_REPRESENTATION_CONTEXT(2) 
PARAMETRIC_REPRESENTATION_CONTEXT() REPRESENTATION_CONTEXT('2D SPACE',''
  ) );
#7339 = PCURVE('',#7340,#7345);
#7340 = PLANE('',#7341);
#7341 = AXIS2_PLACEMENT_3D('',#7342,#7343,#7344);
#7342 = CARTESIAN_POINT('',(4.45,3.175,0.25));
#7343 = DIRECTION('',(-0.,0.,1.));
#7344 = DIRECTION('',(1.,0.,0.));
#7345 = DEFINITIONAL_REPRESENTATION('',(#7346),#7350);
#7346 = LINE('',#7347,#7348);
#7347 = CARTESIAN_POINT('',(0.7,-0.205));
#7348 = VECTOR('',#7349,1.);
#7349 = DIRECTION('',(0.,1.));
#7350 = ( GEOMETRIC_REPRESENTATION_CONTEXT(2) 
PARAMETRIC_REPRESENTATION_CONTEXT() REPRESENTATION_CONTEXT('2D SPACE',''
  ) );
#7351 = ORIENTED_EDGE('',*,*,#7352,.T.);
#7352 = EDGE_CURVE('',#7323,#7247,#7353,.T.);
#7353 = SURFACE_CURVE('',#7354,(#7358,#7365),.PCURVE_S1.);
#7354 = LINE('',#7355,#7356);
#7355 = CARTESIAN_POINT('',(5.15,2.97,0.25));
#7356 = VECTOR('',#7357,1.);
#7357 = DIRECTION('',(0.,0.,-1.));
#7358 = PCURVE('',#7264,#7359);
#7359 = DEFINITIONAL_REPRESENTATION('',(#7360),#7364);
#7360 = LINE('',#7361,#7362);
#7361 = CARTESIAN_POINT('',(0.,-0.205));
#7362 = VECTOR('',#7363,1.);
#7363 = DIRECTION('',(1.,0.));
#7364 = ( GEOMETRIC_REPRESENTATION_CONTEXT(2) 
PARAMETRIC_REPRESENTATION_CONTEXT() REPRESENTATION_CONTEXT('2D SPACE',''
  ) );
#7365 = PCURVE('',#6921,#7366);
#7366 = DEFINITIONAL_REPRESENTATION('',(#7367),#7371);
#7367 = LINE('',#7368,#7369);
#7368 = CARTESIAN_POINT('',(-0.383503853658,0.896053681225));
#7369 = VECTOR('',#7370,1.);
#7370 = DIRECTION('',(-1.,0.));
#7371 = ( GEOMETRIC_REPRESENTATION_CONTEXT(2) 
PARAMETRIC_REPRESENTATION_CONTEXT() REPRESENTATION_CONTEXT('2D SPACE',''
  ) );
#7372 = ORIENTED_EDGE('',*,*,#7246,.T.);
#7373 = ORIENTED_EDGE('',*,*,#7374,.F.);
#7374 = EDGE_CURVE('',#7325,#7249,#7375,.T.);
#7375 = SURFACE_CURVE('',#7376,(#7380,#7387),.PCURVE_S1.);
#7376 = LINE('',#7377,#7378);
#7377 = CARTESIAN_POINT('',(5.15,3.38,0.25));
#7378 = VECTOR('',#7379,1.);
#7379 = DIRECTION('',(0.,0.,-1.));
#7380 = PCURVE('',#7264,#7381);
#7381 = DEFINITIONAL_REPRESENTATION('',(#7382),#7386);
#7382 = LINE('',#7383,#7384);
#7383 = CARTESIAN_POINT('',(0.,0.205));
#7384 = VECTOR('',#7385,1.);
#7385 = DIRECTION('',(1.,0.));
#7386 = ( GEOMETRIC_REPRESENTATION_CONTEXT(2) 
PARAMETRIC_REPRESENTATION_CONTEXT() REPRESENTATION_CONTEXT('2D SPACE',''
  ) );
#7387 = PCURVE('',#6977,#7388);
#7388 = DEFINITIONAL_REPRESENTATION('',(#7389),#7393);
#7389 = LINE('',#7390,#7391);
#7390 = CARTESIAN_POINT('',(-0.383503853658,0.896053681225));
#7391 = VECTOR('',#7392,1.);
#7392 = DIRECTION('',(-1.,0.));
#7393 = ( GEOMETRIC_REPRESENTATION_CONTEXT(2) 
PARAMETRIC_REPRESENTATION_CONTEXT() REPRESENTATION_CONTEXT('2D SPACE',''
  ) );
#7394 = ADVANCED_FACE('',(#7395),#7340,.T.);
#7395 = FACE_BOUND('',#7396,.T.);
#7396 = EDGE_LOOP('',(#7397,#7422,#7443,#7444));
#7397 = ORIENTED_EDGE('',*,*,#7398,.F.);
#7398 = EDGE_CURVE('',#7399,#7401,#7403,.T.);
#7399 = VERTEX_POINT('',#7400);
#7400 = CARTESIAN_POINT('',(4.45,2.97,0.25));
#7401 = VERTEX_POINT('',#7402);
#7402 = CARTESIAN_POINT('',(4.45,3.38,0.25));
#7403 = SURFACE_CURVE('',#7404,(#7408,#7415),.PCURVE_S1.);
#7404 = LINE('',#7405,#7406);
#7405 = CARTESIAN_POINT('',(4.45,2.97,0.25));
#7406 = VECTOR('',#7407,1.);
#7407 = DIRECTION('',(0.,1.,0.));
#7408 = PCURVE('',#7340,#7409);
#7409 = DEFINITIONAL_REPRESENTATION('',(#7410),#7414);
#7410 = LINE('',#7411,#7412);
#7411 = CARTESIAN_POINT('',(0.,-0.205));
#7412 = VECTOR('',#7413,1.);
#7413 = DIRECTION('',(0.,1.));
#7414 = ( GEOMETRIC_REPRESENTATION_CONTEXT(2) 
PARAMETRIC_REPRESENTATION_CONTEXT() REPRESENTATION_CONTEXT('2D SPACE',''
  ) );
#7415 = PCURVE('',#6949,#7416);
#7416 = DEFINITIONAL_REPRESENTATION('',(#7417),#7421);
#7417 = LINE('',#7418,#7419);
#7418 = CARTESIAN_POINT('',(1.13054190546,-0.205));
#7419 = VECTOR('',#7420,1.);
#7420 = DIRECTION('',(0.,1.));
#7421 = ( GEOMETRIC_REPRESENTATION_CONTEXT(2) 
PARAMETRIC_REPRESENTATION_CONTEXT() REPRESENTATION_CONTEXT('2D SPACE',''
  ) );
#7422 = ORIENTED_EDGE('',*,*,#7423,.T.);
#7423 = EDGE_CURVE('',#7399,#7323,#7424,.T.);
#7424 = SURFACE_CURVE('',#7425,(#7429,#7436),.PCURVE_S1.);
#7425 = LINE('',#7426,#7427);
#7426 = CARTESIAN_POINT('',(4.45,2.97,0.25));
#7427 = VECTOR('',#7428,1.);
#7428 = DIRECTION('',(1.,0.,0.));
#7429 = PCURVE('',#7340,#7430);
#7430 = DEFINITIONAL_REPRESENTATION('',(#7431),#7435);
#7431 = LINE('',#7432,#7433);
#7432 = CARTESIAN_POINT('',(0.,-0.205));
#7433 = VECTOR('',#7434,1.);
#7434 = DIRECTION('',(1.,0.));
#7435 = ( GEOMETRIC_REPRESENTATION_CONTEXT(2) 
PARAMETRIC_REPRESENTATION_CONTEXT() REPRESENTATION_CONTEXT('2D SPACE',''
  ) );
#7436 = PCURVE('',#6921,#7437);
#7437 = DEFINITIONAL_REPRESENTATION('',(#7438),#7442);
#7438 = LINE('',#7439,#7440);
#7439 = CARTESIAN_POINT('',(-0.383503853658,0.196053681225));
#7440 = VECTOR('',#7441,1.);
#7441 = DIRECTION('',(0.,1.));
#7442 = ( GEOMETRIC_REPRESENTATION_CONTEXT(2) 
PARAMETRIC_REPRESENTATION_CONTEXT() REPRESENTATION_CONTEXT('2D SPACE',''
  ) );
#7443 = ORIENTED_EDGE('',*,*,#7322,.T.);
#7444 = ORIENTED_EDGE('',*,*,#7445,.F.);
#7445 = EDGE_CURVE('',#7401,#7325,#7446,.T.);
#7446 = SURFACE_CURVE('',#7447,(#7451,#7458),.PCURVE_S1.);
#7447 = LINE('',#7448,#7449);
#7448 = CARTESIAN_POINT('',(4.45,3.38,0.25));
#7449 = VECTOR('',#7450,1.);
#7450 = DIRECTION('',(1.,0.,0.));
#7451 = PCURVE('',#7340,#7452);
#7452 = DEFINITIONAL_REPRESENTATION('',(#7453),#7457);
#7453 = LINE('',#7454,#7455);
#7454 = CARTESIAN_POINT('',(0.,0.205));
#7455 = VECTOR('',#7456,1.);
#7456 = DIRECTION('',(1.,0.));
#7457 = ( GEOMETRIC_REPRESENTATION_CONTEXT(2) 
PARAMETRIC_REPRESENTATION_CONTEXT() REPRESENTATION_CONTEXT('2D SPACE',''
  ) );
#7458 = PCURVE('',#6977,#7459);
#7459 = DEFINITIONAL_REPRESENTATION('',(#7460),#7464);
#7460 = LINE('',#7461,#7462);
#7461 = CARTESIAN_POINT('',(-0.383503853658,0.196053681225));
#7462 = VECTOR('',#7463,1.);
#7463 = DIRECTION('',(0.,1.));
#7464 = ( GEOMETRIC_REPRESENTATION_CONTEXT(2) 
PARAMETRIC_REPRESENTATION_CONTEXT() REPRESENTATION_CONTEXT('2D SPACE',''
  ) );
#7465 = ADVANCED_FACE('',(#7466),#6977,.T.);
#7466 = FACE_BOUND('',#7467,.T.);
#7467 = EDGE_LOOP('',(#7468,#7469,#7490,#7491,#7492,#7493,#7494,#7495));
#7468 = ORIENTED_EDGE('',*,*,#6961,.T.);
#7469 = ORIENTED_EDGE('',*,*,#7470,.T.);
#7470 = EDGE_CURVE('',#6934,#7401,#7471,.T.);
#7471 = SURFACE_CURVE('',#7472,(#7476,#7483),.PCURVE_S1.);
#7472 = LINE('',#7473,#7474);
#7473 = CARTESIAN_POINT('',(4.1,3.38,1.325));
#7474 = VECTOR('',#7475,1.);
#7475 = DIRECTION('',(0.309586047461,0.,-0.950871431487));
#7476 = PCURVE('',#6977,#7477);
#7477 = DEFINITIONAL_REPRESENTATION('',(#7478),#7482);
#7478 = LINE('',#7479,#7480);
#7479 = CARTESIAN_POINT('',(0.691496146342,-0.153946318775));
#7480 = VECTOR('',#7481,1.);
#7481 = DIRECTION('',(-0.950871431487,0.309586047461));
#7482 = ( GEOMETRIC_REPRESENTATION_CONTEXT(2) 
PARAMETRIC_REPRESENTATION_CONTEXT() REPRESENTATION_CONTEXT('2D SPACE',''
  ) );
#7483 = PCURVE('',#6949,#7484);
#7484 = DEFINITIONAL_REPRESENTATION('',(#7485),#7489);
#7485 = LINE('',#7486,#7487);
#7486 = CARTESIAN_POINT('',(0.,0.205));
#7487 = VECTOR('',#7488,1.);
#7488 = DIRECTION('',(1.,0.));
#7489 = ( GEOMETRIC_REPRESENTATION_CONTEXT(2) 
PARAMETRIC_REPRESENTATION_CONTEXT() REPRESENTATION_CONTEXT('2D SPACE',''
  ) );
#7490 = ORIENTED_EDGE('',*,*,#7445,.T.);
#7491 = ORIENTED_EDGE('',*,*,#7374,.T.);
#7492 = ORIENTED_EDGE('',*,*,#7298,.T.);
#7493 = ORIENTED_EDGE('',*,*,#7222,.T.);
#7494 = ORIENTED_EDGE('',*,*,#7118,.T.);
#7495 = ORIENTED_EDGE('',*,*,#7042,.T.);
#7496 = ADVANCED_FACE('',(#7497),#6949,.T.);
#7497 = FACE_BOUND('',#7498,.T.);
#7498 = EDGE_LOOP('',(#7499,#7500,#7521,#7522));
#7499 = ORIENTED_EDGE('',*,*,#6933,.F.);
#7500 = ORIENTED_EDGE('',*,*,#7501,.T.);
#7501 = EDGE_CURVE('',#6901,#7399,#7502,.T.);
#7502 = SURFACE_CURVE('',#7503,(#7507,#7514),.PCURVE_S1.);
#7503 = LINE('',#7504,#7505);
#7504 = CARTESIAN_POINT('',(4.1,2.97,1.325));
#7505 = VECTOR('',#7506,1.);
#7506 = DIRECTION('',(0.309586047461,0.,-0.950871431487));
#7507 = PCURVE('',#6949,#7508);
#7508 = DEFINITIONAL_REPRESENTATION('',(#7509),#7513);
#7509 = LINE('',#7510,#7511);
#7510 = CARTESIAN_POINT('',(0.,-0.205));
#7511 = VECTOR('',#7512,1.);
#7512 = DIRECTION('',(1.,0.));
#7513 = ( GEOMETRIC_REPRESENTATION_CONTEXT(2) 
PARAMETRIC_REPRESENTATION_CONTEXT() REPRESENTATION_CONTEXT('2D SPACE',''
  ) );
#7514 = PCURVE('',#6921,#7515);
#7515 = DEFINITIONAL_REPRESENTATION('',(#7516),#7520);
#7516 = LINE('',#7517,#7518);
#7517 = CARTESIAN_POINT('',(0.691496146342,-0.153946318775));
#7518 = VECTOR('',#7519,1.);
#7519 = DIRECTION('',(-0.950871431487,0.309586047461));
#7520 = ( GEOMETRIC_REPRESENTATION_CONTEXT(2) 
PARAMETRIC_REPRESENTATION_CONTEXT() REPRESENTATION_CONTEXT('2D SPACE',''
  ) );
#7521 = ORIENTED_EDGE('',*,*,#7398,.T.);
#7522 = ORIENTED_EDGE('',*,*,#7470,.F.);
#7523 = ADVANCED_FACE('',(#7524),#6921,.F.);
#7524 = FACE_BOUND('',#7525,.F.);
#7525 = EDGE_LOOP('',(#7526,#7527,#7528,#7529,#7530,#7531,#7532,#7533));
#7526 = ORIENTED_EDGE('',*,*,#6898,.T.);
#7527 = ORIENTED_EDGE('',*,*,#7501,.T.);
#7528 = ORIENTED_EDGE('',*,*,#7423,.T.);
#7529 = ORIENTED_EDGE('',*,*,#7352,.T.);
#7530 = ORIENTED_EDGE('',*,*,#7276,.T.);
#7531 = ORIENTED_EDGE('',*,*,#7200,.T.);
#7532 = ORIENTED_EDGE('',*,*,#7094,.T.);
#7533 = ORIENTED_EDGE('',*,*,#7018,.T.);
#7534 = MANIFOLD_SOLID_BREP('',#7535);
#7535 = CLOSED_SHELL('',(#7536,#7656,#7732,#7808,#7884,#7960,#8036,#8107
    ,#8138,#8165));
#7536 = ADVANCED_FACE('',(#7537),#7551,.T.);
#7537 = FACE_BOUND('',#7538,.T.);
#7538 = EDGE_LOOP('',(#7539,#7574,#7602,#7630));
#7539 = ORIENTED_EDGE('',*,*,#7540,.T.);
#7540 = EDGE_CURVE('',#7541,#7543,#7545,.T.);
#7541 = VERTEX_POINT('',#7542);
#7542 = CARTESIAN_POINT('',(3.4,1.7,1.325));
#7543 = VERTEX_POINT('',#7544);
#7544 = CARTESIAN_POINT('',(4.1,1.7,1.325));
#7545 = SURFACE_CURVE('',#7546,(#7550,#7562),.PCURVE_S1.);
#7546 = LINE('',#7547,#7548);
#7547 = CARTESIAN_POINT('',(3.4,1.7,1.325));
#7548 = VECTOR('',#7549,1.);
#7549 = DIRECTION('',(1.,0.,0.));
#7550 = PCURVE('',#7551,#7556);
#7551 = PLANE('',#7552);
#7552 = AXIS2_PLACEMENT_3D('',#7553,#7554,#7555);
#7553 = CARTESIAN_POINT('',(3.4,1.905,1.325));
#7554 = DIRECTION('',(-0.,0.,1.));
#7555 = DIRECTION('',(1.,0.,0.));
#7556 = DEFINITIONAL_REPRESENTATION('',(#7557),#7561);
#7557 = LINE('',#7558,#7559);
#7558 = CARTESIAN_POINT('',(0.,-0.205));
#7559 = VECTOR('',#7560,1.);
#7560 = DIRECTION('',(1.,0.));
#7561 = ( GEOMETRIC_REPRESENTATION_CONTEXT(2) 
PARAMETRIC_REPRESENTATION_CONTEXT() REPRESENTATION_CONTEXT('2D SPACE',''
  ) );
#7562 = PCURVE('',#7563,#7568);
#7563 = PLANE('',#7564);
#7564 = AXIS2_PLACEMENT_3D('',#7565,#7566,#7567);
#7565 = CARTESIAN_POINT('',(4.253946318775,1.7,0.633503853658));
#7566 = DIRECTION('',(0.,1.,0.));
#7567 = DIRECTION('',(0.,-0.,1.));
#7568 = DEFINITIONAL_REPRESENTATION('',(#7569),#7573);
#7569 = LINE('',#7570,#7571);
#7570 = CARTESIAN_POINT('',(0.691496146342,-0.853946318775));
#7571 = VECTOR('',#7572,1.);
#7572 = DIRECTION('',(0.,1.));
#7573 = ( GEOMETRIC_REPRESENTATION_CONTEXT(2) 
PARAMETRIC_REPRESENTATION_CONTEXT() REPRESENTATION_CONTEXT('2D SPACE',''
  ) );
#7574 = ORIENTED_EDGE('',*,*,#7575,.T.);
#7575 = EDGE_CURVE('',#7543,#7576,#7578,.T.);
#7576 = VERTEX_POINT('',#7577);
#7577 = CARTESIAN_POINT('',(4.1,2.11,1.325));
#7578 = SURFACE_CURVE('',#7579,(#7583,#7590),.PCURVE_S1.);
#7579 = LINE('',#7580,#7581);
#7580 = CARTESIAN_POINT('',(4.1,1.7,1.325));
#7581 = VECTOR('',#7582,1.);
#7582 = DIRECTION('',(0.,1.,0.));
#7583 = PCURVE('',#7551,#7584);
#7584 = DEFINITIONAL_REPRESENTATION('',(#7585),#7589);
#7585 = LINE('',#7586,#7587);
#7586 = CARTESIAN_POINT('',(0.7,-0.205));
#7587 = VECTOR('',#7588,1.);
#7588 = DIRECTION('',(0.,1.));
#7589 = ( GEOMETRIC_REPRESENTATION_CONTEXT(2) 
PARAMETRIC_REPRESENTATION_CONTEXT() REPRESENTATION_CONTEXT('2D SPACE',''
  ) );
#7590 = PCURVE('',#7591,#7596);
#7591 = PLANE('',#7592);
#7592 = AXIS2_PLACEMENT_3D('',#7593,#7594,#7595);
#7593 = CARTESIAN_POINT('',(4.1,1.905,1.325));
#7594 = DIRECTION('',(0.950871431487,0.,0.309586047461));
#7595 = DIRECTION('',(0.309586047461,0.,-0.950871431487));
#7596 = DEFINITIONAL_REPRESENTATION('',(#7597),#7601);
#7597 = LINE('',#7598,#7599);
#7598 = CARTESIAN_POINT('',(0.,-0.205));
#7599 = VECTOR('',#7600,1.);
#7600 = DIRECTION('',(0.,1.));
#7601 = ( GEOMETRIC_REPRESENTATION_CONTEXT(2) 
PARAMETRIC_REPRESENTATION_CONTEXT() REPRESENTATION_CONTEXT('2D SPACE',''
  ) );
#7602 = ORIENTED_EDGE('',*,*,#7603,.F.);
#7603 = EDGE_CURVE('',#7604,#7576,#7606,.T.);
#7604 = VERTEX_POINT('',#7605);
#7605 = CARTESIAN_POINT('',(3.4,2.11,1.325));
#7606 = SURFACE_CURVE('',#7607,(#7611,#7618),.PCURVE_S1.);
#7607 = LINE('',#7608,#7609);
#7608 = CARTESIAN_POINT('',(3.4,2.11,1.325));
#7609 = VECTOR('',#7610,1.);
#7610 = DIRECTION('',(1.,0.,0.));
#7611 = PCURVE('',#7551,#7612);
#7612 = DEFINITIONAL_REPRESENTATION('',(#7613),#7617);
#7613 = LINE('',#7614,#7615);
#7614 = CARTESIAN_POINT('',(0.,0.205));
#7615 = VECTOR('',#7616,1.);
#7616 = DIRECTION('',(1.,0.));
#7617 = ( GEOMETRIC_REPRESENTATION_CONTEXT(2) 
PARAMETRIC_REPRESENTATION_CONTEXT() REPRESENTATION_CONTEXT('2D SPACE',''
  ) );
#7618 = PCURVE('',#7619,#7624);
#7619 = PLANE('',#7620);
#7620 = AXIS2_PLACEMENT_3D('',#7621,#7622,#7623);
#7621 = CARTESIAN_POINT('',(4.253946318775,2.11,0.633503853658));
#7622 = DIRECTION('',(0.,1.,0.));
#7623 = DIRECTION('',(0.,-0.,1.));
#7624 = DEFINITIONAL_REPRESENTATION('',(#7625),#7629);
#7625 = LINE('',#7626,#7627);
#7626 = CARTESIAN_POINT('',(0.691496146342,-0.853946318775));
#7627 = VECTOR('',#7628,1.);
#7628 = DIRECTION('',(0.,1.));
#7629 = ( GEOMETRIC_REPRESENTATION_CONTEXT(2) 
PARAMETRIC_REPRESENTATION_CONTEXT() REPRESENTATION_CONTEXT('2D SPACE',''
  ) );
#7630 = ORIENTED_EDGE('',*,*,#7631,.T.);
#7631 = EDGE_CURVE('',#7604,#7541,#7632,.T.);
#7632 = SURFACE_CURVE('',#7633,(#7637,#7644),.PCURVE_S1.);
#7633 = LINE('',#7634,#7635);
#7634 = CARTESIAN_POINT('',(3.4,2.11,1.325));
#7635 = VECTOR('',#7636,1.);
#7636 = DIRECTION('',(0.,-1.,0.));
#7637 = PCURVE('',#7551,#7638);
#7638 = DEFINITIONAL_REPRESENTATION('',(#7639),#7643);
#7639 = LINE('',#7640,#7641);
#7640 = CARTESIAN_POINT('',(0.,0.205));
#7641 = VECTOR('',#7642,1.);
#7642 = DIRECTION('',(0.,-1.));
#7643 = ( GEOMETRIC_REPRESENTATION_CONTEXT(2) 
PARAMETRIC_REPRESENTATION_CONTEXT() REPRESENTATION_CONTEXT('2D SPACE',''
  ) );
#7644 = PCURVE('',#7645,#7650);
#7645 = PLANE('',#7646);
#7646 = AXIS2_PLACEMENT_3D('',#7647,#7648,#7649);
#7647 = CARTESIAN_POINT('',(3.4,1.905,1.075));
#7648 = DIRECTION('',(-1.,0.,0.));
#7649 = DIRECTION('',(0.,0.,1.));
#7650 = DEFINITIONAL_REPRESENTATION('',(#7651),#7655);
#7651 = LINE('',#7652,#7653);
#7652 = CARTESIAN_POINT('',(0.25,0.205));
#7653 = VECTOR('',#7654,1.);
#7654 = DIRECTION('',(0.,-1.));
#7655 = ( GEOMETRIC_REPRESENTATION_CONTEXT(2) 
PARAMETRIC_REPRESENTATION_CONTEXT() REPRESENTATION_CONTEXT('2D SPACE',''
  ) );
#7656 = ADVANCED_FACE('',(#7657),#7645,.T.);
#7657 = FACE_BOUND('',#7658,.T.);
#7658 = EDGE_LOOP('',(#7659,#7682,#7683,#7706));
#7659 = ORIENTED_EDGE('',*,*,#7660,.T.);
#7660 = EDGE_CURVE('',#7661,#7541,#7663,.T.);
#7661 = VERTEX_POINT('',#7662);
#7662 = CARTESIAN_POINT('',(3.4,1.7,1.075));
#7663 = SURFACE_CURVE('',#7664,(#7668,#7675),.PCURVE_S1.);
#7664 = LINE('',#7665,#7666);
#7665 = CARTESIAN_POINT('',(3.4,1.7,1.075));
#7666 = VECTOR('',#7667,1.);
#7667 = DIRECTION('',(0.,0.,1.));
#7668 = PCURVE('',#7645,#7669);
#7669 = DEFINITIONAL_REPRESENTATION('',(#7670),#7674);
#7670 = LINE('',#7671,#7672);
#7671 = CARTESIAN_POINT('',(0.,-0.205));
#7672 = VECTOR('',#7673,1.);
#7673 = DIRECTION('',(1.,0.));
#7674 = ( GEOMETRIC_REPRESENTATION_CONTEXT(2) 
PARAMETRIC_REPRESENTATION_CONTEXT() REPRESENTATION_CONTEXT('2D SPACE',''
  ) );
#7675 = PCURVE('',#7563,#7676);
#7676 = DEFINITIONAL_REPRESENTATION('',(#7677),#7681);
#7677 = LINE('',#7678,#7679);
#7678 = CARTESIAN_POINT('',(0.441496146342,-0.853946318775));
#7679 = VECTOR('',#7680,1.);
#7680 = DIRECTION('',(1.,0.));
#7681 = ( GEOMETRIC_REPRESENTATION_CONTEXT(2) 
PARAMETRIC_REPRESENTATION_CONTEXT() REPRESENTATION_CONTEXT('2D SPACE',''
  ) );
#7682 = ORIENTED_EDGE('',*,*,#7631,.F.);
#7683 = ORIENTED_EDGE('',*,*,#7684,.F.);
#7684 = EDGE_CURVE('',#7685,#7604,#7687,.T.);
#7685 = VERTEX_POINT('',#7686);
#7686 = CARTESIAN_POINT('',(3.4,2.11,1.075));
#7687 = SURFACE_CURVE('',#7688,(#7692,#7699),.PCURVE_S1.);
#7688 = LINE('',#7689,#7690);
#7689 = CARTESIAN_POINT('',(3.4,2.11,1.075));
#7690 = VECTOR('',#7691,1.);
#7691 = DIRECTION('',(0.,0.,1.));
#7692 = PCURVE('',#7645,#7693);
#7693 = DEFINITIONAL_REPRESENTATION('',(#7694),#7698);
#7694 = LINE('',#7695,#7696);
#7695 = CARTESIAN_POINT('',(0.,0.205));
#7696 = VECTOR('',#7697,1.);
#7697 = DIRECTION('',(1.,0.));
#7698 = ( GEOMETRIC_REPRESENTATION_CONTEXT(2) 
PARAMETRIC_REPRESENTATION_CONTEXT() REPRESENTATION_CONTEXT('2D SPACE',''
  ) );
#7699 = PCURVE('',#7619,#7700);
#7700 = DEFINITIONAL_REPRESENTATION('',(#7701),#7705);
#7701 = LINE('',#7702,#7703);
#7702 = CARTESIAN_POINT('',(0.441496146342,-0.853946318775));
#7703 = VECTOR('',#7704,1.);
#7704 = DIRECTION('',(1.,0.));
#7705 = ( GEOMETRIC_REPRESENTATION_CONTEXT(2) 
PARAMETRIC_REPRESENTATION_CONTEXT() REPRESENTATION_CONTEXT('2D SPACE',''
  ) );
#7706 = ORIENTED_EDGE('',*,*,#7707,.T.);
#7707 = EDGE_CURVE('',#7685,#7661,#7708,.T.);
#7708 = SURFACE_CURVE('',#7709,(#7713,#7720),.PCURVE_S1.);
#7709 = LINE('',#7710,#7711);
#7710 = CARTESIAN_POINT('',(3.4,2.11,1.075));
#7711 = VECTOR('',#7712,1.);
#7712 = DIRECTION('',(0.,-1.,0.));
#7713 = PCURVE('',#7645,#7714);
#7714 = DEFINITIONAL_REPRESENTATION('',(#7715),#7719);
#7715 = LINE('',#7716,#7717);
#7716 = CARTESIAN_POINT('',(0.,0.205));
#7717 = VECTOR('',#7718,1.);
#7718 = DIRECTION('',(0.,-1.));
#7719 = ( GEOMETRIC_REPRESENTATION_CONTEXT(2) 
PARAMETRIC_REPRESENTATION_CONTEXT() REPRESENTATION_CONTEXT('2D SPACE',''
  ) );
#7720 = PCURVE('',#7721,#7726);
#7721 = PLANE('',#7722);
#7722 = AXIS2_PLACEMENT_3D('',#7723,#7724,#7725);
#7723 = CARTESIAN_POINT('',(3.95,1.905,1.075));
#7724 = DIRECTION('',(-0.,-0.,-1.));
#7725 = DIRECTION('',(-1.,0.,0.));
#7726 = DEFINITIONAL_REPRESENTATION('',(#7727),#7731);
#7727 = LINE('',#7728,#7729);
#7728 = CARTESIAN_POINT('',(0.55,0.205));
#7729 = VECTOR('',#7730,1.);
#7730 = DIRECTION('',(0.,-1.));
#7731 = ( GEOMETRIC_REPRESENTATION_CONTEXT(2) 
PARAMETRIC_REPRESENTATION_CONTEXT() REPRESENTATION_CONTEXT('2D SPACE',''
  ) );
#7732 = ADVANCED_FACE('',(#7733),#7721,.T.);
#7733 = FACE_BOUND('',#7734,.T.);
#7734 = EDGE_LOOP('',(#7735,#7758,#7759,#7782));
#7735 = ORIENTED_EDGE('',*,*,#7736,.T.);
#7736 = EDGE_CURVE('',#7737,#7661,#7739,.T.);
#7737 = VERTEX_POINT('',#7738);
#7738 = CARTESIAN_POINT('',(3.95,1.7,1.075));
#7739 = SURFACE_CURVE('',#7740,(#7744,#7751),.PCURVE_S1.);
#7740 = LINE('',#7741,#7742);
#7741 = CARTESIAN_POINT('',(3.95,1.7,1.075));
#7742 = VECTOR('',#7743,1.);
#7743 = DIRECTION('',(-1.,0.,0.));
#7744 = PCURVE('',#7721,#7745);
#7745 = DEFINITIONAL_REPRESENTATION('',(#7746),#7750);
#7746 = LINE('',#7747,#7748);
#7747 = CARTESIAN_POINT('',(0.,-0.205));
#7748 = VECTOR('',#7749,1.);
#7749 = DIRECTION('',(1.,0.));
#7750 = ( GEOMETRIC_REPRESENTATION_CONTEXT(2) 
PARAMETRIC_REPRESENTATION_CONTEXT() REPRESENTATION_CONTEXT('2D SPACE',''
  ) );
#7751 = PCURVE('',#7563,#7752);
#7752 = DEFINITIONAL_REPRESENTATION('',(#7753),#7757);
#7753 = LINE('',#7754,#7755);
#7754 = CARTESIAN_POINT('',(0.441496146342,-0.303946318775));
#7755 = VECTOR('',#7756,1.);
#7756 = DIRECTION('',(0.,-1.));
#7757 = ( GEOMETRIC_REPRESENTATION_CONTEXT(2) 
PARAMETRIC_REPRESENTATION_CONTEXT() REPRESENTATION_CONTEXT('2D SPACE',''
  ) );
#7758 = ORIENTED_EDGE('',*,*,#7707,.F.);
#7759 = ORIENTED_EDGE('',*,*,#7760,.F.);
#7760 = EDGE_CURVE('',#7761,#7685,#7763,.T.);
#7761 = VERTEX_POINT('',#7762);
#7762 = CARTESIAN_POINT('',(3.95,2.11,1.075));
#7763 = SURFACE_CURVE('',#7764,(#7768,#7775),.PCURVE_S1.);
#7764 = LINE('',#7765,#7766);
#7765 = CARTESIAN_POINT('',(3.95,2.11,1.075));
#7766 = VECTOR('',#7767,1.);
#7767 = DIRECTION('',(-1.,0.,0.));
#7768 = PCURVE('',#7721,#7769);
#7769 = DEFINITIONAL_REPRESENTATION('',(#7770),#7774);
#7770 = LINE('',#7771,#7772);
#7771 = CARTESIAN_POINT('',(0.,0.205));
#7772 = VECTOR('',#7773,1.);
#7773 = DIRECTION('',(1.,0.));
#7774 = ( GEOMETRIC_REPRESENTATION_CONTEXT(2) 
PARAMETRIC_REPRESENTATION_CONTEXT() REPRESENTATION_CONTEXT('2D SPACE',''
  ) );
#7775 = PCURVE('',#7619,#7776);
#7776 = DEFINITIONAL_REPRESENTATION('',(#7777),#7781);
#7777 = LINE('',#7778,#7779);
#7778 = CARTESIAN_POINT('',(0.441496146342,-0.303946318775));
#7779 = VECTOR('',#7780,1.);
#7780 = DIRECTION('',(0.,-1.));
#7781 = ( GEOMETRIC_REPRESENTATION_CONTEXT(2) 
PARAMETRIC_REPRESENTATION_CONTEXT() REPRESENTATION_CONTEXT('2D SPACE',''
  ) );
#7782 = ORIENTED_EDGE('',*,*,#7783,.T.);
#7783 = EDGE_CURVE('',#7761,#7737,#7784,.T.);
#7784 = SURFACE_CURVE('',#7785,(#7789,#7796),.PCURVE_S1.);
#7785 = LINE('',#7786,#7787);
#7786 = CARTESIAN_POINT('',(3.95,2.11,1.075));
#7787 = VECTOR('',#7788,1.);
#7788 = DIRECTION('',(0.,-1.,0.));
#7789 = PCURVE('',#7721,#7790);
#7790 = DEFINITIONAL_REPRESENTATION('',(#7791),#7795);
#7791 = LINE('',#7792,#7793);
#7792 = CARTESIAN_POINT('',(0.,0.205));
#7793 = VECTOR('',#7794,1.);
#7794 = DIRECTION('',(0.,-1.));
#7795 = ( GEOMETRIC_REPRESENTATION_CONTEXT(2) 
PARAMETRIC_REPRESENTATION_CONTEXT() REPRESENTATION_CONTEXT('2D SPACE',''
  ) );
#7796 = PCURVE('',#7797,#7802);
#7797 = PLANE('',#7798);
#7798 = AXIS2_PLACEMENT_3D('',#7799,#7800,#7801);
#7799 = CARTESIAN_POINT('',(4.3,1.905,0.));
#7800 = DIRECTION('',(-0.950871431487,-0.,-0.309586047461));
#7801 = DIRECTION('',(-0.309586047461,0.,0.950871431487));
#7802 = DEFINITIONAL_REPRESENTATION('',(#7803),#7807);
#7803 = LINE('',#7804,#7805);
#7804 = CARTESIAN_POINT('',(1.13054190546,0.205));
#7805 = VECTOR('',#7806,1.);
#7806 = DIRECTION('',(0.,-1.));
#7807 = ( GEOMETRIC_REPRESENTATION_CONTEXT(2) 
PARAMETRIC_REPRESENTATION_CONTEXT() REPRESENTATION_CONTEXT('2D SPACE',''
  ) );
#7808 = ADVANCED_FACE('',(#7809),#7797,.T.);
#7809 = FACE_BOUND('',#7810,.T.);
#7810 = EDGE_LOOP('',(#7811,#7841,#7862,#7863));
#7811 = ORIENTED_EDGE('',*,*,#7812,.F.);
#7812 = EDGE_CURVE('',#7813,#7815,#7817,.T.);
#7813 = VERTEX_POINT('',#7814);
#7814 = CARTESIAN_POINT('',(4.3,1.7,0.));
#7815 = VERTEX_POINT('',#7816);
#7816 = CARTESIAN_POINT('',(4.3,2.11,0.));
#7817 = SURFACE_CURVE('',#7818,(#7822,#7829),.PCURVE_S1.);
#7818 = LINE('',#7819,#7820);
#7819 = CARTESIAN_POINT('',(4.3,1.7,0.));
#7820 = VECTOR('',#7821,1.);
#7821 = DIRECTION('',(0.,1.,0.));
#7822 = PCURVE('',#7797,#7823);
#7823 = DEFINITIONAL_REPRESENTATION('',(#7824),#7828);
#7824 = LINE('',#7825,#7826);
#7825 = CARTESIAN_POINT('',(0.,-0.205));
#7826 = VECTOR('',#7827,1.);
#7827 = DIRECTION('',(0.,1.));
#7828 = ( GEOMETRIC_REPRESENTATION_CONTEXT(2) 
PARAMETRIC_REPRESENTATION_CONTEXT() REPRESENTATION_CONTEXT('2D SPACE',''
  ) );
#7829 = PCURVE('',#7830,#7835);
#7830 = PLANE('',#7831);
#7831 = AXIS2_PLACEMENT_3D('',#7832,#7833,#7834);
#7832 = CARTESIAN_POINT('',(5.15,1.905,0.));
#7833 = DIRECTION('',(-0.,-0.,-1.));
#7834 = DIRECTION('',(-1.,0.,0.));
#7835 = DEFINITIONAL_REPRESENTATION('',(#7836),#7840);
#7836 = LINE('',#7837,#7838);
#7837 = CARTESIAN_POINT('',(0.85,-0.205));
#7838 = VECTOR('',#7839,1.);
#7839 = DIRECTION('',(0.,1.));
#7840 = ( GEOMETRIC_REPRESENTATION_CONTEXT(2) 
PARAMETRIC_REPRESENTATION_CONTEXT() REPRESENTATION_CONTEXT('2D SPACE',''
  ) );
#7841 = ORIENTED_EDGE('',*,*,#7842,.T.);
#7842 = EDGE_CURVE('',#7813,#7737,#7843,.T.);
#7843 = SURFACE_CURVE('',#7844,(#7848,#7855),.PCURVE_S1.);
#7844 = LINE('',#7845,#7846);
#7845 = CARTESIAN_POINT('',(4.3,1.7,0.));
#7846 = VECTOR('',#7847,1.);
#7847 = DIRECTION('',(-0.309586047461,0.,0.950871431487));
#7848 = PCURVE('',#7797,#7849);
#7849 = DEFINITIONAL_REPRESENTATION('',(#7850),#7854);
#7850 = LINE('',#7851,#7852);
#7851 = CARTESIAN_POINT('',(0.,-0.205));
#7852 = VECTOR('',#7853,1.);
#7853 = DIRECTION('',(1.,0.));
#7854 = ( GEOMETRIC_REPRESENTATION_CONTEXT(2) 
PARAMETRIC_REPRESENTATION_CONTEXT() REPRESENTATION_CONTEXT('2D SPACE',''
  ) );
#7855 = PCURVE('',#7563,#7856);
#7856 = DEFINITIONAL_REPRESENTATION('',(#7857),#7861);
#7857 = LINE('',#7858,#7859);
#7858 = CARTESIAN_POINT('',(-0.633503853658,4.6053681225E-02));
#7859 = VECTOR('',#7860,1.);
#7860 = DIRECTION('',(0.950871431487,-0.309586047461));
#7861 = ( GEOMETRIC_REPRESENTATION_CONTEXT(2) 
PARAMETRIC_REPRESENTATION_CONTEXT() REPRESENTATION_CONTEXT('2D SPACE',''
  ) );
#7862 = ORIENTED_EDGE('',*,*,#7783,.F.);
#7863 = ORIENTED_EDGE('',*,*,#7864,.F.);
#7864 = EDGE_CURVE('',#7815,#7761,#7865,.T.);
#7865 = SURFACE_CURVE('',#7866,(#7870,#7877),.PCURVE_S1.);
#7866 = LINE('',#7867,#7868);
#7867 = CARTESIAN_POINT('',(4.3,2.11,0.));
#7868 = VECTOR('',#7869,1.);
#7869 = DIRECTION('',(-0.309586047461,0.,0.950871431487));
#7870 = PCURVE('',#7797,#7871);
#7871 = DEFINITIONAL_REPRESENTATION('',(#7872),#7876);
#7872 = LINE('',#7873,#7874);
#7873 = CARTESIAN_POINT('',(0.,0.205));
#7874 = VECTOR('',#7875,1.);
#7875 = DIRECTION('',(1.,0.));
#7876 = ( GEOMETRIC_REPRESENTATION_CONTEXT(2) 
PARAMETRIC_REPRESENTATION_CONTEXT() REPRESENTATION_CONTEXT('2D SPACE',''
  ) );
#7877 = PCURVE('',#7619,#7878);
#7878 = DEFINITIONAL_REPRESENTATION('',(#7879),#7883);
#7879 = LINE('',#7880,#7881);
#7880 = CARTESIAN_POINT('',(-0.633503853658,4.6053681225E-02));
#7881 = VECTOR('',#7882,1.);
#7882 = DIRECTION('',(0.950871431487,-0.309586047461));
#7883 = ( GEOMETRIC_REPRESENTATION_CONTEXT(2) 
PARAMETRIC_REPRESENTATION_CONTEXT() REPRESENTATION_CONTEXT('2D SPACE',''
  ) );
#7884 = ADVANCED_FACE('',(#7885),#7830,.T.);
#7885 = FACE_BOUND('',#7886,.T.);
#7886 = EDGE_LOOP('',(#7887,#7917,#7938,#7939));
#7887 = ORIENTED_EDGE('',*,*,#7888,.F.);
#7888 = EDGE_CURVE('',#7889,#7891,#7893,.T.);
#7889 = VERTEX_POINT('',#7890);
#7890 = CARTESIAN_POINT('',(5.15,1.7,0.));
#7891 = VERTEX_POINT('',#7892);
#7892 = CARTESIAN_POINT('',(5.15,2.11,0.));
#7893 = SURFACE_CURVE('',#7894,(#7898,#7905),.PCURVE_S1.);
#7894 = LINE('',#7895,#7896);
#7895 = CARTESIAN_POINT('',(5.15,1.7,0.));
#7896 = VECTOR('',#7897,1.);
#7897 = DIRECTION('',(0.,1.,0.));
#7898 = PCURVE('',#7830,#7899);
#7899 = DEFINITIONAL_REPRESENTATION('',(#7900),#7904);
#7900 = LINE('',#7901,#7902);
#7901 = CARTESIAN_POINT('',(0.,-0.205));
#7902 = VECTOR('',#7903,1.);
#7903 = DIRECTION('',(0.,1.));
#7904 = ( GEOMETRIC_REPRESENTATION_CONTEXT(2) 
PARAMETRIC_REPRESENTATION_CONTEXT() REPRESENTATION_CONTEXT('2D SPACE',''
  ) );
#7905 = PCURVE('',#7906,#7911);
#7906 = PLANE('',#7907);
#7907 = AXIS2_PLACEMENT_3D('',#7908,#7909,#7910);
#7908 = CARTESIAN_POINT('',(5.15,1.905,0.25));
#7909 = DIRECTION('',(1.,0.,0.));
#7910 = DIRECTION('',(0.,0.,-1.));
#7911 = DEFINITIONAL_REPRESENTATION('',(#7912),#7916);
#7912 = LINE('',#7913,#7914);
#7913 = CARTESIAN_POINT('',(0.25,-0.205));
#7914 = VECTOR('',#7915,1.);
#7915 = DIRECTION('',(0.,1.));
#7916 = ( GEOMETRIC_REPRESENTATION_CONTEXT(2) 
PARAMETRIC_REPRESENTATION_CONTEXT() REPRESENTATION_CONTEXT('2D SPACE',''
  ) );
#7917 = ORIENTED_EDGE('',*,*,#7918,.T.);
#7918 = EDGE_CURVE('',#7889,#7813,#7919,.T.);
#7919 = SURFACE_CURVE('',#7920,(#7924,#7931),.PCURVE_S1.);
#7920 = LINE('',#7921,#7922);
#7921 = CARTESIAN_POINT('',(5.15,1.7,0.));
#7922 = VECTOR('',#7923,1.);
#7923 = DIRECTION('',(-1.,0.,0.));
#7924 = PCURVE('',#7830,#7925);
#7925 = DEFINITIONAL_REPRESENTATION('',(#7926),#7930);
#7926 = LINE('',#7927,#7928);
#7927 = CARTESIAN_POINT('',(0.,-0.205));
#7928 = VECTOR('',#7929,1.);
#7929 = DIRECTION('',(1.,0.));
#7930 = ( GEOMETRIC_REPRESENTATION_CONTEXT(2) 
PARAMETRIC_REPRESENTATION_CONTEXT() REPRESENTATION_CONTEXT('2D SPACE',''
  ) );
#7931 = PCURVE('',#7563,#7932);
#7932 = DEFINITIONAL_REPRESENTATION('',(#7933),#7937);
#7933 = LINE('',#7934,#7935);
#7934 = CARTESIAN_POINT('',(-0.633503853658,0.896053681225));
#7935 = VECTOR('',#7936,1.);
#7936 = DIRECTION('',(0.,-1.));
#7937 = ( GEOMETRIC_REPRESENTATION_CONTEXT(2) 
PARAMETRIC_REPRESENTATION_CONTEXT() REPRESENTATION_CONTEXT('2D SPACE',''
  ) );
#7938 = ORIENTED_EDGE('',*,*,#7812,.T.);
#7939 = ORIENTED_EDGE('',*,*,#7940,.F.);
#7940 = EDGE_CURVE('',#7891,#7815,#7941,.T.);
#7941 = SURFACE_CURVE('',#7942,(#7946,#7953),.PCURVE_S1.);
#7942 = LINE('',#7943,#7944);
#7943 = CARTESIAN_POINT('',(5.15,2.11,0.));
#7944 = VECTOR('',#7945,1.);
#7945 = DIRECTION('',(-1.,0.,0.));
#7946 = PCURVE('',#7830,#7947);
#7947 = DEFINITIONAL_REPRESENTATION('',(#7948),#7952);
#7948 = LINE('',#7949,#7950);
#7949 = CARTESIAN_POINT('',(0.,0.205));
#7950 = VECTOR('',#7951,1.);
#7951 = DIRECTION('',(1.,0.));
#7952 = ( GEOMETRIC_REPRESENTATION_CONTEXT(2) 
PARAMETRIC_REPRESENTATION_CONTEXT() REPRESENTATION_CONTEXT('2D SPACE',''
  ) );
#7953 = PCURVE('',#7619,#7954);
#7954 = DEFINITIONAL_REPRESENTATION('',(#7955),#7959);
#7955 = LINE('',#7956,#7957);
#7956 = CARTESIAN_POINT('',(-0.633503853658,0.896053681225));
#7957 = VECTOR('',#7958,1.);
#7958 = DIRECTION('',(0.,-1.));
#7959 = ( GEOMETRIC_REPRESENTATION_CONTEXT(2) 
PARAMETRIC_REPRESENTATION_CONTEXT() REPRESENTATION_CONTEXT('2D SPACE',''
  ) );
#7960 = ADVANCED_FACE('',(#7961),#7906,.T.);
#7961 = FACE_BOUND('',#7962,.T.);
#7962 = EDGE_LOOP('',(#7963,#7993,#8014,#8015));
#7963 = ORIENTED_EDGE('',*,*,#7964,.F.);
#7964 = EDGE_CURVE('',#7965,#7967,#7969,.T.);
#7965 = VERTEX_POINT('',#7966);
#7966 = CARTESIAN_POINT('',(5.15,1.7,0.25));
#7967 = VERTEX_POINT('',#7968);
#7968 = CARTESIAN_POINT('',(5.15,2.11,0.25));
#7969 = SURFACE_CURVE('',#7970,(#7974,#7981),.PCURVE_S1.);
#7970 = LINE('',#7971,#7972);
#7971 = CARTESIAN_POINT('',(5.15,1.7,0.25));
#7972 = VECTOR('',#7973,1.);
#7973 = DIRECTION('',(0.,1.,0.));
#7974 = PCURVE('',#7906,#7975);
#7975 = DEFINITIONAL_REPRESENTATION('',(#7976),#7980);
#7976 = LINE('',#7977,#7978);
#7977 = CARTESIAN_POINT('',(0.,-0.205));
#7978 = VECTOR('',#7979,1.);
#7979 = DIRECTION('',(0.,1.));
#7980 = ( GEOMETRIC_REPRESENTATION_CONTEXT(2) 
PARAMETRIC_REPRESENTATION_CONTEXT() REPRESENTATION_CONTEXT('2D SPACE',''
  ) );
#7981 = PCURVE('',#7982,#7987);
#7982 = PLANE('',#7983);
#7983 = AXIS2_PLACEMENT_3D('',#7984,#7985,#7986);
#7984 = CARTESIAN_POINT('',(4.45,1.905,0.25));
#7985 = DIRECTION('',(-0.,0.,1.));
#7986 = DIRECTION('',(1.,0.,0.));
#7987 = DEFINITIONAL_REPRESENTATION('',(#7988),#7992);
#7988 = LINE('',#7989,#7990);
#7989 = CARTESIAN_POINT('',(0.7,-0.205));
#7990 = VECTOR('',#7991,1.);
#7991 = DIRECTION('',(0.,1.));
#7992 = ( GEOMETRIC_REPRESENTATION_CONTEXT(2) 
PARAMETRIC_REPRESENTATION_CONTEXT() REPRESENTATION_CONTEXT('2D SPACE',''
  ) );
#7993 = ORIENTED_EDGE('',*,*,#7994,.T.);
#7994 = EDGE_CURVE('',#7965,#7889,#7995,.T.);
#7995 = SURFACE_CURVE('',#7996,(#8000,#8007),.PCURVE_S1.);
#7996 = LINE('',#7997,#7998);
#7997 = CARTESIAN_POINT('',(5.15,1.7,0.25));
#7998 = VECTOR('',#7999,1.);
#7999 = DIRECTION('',(0.,0.,-1.));
#8000 = PCURVE('',#7906,#8001);
#8001 = DEFINITIONAL_REPRESENTATION('',(#8002),#8006);
#8002 = LINE('',#8003,#8004);
#8003 = CARTESIAN_POINT('',(0.,-0.205));
#8004 = VECTOR('',#8005,1.);
#8005 = DIRECTION('',(1.,0.));
#8006 = ( GEOMETRIC_REPRESENTATION_CONTEXT(2) 
PARAMETRIC_REPRESENTATION_CONTEXT() REPRESENTATION_CONTEXT('2D SPACE',''
  ) );
#8007 = PCURVE('',#7563,#8008);
#8008 = DEFINITIONAL_REPRESENTATION('',(#8009),#8013);
#8009 = LINE('',#8010,#8011);
#8010 = CARTESIAN_POINT('',(-0.383503853658,0.896053681225));
#8011 = VECTOR('',#8012,1.);
#8012 = DIRECTION('',(-1.,0.));
#8013 = ( GEOMETRIC_REPRESENTATION_CONTEXT(2) 
PARAMETRIC_REPRESENTATION_CONTEXT() REPRESENTATION_CONTEXT('2D SPACE',''
  ) );
#8014 = ORIENTED_EDGE('',*,*,#7888,.T.);
#8015 = ORIENTED_EDGE('',*,*,#8016,.F.);
#8016 = EDGE_CURVE('',#7967,#7891,#8017,.T.);
#8017 = SURFACE_CURVE('',#8018,(#8022,#8029),.PCURVE_S1.);
#8018 = LINE('',#8019,#8020);
#8019 = CARTESIAN_POINT('',(5.15,2.11,0.25));
#8020 = VECTOR('',#8021,1.);
#8021 = DIRECTION('',(0.,0.,-1.));
#8022 = PCURVE('',#7906,#8023);
#8023 = DEFINITIONAL_REPRESENTATION('',(#8024),#8028);
#8024 = LINE('',#8025,#8026);
#8025 = CARTESIAN_POINT('',(0.,0.205));
#8026 = VECTOR('',#8027,1.);
#8027 = DIRECTION('',(1.,0.));
#8028 = ( GEOMETRIC_REPRESENTATION_CONTEXT(2) 
PARAMETRIC_REPRESENTATION_CONTEXT() REPRESENTATION_CONTEXT('2D SPACE',''
  ) );
#8029 = PCURVE('',#7619,#8030);
#8030 = DEFINITIONAL_REPRESENTATION('',(#8031),#8035);
#8031 = LINE('',#8032,#8033);
#8032 = CARTESIAN_POINT('',(-0.383503853658,0.896053681225));
#8033 = VECTOR('',#8034,1.);
#8034 = DIRECTION('',(-1.,0.));
#8035 = ( GEOMETRIC_REPRESENTATION_CONTEXT(2) 
PARAMETRIC_REPRESENTATION_CONTEXT() REPRESENTATION_CONTEXT('2D SPACE',''
  ) );
#8036 = ADVANCED_FACE('',(#8037),#7982,.T.);
#8037 = FACE_BOUND('',#8038,.T.);
#8038 = EDGE_LOOP('',(#8039,#8064,#8085,#8086));
#8039 = ORIENTED_EDGE('',*,*,#8040,.F.);
#8040 = EDGE_CURVE('',#8041,#8043,#8045,.T.);
#8041 = VERTEX_POINT('',#8042);
#8042 = CARTESIAN_POINT('',(4.45,1.7,0.25));
#8043 = VERTEX_POINT('',#8044);
#8044 = CARTESIAN_POINT('',(4.45,2.11,0.25));
#8045 = SURFACE_CURVE('',#8046,(#8050,#8057),.PCURVE_S1.);
#8046 = LINE('',#8047,#8048);
#8047 = CARTESIAN_POINT('',(4.45,1.7,0.25));
#8048 = VECTOR('',#8049,1.);
#8049 = DIRECTION('',(0.,1.,0.));
#8050 = PCURVE('',#7982,#8051);
#8051 = DEFINITIONAL_REPRESENTATION('',(#8052),#8056);
#8052 = LINE('',#8053,#8054);
#8053 = CARTESIAN_POINT('',(0.,-0.205));
#8054 = VECTOR('',#8055,1.);
#8055 = DIRECTION('',(0.,1.));
#8056 = ( GEOMETRIC_REPRESENTATION_CONTEXT(2) 
PARAMETRIC_REPRESENTATION_CONTEXT() REPRESENTATION_CONTEXT('2D SPACE',''
  ) );
#8057 = PCURVE('',#7591,#8058);
#8058 = DEFINITIONAL_REPRESENTATION('',(#8059),#8063);
#8059 = LINE('',#8060,#8061);
#8060 = CARTESIAN_POINT('',(1.13054190546,-0.205));
#8061 = VECTOR('',#8062,1.);
#8062 = DIRECTION('',(0.,1.));
#8063 = ( GEOMETRIC_REPRESENTATION_CONTEXT(2) 
PARAMETRIC_REPRESENTATION_CONTEXT() REPRESENTATION_CONTEXT('2D SPACE',''
  ) );
#8064 = ORIENTED_EDGE('',*,*,#8065,.T.);
#8065 = EDGE_CURVE('',#8041,#7965,#8066,.T.);
#8066 = SURFACE_CURVE('',#8067,(#8071,#8078),.PCURVE_S1.);
#8067 = LINE('',#8068,#8069);
#8068 = CARTESIAN_POINT('',(4.45,1.7,0.25));
#8069 = VECTOR('',#8070,1.);
#8070 = DIRECTION('',(1.,0.,0.));
#8071 = PCURVE('',#7982,#8072);
#8072 = DEFINITIONAL_REPRESENTATION('',(#8073),#8077);
#8073 = LINE('',#8074,#8075);
#8074 = CARTESIAN_POINT('',(0.,-0.205));
#8075 = VECTOR('',#8076,1.);
#8076 = DIRECTION('',(1.,0.));
#8077 = ( GEOMETRIC_REPRESENTATION_CONTEXT(2) 
PARAMETRIC_REPRESENTATION_CONTEXT() REPRESENTATION_CONTEXT('2D SPACE',''
  ) );
#8078 = PCURVE('',#7563,#8079);
#8079 = DEFINITIONAL_REPRESENTATION('',(#8080),#8084);
#8080 = LINE('',#8081,#8082);
#8081 = CARTESIAN_POINT('',(-0.383503853658,0.196053681225));
#8082 = VECTOR('',#8083,1.);
#8083 = DIRECTION('',(0.,1.));
#8084 = ( GEOMETRIC_REPRESENTATION_CONTEXT(2) 
PARAMETRIC_REPRESENTATION_CONTEXT() REPRESENTATION_CONTEXT('2D SPACE',''
  ) );
#8085 = ORIENTED_EDGE('',*,*,#7964,.T.);
#8086 = ORIENTED_EDGE('',*,*,#8087,.F.);
#8087 = EDGE_CURVE('',#8043,#7967,#8088,.T.);
#8088 = SURFACE_CURVE('',#8089,(#8093,#8100),.PCURVE_S1.);
#8089 = LINE('',#8090,#8091);
#8090 = CARTESIAN_POINT('',(4.45,2.11,0.25));
#8091 = VECTOR('',#8092,1.);
#8092 = DIRECTION('',(1.,0.,0.));
#8093 = PCURVE('',#7982,#8094);
#8094 = DEFINITIONAL_REPRESENTATION('',(#8095),#8099);
#8095 = LINE('',#8096,#8097);
#8096 = CARTESIAN_POINT('',(0.,0.205));
#8097 = VECTOR('',#8098,1.);
#8098 = DIRECTION('',(1.,0.));
#8099 = ( GEOMETRIC_REPRESENTATION_CONTEXT(2) 
PARAMETRIC_REPRESENTATION_CONTEXT() REPRESENTATION_CONTEXT('2D SPACE',''
  ) );
#8100 = PCURVE('',#7619,#8101);
#8101 = DEFINITIONAL_REPRESENTATION('',(#8102),#8106);
#8102 = LINE('',#8103,#8104);
#8103 = CARTESIAN_POINT('',(-0.383503853658,0.196053681225));
#8104 = VECTOR('',#8105,1.);
#8105 = DIRECTION('',(0.,1.));
#8106 = ( GEOMETRIC_REPRESENTATION_CONTEXT(2) 
PARAMETRIC_REPRESENTATION_CONTEXT() REPRESENTATION_CONTEXT('2D SPACE',''
  ) );
#8107 = ADVANCED_FACE('',(#8108),#7619,.T.);
#8108 = FACE_BOUND('',#8109,.T.);
#8109 = EDGE_LOOP('',(#8110,#8111,#8132,#8133,#8134,#8135,#8136,#8137));
#8110 = ORIENTED_EDGE('',*,*,#7603,.T.);
#8111 = ORIENTED_EDGE('',*,*,#8112,.T.);
#8112 = EDGE_CURVE('',#7576,#8043,#8113,.T.);
#8113 = SURFACE_CURVE('',#8114,(#8118,#8125),.PCURVE_S1.);
#8114 = LINE('',#8115,#8116);
#8115 = CARTESIAN_POINT('',(4.1,2.11,1.325));
#8116 = VECTOR('',#8117,1.);
#8117 = DIRECTION('',(0.309586047461,0.,-0.950871431487));
#8118 = PCURVE('',#7619,#8119);
#8119 = DEFINITIONAL_REPRESENTATION('',(#8120),#8124);
#8120 = LINE('',#8121,#8122);
#8121 = CARTESIAN_POINT('',(0.691496146342,-0.153946318775));
#8122 = VECTOR('',#8123,1.);
#8123 = DIRECTION('',(-0.950871431487,0.309586047461));
#8124 = ( GEOMETRIC_REPRESENTATION_CONTEXT(2) 
PARAMETRIC_REPRESENTATION_CONTEXT() REPRESENTATION_CONTEXT('2D SPACE',''
  ) );
#8125 = PCURVE('',#7591,#8126);
#8126 = DEFINITIONAL_REPRESENTATION('',(#8127),#8131);
#8127 = LINE('',#8128,#8129);
#8128 = CARTESIAN_POINT('',(0.,0.205));
#8129 = VECTOR('',#8130,1.);
#8130 = DIRECTION('',(1.,0.));
#8131 = ( GEOMETRIC_REPRESENTATION_CONTEXT(2) 
PARAMETRIC_REPRESENTATION_CONTEXT() REPRESENTATION_CONTEXT('2D SPACE',''
  ) );
#8132 = ORIENTED_EDGE('',*,*,#8087,.T.);
#8133 = ORIENTED_EDGE('',*,*,#8016,.T.);
#8134 = ORIENTED_EDGE('',*,*,#7940,.T.);
#8135 = ORIENTED_EDGE('',*,*,#7864,.T.);
#8136 = ORIENTED_EDGE('',*,*,#7760,.T.);
#8137 = ORIENTED_EDGE('',*,*,#7684,.T.);
#8138 = ADVANCED_FACE('',(#8139),#7591,.T.);
#8139 = FACE_BOUND('',#8140,.T.);
#8140 = EDGE_LOOP('',(#8141,#8142,#8163,#8164));
#8141 = ORIENTED_EDGE('',*,*,#7575,.F.);
#8142 = ORIENTED_EDGE('',*,*,#8143,.T.);
#8143 = EDGE_CURVE('',#7543,#8041,#8144,.T.);
#8144 = SURFACE_CURVE('',#8145,(#8149,#8156),.PCURVE_S1.);
#8145 = LINE('',#8146,#8147);
#8146 = CARTESIAN_POINT('',(4.1,1.7,1.325));
#8147 = VECTOR('',#8148,1.);
#8148 = DIRECTION('',(0.309586047461,0.,-0.950871431487));
#8149 = PCURVE('',#7591,#8150);
#8150 = DEFINITIONAL_REPRESENTATION('',(#8151),#8155);
#8151 = LINE('',#8152,#8153);
#8152 = CARTESIAN_POINT('',(0.,-0.205));
#8153 = VECTOR('',#8154,1.);
#8154 = DIRECTION('',(1.,0.));
#8155 = ( GEOMETRIC_REPRESENTATION_CONTEXT(2) 
PARAMETRIC_REPRESENTATION_CONTEXT() REPRESENTATION_CONTEXT('2D SPACE',''
  ) );
#8156 = PCURVE('',#7563,#8157);
#8157 = DEFINITIONAL_REPRESENTATION('',(#8158),#8162);
#8158 = LINE('',#8159,#8160);
#8159 = CARTESIAN_POINT('',(0.691496146342,-0.153946318775));
#8160 = VECTOR('',#8161,1.);
#8161 = DIRECTION('',(-0.950871431487,0.309586047461));
#8162 = ( GEOMETRIC_REPRESENTATION_CONTEXT(2) 
PARAMETRIC_REPRESENTATION_CONTEXT() REPRESENTATION_CONTEXT('2D SPACE',''
  ) );
#8163 = ORIENTED_EDGE('',*,*,#8040,.T.);
#8164 = ORIENTED_EDGE('',*,*,#8112,.F.);
#8165 = ADVANCED_FACE('',(#8166),#7563,.F.);
#8166 = FACE_BOUND('',#8167,.F.);
#8167 = EDGE_LOOP('',(#8168,#8169,#8170,#8171,#8172,#8173,#8174,#8175));
#8168 = ORIENTED_EDGE('',*,*,#7540,.T.);
#8169 = ORIENTED_EDGE('',*,*,#8143,.T.);
#8170 = ORIENTED_EDGE('',*,*,#8065,.T.);
#8171 = ORIENTED_EDGE('',*,*,#7994,.T.);
#8172 = ORIENTED_EDGE('',*,*,#7918,.T.);
#8173 = ORIENTED_EDGE('',*,*,#7842,.T.);
#8174 = ORIENTED_EDGE('',*,*,#7736,.T.);
#8175 = ORIENTED_EDGE('',*,*,#7660,.T.);
#8176 = MANIFOLD_SOLID_BREP('',#8177);
#8177 = CLOSED_SHELL('',(#8178,#8298,#8374,#8450,#8526,#8602,#8678,#8749
    ,#8780,#8807));
#8178 = ADVANCED_FACE('',(#8179),#8193,.T.);
#8179 = FACE_BOUND('',#8180,.T.);
#8180 = EDGE_LOOP('',(#8181,#8216,#8244,#8272));
#8181 = ORIENTED_EDGE('',*,*,#8182,.T.);
#8182 = EDGE_CURVE('',#8183,#8185,#8187,.T.);
#8183 = VERTEX_POINT('',#8184);
#8184 = CARTESIAN_POINT('',(3.4,-2.11,1.325));
#8185 = VERTEX_POINT('',#8186);
#8186 = CARTESIAN_POINT('',(4.1,-2.11,1.325));
#8187 = SURFACE_CURVE('',#8188,(#8192,#8204),.PCURVE_S1.);
#8188 = LINE('',#8189,#8190);
#8189 = CARTESIAN_POINT('',(3.4,-2.11,1.325));
#8190 = VECTOR('',#8191,1.);
#8191 = DIRECTION('',(1.,0.,0.));
#8192 = PCURVE('',#8193,#8198);
#8193 = PLANE('',#8194);
#8194 = AXIS2_PLACEMENT_3D('',#8195,#8196,#8197);
#8195 = CARTESIAN_POINT('',(3.4,-1.905,1.325));
#8196 = DIRECTION('',(-0.,0.,1.));
#8197 = DIRECTION('',(1.,0.,0.));
#8198 = DEFINITIONAL_REPRESENTATION('',(#8199),#8203);
#8199 = LINE('',#8200,#8201);
#8200 = CARTESIAN_POINT('',(0.,-0.205));
#8201 = VECTOR('',#8202,1.);
#8202 = DIRECTION('',(1.,0.));
#8203 = ( GEOMETRIC_REPRESENTATION_CONTEXT(2) 
PARAMETRIC_REPRESENTATION_CONTEXT() REPRESENTATION_CONTEXT('2D SPACE',''
  ) );
#8204 = PCURVE('',#8205,#8210);
#8205 = PLANE('',#8206);
#8206 = AXIS2_PLACEMENT_3D('',#8207,#8208,#8209);
#8207 = CARTESIAN_POINT('',(4.253946318775,-2.11,0.633503853658));
#8208 = DIRECTION('',(0.,1.,0.));
#8209 = DIRECTION('',(0.,-0.,1.));
#8210 = DEFINITIONAL_REPRESENTATION('',(#8211),#8215);
#8211 = LINE('',#8212,#8213);
#8212 = CARTESIAN_POINT('',(0.691496146342,-0.853946318775));
#8213 = VECTOR('',#8214,1.);
#8214 = DIRECTION('',(0.,1.));
#8215 = ( GEOMETRIC_REPRESENTATION_CONTEXT(2) 
PARAMETRIC_REPRESENTATION_CONTEXT() REPRESENTATION_CONTEXT('2D SPACE',''
  ) );
#8216 = ORIENTED_EDGE('',*,*,#8217,.T.);
#8217 = EDGE_CURVE('',#8185,#8218,#8220,.T.);
#8218 = VERTEX_POINT('',#8219);
#8219 = CARTESIAN_POINT('',(4.1,-1.7,1.325));
#8220 = SURFACE_CURVE('',#8221,(#8225,#8232),.PCURVE_S1.);
#8221 = LINE('',#8222,#8223);
#8222 = CARTESIAN_POINT('',(4.1,-2.11,1.325));
#8223 = VECTOR('',#8224,1.);
#8224 = DIRECTION('',(0.,1.,0.));
#8225 = PCURVE('',#8193,#8226);
#8226 = DEFINITIONAL_REPRESENTATION('',(#8227),#8231);
#8227 = LINE('',#8228,#8229);
#8228 = CARTESIAN_POINT('',(0.7,-0.205));
#8229 = VECTOR('',#8230,1.);
#8230 = DIRECTION('',(0.,1.));
#8231 = ( GEOMETRIC_REPRESENTATION_CONTEXT(2) 
PARAMETRIC_REPRESENTATION_CONTEXT() REPRESENTATION_CONTEXT('2D SPACE',''
  ) );
#8232 = PCURVE('',#8233,#8238);
#8233 = PLANE('',#8234);
#8234 = AXIS2_PLACEMENT_3D('',#8235,#8236,#8237);
#8235 = CARTESIAN_POINT('',(4.1,-1.905,1.325));
#8236 = DIRECTION('',(0.950871431487,0.,0.309586047461));
#8237 = DIRECTION('',(0.309586047461,0.,-0.950871431487));
#8238 = DEFINITIONAL_REPRESENTATION('',(#8239),#8243);
#8239 = LINE('',#8240,#8241);
#8240 = CARTESIAN_POINT('',(0.,-0.205));
#8241 = VECTOR('',#8242,1.);
#8242 = DIRECTION('',(0.,1.));
#8243 = ( GEOMETRIC_REPRESENTATION_CONTEXT(2) 
PARAMETRIC_REPRESENTATION_CONTEXT() REPRESENTATION_CONTEXT('2D SPACE',''
  ) );
#8244 = ORIENTED_EDGE('',*,*,#8245,.F.);
#8245 = EDGE_CURVE('',#8246,#8218,#8248,.T.);
#8246 = VERTEX_POINT('',#8247);
#8247 = CARTESIAN_POINT('',(3.4,-1.7,1.325));
#8248 = SURFACE_CURVE('',#8249,(#8253,#8260),.PCURVE_S1.);
#8249 = LINE('',#8250,#8251);
#8250 = CARTESIAN_POINT('',(3.4,-1.7,1.325));
#8251 = VECTOR('',#8252,1.);
#8252 = DIRECTION('',(1.,0.,0.));
#8253 = PCURVE('',#8193,#8254);
#8254 = DEFINITIONAL_REPRESENTATION('',(#8255),#8259);
#8255 = LINE('',#8256,#8257);
#8256 = CARTESIAN_POINT('',(0.,0.205));
#8257 = VECTOR('',#8258,1.);
#8258 = DIRECTION('',(1.,0.));
#8259 = ( GEOMETRIC_REPRESENTATION_CONTEXT(2) 
PARAMETRIC_REPRESENTATION_CONTEXT() REPRESENTATION_CONTEXT('2D SPACE',''
  ) );
#8260 = PCURVE('',#8261,#8266);
#8261 = PLANE('',#8262);
#8262 = AXIS2_PLACEMENT_3D('',#8263,#8264,#8265);
#8263 = CARTESIAN_POINT('',(4.253946318775,-1.7,0.633503853658));
#8264 = DIRECTION('',(0.,1.,0.));
#8265 = DIRECTION('',(0.,-0.,1.));
#8266 = DEFINITIONAL_REPRESENTATION('',(#8267),#8271);
#8267 = LINE('',#8268,#8269);
#8268 = CARTESIAN_POINT('',(0.691496146342,-0.853946318775));
#8269 = VECTOR('',#8270,1.);
#8270 = DIRECTION('',(0.,1.));
#8271 = ( GEOMETRIC_REPRESENTATION_CONTEXT(2) 
PARAMETRIC_REPRESENTATION_CONTEXT() REPRESENTATION_CONTEXT('2D SPACE',''
  ) );
#8272 = ORIENTED_EDGE('',*,*,#8273,.T.);
#8273 = EDGE_CURVE('',#8246,#8183,#8274,.T.);
#8274 = SURFACE_CURVE('',#8275,(#8279,#8286),.PCURVE_S1.);
#8275 = LINE('',#8276,#8277);
#8276 = CARTESIAN_POINT('',(3.4,-1.7,1.325));
#8277 = VECTOR('',#8278,1.);
#8278 = DIRECTION('',(0.,-1.,0.));
#8279 = PCURVE('',#8193,#8280);
#8280 = DEFINITIONAL_REPRESENTATION('',(#8281),#8285);
#8281 = LINE('',#8282,#8283);
#8282 = CARTESIAN_POINT('',(0.,0.205));
#8283 = VECTOR('',#8284,1.);
#8284 = DIRECTION('',(0.,-1.));
#8285 = ( GEOMETRIC_REPRESENTATION_CONTEXT(2) 
PARAMETRIC_REPRESENTATION_CONTEXT() REPRESENTATION_CONTEXT('2D SPACE',''
  ) );
#8286 = PCURVE('',#8287,#8292);
#8287 = PLANE('',#8288);
#8288 = AXIS2_PLACEMENT_3D('',#8289,#8290,#8291);
#8289 = CARTESIAN_POINT('',(3.4,-1.905,1.075));
#8290 = DIRECTION('',(-1.,0.,0.));
#8291 = DIRECTION('',(0.,0.,1.));
#8292 = DEFINITIONAL_REPRESENTATION('',(#8293),#8297);
#8293 = LINE('',#8294,#8295);
#8294 = CARTESIAN_POINT('',(0.25,0.205));
#8295 = VECTOR('',#8296,1.);
#8296 = DIRECTION('',(0.,-1.));
#8297 = ( GEOMETRIC_REPRESENTATION_CONTEXT(2) 
PARAMETRIC_REPRESENTATION_CONTEXT() REPRESENTATION_CONTEXT('2D SPACE',''
  ) );
#8298 = ADVANCED_FACE('',(#8299),#8287,.T.);
#8299 = FACE_BOUND('',#8300,.T.);
#8300 = EDGE_LOOP('',(#8301,#8324,#8325,#8348));
#8301 = ORIENTED_EDGE('',*,*,#8302,.T.);
#8302 = EDGE_CURVE('',#8303,#8183,#8305,.T.);
#8303 = VERTEX_POINT('',#8304);
#8304 = CARTESIAN_POINT('',(3.4,-2.11,1.075));
#8305 = SURFACE_CURVE('',#8306,(#8310,#8317),.PCURVE_S1.);
#8306 = LINE('',#8307,#8308);
#8307 = CARTESIAN_POINT('',(3.4,-2.11,1.075));
#8308 = VECTOR('',#8309,1.);
#8309 = DIRECTION('',(0.,0.,1.));
#8310 = PCURVE('',#8287,#8311);
#8311 = DEFINITIONAL_REPRESENTATION('',(#8312),#8316);
#8312 = LINE('',#8313,#8314);
#8313 = CARTESIAN_POINT('',(0.,-0.205));
#8314 = VECTOR('',#8315,1.);
#8315 = DIRECTION('',(1.,0.));
#8316 = ( GEOMETRIC_REPRESENTATION_CONTEXT(2) 
PARAMETRIC_REPRESENTATION_CONTEXT() REPRESENTATION_CONTEXT('2D SPACE',''
  ) );
#8317 = PCURVE('',#8205,#8318);
#8318 = DEFINITIONAL_REPRESENTATION('',(#8319),#8323);
#8319 = LINE('',#8320,#8321);
#8320 = CARTESIAN_POINT('',(0.441496146342,-0.853946318775));
#8321 = VECTOR('',#8322,1.);
#8322 = DIRECTION('',(1.,0.));
#8323 = ( GEOMETRIC_REPRESENTATION_CONTEXT(2) 
PARAMETRIC_REPRESENTATION_CONTEXT() REPRESENTATION_CONTEXT('2D SPACE',''
  ) );
#8324 = ORIENTED_EDGE('',*,*,#8273,.F.);
#8325 = ORIENTED_EDGE('',*,*,#8326,.F.);
#8326 = EDGE_CURVE('',#8327,#8246,#8329,.T.);
#8327 = VERTEX_POINT('',#8328);
#8328 = CARTESIAN_POINT('',(3.4,-1.7,1.075));
#8329 = SURFACE_CURVE('',#8330,(#8334,#8341),.PCURVE_S1.);
#8330 = LINE('',#8331,#8332);
#8331 = CARTESIAN_POINT('',(3.4,-1.7,1.075));
#8332 = VECTOR('',#8333,1.);
#8333 = DIRECTION('',(0.,0.,1.));
#8334 = PCURVE('',#8287,#8335);
#8335 = DEFINITIONAL_REPRESENTATION('',(#8336),#8340);
#8336 = LINE('',#8337,#8338);
#8337 = CARTESIAN_POINT('',(0.,0.205));
#8338 = VECTOR('',#8339,1.);
#8339 = DIRECTION('',(1.,0.));
#8340 = ( GEOMETRIC_REPRESENTATION_CONTEXT(2) 
PARAMETRIC_REPRESENTATION_CONTEXT() REPRESENTATION_CONTEXT('2D SPACE',''
  ) );
#8341 = PCURVE('',#8261,#8342);
#8342 = DEFINITIONAL_REPRESENTATION('',(#8343),#8347);
#8343 = LINE('',#8344,#8345);
#8344 = CARTESIAN_POINT('',(0.441496146342,-0.853946318775));
#8345 = VECTOR('',#8346,1.);
#8346 = DIRECTION('',(1.,0.));
#8347 = ( GEOMETRIC_REPRESENTATION_CONTEXT(2) 
PARAMETRIC_REPRESENTATION_CONTEXT() REPRESENTATION_CONTEXT('2D SPACE',''
  ) );
#8348 = ORIENTED_EDGE('',*,*,#8349,.T.);
#8349 = EDGE_CURVE('',#8327,#8303,#8350,.T.);
#8350 = SURFACE_CURVE('',#8351,(#8355,#8362),.PCURVE_S1.);
#8351 = LINE('',#8352,#8353);
#8352 = CARTESIAN_POINT('',(3.4,-1.7,1.075));
#8353 = VECTOR('',#8354,1.);
#8354 = DIRECTION('',(0.,-1.,0.));
#8355 = PCURVE('',#8287,#8356);
#8356 = DEFINITIONAL_REPRESENTATION('',(#8357),#8361);
#8357 = LINE('',#8358,#8359);
#8358 = CARTESIAN_POINT('',(0.,0.205));
#8359 = VECTOR('',#8360,1.);
#8360 = DIRECTION('',(0.,-1.));
#8361 = ( GEOMETRIC_REPRESENTATION_CONTEXT(2) 
PARAMETRIC_REPRESENTATION_CONTEXT() REPRESENTATION_CONTEXT('2D SPACE',''
  ) );
#8362 = PCURVE('',#8363,#8368);
#8363 = PLANE('',#8364);
#8364 = AXIS2_PLACEMENT_3D('',#8365,#8366,#8367);
#8365 = CARTESIAN_POINT('',(3.95,-1.905,1.075));
#8366 = DIRECTION('',(-0.,-0.,-1.));
#8367 = DIRECTION('',(-1.,0.,0.));
#8368 = DEFINITIONAL_REPRESENTATION('',(#8369),#8373);
#8369 = LINE('',#8370,#8371);
#8370 = CARTESIAN_POINT('',(0.55,0.205));
#8371 = VECTOR('',#8372,1.);
#8372 = DIRECTION('',(0.,-1.));
#8373 = ( GEOMETRIC_REPRESENTATION_CONTEXT(2) 
PARAMETRIC_REPRESENTATION_CONTEXT() REPRESENTATION_CONTEXT('2D SPACE',''
  ) );
#8374 = ADVANCED_FACE('',(#8375),#8363,.T.);
#8375 = FACE_BOUND('',#8376,.T.);
#8376 = EDGE_LOOP('',(#8377,#8400,#8401,#8424));
#8377 = ORIENTED_EDGE('',*,*,#8378,.T.);
#8378 = EDGE_CURVE('',#8379,#8303,#8381,.T.);
#8379 = VERTEX_POINT('',#8380);
#8380 = CARTESIAN_POINT('',(3.95,-2.11,1.075));
#8381 = SURFACE_CURVE('',#8382,(#8386,#8393),.PCURVE_S1.);
#8382 = LINE('',#8383,#8384);
#8383 = CARTESIAN_POINT('',(3.95,-2.11,1.075));
#8384 = VECTOR('',#8385,1.);
#8385 = DIRECTION('',(-1.,0.,0.));
#8386 = PCURVE('',#8363,#8387);
#8387 = DEFINITIONAL_REPRESENTATION('',(#8388),#8392);
#8388 = LINE('',#8389,#8390);
#8389 = CARTESIAN_POINT('',(0.,-0.205));
#8390 = VECTOR('',#8391,1.);
#8391 = DIRECTION('',(1.,0.));
#8392 = ( GEOMETRIC_REPRESENTATION_CONTEXT(2) 
PARAMETRIC_REPRESENTATION_CONTEXT() REPRESENTATION_CONTEXT('2D SPACE',''
  ) );
#8393 = PCURVE('',#8205,#8394);
#8394 = DEFINITIONAL_REPRESENTATION('',(#8395),#8399);
#8395 = LINE('',#8396,#8397);
#8396 = CARTESIAN_POINT('',(0.441496146342,-0.303946318775));
#8397 = VECTOR('',#8398,1.);
#8398 = DIRECTION('',(0.,-1.));
#8399 = ( GEOMETRIC_REPRESENTATION_CONTEXT(2) 
PARAMETRIC_REPRESENTATION_CONTEXT() REPRESENTATION_CONTEXT('2D SPACE',''
  ) );
#8400 = ORIENTED_EDGE('',*,*,#8349,.F.);
#8401 = ORIENTED_EDGE('',*,*,#8402,.F.);
#8402 = EDGE_CURVE('',#8403,#8327,#8405,.T.);
#8403 = VERTEX_POINT('',#8404);
#8404 = CARTESIAN_POINT('',(3.95,-1.7,1.075));
#8405 = SURFACE_CURVE('',#8406,(#8410,#8417),.PCURVE_S1.);
#8406 = LINE('',#8407,#8408);
#8407 = CARTESIAN_POINT('',(3.95,-1.7,1.075));
#8408 = VECTOR('',#8409,1.);
#8409 = DIRECTION('',(-1.,0.,0.));
#8410 = PCURVE('',#8363,#8411);
#8411 = DEFINITIONAL_REPRESENTATION('',(#8412),#8416);
#8412 = LINE('',#8413,#8414);
#8413 = CARTESIAN_POINT('',(0.,0.205));
#8414 = VECTOR('',#8415,1.);
#8415 = DIRECTION('',(1.,0.));
#8416 = ( GEOMETRIC_REPRESENTATION_CONTEXT(2) 
PARAMETRIC_REPRESENTATION_CONTEXT() REPRESENTATION_CONTEXT('2D SPACE',''
  ) );
#8417 = PCURVE('',#8261,#8418);
#8418 = DEFINITIONAL_REPRESENTATION('',(#8419),#8423);
#8419 = LINE('',#8420,#8421);
#8420 = CARTESIAN_POINT('',(0.441496146342,-0.303946318775));
#8421 = VECTOR('',#8422,1.);
#8422 = DIRECTION('',(0.,-1.));
#8423 = ( GEOMETRIC_REPRESENTATION_CONTEXT(2) 
PARAMETRIC_REPRESENTATION_CONTEXT() REPRESENTATION_CONTEXT('2D SPACE',''
  ) );
#8424 = ORIENTED_EDGE('',*,*,#8425,.T.);
#8425 = EDGE_CURVE('',#8403,#8379,#8426,.T.);
#8426 = SURFACE_CURVE('',#8427,(#8431,#8438),.PCURVE_S1.);
#8427 = LINE('',#8428,#8429);
#8428 = CARTESIAN_POINT('',(3.95,-1.7,1.075));
#8429 = VECTOR('',#8430,1.);
#8430 = DIRECTION('',(0.,-1.,0.));
#8431 = PCURVE('',#8363,#8432);
#8432 = DEFINITIONAL_REPRESENTATION('',(#8433),#8437);
#8433 = LINE('',#8434,#8435);
#8434 = CARTESIAN_POINT('',(0.,0.205));
#8435 = VECTOR('',#8436,1.);
#8436 = DIRECTION('',(0.,-1.));
#8437 = ( GEOMETRIC_REPRESENTATION_CONTEXT(2) 
PARAMETRIC_REPRESENTATION_CONTEXT() REPRESENTATION_CONTEXT('2D SPACE',''
  ) );
#8438 = PCURVE('',#8439,#8444);
#8439 = PLANE('',#8440);
#8440 = AXIS2_PLACEMENT_3D('',#8441,#8442,#8443);
#8441 = CARTESIAN_POINT('',(4.3,-1.905,0.));
#8442 = DIRECTION('',(-0.950871431487,-0.,-0.309586047461));
#8443 = DIRECTION('',(-0.309586047461,0.,0.950871431487));
#8444 = DEFINITIONAL_REPRESENTATION('',(#8445),#8449);
#8445 = LINE('',#8446,#8447);
#8446 = CARTESIAN_POINT('',(1.13054190546,0.205));
#8447 = VECTOR('',#8448,1.);
#8448 = DIRECTION('',(0.,-1.));
#8449 = ( GEOMETRIC_REPRESENTATION_CONTEXT(2) 
PARAMETRIC_REPRESENTATION_CONTEXT() REPRESENTATION_CONTEXT('2D SPACE',''
  ) );
#8450 = ADVANCED_FACE('',(#8451),#8439,.T.);
#8451 = FACE_BOUND('',#8452,.T.);
#8452 = EDGE_LOOP('',(#8453,#8483,#8504,#8505));
#8453 = ORIENTED_EDGE('',*,*,#8454,.F.);
#8454 = EDGE_CURVE('',#8455,#8457,#8459,.T.);
#8455 = VERTEX_POINT('',#8456);
#8456 = CARTESIAN_POINT('',(4.3,-2.11,0.));
#8457 = VERTEX_POINT('',#8458);
#8458 = CARTESIAN_POINT('',(4.3,-1.7,0.));
#8459 = SURFACE_CURVE('',#8460,(#8464,#8471),.PCURVE_S1.);
#8460 = LINE('',#8461,#8462);
#8461 = CARTESIAN_POINT('',(4.3,-2.11,0.));
#8462 = VECTOR('',#8463,1.);
#8463 = DIRECTION('',(0.,1.,0.));
#8464 = PCURVE('',#8439,#8465);
#8465 = DEFINITIONAL_REPRESENTATION('',(#8466),#8470);
#8466 = LINE('',#8467,#8468);
#8467 = CARTESIAN_POINT('',(0.,-0.205));
#8468 = VECTOR('',#8469,1.);
#8469 = DIRECTION('',(0.,1.));
#8470 = ( GEOMETRIC_REPRESENTATION_CONTEXT(2) 
PARAMETRIC_REPRESENTATION_CONTEXT() REPRESENTATION_CONTEXT('2D SPACE',''
  ) );
#8471 = PCURVE('',#8472,#8477);
#8472 = PLANE('',#8473);
#8473 = AXIS2_PLACEMENT_3D('',#8474,#8475,#8476);
#8474 = CARTESIAN_POINT('',(5.15,-1.905,0.));
#8475 = DIRECTION('',(-0.,-0.,-1.));
#8476 = DIRECTION('',(-1.,0.,0.));
#8477 = DEFINITIONAL_REPRESENTATION('',(#8478),#8482);
#8478 = LINE('',#8479,#8480);
#8479 = CARTESIAN_POINT('',(0.85,-0.205));
#8480 = VECTOR('',#8481,1.);
#8481 = DIRECTION('',(0.,1.));
#8482 = ( GEOMETRIC_REPRESENTATION_CONTEXT(2) 
PARAMETRIC_REPRESENTATION_CONTEXT() REPRESENTATION_CONTEXT('2D SPACE',''
  ) );
#8483 = ORIENTED_EDGE('',*,*,#8484,.T.);
#8484 = EDGE_CURVE('',#8455,#8379,#8485,.T.);
#8485 = SURFACE_CURVE('',#8486,(#8490,#8497),.PCURVE_S1.);
#8486 = LINE('',#8487,#8488);
#8487 = CARTESIAN_POINT('',(4.3,-2.11,0.));
#8488 = VECTOR('',#8489,1.);
#8489 = DIRECTION('',(-0.309586047461,0.,0.950871431487));
#8490 = PCURVE('',#8439,#8491);
#8491 = DEFINITIONAL_REPRESENTATION('',(#8492),#8496);
#8492 = LINE('',#8493,#8494);
#8493 = CARTESIAN_POINT('',(0.,-0.205));
#8494 = VECTOR('',#8495,1.);
#8495 = DIRECTION('',(1.,0.));
#8496 = ( GEOMETRIC_REPRESENTATION_CONTEXT(2) 
PARAMETRIC_REPRESENTATION_CONTEXT() REPRESENTATION_CONTEXT('2D SPACE',''
  ) );
#8497 = PCURVE('',#8205,#8498);
#8498 = DEFINITIONAL_REPRESENTATION('',(#8499),#8503);
#8499 = LINE('',#8500,#8501);
#8500 = CARTESIAN_POINT('',(-0.633503853658,4.6053681225E-02));
#8501 = VECTOR('',#8502,1.);
#8502 = DIRECTION('',(0.950871431487,-0.309586047461));
#8503 = ( GEOMETRIC_REPRESENTATION_CONTEXT(2) 
PARAMETRIC_REPRESENTATION_CONTEXT() REPRESENTATION_CONTEXT('2D SPACE',''
  ) );
#8504 = ORIENTED_EDGE('',*,*,#8425,.F.);
#8505 = ORIENTED_EDGE('',*,*,#8506,.F.);
#8506 = EDGE_CURVE('',#8457,#8403,#8507,.T.);
#8507 = SURFACE_CURVE('',#8508,(#8512,#8519),.PCURVE_S1.);
#8508 = LINE('',#8509,#8510);
#8509 = CARTESIAN_POINT('',(4.3,-1.7,0.));
#8510 = VECTOR('',#8511,1.);
#8511 = DIRECTION('',(-0.309586047461,0.,0.950871431487));
#8512 = PCURVE('',#8439,#8513);
#8513 = DEFINITIONAL_REPRESENTATION('',(#8514),#8518);
#8514 = LINE('',#8515,#8516);
#8515 = CARTESIAN_POINT('',(0.,0.205));
#8516 = VECTOR('',#8517,1.);
#8517 = DIRECTION('',(1.,0.));
#8518 = ( GEOMETRIC_REPRESENTATION_CONTEXT(2) 
PARAMETRIC_REPRESENTATION_CONTEXT() REPRESENTATION_CONTEXT('2D SPACE',''
  ) );
#8519 = PCURVE('',#8261,#8520);
#8520 = DEFINITIONAL_REPRESENTATION('',(#8521),#8525);
#8521 = LINE('',#8522,#8523);
#8522 = CARTESIAN_POINT('',(-0.633503853658,4.6053681225E-02));
#8523 = VECTOR('',#8524,1.);
#8524 = DIRECTION('',(0.950871431487,-0.309586047461));
#8525 = ( GEOMETRIC_REPRESENTATION_CONTEXT(2) 
PARAMETRIC_REPRESENTATION_CONTEXT() REPRESENTATION_CONTEXT('2D SPACE',''
  ) );
#8526 = ADVANCED_FACE('',(#8527),#8472,.T.);
#8527 = FACE_BOUND('',#8528,.T.);
#8528 = EDGE_LOOP('',(#8529,#8559,#8580,#8581));
#8529 = ORIENTED_EDGE('',*,*,#8530,.F.);
#8530 = EDGE_CURVE('',#8531,#8533,#8535,.T.);
#8531 = VERTEX_POINT('',#8532);
#8532 = CARTESIAN_POINT('',(5.15,-2.11,0.));
#8533 = VERTEX_POINT('',#8534);
#8534 = CARTESIAN_POINT('',(5.15,-1.7,0.));
#8535 = SURFACE_CURVE('',#8536,(#8540,#8547),.PCURVE_S1.);
#8536 = LINE('',#8537,#8538);
#8537 = CARTESIAN_POINT('',(5.15,-2.11,0.));
#8538 = VECTOR('',#8539,1.);
#8539 = DIRECTION('',(0.,1.,0.));
#8540 = PCURVE('',#8472,#8541);
#8541 = DEFINITIONAL_REPRESENTATION('',(#8542),#8546);
#8542 = LINE('',#8543,#8544);
#8543 = CARTESIAN_POINT('',(0.,-0.205));
#8544 = VECTOR('',#8545,1.);
#8545 = DIRECTION('',(0.,1.));
#8546 = ( GEOMETRIC_REPRESENTATION_CONTEXT(2) 
PARAMETRIC_REPRESENTATION_CONTEXT() REPRESENTATION_CONTEXT('2D SPACE',''
  ) );
#8547 = PCURVE('',#8548,#8553);
#8548 = PLANE('',#8549);
#8549 = AXIS2_PLACEMENT_3D('',#8550,#8551,#8552);
#8550 = CARTESIAN_POINT('',(5.15,-1.905,0.25));
#8551 = DIRECTION('',(1.,0.,0.));
#8552 = DIRECTION('',(0.,0.,-1.));
#8553 = DEFINITIONAL_REPRESENTATION('',(#8554),#8558);
#8554 = LINE('',#8555,#8556);
#8555 = CARTESIAN_POINT('',(0.25,-0.205));
#8556 = VECTOR('',#8557,1.);
#8557 = DIRECTION('',(0.,1.));
#8558 = ( GEOMETRIC_REPRESENTATION_CONTEXT(2) 
PARAMETRIC_REPRESENTATION_CONTEXT() REPRESENTATION_CONTEXT('2D SPACE',''
  ) );
#8559 = ORIENTED_EDGE('',*,*,#8560,.T.);
#8560 = EDGE_CURVE('',#8531,#8455,#8561,.T.);
#8561 = SURFACE_CURVE('',#8562,(#8566,#8573),.PCURVE_S1.);
#8562 = LINE('',#8563,#8564);
#8563 = CARTESIAN_POINT('',(5.15,-2.11,0.));
#8564 = VECTOR('',#8565,1.);
#8565 = DIRECTION('',(-1.,0.,0.));
#8566 = PCURVE('',#8472,#8567);
#8567 = DEFINITIONAL_REPRESENTATION('',(#8568),#8572);
#8568 = LINE('',#8569,#8570);
#8569 = CARTESIAN_POINT('',(0.,-0.205));
#8570 = VECTOR('',#8571,1.);
#8571 = DIRECTION('',(1.,0.));
#8572 = ( GEOMETRIC_REPRESENTATION_CONTEXT(2) 
PARAMETRIC_REPRESENTATION_CONTEXT() REPRESENTATION_CONTEXT('2D SPACE',''
  ) );
#8573 = PCURVE('',#8205,#8574);
#8574 = DEFINITIONAL_REPRESENTATION('',(#8575),#8579);
#8575 = LINE('',#8576,#8577);
#8576 = CARTESIAN_POINT('',(-0.633503853658,0.896053681225));
#8577 = VECTOR('',#8578,1.);
#8578 = DIRECTION('',(0.,-1.));
#8579 = ( GEOMETRIC_REPRESENTATION_CONTEXT(2) 
PARAMETRIC_REPRESENTATION_CONTEXT() REPRESENTATION_CONTEXT('2D SPACE',''
  ) );
#8580 = ORIENTED_EDGE('',*,*,#8454,.T.);
#8581 = ORIENTED_EDGE('',*,*,#8582,.F.);
#8582 = EDGE_CURVE('',#8533,#8457,#8583,.T.);
#8583 = SURFACE_CURVE('',#8584,(#8588,#8595),.PCURVE_S1.);
#8584 = LINE('',#8585,#8586);
#8585 = CARTESIAN_POINT('',(5.15,-1.7,0.));
#8586 = VECTOR('',#8587,1.);
#8587 = DIRECTION('',(-1.,0.,0.));
#8588 = PCURVE('',#8472,#8589);
#8589 = DEFINITIONAL_REPRESENTATION('',(#8590),#8594);
#8590 = LINE('',#8591,#8592);
#8591 = CARTESIAN_POINT('',(0.,0.205));
#8592 = VECTOR('',#8593,1.);
#8593 = DIRECTION('',(1.,0.));
#8594 = ( GEOMETRIC_REPRESENTATION_CONTEXT(2) 
PARAMETRIC_REPRESENTATION_CONTEXT() REPRESENTATION_CONTEXT('2D SPACE',''
  ) );
#8595 = PCURVE('',#8261,#8596);
#8596 = DEFINITIONAL_REPRESENTATION('',(#8597),#8601);
#8597 = LINE('',#8598,#8599);
#8598 = CARTESIAN_POINT('',(-0.633503853658,0.896053681225));
#8599 = VECTOR('',#8600,1.);
#8600 = DIRECTION('',(0.,-1.));
#8601 = ( GEOMETRIC_REPRESENTATION_CONTEXT(2) 
PARAMETRIC_REPRESENTATION_CONTEXT() REPRESENTATION_CONTEXT('2D SPACE',''
  ) );
#8602 = ADVANCED_FACE('',(#8603),#8548,.T.);
#8603 = FACE_BOUND('',#8604,.T.);
#8604 = EDGE_LOOP('',(#8605,#8635,#8656,#8657));
#8605 = ORIENTED_EDGE('',*,*,#8606,.F.);
#8606 = EDGE_CURVE('',#8607,#8609,#8611,.T.);
#8607 = VERTEX_POINT('',#8608);
#8608 = CARTESIAN_POINT('',(5.15,-2.11,0.25));
#8609 = VERTEX_POINT('',#8610);
#8610 = CARTESIAN_POINT('',(5.15,-1.7,0.25));
#8611 = SURFACE_CURVE('',#8612,(#8616,#8623),.PCURVE_S1.);
#8612 = LINE('',#8613,#8614);
#8613 = CARTESIAN_POINT('',(5.15,-2.11,0.25));
#8614 = VECTOR('',#8615,1.);
#8615 = DIRECTION('',(0.,1.,0.));
#8616 = PCURVE('',#8548,#8617);
#8617 = DEFINITIONAL_REPRESENTATION('',(#8618),#8622);
#8618 = LINE('',#8619,#8620);
#8619 = CARTESIAN_POINT('',(0.,-0.205));
#8620 = VECTOR('',#8621,1.);
#8621 = DIRECTION('',(0.,1.));
#8622 = ( GEOMETRIC_REPRESENTATION_CONTEXT(2) 
PARAMETRIC_REPRESENTATION_CONTEXT() REPRESENTATION_CONTEXT('2D SPACE',''
  ) );
#8623 = PCURVE('',#8624,#8629);
#8624 = PLANE('',#8625);
#8625 = AXIS2_PLACEMENT_3D('',#8626,#8627,#8628);
#8626 = CARTESIAN_POINT('',(4.45,-1.905,0.25));
#8627 = DIRECTION('',(-0.,0.,1.));
#8628 = DIRECTION('',(1.,0.,0.));
#8629 = DEFINITIONAL_REPRESENTATION('',(#8630),#8634);
#8630 = LINE('',#8631,#8632);
#8631 = CARTESIAN_POINT('',(0.7,-0.205));
#8632 = VECTOR('',#8633,1.);
#8633 = DIRECTION('',(0.,1.));
#8634 = ( GEOMETRIC_REPRESENTATION_CONTEXT(2) 
PARAMETRIC_REPRESENTATION_CONTEXT() REPRESENTATION_CONTEXT('2D SPACE',''
  ) );
#8635 = ORIENTED_EDGE('',*,*,#8636,.T.);
#8636 = EDGE_CURVE('',#8607,#8531,#8637,.T.);
#8637 = SURFACE_CURVE('',#8638,(#8642,#8649),.PCURVE_S1.);
#8638 = LINE('',#8639,#8640);
#8639 = CARTESIAN_POINT('',(5.15,-2.11,0.25));
#8640 = VECTOR('',#8641,1.);
#8641 = DIRECTION('',(0.,0.,-1.));
#8642 = PCURVE('',#8548,#8643);
#8643 = DEFINITIONAL_REPRESENTATION('',(#8644),#8648);
#8644 = LINE('',#8645,#8646);
#8645 = CARTESIAN_POINT('',(0.,-0.205));
#8646 = VECTOR('',#8647,1.);
#8647 = DIRECTION('',(1.,0.));
#8648 = ( GEOMETRIC_REPRESENTATION_CONTEXT(2) 
PARAMETRIC_REPRESENTATION_CONTEXT() REPRESENTATION_CONTEXT('2D SPACE',''
  ) );
#8649 = PCURVE('',#8205,#8650);
#8650 = DEFINITIONAL_REPRESENTATION('',(#8651),#8655);
#8651 = LINE('',#8652,#8653);
#8652 = CARTESIAN_POINT('',(-0.383503853658,0.896053681225));
#8653 = VECTOR('',#8654,1.);
#8654 = DIRECTION('',(-1.,0.));
#8655 = ( GEOMETRIC_REPRESENTATION_CONTEXT(2) 
PARAMETRIC_REPRESENTATION_CONTEXT() REPRESENTATION_CONTEXT('2D SPACE',''
  ) );
#8656 = ORIENTED_EDGE('',*,*,#8530,.T.);
#8657 = ORIENTED_EDGE('',*,*,#8658,.F.);
#8658 = EDGE_CURVE('',#8609,#8533,#8659,.T.);
#8659 = SURFACE_CURVE('',#8660,(#8664,#8671),.PCURVE_S1.);
#8660 = LINE('',#8661,#8662);
#8661 = CARTESIAN_POINT('',(5.15,-1.7,0.25));
#8662 = VECTOR('',#8663,1.);
#8663 = DIRECTION('',(0.,0.,-1.));
#8664 = PCURVE('',#8548,#8665);
#8665 = DEFINITIONAL_REPRESENTATION('',(#8666),#8670);
#8666 = LINE('',#8667,#8668);
#8667 = CARTESIAN_POINT('',(0.,0.205));
#8668 = VECTOR('',#8669,1.);
#8669 = DIRECTION('',(1.,0.));
#8670 = ( GEOMETRIC_REPRESENTATION_CONTEXT(2) 
PARAMETRIC_REPRESENTATION_CONTEXT() REPRESENTATION_CONTEXT('2D SPACE',''
  ) );
#8671 = PCURVE('',#8261,#8672);
#8672 = DEFINITIONAL_REPRESENTATION('',(#8673),#8677);
#8673 = LINE('',#8674,#8675);
#8674 = CARTESIAN_POINT('',(-0.383503853658,0.896053681225));
#8675 = VECTOR('',#8676,1.);
#8676 = DIRECTION('',(-1.,0.));
#8677 = ( GEOMETRIC_REPRESENTATION_CONTEXT(2) 
PARAMETRIC_REPRESENTATION_CONTEXT() REPRESENTATION_CONTEXT('2D SPACE',''
  ) );
#8678 = ADVANCED_FACE('',(#8679),#8624,.T.);
#8679 = FACE_BOUND('',#8680,.T.);
#8680 = EDGE_LOOP('',(#8681,#8706,#8727,#8728));
#8681 = ORIENTED_EDGE('',*,*,#8682,.F.);
#8682 = EDGE_CURVE('',#8683,#8685,#8687,.T.);
#8683 = VERTEX_POINT('',#8684);
#8684 = CARTESIAN_POINT('',(4.45,-2.11,0.25));
#8685 = VERTEX_POINT('',#8686);
#8686 = CARTESIAN_POINT('',(4.45,-1.7,0.25));
#8687 = SURFACE_CURVE('',#8688,(#8692,#8699),.PCURVE_S1.);
#8688 = LINE('',#8689,#8690);
#8689 = CARTESIAN_POINT('',(4.45,-2.11,0.25));
#8690 = VECTOR('',#8691,1.);
#8691 = DIRECTION('',(0.,1.,0.));
#8692 = PCURVE('',#8624,#8693);
#8693 = DEFINITIONAL_REPRESENTATION('',(#8694),#8698);
#8694 = LINE('',#8695,#8696);
#8695 = CARTESIAN_POINT('',(0.,-0.205));
#8696 = VECTOR('',#8697,1.);
#8697 = DIRECTION('',(0.,1.));
#8698 = ( GEOMETRIC_REPRESENTATION_CONTEXT(2) 
PARAMETRIC_REPRESENTATION_CONTEXT() REPRESENTATION_CONTEXT('2D SPACE',''
  ) );
#8699 = PCURVE('',#8233,#8700);
#8700 = DEFINITIONAL_REPRESENTATION('',(#8701),#8705);
#8701 = LINE('',#8702,#8703);
#8702 = CARTESIAN_POINT('',(1.13054190546,-0.205));
#8703 = VECTOR('',#8704,1.);
#8704 = DIRECTION('',(0.,1.));
#8705 = ( GEOMETRIC_REPRESENTATION_CONTEXT(2) 
PARAMETRIC_REPRESENTATION_CONTEXT() REPRESENTATION_CONTEXT('2D SPACE',''
  ) );
#8706 = ORIENTED_EDGE('',*,*,#8707,.T.);
#8707 = EDGE_CURVE('',#8683,#8607,#8708,.T.);
#8708 = SURFACE_CURVE('',#8709,(#8713,#8720),.PCURVE_S1.);
#8709 = LINE('',#8710,#8711);
#8710 = CARTESIAN_POINT('',(4.45,-2.11,0.25));
#8711 = VECTOR('',#8712,1.);
#8712 = DIRECTION('',(1.,0.,0.));
#8713 = PCURVE('',#8624,#8714);
#8714 = DEFINITIONAL_REPRESENTATION('',(#8715),#8719);
#8715 = LINE('',#8716,#8717);
#8716 = CARTESIAN_POINT('',(0.,-0.205));
#8717 = VECTOR('',#8718,1.);
#8718 = DIRECTION('',(1.,0.));
#8719 = ( GEOMETRIC_REPRESENTATION_CONTEXT(2) 
PARAMETRIC_REPRESENTATION_CONTEXT() REPRESENTATION_CONTEXT('2D SPACE',''
  ) );
#8720 = PCURVE('',#8205,#8721);
#8721 = DEFINITIONAL_REPRESENTATION('',(#8722),#8726);
#8722 = LINE('',#8723,#8724);
#8723 = CARTESIAN_POINT('',(-0.383503853658,0.196053681225));
#8724 = VECTOR('',#8725,1.);
#8725 = DIRECTION('',(0.,1.));
#8726 = ( GEOMETRIC_REPRESENTATION_CONTEXT(2) 
PARAMETRIC_REPRESENTATION_CONTEXT() REPRESENTATION_CONTEXT('2D SPACE',''
  ) );
#8727 = ORIENTED_EDGE('',*,*,#8606,.T.);
#8728 = ORIENTED_EDGE('',*,*,#8729,.F.);
#8729 = EDGE_CURVE('',#8685,#8609,#8730,.T.);
#8730 = SURFACE_CURVE('',#8731,(#8735,#8742),.PCURVE_S1.);
#8731 = LINE('',#8732,#8733);
#8732 = CARTESIAN_POINT('',(4.45,-1.7,0.25));
#8733 = VECTOR('',#8734,1.);
#8734 = DIRECTION('',(1.,0.,0.));
#8735 = PCURVE('',#8624,#8736);
#8736 = DEFINITIONAL_REPRESENTATION('',(#8737),#8741);
#8737 = LINE('',#8738,#8739);
#8738 = CARTESIAN_POINT('',(0.,0.205));
#8739 = VECTOR('',#8740,1.);
#8740 = DIRECTION('',(1.,0.));
#8741 = ( GEOMETRIC_REPRESENTATION_CONTEXT(2) 
PARAMETRIC_REPRESENTATION_CONTEXT() REPRESENTATION_CONTEXT('2D SPACE',''
  ) );
#8742 = PCURVE('',#8261,#8743);
#8743 = DEFINITIONAL_REPRESENTATION('',(#8744),#8748);
#8744 = LINE('',#8745,#8746);
#8745 = CARTESIAN_POINT('',(-0.383503853658,0.196053681225));
#8746 = VECTOR('',#8747,1.);
#8747 = DIRECTION('',(0.,1.));
#8748 = ( GEOMETRIC_REPRESENTATION_CONTEXT(2) 
PARAMETRIC_REPRESENTATION_CONTEXT() REPRESENTATION_CONTEXT('2D SPACE',''
  ) );
#8749 = ADVANCED_FACE('',(#8750),#8261,.T.);
#8750 = FACE_BOUND('',#8751,.T.);
#8751 = EDGE_LOOP('',(#8752,#8753,#8774,#8775,#8776,#8777,#8778,#8779));
#8752 = ORIENTED_EDGE('',*,*,#8245,.T.);
#8753 = ORIENTED_EDGE('',*,*,#8754,.T.);
#8754 = EDGE_CURVE('',#8218,#8685,#8755,.T.);
#8755 = SURFACE_CURVE('',#8756,(#8760,#8767),.PCURVE_S1.);
#8756 = LINE('',#8757,#8758);
#8757 = CARTESIAN_POINT('',(4.1,-1.7,1.325));
#8758 = VECTOR('',#8759,1.);
#8759 = DIRECTION('',(0.309586047461,0.,-0.950871431487));
#8760 = PCURVE('',#8261,#8761);
#8761 = DEFINITIONAL_REPRESENTATION('',(#8762),#8766);
#8762 = LINE('',#8763,#8764);
#8763 = CARTESIAN_POINT('',(0.691496146342,-0.153946318775));
#8764 = VECTOR('',#8765,1.);
#8765 = DIRECTION('',(-0.950871431487,0.309586047461));
#8766 = ( GEOMETRIC_REPRESENTATION_CONTEXT(2) 
PARAMETRIC_REPRESENTATION_CONTEXT() REPRESENTATION_CONTEXT('2D SPACE',''
  ) );
#8767 = PCURVE('',#8233,#8768);
#8768 = DEFINITIONAL_REPRESENTATION('',(#8769),#8773);
#8769 = LINE('',#8770,#8771);
#8770 = CARTESIAN_POINT('',(0.,0.205));
#8771 = VECTOR('',#8772,1.);
#8772 = DIRECTION('',(1.,0.));
#8773 = ( GEOMETRIC_REPRESENTATION_CONTEXT(2) 
PARAMETRIC_REPRESENTATION_CONTEXT() REPRESENTATION_CONTEXT('2D SPACE',''
  ) );
#8774 = ORIENTED_EDGE('',*,*,#8729,.T.);
#8775 = ORIENTED_EDGE('',*,*,#8658,.T.);
#8776 = ORIENTED_EDGE('',*,*,#8582,.T.);
#8777 = ORIENTED_EDGE('',*,*,#8506,.T.);
#8778 = ORIENTED_EDGE('',*,*,#8402,.T.);
#8779 = ORIENTED_EDGE('',*,*,#8326,.T.);
#8780 = ADVANCED_FACE('',(#8781),#8233,.T.);
#8781 = FACE_BOUND('',#8782,.T.);
#8782 = EDGE_LOOP('',(#8783,#8784,#8805,#8806));
#8783 = ORIENTED_EDGE('',*,*,#8217,.F.);
#8784 = ORIENTED_EDGE('',*,*,#8785,.T.);
#8785 = EDGE_CURVE('',#8185,#8683,#8786,.T.);
#8786 = SURFACE_CURVE('',#8787,(#8791,#8798),.PCURVE_S1.);
#8787 = LINE('',#8788,#8789);
#8788 = CARTESIAN_POINT('',(4.1,-2.11,1.325));
#8789 = VECTOR('',#8790,1.);
#8790 = DIRECTION('',(0.309586047461,0.,-0.950871431487));
#8791 = PCURVE('',#8233,#8792);
#8792 = DEFINITIONAL_REPRESENTATION('',(#8793),#8797);
#8793 = LINE('',#8794,#8795);
#8794 = CARTESIAN_POINT('',(0.,-0.205));
#8795 = VECTOR('',#8796,1.);
#8796 = DIRECTION('',(1.,0.));
#8797 = ( GEOMETRIC_REPRESENTATION_CONTEXT(2) 
PARAMETRIC_REPRESENTATION_CONTEXT() REPRESENTATION_CONTEXT('2D SPACE',''
  ) );
#8798 = PCURVE('',#8205,#8799);
#8799 = DEFINITIONAL_REPRESENTATION('',(#8800),#8804);
#8800 = LINE('',#8801,#8802);
#8801 = CARTESIAN_POINT('',(0.691496146342,-0.153946318775));
#8802 = VECTOR('',#8803,1.);
#8803 = DIRECTION('',(-0.950871431487,0.309586047461));
#8804 = ( GEOMETRIC_REPRESENTATION_CONTEXT(2) 
PARAMETRIC_REPRESENTATION_CONTEXT() REPRESENTATION_CONTEXT('2D SPACE',''
  ) );
#8805 = ORIENTED_EDGE('',*,*,#8682,.T.);
#8806 = ORIENTED_EDGE('',*,*,#8754,.F.);
#8807 = ADVANCED_FACE('',(#8808),#8205,.F.);
#8808 = FACE_BOUND('',#8809,.F.);
#8809 = EDGE_LOOP('',(#8810,#8811,#8812,#8813,#8814,#8815,#8816,#8817));
#8810 = ORIENTED_EDGE('',*,*,#8182,.T.);
#8811 = ORIENTED_EDGE('',*,*,#8785,.T.);
#8812 = ORIENTED_EDGE('',*,*,#8707,.T.);
#8813 = ORIENTED_EDGE('',*,*,#8636,.T.);
#8814 = ORIENTED_EDGE('',*,*,#8560,.T.);
#8815 = ORIENTED_EDGE('',*,*,#8484,.T.);
#8816 = ORIENTED_EDGE('',*,*,#8378,.T.);
#8817 = ORIENTED_EDGE('',*,*,#8302,.T.);
#8818 = MANIFOLD_SOLID_BREP('',#8819);
#8819 = CLOSED_SHELL('',(#8820,#8940,#9016,#9092,#9168,#9244,#9320,#9391
    ,#9422,#9449));
#8820 = ADVANCED_FACE('',(#8821),#8835,.T.);
#8821 = FACE_BOUND('',#8822,.T.);
#8822 = EDGE_LOOP('',(#8823,#8858,#8886,#8914));
#8823 = ORIENTED_EDGE('',*,*,#8824,.T.);
#8824 = EDGE_CURVE('',#8825,#8827,#8829,.T.);
#8825 = VERTEX_POINT('',#8826);
#8826 = CARTESIAN_POINT('',(3.4,-3.38,1.325));
#8827 = VERTEX_POINT('',#8828);
#8828 = CARTESIAN_POINT('',(4.1,-3.38,1.325));
#8829 = SURFACE_CURVE('',#8830,(#8834,#8846),.PCURVE_S1.);
#8830 = LINE('',#8831,#8832);
#8831 = CARTESIAN_POINT('',(3.4,-3.38,1.325));
#8832 = VECTOR('',#8833,1.);
#8833 = DIRECTION('',(1.,0.,0.));
#8834 = PCURVE('',#8835,#8840);
#8835 = PLANE('',#8836);
#8836 = AXIS2_PLACEMENT_3D('',#8837,#8838,#8839);
#8837 = CARTESIAN_POINT('',(3.4,-3.175,1.325));
#8838 = DIRECTION('',(-0.,0.,1.));
#8839 = DIRECTION('',(1.,0.,0.));
#8840 = DEFINITIONAL_REPRESENTATION('',(#8841),#8845);
#8841 = LINE('',#8842,#8843);
#8842 = CARTESIAN_POINT('',(0.,-0.205));
#8843 = VECTOR('',#8844,1.);
#8844 = DIRECTION('',(1.,0.));
#8845 = ( GEOMETRIC_REPRESENTATION_CONTEXT(2) 
PARAMETRIC_REPRESENTATION_CONTEXT() REPRESENTATION_CONTEXT('2D SPACE',''
  ) );
#8846 = PCURVE('',#8847,#8852);
#8847 = PLANE('',#8848);
#8848 = AXIS2_PLACEMENT_3D('',#8849,#8850,#8851);
#8849 = CARTESIAN_POINT('',(4.253946318775,-3.38,0.633503853658));
#8850 = DIRECTION('',(0.,1.,0.));
#8851 = DIRECTION('',(0.,-0.,1.));
#8852 = DEFINITIONAL_REPRESENTATION('',(#8853),#8857);
#8853 = LINE('',#8854,#8855);
#8854 = CARTESIAN_POINT('',(0.691496146342,-0.853946318775));
#8855 = VECTOR('',#8856,1.);
#8856 = DIRECTION('',(0.,1.));
#8857 = ( GEOMETRIC_REPRESENTATION_CONTEXT(2) 
PARAMETRIC_REPRESENTATION_CONTEXT() REPRESENTATION_CONTEXT('2D SPACE',''
  ) );
#8858 = ORIENTED_EDGE('',*,*,#8859,.T.);
#8859 = EDGE_CURVE('',#8827,#8860,#8862,.T.);
#8860 = VERTEX_POINT('',#8861);
#8861 = CARTESIAN_POINT('',(4.1,-2.97,1.325));
#8862 = SURFACE_CURVE('',#8863,(#8867,#8874),.PCURVE_S1.);
#8863 = LINE('',#8864,#8865);
#8864 = CARTESIAN_POINT('',(4.1,-3.38,1.325));
#8865 = VECTOR('',#8866,1.);
#8866 = DIRECTION('',(0.,1.,0.));
#8867 = PCURVE('',#8835,#8868);
#8868 = DEFINITIONAL_REPRESENTATION('',(#8869),#8873);
#8869 = LINE('',#8870,#8871);
#8870 = CARTESIAN_POINT('',(0.7,-0.205));
#8871 = VECTOR('',#8872,1.);
#8872 = DIRECTION('',(0.,1.));
#8873 = ( GEOMETRIC_REPRESENTATION_CONTEXT(2) 
PARAMETRIC_REPRESENTATION_CONTEXT() REPRESENTATION_CONTEXT('2D SPACE',''
  ) );
#8874 = PCURVE('',#8875,#8880);
#8875 = PLANE('',#8876);
#8876 = AXIS2_PLACEMENT_3D('',#8877,#8878,#8879);
#8877 = CARTESIAN_POINT('',(4.1,-3.175,1.325));
#8878 = DIRECTION('',(0.950871431487,0.,0.309586047461));
#8879 = DIRECTION('',(0.309586047461,0.,-0.950871431487));
#8880 = DEFINITIONAL_REPRESENTATION('',(#8881),#8885);
#8881 = LINE('',#8882,#8883);
#8882 = CARTESIAN_POINT('',(0.,-0.205));
#8883 = VECTOR('',#8884,1.);
#8884 = DIRECTION('',(0.,1.));
#8885 = ( GEOMETRIC_REPRESENTATION_CONTEXT(2) 
PARAMETRIC_REPRESENTATION_CONTEXT() REPRESENTATION_CONTEXT('2D SPACE',''
  ) );
#8886 = ORIENTED_EDGE('',*,*,#8887,.F.);
#8887 = EDGE_CURVE('',#8888,#8860,#8890,.T.);
#8888 = VERTEX_POINT('',#8889);
#8889 = CARTESIAN_POINT('',(3.4,-2.97,1.325));
#8890 = SURFACE_CURVE('',#8891,(#8895,#8902),.PCURVE_S1.);
#8891 = LINE('',#8892,#8893);
#8892 = CARTESIAN_POINT('',(3.4,-2.97,1.325));
#8893 = VECTOR('',#8894,1.);
#8894 = DIRECTION('',(1.,0.,0.));
#8895 = PCURVE('',#8835,#8896);
#8896 = DEFINITIONAL_REPRESENTATION('',(#8897),#8901);
#8897 = LINE('',#8898,#8899);
#8898 = CARTESIAN_POINT('',(0.,0.205));
#8899 = VECTOR('',#8900,1.);
#8900 = DIRECTION('',(1.,0.));
#8901 = ( GEOMETRIC_REPRESENTATION_CONTEXT(2) 
PARAMETRIC_REPRESENTATION_CONTEXT() REPRESENTATION_CONTEXT('2D SPACE',''
  ) );
#8902 = PCURVE('',#8903,#8908);
#8903 = PLANE('',#8904);
#8904 = AXIS2_PLACEMENT_3D('',#8905,#8906,#8907);
#8905 = CARTESIAN_POINT('',(4.253946318775,-2.97,0.633503853658));
#8906 = DIRECTION('',(0.,1.,0.));
#8907 = DIRECTION('',(0.,-0.,1.));
#8908 = DEFINITIONAL_REPRESENTATION('',(#8909),#8913);
#8909 = LINE('',#8910,#8911);
#8910 = CARTESIAN_POINT('',(0.691496146342,-0.853946318775));
#8911 = VECTOR('',#8912,1.);
#8912 = DIRECTION('',(0.,1.));
#8913 = ( GEOMETRIC_REPRESENTATION_CONTEXT(2) 
PARAMETRIC_REPRESENTATION_CONTEXT() REPRESENTATION_CONTEXT('2D SPACE',''
  ) );
#8914 = ORIENTED_EDGE('',*,*,#8915,.T.);
#8915 = EDGE_CURVE('',#8888,#8825,#8916,.T.);
#8916 = SURFACE_CURVE('',#8917,(#8921,#8928),.PCURVE_S1.);
#8917 = LINE('',#8918,#8919);
#8918 = CARTESIAN_POINT('',(3.4,-2.97,1.325));
#8919 = VECTOR('',#8920,1.);
#8920 = DIRECTION('',(0.,-1.,0.));
#8921 = PCURVE('',#8835,#8922);
#8922 = DEFINITIONAL_REPRESENTATION('',(#8923),#8927);
#8923 = LINE('',#8924,#8925);
#8924 = CARTESIAN_POINT('',(0.,0.205));
#8925 = VECTOR('',#8926,1.);
#8926 = DIRECTION('',(0.,-1.));
#8927 = ( GEOMETRIC_REPRESENTATION_CONTEXT(2) 
PARAMETRIC_REPRESENTATION_CONTEXT() REPRESENTATION_CONTEXT('2D SPACE',''
  ) );
#8928 = PCURVE('',#8929,#8934);
#8929 = PLANE('',#8930);
#8930 = AXIS2_PLACEMENT_3D('',#8931,#8932,#8933);
#8931 = CARTESIAN_POINT('',(3.4,-3.175,1.075));
#8932 = DIRECTION('',(-1.,0.,0.));
#8933 = DIRECTION('',(0.,0.,1.));
#8934 = DEFINITIONAL_REPRESENTATION('',(#8935),#8939);
#8935 = LINE('',#8936,#8937);
#8936 = CARTESIAN_POINT('',(0.25,0.205));
#8937 = VECTOR('',#8938,1.);
#8938 = DIRECTION('',(0.,-1.));
#8939 = ( GEOMETRIC_REPRESENTATION_CONTEXT(2) 
PARAMETRIC_REPRESENTATION_CONTEXT() REPRESENTATION_CONTEXT('2D SPACE',''
  ) );
#8940 = ADVANCED_FACE('',(#8941),#8929,.T.);
#8941 = FACE_BOUND('',#8942,.T.);
#8942 = EDGE_LOOP('',(#8943,#8966,#8967,#8990));
#8943 = ORIENTED_EDGE('',*,*,#8944,.T.);
#8944 = EDGE_CURVE('',#8945,#8825,#8947,.T.);
#8945 = VERTEX_POINT('',#8946);
#8946 = CARTESIAN_POINT('',(3.4,-3.38,1.075));
#8947 = SURFACE_CURVE('',#8948,(#8952,#8959),.PCURVE_S1.);
#8948 = LINE('',#8949,#8950);
#8949 = CARTESIAN_POINT('',(3.4,-3.38,1.075));
#8950 = VECTOR('',#8951,1.);
#8951 = DIRECTION('',(0.,0.,1.));
#8952 = PCURVE('',#8929,#8953);
#8953 = DEFINITIONAL_REPRESENTATION('',(#8954),#8958);
#8954 = LINE('',#8955,#8956);
#8955 = CARTESIAN_POINT('',(0.,-0.205));
#8956 = VECTOR('',#8957,1.);
#8957 = DIRECTION('',(1.,0.));
#8958 = ( GEOMETRIC_REPRESENTATION_CONTEXT(2) 
PARAMETRIC_REPRESENTATION_CONTEXT() REPRESENTATION_CONTEXT('2D SPACE',''
  ) );
#8959 = PCURVE('',#8847,#8960);
#8960 = DEFINITIONAL_REPRESENTATION('',(#8961),#8965);
#8961 = LINE('',#8962,#8963);
#8962 = CARTESIAN_POINT('',(0.441496146342,-0.853946318775));
#8963 = VECTOR('',#8964,1.);
#8964 = DIRECTION('',(1.,0.));
#8965 = ( GEOMETRIC_REPRESENTATION_CONTEXT(2) 
PARAMETRIC_REPRESENTATION_CONTEXT() REPRESENTATION_CONTEXT('2D SPACE',''
  ) );
#8966 = ORIENTED_EDGE('',*,*,#8915,.F.);
#8967 = ORIENTED_EDGE('',*,*,#8968,.F.);
#8968 = EDGE_CURVE('',#8969,#8888,#8971,.T.);
#8969 = VERTEX_POINT('',#8970);
#8970 = CARTESIAN_POINT('',(3.4,-2.97,1.075));
#8971 = SURFACE_CURVE('',#8972,(#8976,#8983),.PCURVE_S1.);
#8972 = LINE('',#8973,#8974);
#8973 = CARTESIAN_POINT('',(3.4,-2.97,1.075));
#8974 = VECTOR('',#8975,1.);
#8975 = DIRECTION('',(0.,0.,1.));
#8976 = PCURVE('',#8929,#8977);
#8977 = DEFINITIONAL_REPRESENTATION('',(#8978),#8982);
#8978 = LINE('',#8979,#8980);
#8979 = CARTESIAN_POINT('',(0.,0.205));
#8980 = VECTOR('',#8981,1.);
#8981 = DIRECTION('',(1.,0.));
#8982 = ( GEOMETRIC_REPRESENTATION_CONTEXT(2) 
PARAMETRIC_REPRESENTATION_CONTEXT() REPRESENTATION_CONTEXT('2D SPACE',''
  ) );
#8983 = PCURVE('',#8903,#8984);
#8984 = DEFINITIONAL_REPRESENTATION('',(#8985),#8989);
#8985 = LINE('',#8986,#8987);
#8986 = CARTESIAN_POINT('',(0.441496146342,-0.853946318775));
#8987 = VECTOR('',#8988,1.);
#8988 = DIRECTION('',(1.,0.));
#8989 = ( GEOMETRIC_REPRESENTATION_CONTEXT(2) 
PARAMETRIC_REPRESENTATION_CONTEXT() REPRESENTATION_CONTEXT('2D SPACE',''
  ) );
#8990 = ORIENTED_EDGE('',*,*,#8991,.T.);
#8991 = EDGE_CURVE('',#8969,#8945,#8992,.T.);
#8992 = SURFACE_CURVE('',#8993,(#8997,#9004),.PCURVE_S1.);
#8993 = LINE('',#8994,#8995);
#8994 = CARTESIAN_POINT('',(3.4,-2.97,1.075));
#8995 = VECTOR('',#8996,1.);
#8996 = DIRECTION('',(0.,-1.,0.));
#8997 = PCURVE('',#8929,#8998);
#8998 = DEFINITIONAL_REPRESENTATION('',(#8999),#9003);
#8999 = LINE('',#9000,#9001);
#9000 = CARTESIAN_POINT('',(0.,0.205));
#9001 = VECTOR('',#9002,1.);
#9002 = DIRECTION('',(0.,-1.));
#9003 = ( GEOMETRIC_REPRESENTATION_CONTEXT(2) 
PARAMETRIC_REPRESENTATION_CONTEXT() REPRESENTATION_CONTEXT('2D SPACE',''
  ) );
#9004 = PCURVE('',#9005,#9010);
#9005 = PLANE('',#9006);
#9006 = AXIS2_PLACEMENT_3D('',#9007,#9008,#9009);
#9007 = CARTESIAN_POINT('',(3.95,-3.175,1.075));
#9008 = DIRECTION('',(-0.,-0.,-1.));
#9009 = DIRECTION('',(-1.,0.,0.));
#9010 = DEFINITIONAL_REPRESENTATION('',(#9011),#9015);
#9011 = LINE('',#9012,#9013);
#9012 = CARTESIAN_POINT('',(0.55,0.205));
#9013 = VECTOR('',#9014,1.);
#9014 = DIRECTION('',(0.,-1.));
#9015 = ( GEOMETRIC_REPRESENTATION_CONTEXT(2) 
PARAMETRIC_REPRESENTATION_CONTEXT() REPRESENTATION_CONTEXT('2D SPACE',''
  ) );
#9016 = ADVANCED_FACE('',(#9017),#9005,.T.);
#9017 = FACE_BOUND('',#9018,.T.);
#9018 = EDGE_LOOP('',(#9019,#9042,#9043,#9066));
#9019 = ORIENTED_EDGE('',*,*,#9020,.T.);
#9020 = EDGE_CURVE('',#9021,#8945,#9023,.T.);
#9021 = VERTEX_POINT('',#9022);
#9022 = CARTESIAN_POINT('',(3.95,-3.38,1.075));
#9023 = SURFACE_CURVE('',#9024,(#9028,#9035),.PCURVE_S1.);
#9024 = LINE('',#9025,#9026);
#9025 = CARTESIAN_POINT('',(3.95,-3.38,1.075));
#9026 = VECTOR('',#9027,1.);
#9027 = DIRECTION('',(-1.,0.,0.));
#9028 = PCURVE('',#9005,#9029);
#9029 = DEFINITIONAL_REPRESENTATION('',(#9030),#9034);
#9030 = LINE('',#9031,#9032);
#9031 = CARTESIAN_POINT('',(0.,-0.205));
#9032 = VECTOR('',#9033,1.);
#9033 = DIRECTION('',(1.,0.));
#9034 = ( GEOMETRIC_REPRESENTATION_CONTEXT(2) 
PARAMETRIC_REPRESENTATION_CONTEXT() REPRESENTATION_CONTEXT('2D SPACE',''
  ) );
#9035 = PCURVE('',#8847,#9036);
#9036 = DEFINITIONAL_REPRESENTATION('',(#9037),#9041);
#9037 = LINE('',#9038,#9039);
#9038 = CARTESIAN_POINT('',(0.441496146342,-0.303946318775));
#9039 = VECTOR('',#9040,1.);
#9040 = DIRECTION('',(0.,-1.));
#9041 = ( GEOMETRIC_REPRESENTATION_CONTEXT(2) 
PARAMETRIC_REPRESENTATION_CONTEXT() REPRESENTATION_CONTEXT('2D SPACE',''
  ) );
#9042 = ORIENTED_EDGE('',*,*,#8991,.F.);
#9043 = ORIENTED_EDGE('',*,*,#9044,.F.);
#9044 = EDGE_CURVE('',#9045,#8969,#9047,.T.);
#9045 = VERTEX_POINT('',#9046);
#9046 = CARTESIAN_POINT('',(3.95,-2.97,1.075));
#9047 = SURFACE_CURVE('',#9048,(#9052,#9059),.PCURVE_S1.);
#9048 = LINE('',#9049,#9050);
#9049 = CARTESIAN_POINT('',(3.95,-2.97,1.075));
#9050 = VECTOR('',#9051,1.);
#9051 = DIRECTION('',(-1.,0.,0.));
#9052 = PCURVE('',#9005,#9053);
#9053 = DEFINITIONAL_REPRESENTATION('',(#9054),#9058);
#9054 = LINE('',#9055,#9056);
#9055 = CARTESIAN_POINT('',(0.,0.205));
#9056 = VECTOR('',#9057,1.);
#9057 = DIRECTION('',(1.,0.));
#9058 = ( GEOMETRIC_REPRESENTATION_CONTEXT(2) 
PARAMETRIC_REPRESENTATION_CONTEXT() REPRESENTATION_CONTEXT('2D SPACE',''
  ) );
#9059 = PCURVE('',#8903,#9060);
#9060 = DEFINITIONAL_REPRESENTATION('',(#9061),#9065);
#9061 = LINE('',#9062,#9063);
#9062 = CARTESIAN_POINT('',(0.441496146342,-0.303946318775));
#9063 = VECTOR('',#9064,1.);
#9064 = DIRECTION('',(0.,-1.));
#9065 = ( GEOMETRIC_REPRESENTATION_CONTEXT(2) 
PARAMETRIC_REPRESENTATION_CONTEXT() REPRESENTATION_CONTEXT('2D SPACE',''
  ) );
#9066 = ORIENTED_EDGE('',*,*,#9067,.T.);
#9067 = EDGE_CURVE('',#9045,#9021,#9068,.T.);
#9068 = SURFACE_CURVE('',#9069,(#9073,#9080),.PCURVE_S1.);
#9069 = LINE('',#9070,#9071);
#9070 = CARTESIAN_POINT('',(3.95,-2.97,1.075));
#9071 = VECTOR('',#9072,1.);
#9072 = DIRECTION('',(0.,-1.,0.));
#9073 = PCURVE('',#9005,#9074);
#9074 = DEFINITIONAL_REPRESENTATION('',(#9075),#9079);
#9075 = LINE('',#9076,#9077);
#9076 = CARTESIAN_POINT('',(0.,0.205));
#9077 = VECTOR('',#9078,1.);
#9078 = DIRECTION('',(0.,-1.));
#9079 = ( GEOMETRIC_REPRESENTATION_CONTEXT(2) 
PARAMETRIC_REPRESENTATION_CONTEXT() REPRESENTATION_CONTEXT('2D SPACE',''
  ) );
#9080 = PCURVE('',#9081,#9086);
#9081 = PLANE('',#9082);
#9082 = AXIS2_PLACEMENT_3D('',#9083,#9084,#9085);
#9083 = CARTESIAN_POINT('',(4.3,-3.175,0.));
#9084 = DIRECTION('',(-0.950871431487,-0.,-0.309586047461));
#9085 = DIRECTION('',(-0.309586047461,0.,0.950871431487));
#9086 = DEFINITIONAL_REPRESENTATION('',(#9087),#9091);
#9087 = LINE('',#9088,#9089);
#9088 = CARTESIAN_POINT('',(1.13054190546,0.205));
#9089 = VECTOR('',#9090,1.);
#9090 = DIRECTION('',(0.,-1.));
#9091 = ( GEOMETRIC_REPRESENTATION_CONTEXT(2) 
PARAMETRIC_REPRESENTATION_CONTEXT() REPRESENTATION_CONTEXT('2D SPACE',''
  ) );
#9092 = ADVANCED_FACE('',(#9093),#9081,.T.);
#9093 = FACE_BOUND('',#9094,.T.);
#9094 = EDGE_LOOP('',(#9095,#9125,#9146,#9147));
#9095 = ORIENTED_EDGE('',*,*,#9096,.F.);
#9096 = EDGE_CURVE('',#9097,#9099,#9101,.T.);
#9097 = VERTEX_POINT('',#9098);
#9098 = CARTESIAN_POINT('',(4.3,-3.38,0.));
#9099 = VERTEX_POINT('',#9100);
#9100 = CARTESIAN_POINT('',(4.3,-2.97,0.));
#9101 = SURFACE_CURVE('',#9102,(#9106,#9113),.PCURVE_S1.);
#9102 = LINE('',#9103,#9104);
#9103 = CARTESIAN_POINT('',(4.3,-3.38,0.));
#9104 = VECTOR('',#9105,1.);
#9105 = DIRECTION('',(0.,1.,0.));
#9106 = PCURVE('',#9081,#9107);
#9107 = DEFINITIONAL_REPRESENTATION('',(#9108),#9112);
#9108 = LINE('',#9109,#9110);
#9109 = CARTESIAN_POINT('',(0.,-0.205));
#9110 = VECTOR('',#9111,1.);
#9111 = DIRECTION('',(0.,1.));
#9112 = ( GEOMETRIC_REPRESENTATION_CONTEXT(2) 
PARAMETRIC_REPRESENTATION_CONTEXT() REPRESENTATION_CONTEXT('2D SPACE',''
  ) );
#9113 = PCURVE('',#9114,#9119);
#9114 = PLANE('',#9115);
#9115 = AXIS2_PLACEMENT_3D('',#9116,#9117,#9118);
#9116 = CARTESIAN_POINT('',(5.15,-3.175,0.));
#9117 = DIRECTION('',(-0.,-0.,-1.));
#9118 = DIRECTION('',(-1.,0.,0.));
#9119 = DEFINITIONAL_REPRESENTATION('',(#9120),#9124);
#9120 = LINE('',#9121,#9122);
#9121 = CARTESIAN_POINT('',(0.85,-0.205));
#9122 = VECTOR('',#9123,1.);
#9123 = DIRECTION('',(0.,1.));
#9124 = ( GEOMETRIC_REPRESENTATION_CONTEXT(2) 
PARAMETRIC_REPRESENTATION_CONTEXT() REPRESENTATION_CONTEXT('2D SPACE',''
  ) );
#9125 = ORIENTED_EDGE('',*,*,#9126,.T.);
#9126 = EDGE_CURVE('',#9097,#9021,#9127,.T.);
#9127 = SURFACE_CURVE('',#9128,(#9132,#9139),.PCURVE_S1.);
#9128 = LINE('',#9129,#9130);
#9129 = CARTESIAN_POINT('',(4.3,-3.38,0.));
#9130 = VECTOR('',#9131,1.);
#9131 = DIRECTION('',(-0.309586047461,0.,0.950871431487));
#9132 = PCURVE('',#9081,#9133);
#9133 = DEFINITIONAL_REPRESENTATION('',(#9134),#9138);
#9134 = LINE('',#9135,#9136);
#9135 = CARTESIAN_POINT('',(0.,-0.205));
#9136 = VECTOR('',#9137,1.);
#9137 = DIRECTION('',(1.,0.));
#9138 = ( GEOMETRIC_REPRESENTATION_CONTEXT(2) 
PARAMETRIC_REPRESENTATION_CONTEXT() REPRESENTATION_CONTEXT('2D SPACE',''
  ) );
#9139 = PCURVE('',#8847,#9140);
#9140 = DEFINITIONAL_REPRESENTATION('',(#9141),#9145);
#9141 = LINE('',#9142,#9143);
#9142 = CARTESIAN_POINT('',(-0.633503853658,4.6053681225E-02));
#9143 = VECTOR('',#9144,1.);
#9144 = DIRECTION('',(0.950871431487,-0.309586047461));
#9145 = ( GEOMETRIC_REPRESENTATION_CONTEXT(2) 
PARAMETRIC_REPRESENTATION_CONTEXT() REPRESENTATION_CONTEXT('2D SPACE',''
  ) );
#9146 = ORIENTED_EDGE('',*,*,#9067,.F.);
#9147 = ORIENTED_EDGE('',*,*,#9148,.F.);
#9148 = EDGE_CURVE('',#9099,#9045,#9149,.T.);
#9149 = SURFACE_CURVE('',#9150,(#9154,#9161),.PCURVE_S1.);
#9150 = LINE('',#9151,#9152);
#9151 = CARTESIAN_POINT('',(4.3,-2.97,0.));
#9152 = VECTOR('',#9153,1.);
#9153 = DIRECTION('',(-0.309586047461,0.,0.950871431487));
#9154 = PCURVE('',#9081,#9155);
#9155 = DEFINITIONAL_REPRESENTATION('',(#9156),#9160);
#9156 = LINE('',#9157,#9158);
#9157 = CARTESIAN_POINT('',(0.,0.205));
#9158 = VECTOR('',#9159,1.);
#9159 = DIRECTION('',(1.,0.));
#9160 = ( GEOMETRIC_REPRESENTATION_CONTEXT(2) 
PARAMETRIC_REPRESENTATION_CONTEXT() REPRESENTATION_CONTEXT('2D SPACE',''
  ) );
#9161 = PCURVE('',#8903,#9162);
#9162 = DEFINITIONAL_REPRESENTATION('',(#9163),#9167);
#9163 = LINE('',#9164,#9165);
#9164 = CARTESIAN_POINT('',(-0.633503853658,4.6053681225E-02));
#9165 = VECTOR('',#9166,1.);
#9166 = DIRECTION('',(0.950871431487,-0.309586047461));
#9167 = ( GEOMETRIC_REPRESENTATION_CONTEXT(2) 
PARAMETRIC_REPRESENTATION_CONTEXT() REPRESENTATION_CONTEXT('2D SPACE',''
  ) );
#9168 = ADVANCED_FACE('',(#9169),#9114,.T.);
#9169 = FACE_BOUND('',#9170,.T.);
#9170 = EDGE_LOOP('',(#9171,#9201,#9222,#9223));
#9171 = ORIENTED_EDGE('',*,*,#9172,.F.);
#9172 = EDGE_CURVE('',#9173,#9175,#9177,.T.);
#9173 = VERTEX_POINT('',#9174);
#9174 = CARTESIAN_POINT('',(5.15,-3.38,0.));
#9175 = VERTEX_POINT('',#9176);
#9176 = CARTESIAN_POINT('',(5.15,-2.97,0.));
#9177 = SURFACE_CURVE('',#9178,(#9182,#9189),.PCURVE_S1.);
#9178 = LINE('',#9179,#9180);
#9179 = CARTESIAN_POINT('',(5.15,-3.38,0.));
#9180 = VECTOR('',#9181,1.);
#9181 = DIRECTION('',(0.,1.,0.));
#9182 = PCURVE('',#9114,#9183);
#9183 = DEFINITIONAL_REPRESENTATION('',(#9184),#9188);
#9184 = LINE('',#9185,#9186);
#9185 = CARTESIAN_POINT('',(0.,-0.205));
#9186 = VECTOR('',#9187,1.);
#9187 = DIRECTION('',(0.,1.));
#9188 = ( GEOMETRIC_REPRESENTATION_CONTEXT(2) 
PARAMETRIC_REPRESENTATION_CONTEXT() REPRESENTATION_CONTEXT('2D SPACE',''
  ) );
#9189 = PCURVE('',#9190,#9195);
#9190 = PLANE('',#9191);
#9191 = AXIS2_PLACEMENT_3D('',#9192,#9193,#9194);
#9192 = CARTESIAN_POINT('',(5.15,-3.175,0.25));
#9193 = DIRECTION('',(1.,0.,0.));
#9194 = DIRECTION('',(0.,0.,-1.));
#9195 = DEFINITIONAL_REPRESENTATION('',(#9196),#9200);
#9196 = LINE('',#9197,#9198);
#9197 = CARTESIAN_POINT('',(0.25,-0.205));
#9198 = VECTOR('',#9199,1.);
#9199 = DIRECTION('',(0.,1.));
#9200 = ( GEOMETRIC_REPRESENTATION_CONTEXT(2) 
PARAMETRIC_REPRESENTATION_CONTEXT() REPRESENTATION_CONTEXT('2D SPACE',''
  ) );
#9201 = ORIENTED_EDGE('',*,*,#9202,.T.);
#9202 = EDGE_CURVE('',#9173,#9097,#9203,.T.);
#9203 = SURFACE_CURVE('',#9204,(#9208,#9215),.PCURVE_S1.);
#9204 = LINE('',#9205,#9206);
#9205 = CARTESIAN_POINT('',(5.15,-3.38,0.));
#9206 = VECTOR('',#9207,1.);
#9207 = DIRECTION('',(-1.,0.,0.));
#9208 = PCURVE('',#9114,#9209);
#9209 = DEFINITIONAL_REPRESENTATION('',(#9210),#9214);
#9210 = LINE('',#9211,#9212);
#9211 = CARTESIAN_POINT('',(0.,-0.205));
#9212 = VECTOR('',#9213,1.);
#9213 = DIRECTION('',(1.,0.));
#9214 = ( GEOMETRIC_REPRESENTATION_CONTEXT(2) 
PARAMETRIC_REPRESENTATION_CONTEXT() REPRESENTATION_CONTEXT('2D SPACE',''
  ) );
#9215 = PCURVE('',#8847,#9216);
#9216 = DEFINITIONAL_REPRESENTATION('',(#9217),#9221);
#9217 = LINE('',#9218,#9219);
#9218 = CARTESIAN_POINT('',(-0.633503853658,0.896053681225));
#9219 = VECTOR('',#9220,1.);
#9220 = DIRECTION('',(0.,-1.));
#9221 = ( GEOMETRIC_REPRESENTATION_CONTEXT(2) 
PARAMETRIC_REPRESENTATION_CONTEXT() REPRESENTATION_CONTEXT('2D SPACE',''
  ) );
#9222 = ORIENTED_EDGE('',*,*,#9096,.T.);
#9223 = ORIENTED_EDGE('',*,*,#9224,.F.);
#9224 = EDGE_CURVE('',#9175,#9099,#9225,.T.);
#9225 = SURFACE_CURVE('',#9226,(#9230,#9237),.PCURVE_S1.);
#9226 = LINE('',#9227,#9228);
#9227 = CARTESIAN_POINT('',(5.15,-2.97,0.));
#9228 = VECTOR('',#9229,1.);
#9229 = DIRECTION('',(-1.,0.,0.));
#9230 = PCURVE('',#9114,#9231);
#9231 = DEFINITIONAL_REPRESENTATION('',(#9232),#9236);
#9232 = LINE('',#9233,#9234);
#9233 = CARTESIAN_POINT('',(0.,0.205));
#9234 = VECTOR('',#9235,1.);
#9235 = DIRECTION('',(1.,0.));
#9236 = ( GEOMETRIC_REPRESENTATION_CONTEXT(2) 
PARAMETRIC_REPRESENTATION_CONTEXT() REPRESENTATION_CONTEXT('2D SPACE',''
  ) );
#9237 = PCURVE('',#8903,#9238);
#9238 = DEFINITIONAL_REPRESENTATION('',(#9239),#9243);
#9239 = LINE('',#9240,#9241);
#9240 = CARTESIAN_POINT('',(-0.633503853658,0.896053681225));
#9241 = VECTOR('',#9242,1.);
#9242 = DIRECTION('',(0.,-1.));
#9243 = ( GEOMETRIC_REPRESENTATION_CONTEXT(2) 
PARAMETRIC_REPRESENTATION_CONTEXT() REPRESENTATION_CONTEXT('2D SPACE',''
  ) );
#9244 = ADVANCED_FACE('',(#9245),#9190,.T.);
#9245 = FACE_BOUND('',#9246,.T.);
#9246 = EDGE_LOOP('',(#9247,#9277,#9298,#9299));
#9247 = ORIENTED_EDGE('',*,*,#9248,.F.);
#9248 = EDGE_CURVE('',#9249,#9251,#9253,.T.);
#9249 = VERTEX_POINT('',#9250);
#9250 = CARTESIAN_POINT('',(5.15,-3.38,0.25));
#9251 = VERTEX_POINT('',#9252);
#9252 = CARTESIAN_POINT('',(5.15,-2.97,0.25));
#9253 = SURFACE_CURVE('',#9254,(#9258,#9265),.PCURVE_S1.);
#9254 = LINE('',#9255,#9256);
#9255 = CARTESIAN_POINT('',(5.15,-3.38,0.25));
#9256 = VECTOR('',#9257,1.);
#9257 = DIRECTION('',(0.,1.,0.));
#9258 = PCURVE('',#9190,#9259);
#9259 = DEFINITIONAL_REPRESENTATION('',(#9260),#9264);
#9260 = LINE('',#9261,#9262);
#9261 = CARTESIAN_POINT('',(0.,-0.205));
#9262 = VECTOR('',#9263,1.);
#9263 = DIRECTION('',(0.,1.));
#9264 = ( GEOMETRIC_REPRESENTATION_CONTEXT(2) 
PARAMETRIC_REPRESENTATION_CONTEXT() REPRESENTATION_CONTEXT('2D SPACE',''
  ) );
#9265 = PCURVE('',#9266,#9271);
#9266 = PLANE('',#9267);
#9267 = AXIS2_PLACEMENT_3D('',#9268,#9269,#9270);
#9268 = CARTESIAN_POINT('',(4.45,-3.175,0.25));
#9269 = DIRECTION('',(-0.,0.,1.));
#9270 = DIRECTION('',(1.,0.,0.));
#9271 = DEFINITIONAL_REPRESENTATION('',(#9272),#9276);
#9272 = LINE('',#9273,#9274);
#9273 = CARTESIAN_POINT('',(0.7,-0.205));
#9274 = VECTOR('',#9275,1.);
#9275 = DIRECTION('',(0.,1.));
#9276 = ( GEOMETRIC_REPRESENTATION_CONTEXT(2) 
PARAMETRIC_REPRESENTATION_CONTEXT() REPRESENTATION_CONTEXT('2D SPACE',''
  ) );
#9277 = ORIENTED_EDGE('',*,*,#9278,.T.);
#9278 = EDGE_CURVE('',#9249,#9173,#9279,.T.);
#9279 = SURFACE_CURVE('',#9280,(#9284,#9291),.PCURVE_S1.);
#9280 = LINE('',#9281,#9282);
#9281 = CARTESIAN_POINT('',(5.15,-3.38,0.25));
#9282 = VECTOR('',#9283,1.);
#9283 = DIRECTION('',(0.,0.,-1.));
#9284 = PCURVE('',#9190,#9285);
#9285 = DEFINITIONAL_REPRESENTATION('',(#9286),#9290);
#9286 = LINE('',#9287,#9288);
#9287 = CARTESIAN_POINT('',(0.,-0.205));
#9288 = VECTOR('',#9289,1.);
#9289 = DIRECTION('',(1.,0.));
#9290 = ( GEOMETRIC_REPRESENTATION_CONTEXT(2) 
PARAMETRIC_REPRESENTATION_CONTEXT() REPRESENTATION_CONTEXT('2D SPACE',''
  ) );
#9291 = PCURVE('',#8847,#9292);
#9292 = DEFINITIONAL_REPRESENTATION('',(#9293),#9297);
#9293 = LINE('',#9294,#9295);
#9294 = CARTESIAN_POINT('',(-0.383503853658,0.896053681225));
#9295 = VECTOR('',#9296,1.);
#9296 = DIRECTION('',(-1.,0.));
#9297 = ( GEOMETRIC_REPRESENTATION_CONTEXT(2) 
PARAMETRIC_REPRESENTATION_CONTEXT() REPRESENTATION_CONTEXT('2D SPACE',''
  ) );
#9298 = ORIENTED_EDGE('',*,*,#9172,.T.);
#9299 = ORIENTED_EDGE('',*,*,#9300,.F.);
#9300 = EDGE_CURVE('',#9251,#9175,#9301,.T.);
#9301 = SURFACE_CURVE('',#9302,(#9306,#9313),.PCURVE_S1.);
#9302 = LINE('',#9303,#9304);
#9303 = CARTESIAN_POINT('',(5.15,-2.97,0.25));
#9304 = VECTOR('',#9305,1.);
#9305 = DIRECTION('',(0.,0.,-1.));
#9306 = PCURVE('',#9190,#9307);
#9307 = DEFINITIONAL_REPRESENTATION('',(#9308),#9312);
#9308 = LINE('',#9309,#9310);
#9309 = CARTESIAN_POINT('',(0.,0.205));
#9310 = VECTOR('',#9311,1.);
#9311 = DIRECTION('',(1.,0.));
#9312 = ( GEOMETRIC_REPRESENTATION_CONTEXT(2) 
PARAMETRIC_REPRESENTATION_CONTEXT() REPRESENTATION_CONTEXT('2D SPACE',''
  ) );
#9313 = PCURVE('',#8903,#9314);
#9314 = DEFINITIONAL_REPRESENTATION('',(#9315),#9319);
#9315 = LINE('',#9316,#9317);
#9316 = CARTESIAN_POINT('',(-0.383503853658,0.896053681225));
#9317 = VECTOR('',#9318,1.);
#9318 = DIRECTION('',(-1.,0.));
#9319 = ( GEOMETRIC_REPRESENTATION_CONTEXT(2) 
PARAMETRIC_REPRESENTATION_CONTEXT() REPRESENTATION_CONTEXT('2D SPACE',''
  ) );
#9320 = ADVANCED_FACE('',(#9321),#9266,.T.);
#9321 = FACE_BOUND('',#9322,.T.);
#9322 = EDGE_LOOP('',(#9323,#9348,#9369,#9370));
#9323 = ORIENTED_EDGE('',*,*,#9324,.F.);
#9324 = EDGE_CURVE('',#9325,#9327,#9329,.T.);
#9325 = VERTEX_POINT('',#9326);
#9326 = CARTESIAN_POINT('',(4.45,-3.38,0.25));
#9327 = VERTEX_POINT('',#9328);
#9328 = CARTESIAN_POINT('',(4.45,-2.97,0.25));
#9329 = SURFACE_CURVE('',#9330,(#9334,#9341),.PCURVE_S1.);
#9330 = LINE('',#9331,#9332);
#9331 = CARTESIAN_POINT('',(4.45,-3.38,0.25));
#9332 = VECTOR('',#9333,1.);
#9333 = DIRECTION('',(0.,1.,0.));
#9334 = PCURVE('',#9266,#9335);
#9335 = DEFINITIONAL_REPRESENTATION('',(#9336),#9340);
#9336 = LINE('',#9337,#9338);
#9337 = CARTESIAN_POINT('',(0.,-0.205));
#9338 = VECTOR('',#9339,1.);
#9339 = DIRECTION('',(0.,1.));
#9340 = ( GEOMETRIC_REPRESENTATION_CONTEXT(2) 
PARAMETRIC_REPRESENTATION_CONTEXT() REPRESENTATION_CONTEXT('2D SPACE',''
  ) );
#9341 = PCURVE('',#8875,#9342);
#9342 = DEFINITIONAL_REPRESENTATION('',(#9343),#9347);
#9343 = LINE('',#9344,#9345);
#9344 = CARTESIAN_POINT('',(1.13054190546,-0.205));
#9345 = VECTOR('',#9346,1.);
#9346 = DIRECTION('',(0.,1.));
#9347 = ( GEOMETRIC_REPRESENTATION_CONTEXT(2) 
PARAMETRIC_REPRESENTATION_CONTEXT() REPRESENTATION_CONTEXT('2D SPACE',''
  ) );
#9348 = ORIENTED_EDGE('',*,*,#9349,.T.);
#9349 = EDGE_CURVE('',#9325,#9249,#9350,.T.);
#9350 = SURFACE_CURVE('',#9351,(#9355,#9362),.PCURVE_S1.);
#9351 = LINE('',#9352,#9353);
#9352 = CARTESIAN_POINT('',(4.45,-3.38,0.25));
#9353 = VECTOR('',#9354,1.);
#9354 = DIRECTION('',(1.,0.,0.));
#9355 = PCURVE('',#9266,#9356);
#9356 = DEFINITIONAL_REPRESENTATION('',(#9357),#9361);
#9357 = LINE('',#9358,#9359);
#9358 = CARTESIAN_POINT('',(0.,-0.205));
#9359 = VECTOR('',#9360,1.);
#9360 = DIRECTION('',(1.,0.));
#9361 = ( GEOMETRIC_REPRESENTATION_CONTEXT(2) 
PARAMETRIC_REPRESENTATION_CONTEXT() REPRESENTATION_CONTEXT('2D SPACE',''
  ) );
#9362 = PCURVE('',#8847,#9363);
#9363 = DEFINITIONAL_REPRESENTATION('',(#9364),#9368);
#9364 = LINE('',#9365,#9366);
#9365 = CARTESIAN_POINT('',(-0.383503853658,0.196053681225));
#9366 = VECTOR('',#9367,1.);
#9367 = DIRECTION('',(0.,1.));
#9368 = ( GEOMETRIC_REPRESENTATION_CONTEXT(2) 
PARAMETRIC_REPRESENTATION_CONTEXT() REPRESENTATION_CONTEXT('2D SPACE',''
  ) );
#9369 = ORIENTED_EDGE('',*,*,#9248,.T.);
#9370 = ORIENTED_EDGE('',*,*,#9371,.F.);
#9371 = EDGE_CURVE('',#9327,#9251,#9372,.T.);
#9372 = SURFACE_CURVE('',#9373,(#9377,#9384),.PCURVE_S1.);
#9373 = LINE('',#9374,#9375);
#9374 = CARTESIAN_POINT('',(4.45,-2.97,0.25));
#9375 = VECTOR('',#9376,1.);
#9376 = DIRECTION('',(1.,0.,0.));
#9377 = PCURVE('',#9266,#9378);
#9378 = DEFINITIONAL_REPRESENTATION('',(#9379),#9383);
#9379 = LINE('',#9380,#9381);
#9380 = CARTESIAN_POINT('',(0.,0.205));
#9381 = VECTOR('',#9382,1.);
#9382 = DIRECTION('',(1.,0.));
#9383 = ( GEOMETRIC_REPRESENTATION_CONTEXT(2) 
PARAMETRIC_REPRESENTATION_CONTEXT() REPRESENTATION_CONTEXT('2D SPACE',''
  ) );
#9384 = PCURVE('',#8903,#9385);
#9385 = DEFINITIONAL_REPRESENTATION('',(#9386),#9390);
#9386 = LINE('',#9387,#9388);
#9387 = CARTESIAN_POINT('',(-0.383503853658,0.196053681225));
#9388 = VECTOR('',#9389,1.);
#9389 = DIRECTION('',(0.,1.));
#9390 = ( GEOMETRIC_REPRESENTATION_CONTEXT(2) 
PARAMETRIC_REPRESENTATION_CONTEXT() REPRESENTATION_CONTEXT('2D SPACE',''
  ) );
#9391 = ADVANCED_FACE('',(#9392),#8903,.T.);
#9392 = FACE_BOUND('',#9393,.T.);
#9393 = EDGE_LOOP('',(#9394,#9395,#9416,#9417,#9418,#9419,#9420,#9421));
#9394 = ORIENTED_EDGE('',*,*,#8887,.T.);
#9395 = ORIENTED_EDGE('',*,*,#9396,.T.);
#9396 = EDGE_CURVE('',#8860,#9327,#9397,.T.);
#9397 = SURFACE_CURVE('',#9398,(#9402,#9409),.PCURVE_S1.);
#9398 = LINE('',#9399,#9400);
#9399 = CARTESIAN_POINT('',(4.1,-2.97,1.325));
#9400 = VECTOR('',#9401,1.);
#9401 = DIRECTION('',(0.309586047461,0.,-0.950871431487));
#9402 = PCURVE('',#8903,#9403);
#9403 = DEFINITIONAL_REPRESENTATION('',(#9404),#9408);
#9404 = LINE('',#9405,#9406);
#9405 = CARTESIAN_POINT('',(0.691496146342,-0.153946318775));
#9406 = VECTOR('',#9407,1.);
#9407 = DIRECTION('',(-0.950871431487,0.309586047461));
#9408 = ( GEOMETRIC_REPRESENTATION_CONTEXT(2) 
PARAMETRIC_REPRESENTATION_CONTEXT() REPRESENTATION_CONTEXT('2D SPACE',''
  ) );
#9409 = PCURVE('',#8875,#9410);
#9410 = DEFINITIONAL_REPRESENTATION('',(#9411),#9415);
#9411 = LINE('',#9412,#9413);
#9412 = CARTESIAN_POINT('',(0.,0.205));
#9413 = VECTOR('',#9414,1.);
#9414 = DIRECTION('',(1.,0.));
#9415 = ( GEOMETRIC_REPRESENTATION_CONTEXT(2) 
PARAMETRIC_REPRESENTATION_CONTEXT() REPRESENTATION_CONTEXT('2D SPACE',''
  ) );
#9416 = ORIENTED_EDGE('',*,*,#9371,.T.);
#9417 = ORIENTED_EDGE('',*,*,#9300,.T.);
#9418 = ORIENTED_EDGE('',*,*,#9224,.T.);
#9419 = ORIENTED_EDGE('',*,*,#9148,.T.);
#9420 = ORIENTED_EDGE('',*,*,#9044,.T.);
#9421 = ORIENTED_EDGE('',*,*,#8968,.T.);
#9422 = ADVANCED_FACE('',(#9423),#8875,.T.);
#9423 = FACE_BOUND('',#9424,.T.);
#9424 = EDGE_LOOP('',(#9425,#9426,#9447,#9448));
#9425 = ORIENTED_EDGE('',*,*,#8859,.F.);
#9426 = ORIENTED_EDGE('',*,*,#9427,.T.);
#9427 = EDGE_CURVE('',#8827,#9325,#9428,.T.);
#9428 = SURFACE_CURVE('',#9429,(#9433,#9440),.PCURVE_S1.);
#9429 = LINE('',#9430,#9431);
#9430 = CARTESIAN_POINT('',(4.1,-3.38,1.325));
#9431 = VECTOR('',#9432,1.);
#9432 = DIRECTION('',(0.309586047461,0.,-0.950871431487));
#9433 = PCURVE('',#8875,#9434);
#9434 = DEFINITIONAL_REPRESENTATION('',(#9435),#9439);
#9435 = LINE('',#9436,#9437);
#9436 = CARTESIAN_POINT('',(0.,-0.205));
#9437 = VECTOR('',#9438,1.);
#9438 = DIRECTION('',(1.,0.));
#9439 = ( GEOMETRIC_REPRESENTATION_CONTEXT(2) 
PARAMETRIC_REPRESENTATION_CONTEXT() REPRESENTATION_CONTEXT('2D SPACE',''
  ) );
#9440 = PCURVE('',#8847,#9441);
#9441 = DEFINITIONAL_REPRESENTATION('',(#9442),#9446);
#9442 = LINE('',#9443,#9444);
#9443 = CARTESIAN_POINT('',(0.691496146342,-0.153946318775));
#9444 = VECTOR('',#9445,1.);
#9445 = DIRECTION('',(-0.950871431487,0.309586047461));
#9446 = ( GEOMETRIC_REPRESENTATION_CONTEXT(2) 
PARAMETRIC_REPRESENTATION_CONTEXT() REPRESENTATION_CONTEXT('2D SPACE',''
  ) );
#9447 = ORIENTED_EDGE('',*,*,#9324,.T.);
#9448 = ORIENTED_EDGE('',*,*,#9396,.F.);
#9449 = ADVANCED_FACE('',(#9450),#8847,.F.);
#9450 = FACE_BOUND('',#9451,.F.);
#9451 = EDGE_LOOP('',(#9452,#9453,#9454,#9455,#9456,#9457,#9458,#9459));
#9452 = ORIENTED_EDGE('',*,*,#8824,.T.);
#9453 = ORIENTED_EDGE('',*,*,#9427,.T.);
#9454 = ORIENTED_EDGE('',*,*,#9349,.T.);
#9455 = ORIENTED_EDGE('',*,*,#9278,.T.);
#9456 = ORIENTED_EDGE('',*,*,#9202,.T.);
#9457 = ORIENTED_EDGE('',*,*,#9126,.T.);
#9458 = ORIENTED_EDGE('',*,*,#9020,.T.);
#9459 = ORIENTED_EDGE('',*,*,#8944,.T.);
#9460 = MANIFOLD_SOLID_BREP('',#9461);
#9461 = CLOSED_SHELL('',(#9462,#9582,#9658,#9734,#9810,#9886,#9962,
    #10033,#10064,#10091));
#9462 = ADVANCED_FACE('',(#9463),#9477,.T.);
#9463 = FACE_BOUND('',#9464,.T.);
#9464 = EDGE_LOOP('',(#9465,#9500,#9528,#9556));
#9465 = ORIENTED_EDGE('',*,*,#9466,.T.);
#9466 = EDGE_CURVE('',#9467,#9469,#9471,.T.);
#9467 = VERTEX_POINT('',#9468);
#9468 = CARTESIAN_POINT('',(3.4,-4.65,1.325));
#9469 = VERTEX_POINT('',#9470);
#9470 = CARTESIAN_POINT('',(4.1,-4.65,1.325));
#9471 = SURFACE_CURVE('',#9472,(#9476,#9488),.PCURVE_S1.);
#9472 = LINE('',#9473,#9474);
#9473 = CARTESIAN_POINT('',(3.4,-4.65,1.325));
#9474 = VECTOR('',#9475,1.);
#9475 = DIRECTION('',(1.,0.,0.));
#9476 = PCURVE('',#9477,#9482);
#9477 = PLANE('',#9478);
#9478 = AXIS2_PLACEMENT_3D('',#9479,#9480,#9481);
#9479 = CARTESIAN_POINT('',(3.4,-4.445,1.325));
#9480 = DIRECTION('',(-0.,0.,1.));
#9481 = DIRECTION('',(1.,0.,0.));
#9482 = DEFINITIONAL_REPRESENTATION('',(#9483),#9487);
#9483 = LINE('',#9484,#9485);
#9484 = CARTESIAN_POINT('',(0.,-0.205));
#9485 = VECTOR('',#9486,1.);
#9486 = DIRECTION('',(1.,0.));
#9487 = ( GEOMETRIC_REPRESENTATION_CONTEXT(2) 
PARAMETRIC_REPRESENTATION_CONTEXT() REPRESENTATION_CONTEXT('2D SPACE',''
  ) );
#9488 = PCURVE('',#9489,#9494);
#9489 = PLANE('',#9490);
#9490 = AXIS2_PLACEMENT_3D('',#9491,#9492,#9493);
#9491 = CARTESIAN_POINT('',(4.253946318775,-4.65,0.633503853658));
#9492 = DIRECTION('',(0.,1.,0.));
#9493 = DIRECTION('',(0.,-0.,1.));
#9494 = DEFINITIONAL_REPRESENTATION('',(#9495),#9499);
#9495 = LINE('',#9496,#9497);
#9496 = CARTESIAN_POINT('',(0.691496146342,-0.853946318775));
#9497 = VECTOR('',#9498,1.);
#9498 = DIRECTION('',(0.,1.));
#9499 = ( GEOMETRIC_REPRESENTATION_CONTEXT(2) 
PARAMETRIC_REPRESENTATION_CONTEXT() REPRESENTATION_CONTEXT('2D SPACE',''
  ) );
#9500 = ORIENTED_EDGE('',*,*,#9501,.T.);
#9501 = EDGE_CURVE('',#9469,#9502,#9504,.T.);
#9502 = VERTEX_POINT('',#9503);
#9503 = CARTESIAN_POINT('',(4.1,-4.24,1.325));
#9504 = SURFACE_CURVE('',#9505,(#9509,#9516),.PCURVE_S1.);
#9505 = LINE('',#9506,#9507);
#9506 = CARTESIAN_POINT('',(4.1,-4.65,1.325));
#9507 = VECTOR('',#9508,1.);
#9508 = DIRECTION('',(0.,1.,0.));
#9509 = PCURVE('',#9477,#9510);
#9510 = DEFINITIONAL_REPRESENTATION('',(#9511),#9515);
#9511 = LINE('',#9512,#9513);
#9512 = CARTESIAN_POINT('',(0.7,-0.205));
#9513 = VECTOR('',#9514,1.);
#9514 = DIRECTION('',(0.,1.));
#9515 = ( GEOMETRIC_REPRESENTATION_CONTEXT(2) 
PARAMETRIC_REPRESENTATION_CONTEXT() REPRESENTATION_CONTEXT('2D SPACE',''
  ) );
#9516 = PCURVE('',#9517,#9522);
#9517 = PLANE('',#9518);
#9518 = AXIS2_PLACEMENT_3D('',#9519,#9520,#9521);
#9519 = CARTESIAN_POINT('',(4.1,-4.445,1.325));
#9520 = DIRECTION('',(0.950871431487,0.,0.309586047461));
#9521 = DIRECTION('',(0.309586047461,0.,-0.950871431487));
#9522 = DEFINITIONAL_REPRESENTATION('',(#9523),#9527);
#9523 = LINE('',#9524,#9525);
#9524 = CARTESIAN_POINT('',(0.,-0.205));
#9525 = VECTOR('',#9526,1.);
#9526 = DIRECTION('',(0.,1.));
#9527 = ( GEOMETRIC_REPRESENTATION_CONTEXT(2) 
PARAMETRIC_REPRESENTATION_CONTEXT() REPRESENTATION_CONTEXT('2D SPACE',''
  ) );
#9528 = ORIENTED_EDGE('',*,*,#9529,.F.);
#9529 = EDGE_CURVE('',#9530,#9502,#9532,.T.);
#9530 = VERTEX_POINT('',#9531);
#9531 = CARTESIAN_POINT('',(3.4,-4.24,1.325));
#9532 = SURFACE_CURVE('',#9533,(#9537,#9544),.PCURVE_S1.);
#9533 = LINE('',#9534,#9535);
#9534 = CARTESIAN_POINT('',(3.4,-4.24,1.325));
#9535 = VECTOR('',#9536,1.);
#9536 = DIRECTION('',(1.,0.,0.));
#9537 = PCURVE('',#9477,#9538);
#9538 = DEFINITIONAL_REPRESENTATION('',(#9539),#9543);
#9539 = LINE('',#9540,#9541);
#9540 = CARTESIAN_POINT('',(0.,0.205));
#9541 = VECTOR('',#9542,1.);
#9542 = DIRECTION('',(1.,0.));
#9543 = ( GEOMETRIC_REPRESENTATION_CONTEXT(2) 
PARAMETRIC_REPRESENTATION_CONTEXT() REPRESENTATION_CONTEXT('2D SPACE',''
  ) );
#9544 = PCURVE('',#9545,#9550);
#9545 = PLANE('',#9546);
#9546 = AXIS2_PLACEMENT_3D('',#9547,#9548,#9549);
#9547 = CARTESIAN_POINT('',(4.253946318775,-4.24,0.633503853658));
#9548 = DIRECTION('',(0.,1.,0.));
#9549 = DIRECTION('',(0.,-0.,1.));
#9550 = DEFINITIONAL_REPRESENTATION('',(#9551),#9555);
#9551 = LINE('',#9552,#9553);
#9552 = CARTESIAN_POINT('',(0.691496146342,-0.853946318775));
#9553 = VECTOR('',#9554,1.);
#9554 = DIRECTION('',(0.,1.));
#9555 = ( GEOMETRIC_REPRESENTATION_CONTEXT(2) 
PARAMETRIC_REPRESENTATION_CONTEXT() REPRESENTATION_CONTEXT('2D SPACE',''
  ) );
#9556 = ORIENTED_EDGE('',*,*,#9557,.T.);
#9557 = EDGE_CURVE('',#9530,#9467,#9558,.T.);
#9558 = SURFACE_CURVE('',#9559,(#9563,#9570),.PCURVE_S1.);
#9559 = LINE('',#9560,#9561);
#9560 = CARTESIAN_POINT('',(3.4,-4.24,1.325));
#9561 = VECTOR('',#9562,1.);
#9562 = DIRECTION('',(0.,-1.,0.));
#9563 = PCURVE('',#9477,#9564);
#9564 = DEFINITIONAL_REPRESENTATION('',(#9565),#9569);
#9565 = LINE('',#9566,#9567);
#9566 = CARTESIAN_POINT('',(0.,0.205));
#9567 = VECTOR('',#9568,1.);
#9568 = DIRECTION('',(0.,-1.));
#9569 = ( GEOMETRIC_REPRESENTATION_CONTEXT(2) 
PARAMETRIC_REPRESENTATION_CONTEXT() REPRESENTATION_CONTEXT('2D SPACE',''
  ) );
#9570 = PCURVE('',#9571,#9576);
#9571 = PLANE('',#9572);
#9572 = AXIS2_PLACEMENT_3D('',#9573,#9574,#9575);
#9573 = CARTESIAN_POINT('',(3.4,-4.445,1.075));
#9574 = DIRECTION('',(-1.,0.,0.));
#9575 = DIRECTION('',(0.,0.,1.));
#9576 = DEFINITIONAL_REPRESENTATION('',(#9577),#9581);
#9577 = LINE('',#9578,#9579);
#9578 = CARTESIAN_POINT('',(0.25,0.205));
#9579 = VECTOR('',#9580,1.);
#9580 = DIRECTION('',(0.,-1.));
#9581 = ( GEOMETRIC_REPRESENTATION_CONTEXT(2) 
PARAMETRIC_REPRESENTATION_CONTEXT() REPRESENTATION_CONTEXT('2D SPACE',''
  ) );
#9582 = ADVANCED_FACE('',(#9583),#9571,.T.);
#9583 = FACE_BOUND('',#9584,.T.);
#9584 = EDGE_LOOP('',(#9585,#9608,#9609,#9632));
#9585 = ORIENTED_EDGE('',*,*,#9586,.T.);
#9586 = EDGE_CURVE('',#9587,#9467,#9589,.T.);
#9587 = VERTEX_POINT('',#9588);
#9588 = CARTESIAN_POINT('',(3.4,-4.65,1.075));
#9589 = SURFACE_CURVE('',#9590,(#9594,#9601),.PCURVE_S1.);
#9590 = LINE('',#9591,#9592);
#9591 = CARTESIAN_POINT('',(3.4,-4.65,1.075));
#9592 = VECTOR('',#9593,1.);
#9593 = DIRECTION('',(0.,0.,1.));
#9594 = PCURVE('',#9571,#9595);
#9595 = DEFINITIONAL_REPRESENTATION('',(#9596),#9600);
#9596 = LINE('',#9597,#9598);
#9597 = CARTESIAN_POINT('',(0.,-0.205));
#9598 = VECTOR('',#9599,1.);
#9599 = DIRECTION('',(1.,0.));
#9600 = ( GEOMETRIC_REPRESENTATION_CONTEXT(2) 
PARAMETRIC_REPRESENTATION_CONTEXT() REPRESENTATION_CONTEXT('2D SPACE',''
  ) );
#9601 = PCURVE('',#9489,#9602);
#9602 = DEFINITIONAL_REPRESENTATION('',(#9603),#9607);
#9603 = LINE('',#9604,#9605);
#9604 = CARTESIAN_POINT('',(0.441496146342,-0.853946318775));
#9605 = VECTOR('',#9606,1.);
#9606 = DIRECTION('',(1.,0.));
#9607 = ( GEOMETRIC_REPRESENTATION_CONTEXT(2) 
PARAMETRIC_REPRESENTATION_CONTEXT() REPRESENTATION_CONTEXT('2D SPACE',''
  ) );
#9608 = ORIENTED_EDGE('',*,*,#9557,.F.);
#9609 = ORIENTED_EDGE('',*,*,#9610,.F.);
#9610 = EDGE_CURVE('',#9611,#9530,#9613,.T.);
#9611 = VERTEX_POINT('',#9612);
#9612 = CARTESIAN_POINT('',(3.4,-4.24,1.075));
#9613 = SURFACE_CURVE('',#9614,(#9618,#9625),.PCURVE_S1.);
#9614 = LINE('',#9615,#9616);
#9615 = CARTESIAN_POINT('',(3.4,-4.24,1.075));
#9616 = VECTOR('',#9617,1.);
#9617 = DIRECTION('',(0.,0.,1.));
#9618 = PCURVE('',#9571,#9619);
#9619 = DEFINITIONAL_REPRESENTATION('',(#9620),#9624);
#9620 = LINE('',#9621,#9622);
#9621 = CARTESIAN_POINT('',(0.,0.205));
#9622 = VECTOR('',#9623,1.);
#9623 = DIRECTION('',(1.,0.));
#9624 = ( GEOMETRIC_REPRESENTATION_CONTEXT(2) 
PARAMETRIC_REPRESENTATION_CONTEXT() REPRESENTATION_CONTEXT('2D SPACE',''
  ) );
#9625 = PCURVE('',#9545,#9626);
#9626 = DEFINITIONAL_REPRESENTATION('',(#9627),#9631);
#9627 = LINE('',#9628,#9629);
#9628 = CARTESIAN_POINT('',(0.441496146342,-0.853946318775));
#9629 = VECTOR('',#9630,1.);
#9630 = DIRECTION('',(1.,0.));
#9631 = ( GEOMETRIC_REPRESENTATION_CONTEXT(2) 
PARAMETRIC_REPRESENTATION_CONTEXT() REPRESENTATION_CONTEXT('2D SPACE',''
  ) );
#9632 = ORIENTED_EDGE('',*,*,#9633,.T.);
#9633 = EDGE_CURVE('',#9611,#9587,#9634,.T.);
#9634 = SURFACE_CURVE('',#9635,(#9639,#9646),.PCURVE_S1.);
#9635 = LINE('',#9636,#9637);
#9636 = CARTESIAN_POINT('',(3.4,-4.24,1.075));
#9637 = VECTOR('',#9638,1.);
#9638 = DIRECTION('',(0.,-1.,0.));
#9639 = PCURVE('',#9571,#9640);
#9640 = DEFINITIONAL_REPRESENTATION('',(#9641),#9645);
#9641 = LINE('',#9642,#9643);
#9642 = CARTESIAN_POINT('',(0.,0.205));
#9643 = VECTOR('',#9644,1.);
#9644 = DIRECTION('',(0.,-1.));
#9645 = ( GEOMETRIC_REPRESENTATION_CONTEXT(2) 
PARAMETRIC_REPRESENTATION_CONTEXT() REPRESENTATION_CONTEXT('2D SPACE',''
  ) );
#9646 = PCURVE('',#9647,#9652);
#9647 = PLANE('',#9648);
#9648 = AXIS2_PLACEMENT_3D('',#9649,#9650,#9651);
#9649 = CARTESIAN_POINT('',(3.95,-4.445,1.075));
#9650 = DIRECTION('',(-0.,-0.,-1.));
#9651 = DIRECTION('',(-1.,0.,0.));
#9652 = DEFINITIONAL_REPRESENTATION('',(#9653),#9657);
#9653 = LINE('',#9654,#9655);
#9654 = CARTESIAN_POINT('',(0.55,0.205));
#9655 = VECTOR('',#9656,1.);
#9656 = DIRECTION('',(0.,-1.));
#9657 = ( GEOMETRIC_REPRESENTATION_CONTEXT(2) 
PARAMETRIC_REPRESENTATION_CONTEXT() REPRESENTATION_CONTEXT('2D SPACE',''
  ) );
#9658 = ADVANCED_FACE('',(#9659),#9647,.T.);
#9659 = FACE_BOUND('',#9660,.T.);
#9660 = EDGE_LOOP('',(#9661,#9684,#9685,#9708));
#9661 = ORIENTED_EDGE('',*,*,#9662,.T.);
#9662 = EDGE_CURVE('',#9663,#9587,#9665,.T.);
#9663 = VERTEX_POINT('',#9664);
#9664 = CARTESIAN_POINT('',(3.95,-4.65,1.075));
#9665 = SURFACE_CURVE('',#9666,(#9670,#9677),.PCURVE_S1.);
#9666 = LINE('',#9667,#9668);
#9667 = CARTESIAN_POINT('',(3.95,-4.65,1.075));
#9668 = VECTOR('',#9669,1.);
#9669 = DIRECTION('',(-1.,0.,0.));
#9670 = PCURVE('',#9647,#9671);
#9671 = DEFINITIONAL_REPRESENTATION('',(#9672),#9676);
#9672 = LINE('',#9673,#9674);
#9673 = CARTESIAN_POINT('',(0.,-0.205));
#9674 = VECTOR('',#9675,1.);
#9675 = DIRECTION('',(1.,0.));
#9676 = ( GEOMETRIC_REPRESENTATION_CONTEXT(2) 
PARAMETRIC_REPRESENTATION_CONTEXT() REPRESENTATION_CONTEXT('2D SPACE',''
  ) );
#9677 = PCURVE('',#9489,#9678);
#9678 = DEFINITIONAL_REPRESENTATION('',(#9679),#9683);
#9679 = LINE('',#9680,#9681);
#9680 = CARTESIAN_POINT('',(0.441496146342,-0.303946318775));
#9681 = VECTOR('',#9682,1.);
#9682 = DIRECTION('',(0.,-1.));
#9683 = ( GEOMETRIC_REPRESENTATION_CONTEXT(2) 
PARAMETRIC_REPRESENTATION_CONTEXT() REPRESENTATION_CONTEXT('2D SPACE',''
  ) );
#9684 = ORIENTED_EDGE('',*,*,#9633,.F.);
#9685 = ORIENTED_EDGE('',*,*,#9686,.F.);
#9686 = EDGE_CURVE('',#9687,#9611,#9689,.T.);
#9687 = VERTEX_POINT('',#9688);
#9688 = CARTESIAN_POINT('',(3.95,-4.24,1.075));
#9689 = SURFACE_CURVE('',#9690,(#9694,#9701),.PCURVE_S1.);
#9690 = LINE('',#9691,#9692);
#9691 = CARTESIAN_POINT('',(3.95,-4.24,1.075));
#9692 = VECTOR('',#9693,1.);
#9693 = DIRECTION('',(-1.,0.,0.));
#9694 = PCURVE('',#9647,#9695);
#9695 = DEFINITIONAL_REPRESENTATION('',(#9696),#9700);
#9696 = LINE('',#9697,#9698);
#9697 = CARTESIAN_POINT('',(0.,0.205));
#9698 = VECTOR('',#9699,1.);
#9699 = DIRECTION('',(1.,0.));
#9700 = ( GEOMETRIC_REPRESENTATION_CONTEXT(2) 
PARAMETRIC_REPRESENTATION_CONTEXT() REPRESENTATION_CONTEXT('2D SPACE',''
  ) );
#9701 = PCURVE('',#9545,#9702);
#9702 = DEFINITIONAL_REPRESENTATION('',(#9703),#9707);
#9703 = LINE('',#9704,#9705);
#9704 = CARTESIAN_POINT('',(0.441496146342,-0.303946318775));
#9705 = VECTOR('',#9706,1.);
#9706 = DIRECTION('',(0.,-1.));
#9707 = ( GEOMETRIC_REPRESENTATION_CONTEXT(2) 
PARAMETRIC_REPRESENTATION_CONTEXT() REPRESENTATION_CONTEXT('2D SPACE',''
  ) );
#9708 = ORIENTED_EDGE('',*,*,#9709,.T.);
#9709 = EDGE_CURVE('',#9687,#9663,#9710,.T.);
#9710 = SURFACE_CURVE('',#9711,(#9715,#9722),.PCURVE_S1.);
#9711 = LINE('',#9712,#9713);
#9712 = CARTESIAN_POINT('',(3.95,-4.24,1.075));
#9713 = VECTOR('',#9714,1.);
#9714 = DIRECTION('',(0.,-1.,0.));
#9715 = PCURVE('',#9647,#9716);
#9716 = DEFINITIONAL_REPRESENTATION('',(#9717),#9721);
#9717 = LINE('',#9718,#9719);
#9718 = CARTESIAN_POINT('',(0.,0.205));
#9719 = VECTOR('',#9720,1.);
#9720 = DIRECTION('',(0.,-1.));
#9721 = ( GEOMETRIC_REPRESENTATION_CONTEXT(2) 
PARAMETRIC_REPRESENTATION_CONTEXT() REPRESENTATION_CONTEXT('2D SPACE',''
  ) );
#9722 = PCURVE('',#9723,#9728);
#9723 = PLANE('',#9724);
#9724 = AXIS2_PLACEMENT_3D('',#9725,#9726,#9727);
#9725 = CARTESIAN_POINT('',(4.3,-4.445,0.));
#9726 = DIRECTION('',(-0.950871431487,-0.,-0.309586047461));
#9727 = DIRECTION('',(-0.309586047461,0.,0.950871431487));
#9728 = DEFINITIONAL_REPRESENTATION('',(#9729),#9733);
#9729 = LINE('',#9730,#9731);
#9730 = CARTESIAN_POINT('',(1.13054190546,0.205));
#9731 = VECTOR('',#9732,1.);
#9732 = DIRECTION('',(0.,-1.));
#9733 = ( GEOMETRIC_REPRESENTATION_CONTEXT(2) 
PARAMETRIC_REPRESENTATION_CONTEXT() REPRESENTATION_CONTEXT('2D SPACE',''
  ) );
#9734 = ADVANCED_FACE('',(#9735),#9723,.T.);
#9735 = FACE_BOUND('',#9736,.T.);
#9736 = EDGE_LOOP('',(#9737,#9767,#9788,#9789));
#9737 = ORIENTED_EDGE('',*,*,#9738,.F.);
#9738 = EDGE_CURVE('',#9739,#9741,#9743,.T.);
#9739 = VERTEX_POINT('',#9740);
#9740 = CARTESIAN_POINT('',(4.3,-4.65,0.));
#9741 = VERTEX_POINT('',#9742);
#9742 = CARTESIAN_POINT('',(4.3,-4.24,0.));
#9743 = SURFACE_CURVE('',#9744,(#9748,#9755),.PCURVE_S1.);
#9744 = LINE('',#9745,#9746);
#9745 = CARTESIAN_POINT('',(4.3,-4.65,0.));
#9746 = VECTOR('',#9747,1.);
#9747 = DIRECTION('',(0.,1.,0.));
#9748 = PCURVE('',#9723,#9749);
#9749 = DEFINITIONAL_REPRESENTATION('',(#9750),#9754);
#9750 = LINE('',#9751,#9752);
#9751 = CARTESIAN_POINT('',(0.,-0.205));
#9752 = VECTOR('',#9753,1.);
#9753 = DIRECTION('',(0.,1.));
#9754 = ( GEOMETRIC_REPRESENTATION_CONTEXT(2) 
PARAMETRIC_REPRESENTATION_CONTEXT() REPRESENTATION_CONTEXT('2D SPACE',''
  ) );
#9755 = PCURVE('',#9756,#9761);
#9756 = PLANE('',#9757);
#9757 = AXIS2_PLACEMENT_3D('',#9758,#9759,#9760);
#9758 = CARTESIAN_POINT('',(5.15,-4.445,0.));
#9759 = DIRECTION('',(-0.,-0.,-1.));
#9760 = DIRECTION('',(-1.,0.,0.));
#9761 = DEFINITIONAL_REPRESENTATION('',(#9762),#9766);
#9762 = LINE('',#9763,#9764);
#9763 = CARTESIAN_POINT('',(0.85,-0.205));
#9764 = VECTOR('',#9765,1.);
#9765 = DIRECTION('',(0.,1.));
#9766 = ( GEOMETRIC_REPRESENTATION_CONTEXT(2) 
PARAMETRIC_REPRESENTATION_CONTEXT() REPRESENTATION_CONTEXT('2D SPACE',''
  ) );
#9767 = ORIENTED_EDGE('',*,*,#9768,.T.);
#9768 = EDGE_CURVE('',#9739,#9663,#9769,.T.);
#9769 = SURFACE_CURVE('',#9770,(#9774,#9781),.PCURVE_S1.);
#9770 = LINE('',#9771,#9772);
#9771 = CARTESIAN_POINT('',(4.3,-4.65,0.));
#9772 = VECTOR('',#9773,1.);
#9773 = DIRECTION('',(-0.309586047461,0.,0.950871431487));
#9774 = PCURVE('',#9723,#9775);
#9775 = DEFINITIONAL_REPRESENTATION('',(#9776),#9780);
#9776 = LINE('',#9777,#9778);
#9777 = CARTESIAN_POINT('',(0.,-0.205));
#9778 = VECTOR('',#9779,1.);
#9779 = DIRECTION('',(1.,0.));
#9780 = ( GEOMETRIC_REPRESENTATION_CONTEXT(2) 
PARAMETRIC_REPRESENTATION_CONTEXT() REPRESENTATION_CONTEXT('2D SPACE',''
  ) );
#9781 = PCURVE('',#9489,#9782);
#9782 = DEFINITIONAL_REPRESENTATION('',(#9783),#9787);
#9783 = LINE('',#9784,#9785);
#9784 = CARTESIAN_POINT('',(-0.633503853658,4.6053681225E-02));
#9785 = VECTOR('',#9786,1.);
#9786 = DIRECTION('',(0.950871431487,-0.309586047461));
#9787 = ( GEOMETRIC_REPRESENTATION_CONTEXT(2) 
PARAMETRIC_REPRESENTATION_CONTEXT() REPRESENTATION_CONTEXT('2D SPACE',''
  ) );
#9788 = ORIENTED_EDGE('',*,*,#9709,.F.);
#9789 = ORIENTED_EDGE('',*,*,#9790,.F.);
#9790 = EDGE_CURVE('',#9741,#9687,#9791,.T.);
#9791 = SURFACE_CURVE('',#9792,(#9796,#9803),.PCURVE_S1.);
#9792 = LINE('',#9793,#9794);
#9793 = CARTESIAN_POINT('',(4.3,-4.24,0.));
#9794 = VECTOR('',#9795,1.);
#9795 = DIRECTION('',(-0.309586047461,0.,0.950871431487));
#9796 = PCURVE('',#9723,#9797);
#9797 = DEFINITIONAL_REPRESENTATION('',(#9798),#9802);
#9798 = LINE('',#9799,#9800);
#9799 = CARTESIAN_POINT('',(0.,0.205));
#9800 = VECTOR('',#9801,1.);
#9801 = DIRECTION('',(1.,0.));
#9802 = ( GEOMETRIC_REPRESENTATION_CONTEXT(2) 
PARAMETRIC_REPRESENTATION_CONTEXT() REPRESENTATION_CONTEXT('2D SPACE',''
  ) );
#9803 = PCURVE('',#9545,#9804);
#9804 = DEFINITIONAL_REPRESENTATION('',(#9805),#9809);
#9805 = LINE('',#9806,#9807);
#9806 = CARTESIAN_POINT('',(-0.633503853658,4.6053681225E-02));
#9807 = VECTOR('',#9808,1.);
#9808 = DIRECTION('',(0.950871431487,-0.309586047461));
#9809 = ( GEOMETRIC_REPRESENTATION_CONTEXT(2) 
PARAMETRIC_REPRESENTATION_CONTEXT() REPRESENTATION_CONTEXT('2D SPACE',''
  ) );
#9810 = ADVANCED_FACE('',(#9811),#9756,.T.);
#9811 = FACE_BOUND('',#9812,.T.);
#9812 = EDGE_LOOP('',(#9813,#9843,#9864,#9865));
#9813 = ORIENTED_EDGE('',*,*,#9814,.F.);
#9814 = EDGE_CURVE('',#9815,#9817,#9819,.T.);
#9815 = VERTEX_POINT('',#9816);
#9816 = CARTESIAN_POINT('',(5.15,-4.65,0.));
#9817 = VERTEX_POINT('',#9818);
#9818 = CARTESIAN_POINT('',(5.15,-4.24,0.));
#9819 = SURFACE_CURVE('',#9820,(#9824,#9831),.PCURVE_S1.);
#9820 = LINE('',#9821,#9822);
#9821 = CARTESIAN_POINT('',(5.15,-4.65,0.));
#9822 = VECTOR('',#9823,1.);
#9823 = DIRECTION('',(0.,1.,0.));
#9824 = PCURVE('',#9756,#9825);
#9825 = DEFINITIONAL_REPRESENTATION('',(#9826),#9830);
#9826 = LINE('',#9827,#9828);
#9827 = CARTESIAN_POINT('',(0.,-0.205));
#9828 = VECTOR('',#9829,1.);
#9829 = DIRECTION('',(0.,1.));
#9830 = ( GEOMETRIC_REPRESENTATION_CONTEXT(2) 
PARAMETRIC_REPRESENTATION_CONTEXT() REPRESENTATION_CONTEXT('2D SPACE',''
  ) );
#9831 = PCURVE('',#9832,#9837);
#9832 = PLANE('',#9833);
#9833 = AXIS2_PLACEMENT_3D('',#9834,#9835,#9836);
#9834 = CARTESIAN_POINT('',(5.15,-4.445,0.25));
#9835 = DIRECTION('',(1.,0.,0.));
#9836 = DIRECTION('',(0.,0.,-1.));
#9837 = DEFINITIONAL_REPRESENTATION('',(#9838),#9842);
#9838 = LINE('',#9839,#9840);
#9839 = CARTESIAN_POINT('',(0.25,-0.205));
#9840 = VECTOR('',#9841,1.);
#9841 = DIRECTION('',(0.,1.));
#9842 = ( GEOMETRIC_REPRESENTATION_CONTEXT(2) 
PARAMETRIC_REPRESENTATION_CONTEXT() REPRESENTATION_CONTEXT('2D SPACE',''
  ) );
#9843 = ORIENTED_EDGE('',*,*,#9844,.T.);
#9844 = EDGE_CURVE('',#9815,#9739,#9845,.T.);
#9845 = SURFACE_CURVE('',#9846,(#9850,#9857),.PCURVE_S1.);
#9846 = LINE('',#9847,#9848);
#9847 = CARTESIAN_POINT('',(5.15,-4.65,0.));
#9848 = VECTOR('',#9849,1.);
#9849 = DIRECTION('',(-1.,0.,0.));
#9850 = PCURVE('',#9756,#9851);
#9851 = DEFINITIONAL_REPRESENTATION('',(#9852),#9856);
#9852 = LINE('',#9853,#9854);
#9853 = CARTESIAN_POINT('',(0.,-0.205));
#9854 = VECTOR('',#9855,1.);
#9855 = DIRECTION('',(1.,0.));
#9856 = ( GEOMETRIC_REPRESENTATION_CONTEXT(2) 
PARAMETRIC_REPRESENTATION_CONTEXT() REPRESENTATION_CONTEXT('2D SPACE',''
  ) );
#9857 = PCURVE('',#9489,#9858);
#9858 = DEFINITIONAL_REPRESENTATION('',(#9859),#9863);
#9859 = LINE('',#9860,#9861);
#9860 = CARTESIAN_POINT('',(-0.633503853658,0.896053681225));
#9861 = VECTOR('',#9862,1.);
#9862 = DIRECTION('',(0.,-1.));
#9863 = ( GEOMETRIC_REPRESENTATION_CONTEXT(2) 
PARAMETRIC_REPRESENTATION_CONTEXT() REPRESENTATION_CONTEXT('2D SPACE',''
  ) );
#9864 = ORIENTED_EDGE('',*,*,#9738,.T.);
#9865 = ORIENTED_EDGE('',*,*,#9866,.F.);
#9866 = EDGE_CURVE('',#9817,#9741,#9867,.T.);
#9867 = SURFACE_CURVE('',#9868,(#9872,#9879),.PCURVE_S1.);
#9868 = LINE('',#9869,#9870);
#9869 = CARTESIAN_POINT('',(5.15,-4.24,0.));
#9870 = VECTOR('',#9871,1.);
#9871 = DIRECTION('',(-1.,0.,0.));
#9872 = PCURVE('',#9756,#9873);
#9873 = DEFINITIONAL_REPRESENTATION('',(#9874),#9878);
#9874 = LINE('',#9875,#9876);
#9875 = CARTESIAN_POINT('',(0.,0.205));
#9876 = VECTOR('',#9877,1.);
#9877 = DIRECTION('',(1.,0.));
#9878 = ( GEOMETRIC_REPRESENTATION_CONTEXT(2) 
PARAMETRIC_REPRESENTATION_CONTEXT() REPRESENTATION_CONTEXT('2D SPACE',''
  ) );
#9879 = PCURVE('',#9545,#9880);
#9880 = DEFINITIONAL_REPRESENTATION('',(#9881),#9885);
#9881 = LINE('',#9882,#9883);
#9882 = CARTESIAN_POINT('',(-0.633503853658,0.896053681225));
#9883 = VECTOR('',#9884,1.);
#9884 = DIRECTION('',(0.,-1.));
#9885 = ( GEOMETRIC_REPRESENTATION_CONTEXT(2) 
PARAMETRIC_REPRESENTATION_CONTEXT() REPRESENTATION_CONTEXT('2D SPACE',''
  ) );
#9886 = ADVANCED_FACE('',(#9887),#9832,.T.);
#9887 = FACE_BOUND('',#9888,.T.);
#9888 = EDGE_LOOP('',(#9889,#9919,#9940,#9941));
#9889 = ORIENTED_EDGE('',*,*,#9890,.F.);
#9890 = EDGE_CURVE('',#9891,#9893,#9895,.T.);
#9891 = VERTEX_POINT('',#9892);
#9892 = CARTESIAN_POINT('',(5.15,-4.65,0.25));
#9893 = VERTEX_POINT('',#9894);
#9894 = CARTESIAN_POINT('',(5.15,-4.24,0.25));
#9895 = SURFACE_CURVE('',#9896,(#9900,#9907),.PCURVE_S1.);
#9896 = LINE('',#9897,#9898);
#9897 = CARTESIAN_POINT('',(5.15,-4.65,0.25));
#9898 = VECTOR('',#9899,1.);
#9899 = DIRECTION('',(0.,1.,0.));
#9900 = PCURVE('',#9832,#9901);
#9901 = DEFINITIONAL_REPRESENTATION('',(#9902),#9906);
#9902 = LINE('',#9903,#9904);
#9903 = CARTESIAN_POINT('',(0.,-0.205));
#9904 = VECTOR('',#9905,1.);
#9905 = DIRECTION('',(0.,1.));
#9906 = ( GEOMETRIC_REPRESENTATION_CONTEXT(2) 
PARAMETRIC_REPRESENTATION_CONTEXT() REPRESENTATION_CONTEXT('2D SPACE',''
  ) );
#9907 = PCURVE('',#9908,#9913);
#9908 = PLANE('',#9909);
#9909 = AXIS2_PLACEMENT_3D('',#9910,#9911,#9912);
#9910 = CARTESIAN_POINT('',(4.45,-4.445,0.25));
#9911 = DIRECTION('',(-0.,0.,1.));
#9912 = DIRECTION('',(1.,0.,0.));
#9913 = DEFINITIONAL_REPRESENTATION('',(#9914),#9918);
#9914 = LINE('',#9915,#9916);
#9915 = CARTESIAN_POINT('',(0.7,-0.205));
#9916 = VECTOR('',#9917,1.);
#9917 = DIRECTION('',(0.,1.));
#9918 = ( GEOMETRIC_REPRESENTATION_CONTEXT(2) 
PARAMETRIC_REPRESENTATION_CONTEXT() REPRESENTATION_CONTEXT('2D SPACE',''
  ) );
#9919 = ORIENTED_EDGE('',*,*,#9920,.T.);
#9920 = EDGE_CURVE('',#9891,#9815,#9921,.T.);
#9921 = SURFACE_CURVE('',#9922,(#9926,#9933),.PCURVE_S1.);
#9922 = LINE('',#9923,#9924);
#9923 = CARTESIAN_POINT('',(5.15,-4.65,0.25));
#9924 = VECTOR('',#9925,1.);
#9925 = DIRECTION('',(0.,0.,-1.));
#9926 = PCURVE('',#9832,#9927);
#9927 = DEFINITIONAL_REPRESENTATION('',(#9928),#9932);
#9928 = LINE('',#9929,#9930);
#9929 = CARTESIAN_POINT('',(0.,-0.205));
#9930 = VECTOR('',#9931,1.);
#9931 = DIRECTION('',(1.,0.));
#9932 = ( GEOMETRIC_REPRESENTATION_CONTEXT(2) 
PARAMETRIC_REPRESENTATION_CONTEXT() REPRESENTATION_CONTEXT('2D SPACE',''
  ) );
#9933 = PCURVE('',#9489,#9934);
#9934 = DEFINITIONAL_REPRESENTATION('',(#9935),#9939);
#9935 = LINE('',#9936,#9937);
#9936 = CARTESIAN_POINT('',(-0.383503853658,0.896053681225));
#9937 = VECTOR('',#9938,1.);
#9938 = DIRECTION('',(-1.,0.));
#9939 = ( GEOMETRIC_REPRESENTATION_CONTEXT(2) 
PARAMETRIC_REPRESENTATION_CONTEXT() REPRESENTATION_CONTEXT('2D SPACE',''
  ) );
#9940 = ORIENTED_EDGE('',*,*,#9814,.T.);
#9941 = ORIENTED_EDGE('',*,*,#9942,.F.);
#9942 = EDGE_CURVE('',#9893,#9817,#9943,.T.);
#9943 = SURFACE_CURVE('',#9944,(#9948,#9955),.PCURVE_S1.);
#9944 = LINE('',#9945,#9946);
#9945 = CARTESIAN_POINT('',(5.15,-4.24,0.25));
#9946 = VECTOR('',#9947,1.);
#9947 = DIRECTION('',(0.,0.,-1.));
#9948 = PCURVE('',#9832,#9949);
#9949 = DEFINITIONAL_REPRESENTATION('',(#9950),#9954);
#9950 = LINE('',#9951,#9952);
#9951 = CARTESIAN_POINT('',(0.,0.205));
#9952 = VECTOR('',#9953,1.);
#9953 = DIRECTION('',(1.,0.));
#9954 = ( GEOMETRIC_REPRESENTATION_CONTEXT(2) 
PARAMETRIC_REPRESENTATION_CONTEXT() REPRESENTATION_CONTEXT('2D SPACE',''
  ) );
#9955 = PCURVE('',#9545,#9956);
#9956 = DEFINITIONAL_REPRESENTATION('',(#9957),#9961);
#9957 = LINE('',#9958,#9959);
#9958 = CARTESIAN_POINT('',(-0.383503853658,0.896053681225));
#9959 = VECTOR('',#9960,1.);
#9960 = DIRECTION('',(-1.,0.));
#9961 = ( GEOMETRIC_REPRESENTATION_CONTEXT(2) 
PARAMETRIC_REPRESENTATION_CONTEXT() REPRESENTATION_CONTEXT('2D SPACE',''
  ) );
#9962 = ADVANCED_FACE('',(#9963),#9908,.T.);
#9963 = FACE_BOUND('',#9964,.T.);
#9964 = EDGE_LOOP('',(#9965,#9990,#10011,#10012));
#9965 = ORIENTED_EDGE('',*,*,#9966,.F.);
#9966 = EDGE_CURVE('',#9967,#9969,#9971,.T.);
#9967 = VERTEX_POINT('',#9968);
#9968 = CARTESIAN_POINT('',(4.45,-4.65,0.25));
#9969 = VERTEX_POINT('',#9970);
#9970 = CARTESIAN_POINT('',(4.45,-4.24,0.25));
#9971 = SURFACE_CURVE('',#9972,(#9976,#9983),.PCURVE_S1.);
#9972 = LINE('',#9973,#9974);
#9973 = CARTESIAN_POINT('',(4.45,-4.65,0.25));
#9974 = VECTOR('',#9975,1.);
#9975 = DIRECTION('',(0.,1.,0.));
#9976 = PCURVE('',#9908,#9977);
#9977 = DEFINITIONAL_REPRESENTATION('',(#9978),#9982);
#9978 = LINE('',#9979,#9980);
#9979 = CARTESIAN_POINT('',(0.,-0.205));
#9980 = VECTOR('',#9981,1.);
#9981 = DIRECTION('',(0.,1.));
#9982 = ( GEOMETRIC_REPRESENTATION_CONTEXT(2) 
PARAMETRIC_REPRESENTATION_CONTEXT() REPRESENTATION_CONTEXT('2D SPACE',''
  ) );
#9983 = PCURVE('',#9517,#9984);
#9984 = DEFINITIONAL_REPRESENTATION('',(#9985),#9989);
#9985 = LINE('',#9986,#9987);
#9986 = CARTESIAN_POINT('',(1.13054190546,-0.205));
#9987 = VECTOR('',#9988,1.);
#9988 = DIRECTION('',(0.,1.));
#9989 = ( GEOMETRIC_REPRESENTATION_CONTEXT(2) 
PARAMETRIC_REPRESENTATION_CONTEXT() REPRESENTATION_CONTEXT('2D SPACE',''
  ) );
#9990 = ORIENTED_EDGE('',*,*,#9991,.T.);
#9991 = EDGE_CURVE('',#9967,#9891,#9992,.T.);
#9992 = SURFACE_CURVE('',#9993,(#9997,#10004),.PCURVE_S1.);
#9993 = LINE('',#9994,#9995);
#9994 = CARTESIAN_POINT('',(4.45,-4.65,0.25));
#9995 = VECTOR('',#9996,1.);
#9996 = DIRECTION('',(1.,0.,0.));
#9997 = PCURVE('',#9908,#9998);
#9998 = DEFINITIONAL_REPRESENTATION('',(#9999),#10003);
#9999 = LINE('',#10000,#10001);
#10000 = CARTESIAN_POINT('',(0.,-0.205));
#10001 = VECTOR('',#10002,1.);
#10002 = DIRECTION('',(1.,0.));
#10003 = ( GEOMETRIC_REPRESENTATION_CONTEXT(2) 
PARAMETRIC_REPRESENTATION_CONTEXT() REPRESENTATION_CONTEXT('2D SPACE',''
  ) );
#10004 = PCURVE('',#9489,#10005);
#10005 = DEFINITIONAL_REPRESENTATION('',(#10006),#10010);
#10006 = LINE('',#10007,#10008);
#10007 = CARTESIAN_POINT('',(-0.383503853658,0.196053681225));
#10008 = VECTOR('',#10009,1.);
#10009 = DIRECTION('',(0.,1.));
#10010 = ( GEOMETRIC_REPRESENTATION_CONTEXT(2) 
PARAMETRIC_REPRESENTATION_CONTEXT() REPRESENTATION_CONTEXT('2D SPACE',''
  ) );
#10011 = ORIENTED_EDGE('',*,*,#9890,.T.);
#10012 = ORIENTED_EDGE('',*,*,#10013,.F.);
#10013 = EDGE_CURVE('',#9969,#9893,#10014,.T.);
#10014 = SURFACE_CURVE('',#10015,(#10019,#10026),.PCURVE_S1.);
#10015 = LINE('',#10016,#10017);
#10016 = CARTESIAN_POINT('',(4.45,-4.24,0.25));
#10017 = VECTOR('',#10018,1.);
#10018 = DIRECTION('',(1.,0.,0.));
#10019 = PCURVE('',#9908,#10020);
#10020 = DEFINITIONAL_REPRESENTATION('',(#10021),#10025);
#10021 = LINE('',#10022,#10023);
#10022 = CARTESIAN_POINT('',(0.,0.205));
#10023 = VECTOR('',#10024,1.);
#10024 = DIRECTION('',(1.,0.));
#10025 = ( GEOMETRIC_REPRESENTATION_CONTEXT(2) 
PARAMETRIC_REPRESENTATION_CONTEXT() REPRESENTATION_CONTEXT('2D SPACE',''
  ) );
#10026 = PCURVE('',#9545,#10027);
#10027 = DEFINITIONAL_REPRESENTATION('',(#10028),#10032);
#10028 = LINE('',#10029,#10030);
#10029 = CARTESIAN_POINT('',(-0.383503853658,0.196053681225));
#10030 = VECTOR('',#10031,1.);
#10031 = DIRECTION('',(0.,1.));
#10032 = ( GEOMETRIC_REPRESENTATION_CONTEXT(2) 
PARAMETRIC_REPRESENTATION_CONTEXT() REPRESENTATION_CONTEXT('2D SPACE',''
  ) );
#10033 = ADVANCED_FACE('',(#10034),#9545,.T.);
#10034 = FACE_BOUND('',#10035,.T.);
#10035 = EDGE_LOOP('',(#10036,#10037,#10058,#10059,#10060,#10061,#10062,
    #10063));
#10036 = ORIENTED_EDGE('',*,*,#9529,.T.);
#10037 = ORIENTED_EDGE('',*,*,#10038,.T.);
#10038 = EDGE_CURVE('',#9502,#9969,#10039,.T.);
#10039 = SURFACE_CURVE('',#10040,(#10044,#10051),.PCURVE_S1.);
#10040 = LINE('',#10041,#10042);
#10041 = CARTESIAN_POINT('',(4.1,-4.24,1.325));
#10042 = VECTOR('',#10043,1.);
#10043 = DIRECTION('',(0.309586047461,0.,-0.950871431487));
#10044 = PCURVE('',#9545,#10045);
#10045 = DEFINITIONAL_REPRESENTATION('',(#10046),#10050);
#10046 = LINE('',#10047,#10048);
#10047 = CARTESIAN_POINT('',(0.691496146342,-0.153946318775));
#10048 = VECTOR('',#10049,1.);
#10049 = DIRECTION('',(-0.950871431487,0.309586047461));
#10050 = ( GEOMETRIC_REPRESENTATION_CONTEXT(2) 
PARAMETRIC_REPRESENTATION_CONTEXT() REPRESENTATION_CONTEXT('2D SPACE',''
  ) );
#10051 = PCURVE('',#9517,#10052);
#10052 = DEFINITIONAL_REPRESENTATION('',(#10053),#10057);
#10053 = LINE('',#10054,#10055);
#10054 = CARTESIAN_POINT('',(0.,0.205));
#10055 = VECTOR('',#10056,1.);
#10056 = DIRECTION('',(1.,0.));
#10057 = ( GEOMETRIC_REPRESENTATION_CONTEXT(2) 
PARAMETRIC_REPRESENTATION_CONTEXT() REPRESENTATION_CONTEXT('2D SPACE',''
  ) );
#10058 = ORIENTED_EDGE('',*,*,#10013,.T.);
#10059 = ORIENTED_EDGE('',*,*,#9942,.T.);
#10060 = ORIENTED_EDGE('',*,*,#9866,.T.);
#10061 = ORIENTED_EDGE('',*,*,#9790,.T.);
#10062 = ORIENTED_EDGE('',*,*,#9686,.T.);
#10063 = ORIENTED_EDGE('',*,*,#9610,.T.);
#10064 = ADVANCED_FACE('',(#10065),#9517,.T.);
#10065 = FACE_BOUND('',#10066,.T.);
#10066 = EDGE_LOOP('',(#10067,#10068,#10089,#10090));
#10067 = ORIENTED_EDGE('',*,*,#9501,.F.);
#10068 = ORIENTED_EDGE('',*,*,#10069,.T.);
#10069 = EDGE_CURVE('',#9469,#9967,#10070,.T.);
#10070 = SURFACE_CURVE('',#10071,(#10075,#10082),.PCURVE_S1.);
#10071 = LINE('',#10072,#10073);
#10072 = CARTESIAN_POINT('',(4.1,-4.65,1.325));
#10073 = VECTOR('',#10074,1.);
#10074 = DIRECTION('',(0.309586047461,0.,-0.950871431487));
#10075 = PCURVE('',#9517,#10076);
#10076 = DEFINITIONAL_REPRESENTATION('',(#10077),#10081);
#10077 = LINE('',#10078,#10079);
#10078 = CARTESIAN_POINT('',(0.,-0.205));
#10079 = VECTOR('',#10080,1.);
#10080 = DIRECTION('',(1.,0.));
#10081 = ( GEOMETRIC_REPRESENTATION_CONTEXT(2) 
PARAMETRIC_REPRESENTATION_CONTEXT() REPRESENTATION_CONTEXT('2D SPACE',''
  ) );
#10082 = PCURVE('',#9489,#10083);
#10083 = DEFINITIONAL_REPRESENTATION('',(#10084),#10088);
#10084 = LINE('',#10085,#10086);
#10085 = CARTESIAN_POINT('',(0.691496146342,-0.153946318775));
#10086 = VECTOR('',#10087,1.);
#10087 = DIRECTION('',(-0.950871431487,0.309586047461));
#10088 = ( GEOMETRIC_REPRESENTATION_CONTEXT(2) 
PARAMETRIC_REPRESENTATION_CONTEXT() REPRESENTATION_CONTEXT('2D SPACE',''
  ) );
#10089 = ORIENTED_EDGE('',*,*,#9966,.T.);
#10090 = ORIENTED_EDGE('',*,*,#10038,.F.);
#10091 = ADVANCED_FACE('',(#10092),#9489,.F.);
#10092 = FACE_BOUND('',#10093,.F.);
#10093 = EDGE_LOOP('',(#10094,#10095,#10096,#10097,#10098,#10099,#10100,
    #10101));
#10094 = ORIENTED_EDGE('',*,*,#9466,.T.);
#10095 = ORIENTED_EDGE('',*,*,#10069,.T.);
#10096 = ORIENTED_EDGE('',*,*,#9991,.T.);
#10097 = ORIENTED_EDGE('',*,*,#9920,.T.);
#10098 = ORIENTED_EDGE('',*,*,#9844,.T.);
#10099 = ORIENTED_EDGE('',*,*,#9768,.T.);
#10100 = ORIENTED_EDGE('',*,*,#9662,.T.);
#10101 = ORIENTED_EDGE('',*,*,#9586,.T.);
#10102 = ( GEOMETRIC_REPRESENTATION_CONTEXT(3) 
GLOBAL_UNCERTAINTY_ASSIGNED_CONTEXT((#10106)) 
GLOBAL_UNIT_ASSIGNED_CONTEXT((#10103,#10104,#10105)) 
REPRESENTATION_CONTEXT('Context #1',
  '3D Context with UNIT and UNCERTAINTY') );
#10103 = ( LENGTH_UNIT() NAMED_UNIT(*) SI_UNIT(.MILLI.,.METRE.) );
#10104 = ( NAMED_UNIT(*) PLANE_ANGLE_UNIT() SI_UNIT($,.RADIAN.) );
#10105 = ( NAMED_UNIT(*) SI_UNIT($,.STERADIAN.) SOLID_ANGLE_UNIT() );
#10106 = UNCERTAINTY_MEASURE_WITH_UNIT(LENGTH_MEASURE(1.E-07),#10103,
  'distance_accuracy_value','confusion accuracy');
#10107 = CONTEXT_DEPENDENT_SHAPE_REPRESENTATION(#10108,#10110);
#10108 = ( REPRESENTATION_RELATIONSHIP('','',#1113,#10) 
REPRESENTATION_RELATIONSHIP_WITH_TRANSFORMATION(#10109) 
SHAPE_REPRESENTATION_RELATIONSHIP() );
#10109 = ITEM_DEFINED_TRANSFORMATION('','',#11,#23);
#10110 = PRODUCT_DEFINITION_SHAPE('Placement','Placement of an item',
  #10111);
#10111 = NEXT_ASSEMBLY_USAGE_OCCURRENCE('3','Leads','',#5,#1108,$);
#10112 = PRODUCT_RELATED_PRODUCT_CATEGORY('part',$,(#1110));
#10113 = MECHANICAL_DESIGN_GEOMETRIC_PRESENTATION_REPRESENTATION('',(
    #10114),#1095);
#10114 = STYLED_ITEM('color',(#10115),#989);
#10115 = PRESENTATION_STYLE_ASSIGNMENT((#10116));
#10116 = SURFACE_STYLE_USAGE(.BOTH.,#10117);
#10117 = SURFACE_SIDE_STYLE('',(#10118));
#10118 = SURFACE_STYLE_FILL_AREA(#10119);
#10119 = FILL_AREA_STYLE('',(#10120));
#10120 = FILL_AREA_STYLE_COLOUR('',#10121);
#10121 = COLOUR_RGB('',0.920000012397,0.920000012397,0.920000012397);
#10122 = MECHANICAL_DESIGN_GEOMETRIC_PRESENTATION_REPRESENTATION('',(
    #10123,#10131,#10138,#10145,#10152,#10159,#10166,#10173,#10180,
    #10187,#10194,#10201,#10208,#10215),#10102);
#10123 = STYLED_ITEM('color',(#10124),#1114);
#10124 = PRESENTATION_STYLE_ASSIGNMENT((#10125));
#10125 = SURFACE_STYLE_USAGE(.BOTH.,#10126);
#10126 = SURFACE_SIDE_STYLE('',(#10127));
#10127 = SURFACE_STYLE_FILL_AREA(#10128);
#10128 = FILL_AREA_STYLE('',(#10129));
#10129 = FILL_AREA_STYLE_COLOUR('',#10130);
#10130 = COLOUR_RGB('',0.850000012718,0.850000012718,0.879999997771);
#10131 = STYLED_ITEM('color',(#10132),#1756);
#10132 = PRESENTATION_STYLE_ASSIGNMENT((#10133));
#10133 = SURFACE_STYLE_USAGE(.BOTH.,#10134);
#10134 = SURFACE_SIDE_STYLE('',(#10135));
#10135 = SURFACE_STYLE_FILL_AREA(#10136);
#10136 = FILL_AREA_STYLE('',(#10137));
#10137 = FILL_AREA_STYLE_COLOUR('',#10130);
#10138 = STYLED_ITEM('color',(#10139),#2398);
#10139 = PRESENTATION_STYLE_ASSIGNMENT((#10140));
#10140 = SURFACE_STYLE_USAGE(.BOTH.,#10141);
#10141 = SURFACE_SIDE_STYLE('',(#10142));
#10142 = SURFACE_STYLE_FILL_AREA(#10143);
#10143 = FILL_AREA_STYLE('',(#10144));
#10144 = FILL_AREA_STYLE_COLOUR('',#10130);
#10145 = STYLED_ITEM('color',(#10146),#3040);
#10146 = PRESENTATION_STYLE_ASSIGNMENT((#10147));
#10147 = SURFACE_STYLE_USAGE(.BOTH.,#10148);
#10148 = SURFACE_SIDE_STYLE('',(#10149));
#10149 = SURFACE_STYLE_FILL_AREA(#10150);
#10150 = FILL_AREA_STYLE('',(#10151));
#10151 = FILL_AREA_STYLE_COLOUR('',#10130);
#10152 = STYLED_ITEM('color',(#10153),#3682);
#10153 = PRESENTATION_STYLE_ASSIGNMENT((#10154));
#10154 = SURFACE_STYLE_USAGE(.BOTH.,#10155);
#10155 = SURFACE_SIDE_STYLE('',(#10156));
#10156 = SURFACE_STYLE_FILL_AREA(#10157);
#10157 = FILL_AREA_STYLE('',(#10158));
#10158 = FILL_AREA_STYLE_COLOUR('',#10130);
#10159 = STYLED_ITEM('color',(#10160),#4324);
#10160 = PRESENTATION_STYLE_ASSIGNMENT((#10161));
#10161 = SURFACE_STYLE_USAGE(.BOTH.,#10162);
#10162 = SURFACE_SIDE_STYLE('',(#10163));
#10163 = SURFACE_STYLE_FILL_AREA(#10164);
#10164 = FILL_AREA_STYLE('',(#10165));
#10165 = FILL_AREA_STYLE_COLOUR('',#10130);
#10166 = STYLED_ITEM('color',(#10167),#4966);
#10167 = PRESENTATION_STYLE_ASSIGNMENT((#10168));
#10168 = SURFACE_STYLE_USAGE(.BOTH.,#10169);
#10169 = SURFACE_SIDE_STYLE('',(#10170));
#10170 = SURFACE_STYLE_FILL_AREA(#10171);
#10171 = FILL_AREA_STYLE('',(#10172));
#10172 = FILL_AREA_STYLE_COLOUR('',#10130);
#10173 = STYLED_ITEM('color',(#10174),#5608);
#10174 = PRESENTATION_STYLE_ASSIGNMENT((#10175));
#10175 = SURFACE_STYLE_USAGE(.BOTH.,#10176);
#10176 = SURFACE_SIDE_STYLE('',(#10177));
#10177 = SURFACE_STYLE_FILL_AREA(#10178);
#10178 = FILL_AREA_STYLE('',(#10179));
#10179 = FILL_AREA_STYLE_COLOUR('',#10130);
#10180 = STYLED_ITEM('color',(#10181),#6250);
#10181 = PRESENTATION_STYLE_ASSIGNMENT((#10182));
#10182 = SURFACE_STYLE_USAGE(.BOTH.,#10183);
#10183 = SURFACE_SIDE_STYLE('',(#10184));
#10184 = SURFACE_STYLE_FILL_AREA(#10185);
#10185 = FILL_AREA_STYLE('',(#10186));
#10186 = FILL_AREA_STYLE_COLOUR('',#10130);
#10187 = STYLED_ITEM('color',(#10188),#6892);
#10188 = PRESENTATION_STYLE_ASSIGNMENT((#10189));
#10189 = SURFACE_STYLE_USAGE(.BOTH.,#10190);
#10190 = SURFACE_SIDE_STYLE('',(#10191));
#10191 = SURFACE_STYLE_FILL_AREA(#10192);
#10192 = FILL_AREA_STYLE('',(#10193));
#10193 = FILL_AREA_STYLE_COLOUR('',#10130);
#10194 = STYLED_ITEM('color',(#10195),#7534);
#10195 = PRESENTATION_STYLE_ASSIGNMENT((#10196));
#10196 = SURFACE_STYLE_USAGE(.BOTH.,#10197);
#10197 = SURFACE_SIDE_STYLE('',(#10198));
#10198 = SURFACE_STYLE_FILL_AREA(#10199);
#10199 = FILL_AREA_STYLE('',(#10200));
#10200 = FILL_AREA_STYLE_COLOUR('',#10130);
#10201 = STYLED_ITEM('color',(#10202),#8176);
#10202 = PRESENTATION_STYLE_ASSIGNMENT((#10203));
#10203 = SURFACE_STYLE_USAGE(.BOTH.,#10204);
#10204 = SURFACE_SIDE_STYLE('',(#10205));
#10205 = SURFACE_STYLE_FILL_AREA(#10206);
#10206 = FILL_AREA_STYLE('',(#10207));
#10207 = FILL_AREA_STYLE_COLOUR('',#10130);
#10208 = STYLED_ITEM('color',(#10209),#8818);
#10209 = PRESENTATION_STYLE_ASSIGNMENT((#10210));
#10210 = SURFACE_STYLE_USAGE(.BOTH.,#10211);
#10211 = SURFACE_SIDE_STYLE('',(#10212));
#10212 = SURFACE_STYLE_FILL_AREA(#10213);
#10213 = FILL_AREA_STYLE('',(#10214));
#10214 = FILL_AREA_STYLE_COLOUR('',#10130);
#10215 = STYLED_ITEM('color',(#10216),#9460);
#10216 = PRESENTATION_STYLE_ASSIGNMENT((#10217));
#10217 = SURFACE_STYLE_USAGE(.BOTH.,#10218);
#10218 = SURFACE_SIDE_STYLE('',(#10219));
#10219 = SURFACE_STYLE_FILL_AREA(#10220);
#10220 = FILL_AREA_STYLE('',(#10221));
#10221 = FILL_AREA_STYLE_COLOUR('',#10130);
#10222 = MECHANICAL_DESIGN_GEOMETRIC_PRESENTATION_REPRESENTATION('',(
    #10223),#970);
#10223 = STYLED_ITEM('color',(#10224),#41);
#10224 = PRESENTATION_STYLE_ASSIGNMENT((#10225));
#10225 = SURFACE_STYLE_USAGE(.BOTH.,#10226);
#10226 = SURFACE_SIDE_STYLE('',(#10227));
#10227 = SURFACE_STYLE_FILL_AREA(#10228);
#10228 = FILL_AREA_STYLE('',(#10229));
#10229 = FILL_AREA_STYLE_COLOUR('',#10230);
#10230 = COLOUR_RGB('',0.149999997808,0.149999997808,0.149999997808);
ENDSEC;
END-ISO-10303-21;
