ISO-10303-21;
HEADER;
FILE_DESCRIPTION (( 'STEP AP214' ),
    '1' );
FILE_NAME ('THN 20UIR.STEP',
    '2022-10-26T03:21:23',
    ( '' ),
    ( '' ),
    'SwSTEP 2.0',
    'SolidWorks 2016',
    '' );
FILE_SCHEMA (( 'AUTOMOTIVE_DESIGN' ));
ENDSEC;

DATA;
#1 = FACE_OUTER_BOUND ( 'NONE', #6083, .T. ) ;
#2 = EDGE_CURVE ( 'NONE', #5104, #6582, #7349, .T. ) ;
#3 = FILL_AREA_STYLE_COLOUR ( '', #4900 ) ;
#4 = LINE ( 'NONE', #4198, #7647 ) ;
#5 = CARTESIAN_POINT ( 'NONE',  ( 11.40000000000040200, 16.82000000000000000, 7.849999999999999600 ) ) ;
#6 = ORIENTED_EDGE ( 'NONE', *, *, #1436, .T. ) ;
#7 = VERTEX_POINT ( 'NONE', #2132 ) ;
#8 =( GEOMETRIC_REPRESENTATION_CONTEXT ( 3 ) GLOBAL_UNCERTAINTY_ASSIGNED_CONTEXT ( ( #3155 ) ) GLOBAL_UNIT_ASSIGNED_CONTEXT ( ( #4292, #305, #984 ) ) REPRESENTATION_CONTEXT ( 'NONE', 'WORKASPACE' ) );
#9 = ADVANCED_FACE ( 'NONE', ( #3275 ), #882, .T. ) ;
#10 = CARTESIAN_POINT ( 'NONE',  ( 11.55390823631220000, 13.15614453969005900, -4.859999999999999400 ) ) ;
#11 = EDGE_CURVE ( 'NONE', #3730, #7731, #1942, .T. ) ;
#12 = CARTESIAN_POINT ( 'NONE',  ( -12.64013774716952000, -0.7120244148728569500, 7.129999999999999900 ) ) ;
#13 = DIRECTION ( 'NONE',  ( 1.000000000000000000, 0.0000000000000000000, 0.0000000000000000000 ) ) ;
#14 = ORIENTED_EDGE ( 'NONE', *, *, #1659, .T. ) ;
#15 = CIRCLE ( 'NONE', #4730, 0.5000000000000004400 ) ;
#16 = AXIS2_PLACEMENT_3D ( 'NONE', #5795, #6485, #6572 ) ;
#17 = CARTESIAN_POINT ( 'NONE',  ( -11.75012184387840000, 0.0000000000000000000, -12.55000000000000100 ) ) ;
#18 = CARTESIAN_POINT ( 'NONE',  ( -10.16000000000000000, -0.6999999999999999600, 0.0000000000000000000 ) ) ;
#20 = CARTESIAN_POINT ( 'NONE',  ( 11.90000000000040200, 17.32000000000000000, 7.849999999999999600 ) ) ;
#19 = CARTESIAN_POINT ( 'NONE',  ( -11.99959361958396000, 0.06999999999989130200, 7.400000000000000400 ) ) ;
#21 = CARTESIAN_POINT ( 'NONE',  ( 11.36026439514193100, 9.199999999999997500, -11.82243394292847700 ) ) ;
#22 = EDGE_CURVE ( 'NONE', #5302, #7709, #8530, .T. ) ;
#23 = CARTESIAN_POINT ( 'NONE',  ( -11.87544918631634500, 8.940526314999784700, -11.87544918631634700 ) ) ;
#24 = LINE ( 'NONE', #787, #3268 ) ;
#25 = ORIENTED_EDGE ( 'NONE', *, *, #8048, .F. ) ;
#26 = VECTOR ( 'NONE', #8129, 1000.000000000000000 ) ;
#27 = AXIS2_PLACEMENT_3D ( 'NONE', #5340, #1977, #2005 ) ;
#28 = DIRECTION ( 'NONE',  ( -1.000000000000000000, -4.372213365170680100E-016, 0.0000000000000000000 ) ) ;
#29 = UNCERTAINTY_MEASURE_WITH_UNIT (LENGTH_MEASURE( 1.000000000000000100E-005 ), #1372, 'distance_accuracy_value', 'NONE');
#30 = CARTESIAN_POINT ( 'NONE',  ( 11.94403686658061800, 8.887833471170655000, -11.94403686658061600 ) ) ;
#31 = EDGE_LOOP ( 'NONE', ( #1200, #3343, #1779, #1369 ) ) ;
#32 = CLOSED_SHELL ( 'NONE', ( #4110, #6934, #6855, #8151, #7821, #933, #8447, #7190, #2683, #6267, #6031, #3624, #7961, #969, #2671, #7157, #2173, #2111, #6202, #3215, #1929, #8274, #1634, #221, #5110, #4365, #4177, #7451, #712, #5377, #468, #5609 ) ) ;
#33 = PRESENTATION_STYLE_ASSIGNMENT (( #7150 ) ) ;
#34 = EDGE_CURVE ( 'NONE', #8087, #7611, #3163, .T. ) ;
#35 = DIRECTION ( 'NONE',  ( -1.000000000000000000, -3.388131789017135300E-016, 0.0000000000000000000 ) ) ;
#36 = FILL_AREA_STYLE_COLOUR ( '', #6091 ) ;
#37 = DIRECTION ( 'NONE',  ( 6.994852725712929000E-017, -0.0000000000000000000, 1.000000000000000000 ) ) ;
#38 = DIRECTION ( 'NONE',  ( 0.01744974916067939400, 0.9996954598818875700, -0.01744974916067939400 ) ) ;
#39 = AXIS2_PLACEMENT_3D ( 'NONE', #907, #235, #1684 ) ;
#40 =( BOUNDED_CURVE ( )  B_SPLINE_CURVE ( 3, ( #7376, #5358, #8674, #1375 ),
 .UNSPECIFIED., .F., .F. ) 
 B_SPLINE_CURVE_WITH_KNOTS ( ( 4, 4 ),
 ( 0.0000000000000000000, 1.570987302159245100 ),
 .UNSPECIFIED. ) 
 CURVE ( )  GEOMETRIC_REPRESENTATION_ITEM ( )  RATIONAL_B_SPLINE_CURVE ( ( 1.000000000000000000, 0.8046928386502676400, 0.8046928386502676400, 1.000000000000000000 ) ) 
 REPRESENTATION_ITEM ( '' )  );
#41 = ORIENTED_EDGE ( 'NONE', *, *, #5964, .T. ) ;
#42 = DIRECTION ( 'NONE',  ( 1.000000000000000000, 0.0000000000000000000, 0.0000000000000000000 ) ) ;
#43 = CIRCLE ( 'NONE', #5846, 0.1999999999999883800 ) ;
#45 = CARTESIAN_POINT ( 'NONE',  ( 11.09131776628598100, 9.199999999999999300, 11.19489180893483600 ) ) ;
#44 = CARTESIAN_POINT ( 'NONE',  ( -10.16000000000000000, -6.299999999999999800, -10.16000000000000000 ) ) ;
#46 = CARTESIAN_POINT ( 'NONE',  ( 6.949999999999999300, 12.20000000000000100, -12.40000000000000000 ) ) ;
#47 = DIRECTION ( 'NONE',  ( 2.098455817713879800E-016, 0.0000000000000000000, 1.000000000000000000 ) ) ;
#48 = EDGE_CURVE ( 'NONE', #8473, #4219, #4264, .T. ) ;
#50 = CARTESIAN_POINT ( 'NONE',  ( -11.01363723429845700, 9.199999999999999300, -11.01363723429845500 ) ) ;
#49 = DIRECTION ( 'NONE',  ( -1.636531581110199900E-015, 0.0000000000000000000, -1.000000000000000000 ) ) ;
#51 = ORIENTED_EDGE ( 'NONE', *, *, #8600, .T. ) ;
#52 = VERTEX_POINT ( 'NONE', #3454 ) ;
#53 = LINE ( 'NONE', #3327, #564 ) ;
#54 = SURFACE_STYLE_USAGE ( .BOTH. , #2737 ) ;
#55 = CARTESIAN_POINT ( 'NONE',  ( -10.90000000000040000, 11.70000000000000100, -12.40000000000000000 ) ) ;
#56 = ORIENTED_EDGE ( 'NONE', *, *, #6045, .T. ) ;
#57 = EDGE_CURVE ( 'NONE', #3937, #8585, #649, .T. ) ;
#58 = CYLINDRICAL_SURFACE ( 'NONE', #2327, 0.8000000000000003800 ) ;
#59 = EDGE_CURVE ( 'NONE', #3009, #4018, #2040, .T. ) ;
#60 = AXIS2_PLACEMENT_3D ( 'NONE', #558, #5918, #3915 ) ;
#61 = VECTOR ( 'NONE', #4609, 1000.000000000000000 ) ;
#62 = DIRECTION ( 'NONE',  ( 0.0000000000000000000, 0.0000000000000000000, 1.000000000000000000 ) ) ;
#63 = SURFACE_SIDE_STYLE ('',( #5653 ) ) ;
#64 = DIRECTION ( 'NONE',  ( 0.0000000000000000000, 0.0000000000000000000, 1.000000000000000000 ) ) ;
#65 = EDGE_LOOP ( 'NONE', ( #7705, #7840, #6682, #4992, #5085 ) ) ;
#66 = ORIENTED_EDGE ( 'NONE', *, *, #2709, .F. ) ;
#67 = EDGE_CURVE ( 'NONE', #5302, #2701, #4831, .T. ) ;
#68 = DIRECTION ( 'NONE',  ( 0.0000000000000000000, 0.0000000000000000000, -1.000000000000000000 ) ) ;
#69 = VERTEX_POINT ( 'NONE', #2226 ) ;
#70 = ORIENTED_EDGE ( 'NONE', *, *, #150, .F. ) ;
#71 = CARTESIAN_POINT ( 'NONE',  ( -4.950000000000391000, 11.70000000000000100, -12.40000000000000000 ) ) ;
#72 = DIRECTION ( 'NONE',  ( 1.000000000000000000, 0.0000000000000000000, 0.0000000000000000000 ) ) ;
#73 = EDGE_LOOP ( 'NONE', ( #3240, #3630, #7859, #1852 ) ) ;
#75 = CARTESIAN_POINT ( 'NONE',  ( 12.41342400751740600, 7.824433369012192300, 11.61354585139581600 ) ) ;
#74 = DIRECTION ( 'NONE',  ( -1.000000000000000000, -1.097926250618123900E-016, 0.0000000000000000000 ) ) ;
#76 = SURFACE_STYLE_USAGE ( .BOTH. , #5396 ) ;
#77 = FACE_OUTER_BOUND ( 'NONE', #7982, .T. ) ;
#78 = PLANE ( 'NONE',  #5186 ) ;
#79 = FACE_OUTER_BOUND ( 'NONE', #2680, .T. ) ;
#80 = VERTEX_POINT ( 'NONE', #2307 ) ;
#81 = ORIENTED_EDGE ( 'NONE', *, *, #5375, .F. ) ;
#82 = ORIENTED_EDGE ( 'NONE', *, *, #3575, .T. ) ;
#83 = CARTESIAN_POINT ( 'NONE',  ( -11.67520736133016300, 9.066591395139703000, 11.67520736133026600 ) ) ;
#85 = CIRCLE ( 'NONE', #1014, 0.5000000000000004400 ) ;
#84 = CARTESIAN_POINT ( 'NONE',  ( -0.5000000000000000000, 16.82000000000000000, -7.849999999999999600 ) ) ;
#86 = EDGE_CURVE ( 'NONE', #1720, #259, #6740, .T. ) ;
#87 = ORIENTED_EDGE ( 'NONE', *, *, #8541, .T. ) ;
#88 = ORIENTED_EDGE ( 'NONE', *, *, #8541, .F. ) ;
#89 = PRESENTATION_LAYER_ASSIGNMENT (  '', '', ( #3114 ) ) ;
#90 = ORIENTED_EDGE ( 'NONE', *, *, #1571, .F. ) ;
#91 = ORIENTED_EDGE ( 'NONE', *, *, #3092, .T. ) ;
#92 = AXIS2_PLACEMENT_3D ( 'NONE', #1866, #7285, #1302 ) ;
#93 =( NAMED_UNIT ( * ) SI_UNIT ( $, .STERADIAN. ) SOLID_ANGLE_UNIT ( ) );
#94 = CARTESIAN_POINT ( 'NONE',  ( -12.90054722849357900, -0.02124813592968395300, 7.129999999999999900 ) ) ;
#95 = VECTOR ( 'NONE', #7090, 1000.000000000000000 ) ;
#96 = ORIENTED_EDGE ( 'NONE', *, *, #804, .F. ) ;
#97 = EDGE_CURVE ( 'NONE', #3354, #2401, #2866, .T. ) ;
#98 = ORIENTED_EDGE ( 'NONE', *, *, #5549, .T. ) ;
#99 =( NAMED_UNIT ( * ) SI_UNIT ( $, .STERADIAN. ) SOLID_ANGLE_UNIT ( ) );
#100 = CARTESIAN_POINT ( 'NONE',  ( -12.69999999999999900, -0.6999999999999999600, -12.69999999999999900 ) ) ;
#101 = FACE_OUTER_BOUND ( 'NONE', #4869, .T. ) ;
#102 = EDGE_LOOP ( 'NONE', ( #6525, #8455, #950, #2409 ) ) ;
#103 = ORIENTED_EDGE ( 'NONE', *, *, #5352, .T. ) ;
#104 = CARTESIAN_POINT ( 'NONE',  ( -5.950000000000000200, 16.82000000000000000, -12.40000000000000000 ) ) ;
#105 = AXIS2_PLACEMENT_3D ( 'NONE', #3673, #1061, #5103 ) ;
#106 = DIRECTION ( 'NONE',  ( -0.9998476951563912700, -0.01745240643728068800, 0.0000000000000000000 ) ) ;
#107 = SURFACE_STYLE_USAGE ( .BOTH. , #2255 ) ;
#108 = CARTESIAN_POINT ( 'NONE',  ( 11.59959361958396000, 0.06999999999988960900, 5.129999999999999900 ) ) ;
#109 = DIRECTION ( 'NONE',  ( -3.388131789017129900E-016, 1.000000000000000000, 0.0000000000000000000 ) ) ;
#111 = CARTESIAN_POINT ( 'NONE',  ( -11.14307271996216100, 9.199999992039046500, -11.14307271996244700 ) ) ;
#110 =( NAMED_UNIT ( * ) SI_UNIT ( $, .STERADIAN. ) SOLID_ANGLE_UNIT ( ) );
#112 = LINE ( 'NONE', #4228, #7022 ) ;
#113 = ORIENTED_EDGE ( 'NONE', *, *, #3536, .T. ) ;
#114 = EDGE_CURVE ( 'NONE', #669, #2899, #3471, .T. ) ;
#115 =( GEOMETRIC_REPRESENTATION_CONTEXT ( 3 ) GLOBAL_UNCERTAINTY_ASSIGNED_CONTEXT ( ( #146 ) ) GLOBAL_UNIT_ASSIGNED_CONTEXT ( ( #4572, #5367, #1383 ) ) REPRESENTATION_CONTEXT ( 'NONE', 'WORKASPACE' ) );
#116 = DIRECTION ( 'NONE',  ( 0.0000000000000000000, 0.0000000000000000000, 1.000000000000000000 ) ) ;
#117 = CARTESIAN_POINT ( 'NONE',  ( -11.01363723429843900, 9.199999999999999300, 11.01363723429845900 ) ) ;
#118 = VECTOR ( 'NONE', #1492, 1000.000000000000000 ) ;
#119 = LINE ( 'NONE', #657, #2753 ) ;
#120 = AXIS2_PLACEMENT_3D ( 'NONE', #2770, #35, #4707 ) ;
#121 = CARTESIAN_POINT ( 'NONE',  ( -6.450000000000000200, 16.82000000000000000, -12.40000000000000000 ) ) ;
#122 = EDGE_CURVE ( 'NONE', #5519, #7497, #1299, .T. ) ;
#124 = DIRECTION ( 'NONE',  ( 0.0000000000000000000, 0.0000000000000000000, 1.000000000000000000 ) ) ;
#123 = CARTESIAN_POINT ( 'NONE',  ( 0.0000000000000000000, 0.0000000000000000000, 0.0000000000000000000 ) ) ;
#125 = CIRCLE ( 'NONE', #7607, 0.4999999999999995600 ) ;
#126 = ORIENTED_EDGE ( 'NONE', *, *, #5083, .T. ) ;
#127 = CARTESIAN_POINT ( 'NONE',  ( -12.40000000000000000, 21.69999999999999900, 4.850000000000000500 ) ) ;
#128 = LINE ( 'NONE', #6113, #1291 ) ;
#129 = DIRECTION ( 'NONE',  ( 0.0000000000000000000, 0.0000000000000000000, 1.000000000000000000 ) ) ;
#131 = CARTESIAN_POINT ( 'NONE',  ( 12.31218441130240900, 8.373045942747863200, 12.31218441130240900 ) ) ;
#130 = DIRECTION ( 'NONE',  ( -2.797941090285175100E-016, 0.0000000000000000000, -1.000000000000000000 ) ) ;
#132 = DIRECTION ( 'NONE',  ( 3.388131789017129900E-016, -1.000000000000000000, 0.0000000000000000000 ) ) ;
#133 = DIRECTION ( 'NONE',  ( -1.000000000000000000, 0.0000000000000000000, 0.0000000000000000000 ) ) ;
#134 = ORIENTED_EDGE ( 'NONE', *, *, #280, .F. ) ;
#135 = CARTESIAN_POINT ( 'NONE',  ( 11.90000000000000000, 16.82000000000000000, -12.40000000000000000 ) ) ;
#136 = ADVANCED_FACE ( 'NONE', ( #4625 ), #8630, .T. ) ;
#137 = FACE_OUTER_BOUND ( 'NONE', #8038, .T. ) ;
#138 = DIRECTION ( 'NONE',  ( 3.388131789017129900E-016, 1.000000000000000000, -9.479793151792439600E-032 ) ) ;
#139 = ORIENTED_EDGE ( 'NONE', *, *, #1754, .F. ) ;
#140 = CARTESIAN_POINT ( 'NONE',  ( -11.01363723429841500, 9.199999999999999300, 11.01363723429845700 ) ) ;
#141 = AXIS2_PLACEMENT_3D ( 'NONE', #6488, #425, #1312 ) ;
#142 = ORIENTED_EDGE ( 'NONE', *, *, #3554, .T. ) ;
#143 = AXIS2_PLACEMENT_3D ( 'NONE', #3478, #160, #1584 ) ;
#144 = DIRECTION ( 'NONE',  ( 0.0000000000000000000, 1.000000000000000000, 0.0000000000000000000 ) ) ;
#145 = LINE ( 'NONE', #7427, #3999 ) ;
#146 = UNCERTAINTY_MEASURE_WITH_UNIT (LENGTH_MEASURE( 1.000000000000000100E-005 ), #4572, 'distance_accuracy_value', 'NONE');
#147 = VECTOR ( 'NONE', #4621, 1000.000000000000100 ) ;
#148 = ORIENTED_EDGE ( 'NONE', *, *, #4825, .F. ) ;
#149 = ORIENTED_EDGE ( 'NONE', *, *, #6911, .T. ) ;
#150 = EDGE_CURVE ( 'NONE', #5677, #4435, #4929, .T. ) ;
#151 = CARTESIAN_POINT ( 'NONE',  ( -5.950000000000000200, 16.82000000000000000, 7.849999999999999600 ) ) ;
#152 = UNCERTAINTY_MEASURE_WITH_UNIT (LENGTH_MEASURE( 1.000000000000000100E-005 ), #7130, 'distance_accuracy_value', 'NONE');
#153 = ORIENTED_EDGE ( 'NONE', *, *, #3345, .T. ) ;
#154 = FACE_OUTER_BOUND ( 'NONE', #829, .T. ) ;
#155 = MECHANICAL_DESIGN_GEOMETRIC_PRESENTATION_REPRESENTATION (  '', ( #5815 ), #5995 ) ;
#156 = CIRCLE ( 'NONE', #7352, 0.5000000000000000000 ) ;
#157 = ORIENTED_EDGE ( 'NONE', *, *, #1687, .T. ) ;
#158 = ORIENTED_EDGE ( 'NONE', *, *, #3960, .F. ) ;
#159 = ORIENTED_EDGE ( 'NONE', *, *, #5981, .T. ) ;
#160 = DIRECTION ( 'NONE',  ( 0.0000000000000000000, 0.0000000000000000000, -1.000000000000000000 ) ) ;
#161 = VERTEX_POINT ( 'NONE', #8002 ) ;
#162 = CARTESIAN_POINT ( 'NONE',  ( 12.69999999999999900, -0.6999999999999999600, -4.500000000000000000 ) ) ;
#163 = CARTESIAN_POINT ( 'NONE',  ( 10.16000000000000000, -6.000000000000000000, 2.540000000000000000 ) ) ;
#165 = CARTESIAN_POINT ( 'NONE',  ( 12.41318044962148700, 7.838386791524181200, 12.41318044962148700 ) ) ;
#164 = FILL_AREA_STYLE_COLOUR ( '', #4550 ) ;
#166 = DIRECTION ( 'NONE',  ( 1.000000000000000000, 0.0000000000000000000, 0.0000000000000000000 ) ) ;
#167 = DIRECTION ( 'NONE',  ( 0.0000000000000000000, 0.0000000000000000000, 1.000000000000000000 ) ) ;
#168 = EDGE_CURVE ( 'NONE', #429, #4445, #8644, .T. ) ;
#170 = DIRECTION ( 'NONE',  ( -1.000000000000000000, -0.0000000000000000000, -0.0000000000000000000 ) ) ;
#169 = DIRECTION ( 'NONE',  ( -6.994852725712929000E-017, 0.0000000000000000000, -1.000000000000000000 ) ) ;
#171 = FACE_OUTER_BOUND ( 'NONE', #6566, .T. ) ;
#172 = ORIENTED_EDGE ( 'NONE', *, *, #8312, .T. ) ;
#173 = VECTOR ( 'NONE', #1843, 1000.000000000000000 ) ;
#174 = CARTESIAN_POINT ( 'NONE',  ( 11.90000000000040200, 16.82000000000000000, 12.40000000000000000 ) ) ;
#175 = EDGE_CURVE ( 'NONE', #1739, #1663, #3782, .T. ) ;
#176 = VERTEX_POINT ( 'NONE', #1236 ) ;
#177 = PRESENTATION_STYLE_ASSIGNMENT (( #7333 ) ) ;
#178 = VECTOR ( 'NONE', #6508, 1000.000000000000000 ) ;
#179 = DIRECTION ( 'NONE',  ( 1.000000000000000000, 0.0000000000000000000, 0.0000000000000000000 ) ) ;
#180 = CIRCLE ( 'NONE', #3699, 1.199999999999999700 ) ;
#181 = CARTESIAN_POINT ( 'NONE',  ( -0.5000000000000000000, 12.20000000000000100, -12.40000000000000000 ) ) ;
#182 = ORIENTED_EDGE ( 'NONE', *, *, #8014, .F. ) ;
#183 = AXIS2_PLACEMENT_3D ( 'NONE', #4035, #8290, #68 ) ;
#184 = ORIENTED_EDGE ( 'NONE', *, *, #6063, .F. ) ;
#185 = VERTEX_POINT ( 'NONE', #4611 ) ;
#186 = VECTOR ( 'NONE', #6014, 1000.000000000000000 ) ;
#187 = EDGE_CURVE ( 'NONE', #2773, #6073, #8006, .T. ) ;
#188 = LINE ( 'NONE', #1319, #6162 ) ;
#189 = VERTEX_POINT ( 'NONE', #6591 ) ;
#190 = ORIENTED_EDGE ( 'NONE', *, *, #8336, .T. ) ;
#191 = CARTESIAN_POINT ( 'NONE',  ( 11.55390823631220000, 13.15614453969005900, 7.400000000000000400 ) ) ;
#192 = CARTESIAN_POINT ( 'NONE',  ( -10.90000000000040000, 12.20000000000000100, -12.40000000000000000 ) ) ;
#193 = ORIENTED_EDGE ( 'NONE', *, *, #1304, .T. ) ;
#194 = EDGE_LOOP ( 'NONE', ( #1594, #735, #196, #2072, #3991, #3098 ) ) ;
#195 = CARTESIAN_POINT ( 'NONE',  ( -12.40000000000000000, 21.69999999999999900, -7.849999999999999600 ) ) ;
#196 = ORIENTED_EDGE ( 'NONE', *, *, #7721, .F. ) ;
#197 = FILL_AREA_STYLE ('',( #844 ) ) ;
#198 = VECTOR ( 'NONE', #2995, 1000.000000000000000 ) ;
#199 = CARTESIAN_POINT ( 'NONE',  ( -12.39715936418299900, -0.4300000000001087400, -5.129999999999999900 ) ) ;
#200 = AXIS2_PLACEMENT_3D ( 'NONE', #2252, #4855, #6194 ) ;
#201 = CIRCLE ( 'NONE', #4119, 0.5000000000000004400 ) ;
#202 = ORIENTED_EDGE ( 'NONE', *, *, #4261, .F. ) ;
#203 = LINE ( 'NONE', #6145, #3130 ) ;
#204 = ORIENTED_EDGE ( 'NONE', *, *, #1808, .T. ) ;
#205 = ORIENTED_EDGE ( 'NONE', *, *, #7796, .F. ) ;
#206 = CARTESIAN_POINT ( 'NONE',  ( -12.69999999999999900, -0.6999999999999999600, 7.400000000000000400 ) ) ;
#207 = EDGE_CURVE ( 'NONE', #8621, #3073, #7782, .T. ) ;
#208 = FACE_OUTER_BOUND ( 'NONE', #5475, .T. ) ;
#209 = ADVANCED_FACE ( 'NONE', ( #866 ), #5974, .T. ) ;
#210 = AXIS2_PLACEMENT_3D ( 'NONE', #3957, #8559, #1174 ) ;
#211 = DIRECTION ( 'NONE',  ( 0.0000000000000000000, 0.0000000000000000000, -1.000000000000000000 ) ) ;
#212 = ORIENTED_EDGE ( 'NONE', *, *, #219, .F. ) ;
#214 = DIRECTION ( 'NONE',  ( 0.0000000000000000000, -1.000000000000000000, 0.0000000000000000000 ) ) ;
#213 = DIRECTION ( 'NONE',  ( 1.000000000000000000, 0.0000000000000000000, -2.797941090285175100E-016 ) ) ;
#215 = EDGE_LOOP ( 'NONE', ( #6375, #635, #153, #2027 ) ) ;
#216 = VERTEX_POINT ( 'NONE', #2553 ) ;
#217 = AXIS2_PLACEMENT_3D ( 'NONE', #6332, #5002, #1758 ) ;
#218 = ADVANCED_FACE ( 'NONE', ( #6003 ), #1828, .T. ) ;
#219 = EDGE_CURVE ( 'NONE', #6423, #6051, #2762, .T. ) ;
#220 = CARTESIAN_POINT ( 'NONE',  ( 12.39606240534999600, -0.4300000000001086800, 5.130000000000000800 ) ) ;
#221 = ADVANCED_FACE ( 'NONE', ( #8105 ), #737, .F. ) ;
#222 = EDGE_LOOP ( 'NONE', ( #2896, #1345, #3140, #2405 ) ) ;
#223 = DIRECTION ( 'NONE',  ( 0.0000000000000000000, 0.0000000000000000000, -1.000000000000000000 ) ) ;
#224 = ORIENTED_EDGE ( 'NONE', *, *, #2920, .T. ) ;
#225 = DIRECTION ( 'NONE',  ( 0.0000000000000000000, 0.0000000000000000000, 1.000000000000000000 ) ) ;
#227 = CARTESIAN_POINT ( 'NONE',  ( 0.0000000000000000000, 16.82000000000000000, -7.849999999999999600 ) ) ;
#226 = CARTESIAN_POINT ( 'NONE',  ( 0.0000000000000000000, 17.32000000000000000, -12.40000000000000000 ) ) ;
#228 = ADVANCED_FACE ( 'NONE', ( #4510 ), #5398, .T. ) ;
#229 = CIRCLE ( 'NONE', #711, 0.5000000000000004400 ) ;
#230 = EDGE_LOOP ( 'NONE', ( #7433, #8515 ) ) ;
#231 = EDGE_CURVE ( 'NONE', #4071, #1946, #128, .T. ) ;
#232 = EDGE_CURVE ( 'NONE', #4960, #3712, #7561, .T. ) ;
#233 = VECTOR ( 'NONE', #2431, 1000.000000000000000 ) ;
#234 = AXIS2_PLACEMENT_3D ( 'NONE', #1528, #8204, #4151 ) ;
#235 = DIRECTION ( 'NONE',  ( 0.0000000000000000000, 0.0000000000000000000, 1.000000000000000000 ) ) ;
#236 = CARTESIAN_POINT ( 'NONE',  ( -10.90000000000040000, 11.70000000000000100, -12.40000000000000000 ) ) ;
#237 = CARTESIAN_POINT ( 'NONE',  ( 11.37878667903484200, 8.925571717563745000, -11.86565260534502600 ) ) ;
#238 = CYLINDRICAL_SURFACE ( 'NONE', #1962, 0.5000000000000004400 ) ;
#239 = ORIENTED_EDGE ( 'NONE', *, *, #7129, .F. ) ;
#240 = FACE_OUTER_BOUND ( 'NONE', #2403, .T. ) ;
#241 = EDGE_CURVE ( 'NONE', #5519, #1129, #5354, .T. ) ;
#242 = DIRECTION ( 'NONE',  ( -0.0000000000000000000, -1.000000000000000000, -0.0000000000000000000 ) ) ;
#243 = EDGE_LOOP ( 'NONE', ( #5973, #3189, #1420, #7807 ) ) ;
#244 = VECTOR ( 'NONE', #1103, 1000.000000000000000 ) ;
#245 = DIRECTION ( 'NONE',  ( 0.0000000000000000000, 0.01745240643728020500, -0.9998476951563912700 ) ) ;
#246 = CARTESIAN_POINT ( 'NONE',  ( 12.69999999999999900, -0.6999999999999999600, -7.400000000000000400 ) ) ;
#247 = LINE ( 'NONE', #7951, #5584 ) ;
#249 = CARTESIAN_POINT ( 'NONE',  ( 12.10202787498491800, -0.4300000000001086800, 5.130000000000000800 ) ) ;
#248 = DIRECTION ( 'NONE',  ( 1.000000000000000000, 0.0000000000000000000, 0.0000000000000000000 ) ) ;
#250 = CARTESIAN_POINT ( 'NONE',  ( -11.99960518008858500, 0.07480837547084397100, 7.129999999999999900 ) ) ;
#251 = ORIENTED_EDGE ( 'NONE', *, *, #3801, .F. ) ;
#252 = FACE_OUTER_BOUND ( 'NONE', #2332, .T. ) ;
#253 = EDGE_CURVE ( 'NONE', #3282, #5353, #254, .T. ) ;
#254 =( BOUNDED_CURVE ( )  B_SPLINE_CURVE ( 3, ( #4920, #6254, #5515, #4810 ),
 .UNSPECIFIED., .F., .T. ) 
 B_SPLINE_CURVE_WITH_KNOTS ( ( 4, 4 ),
 ( 3.159045946109732200, 4.712388980384689700 ),
 .UNSPECIFIED. ) 
 CURVE ( )  GEOMETRIC_REPRESENTATION_ITEM ( )  RATIONAL_B_SPLINE_CURVE ( ( 1.000000000000000000, 0.8088336327694533000, 0.8088336327694533000, 1.000000000000000000 ) ) 
 REPRESENTATION_ITEM ( '' )  );
#255 = DIRECTION ( 'NONE',  ( -1.000000000000000000, -4.372213365170680100E-016, 0.0000000000000000000 ) ) ;
#256 = COLOUR_RGB ( '',0.6470588235294118000, 0.6196078431372549200, 0.5843137254901961100 ) ;
#257 = VERTEX_POINT ( 'NONE', #5461 ) ;
#258 = ORIENTED_EDGE ( 'NONE', *, *, #8396, .F. ) ;
#259 = VERTEX_POINT ( 'NONE', #845 ) ;
#260 = CARTESIAN_POINT ( 'NONE',  ( -11.75012184387840000, 0.0000000000000000000, 12.55000000000000100 ) ) ;
#261 = CARTESIAN_POINT ( 'NONE',  ( 6.450000000000000200, 12.20000000000000100, -4.850000000000000500 ) ) ;
#262 = ORIENTED_EDGE ( 'NONE', *, *, #1708, .F. ) ;
#263 = VECTOR ( 'NONE', #508, 1000.000000000000000 ) ;
#264 = CONICAL_SURFACE ( 'NONE', #7534, 0.2000000000000025100, 0.7853981633974405100 ) ;
#265 = ADVANCED_FACE ( 'NONE', ( #3467 ), #4191, .T. ) ;
#266 = ORIENTED_EDGE ( 'NONE', *, *, #1199, .F. ) ;
#267 = EDGE_CURVE ( 'NONE', #7497, #7411, #1934, .T. ) ;
#268 = CARTESIAN_POINT ( 'NONE',  ( -10.16000000000000000, -6.299999999999999800, 10.16000000000000000 ) ) ;
#269 = ORIENTED_EDGE ( 'NONE', *, *, #3894, .F. ) ;
#270 = LINE ( 'NONE', #928, #7185 ) ;
#271 = STYLED_ITEM ( 'NONE', ( #4135 ), #5160 ) ;
#272 = LINE ( 'NONE', #7336, #3610 ) ;
#273 = DIRECTION ( 'NONE',  ( -6.994852725712929000E-017, 0.0000000000000000000, -1.000000000000000000 ) ) ;
#274 = PLANE ( 'NONE',  #3337 ) ;
#275 = ORIENTED_EDGE ( 'NONE', *, *, #5620, .T. ) ;
#277 = CARTESIAN_POINT ( 'NONE',  ( 11.99960518008858700, 0.07480837547085315800, 7.129999999999999900 ) ) ;
#276 = DIRECTION ( 'NONE',  ( 0.0000000000000000000, 0.0000000000000000000, 1.000000000000000000 ) ) ;
#278 = CARTESIAN_POINT ( 'NONE',  ( 11.50000000000000000, 9.199999999999999300, 11.50000000000000000 ) ) ;
#279 = FILL_AREA_STYLE ('',( #1592 ) ) ;
#280 = EDGE_CURVE ( 'NONE', #640, #5101, #7775, .T. ) ;
#282 = DIRECTION ( 'NONE',  ( 8.659560562354926700E-017, 0.7071067811865480200, -0.7071067811865470200 ) ) ;
#281 = DIRECTION ( 'NONE',  ( 1.000000000000000000, 0.0000000000000000000, 0.0000000000000000000 ) ) ;
#283 = B_SPLINE_CURVE_WITH_KNOTS ( 'NONE', 3,
 ( #8441, #4388, #396, #1676, #2996, #5060, #1085, #7094, #7777, #7688, #3746 ),
 .UNSPECIFIED., .F., .F.,
 ( 4, 1, 1, 1, 1, 1, 1, 1, 4 ),
 ( -1.570796326794899900, -1.178097245096176900, -0.7853981633974519400, -0.3926990816987279100, -3.108624468950438300E-015, 0.3926990816987214700, 0.7853981633974458400, 1.178097245096171300, 1.570796326794895000 ),
 .UNSPECIFIED. ) ;
#284 = VECTOR ( 'NONE', #7580, 1000.000000000000000 ) ;
#285 = VERTEX_POINT ( 'NONE', #3520 ) ;
#286 = AXIS2_PLACEMENT_3D ( 'NONE', #4172, #6242, #179 ) ;
#287 = LINE ( 'NONE', #3980, #8264 ) ;
#288 = EDGE_LOOP ( 'NONE', ( #6544, #1111, #5492, #1628, #5702, #5532, #675, #5522 ) ) ;
#289 = CARTESIAN_POINT ( 'NONE',  ( -12.69999999999999900, -0.6999999999999999600, 12.69999999999999900 ) ) ;
#290 = CARTESIAN_POINT ( 'NONE',  ( -12.40000000000000000, 11.70000000000000100, -4.850000000000000500 ) ) ;
#291 = EDGE_CURVE ( 'NONE', #3476, #6770, #6415, .T. ) ;
#292 = LINE ( 'NONE', #5561, #1461 ) ;
#293 = ORIENTED_EDGE ( 'NONE', *, *, #5881, .F. ) ;
#294 = ADVANCED_FACE ( 'NONE', ( #5566 ), #7572, .T. ) ;
#295 = ORIENTED_EDGE ( 'NONE', *, *, #5474, .T. ) ;
#296 = FILL_AREA_STYLE ('',( #4792 ) ) ;
#297 = FILL_AREA_STYLE ('',( #8337 ) ) ;
#298 = LINE ( 'NONE', #2837, #3331 ) ;
#299 = ADVANCED_FACE ( 'NONE', ( #763 ), #4893, .T. ) ;
#300 = VERTEX_POINT ( 'NONE', #8206 ) ;
#301 = CIRCLE ( 'NONE', #1286, 0.5000000000000000000 ) ;
#302 = EDGE_LOOP ( 'NONE', ( #3023, #6518, #4597, #5541 ) ) ;
#303 = ADVANCED_FACE ( 'NONE', ( #541 ), #3775, .F. ) ;
#304 = LINE ( 'NONE', #5090, #8288 ) ;
#305 =( NAMED_UNIT ( * ) PLANE_ANGLE_UNIT ( ) SI_UNIT ( $, .RADIAN. ) );
#306 = CARTESIAN_POINT ( 'NONE',  ( -10.16000000000000000, -6.299999999999999800, -9.660000000000000100 ) ) ;
#307 = CARTESIAN_POINT ( 'NONE',  ( 5.950000000000000200, 16.82000000000000000, -7.849999999999999600 ) ) ;
#308 = CARTESIAN_POINT ( 'NONE',  ( 11.90000000000040200, 16.82000000000000000, -12.40000000000000000 ) ) ;
#309 = DIRECTION ( 'NONE',  ( -1.000000000000000000, 0.0000000000000000000, 0.0000000000000000000 ) ) ;
#310 = CARTESIAN_POINT ( 'NONE',  ( -12.49959361958396000, 0.07009548768148470000, 4.859999999999999400 ) ) ;
#312 = PLANE ( 'NONE',  #8429 ) ;
#311 = CARTESIAN_POINT ( 'NONE',  ( -6.450000000000000200, 12.20000000000000100, -4.850000000000000500 ) ) ;
#313 = ADVANCED_FACE ( 'NONE', ( #8634 ), #2868, .T. ) ;
#314 = AXIS2_PLACEMENT_3D ( 'NONE', #6504, #3095, #5117 ) ;
#315 = COLOUR_RGB ( '',0.7490196078431372600, 0.7490196078431372600, 0.7490196078431372600 ) ;
#316 = MECHANICAL_DESIGN_GEOMETRIC_PRESENTATION_REPRESENTATION (  '', ( #4166 ), #2677 ) ;
#317 = VECTOR ( 'NONE', #7358, 1000.000000000000000 ) ;
#318 = ORIENTED_EDGE ( 'NONE', *, *, #6461, .F. ) ;
#319 = CARTESIAN_POINT ( 'NONE',  ( 0.9974411843539802100, 12.19744118435426100, -12.40000000000000000 ) ) ;
#320 = CARTESIAN_POINT ( 'NONE',  ( 11.40000000000040200, 12.20000000000000100, -12.40000000000000000 ) ) ;
#321 = CARTESIAN_POINT ( 'NONE',  ( 11.99959362072370100, 0.07002387192029180300, -7.129999999999999900 ) ) ;
#322 = EDGE_CURVE ( 'NONE', #887, #594, #5997, .T. ) ;
#323 = CIRCLE ( 'NONE', #4944, 1.199999999999999700 ) ;
#324 = DIRECTION ( 'NONE',  ( -1.000000000000000000, 0.0000000000000000000, 0.0000000000000000000 ) ) ;
#325 = ORIENTED_EDGE ( 'NONE', *, *, #1074, .F. ) ;
#326 =( NAMED_UNIT ( * ) SI_UNIT ( $, .STERADIAN. ) SOLID_ANGLE_UNIT ( ) );
#327 = ORIENTED_EDGE ( 'NONE', *, *, #3267, .F. ) ;
#328 = CARTESIAN_POINT ( 'NONE',  ( -12.55000000000000100, 0.0000000000000000000, 4.500000000000000000 ) ) ;
#329 = FACE_OUTER_BOUND ( 'NONE', #7835, .T. ) ;
#330 = CARTESIAN_POINT ( 'NONE',  ( -12.69999999999999900, 0.0000000000000000000, 4.500000000000000000 ) ) ;
#331 = CYLINDRICAL_SURFACE ( 'NONE', #3905, 0.5000000000000004400 ) ;
#332 = EDGE_CURVE ( 'NONE', #375, #5353, #2031, .T. ) ;
#333 = CARTESIAN_POINT ( 'NONE',  ( -10.90000000000000000, 9.700000000000001100, -12.40000000000000000 ) ) ;
#335 = LINE ( 'NONE', #2196, #8425 ) ;
#334 = DIRECTION ( 'NONE',  ( 1.000000000000000000, 0.0000000000000000000, -0.0000000000000000000 ) ) ;
#336 = DIRECTION ( 'NONE',  ( -1.000000000000000000, 0.0000000000000000000, 0.0000000000000000000 ) ) ;
#337 = LINE ( 'NONE', #7187, #8427 ) ;
#339 = CARTESIAN_POINT ( 'NONE',  ( 11.99959362072370100, 0.07002387192029180300, 7.129999999999999900 ) ) ;
#338 = CARTESIAN_POINT ( 'NONE',  ( 11.50000000000000000, 9.700000000000001100, 11.50000000000000000 ) ) ;
#340 = EDGE_CURVE ( 'NONE', #7411, #7908, #2239, .T. ) ;
#341 = ADVANCED_FACE ( 'NONE', ( #4398 ), #6626, .T. ) ;
#342 = EDGE_LOOP ( 'NONE', ( #472, #7788, #6992, #3930 ) ) ;
#343 = DIRECTION ( 'NONE',  ( 0.0000000000000000000, 0.0000000000000000000, 1.000000000000000000 ) ) ;
#344 = LINE ( 'NONE', #5086, #6845 ) ;
#345 = ORIENTED_EDGE ( 'NONE', *, *, #4452, .F. ) ;
#346 = ORIENTED_EDGE ( 'NONE', *, *, #67, .F. ) ;
#347 = EDGE_CURVE ( 'NONE', #1006, #5654, #2135, .T. ) ;
#348 = CARTESIAN_POINT ( 'NONE',  ( 4.950000000000391000, 11.70000000000000100, -4.850000000000000500 ) ) ;
#349 = VECTOR ( 'NONE', #2911, 1000.000000000000000 ) ;
#350 = DIRECTION ( 'NONE',  ( -1.000000000000000000, 0.0000000000000000000, -3.614007241618350000E-015 ) ) ;
#351 = CYLINDRICAL_SURFACE ( 'NONE', #3545, 0.8000000000000003800 ) ;
#352 = ORIENTED_EDGE ( 'NONE', *, *, #4202, .T. ) ;
#353 = ORIENTED_EDGE ( 'NONE', *, *, #7461, .F. ) ;
#354 = EDGE_LOOP ( 'NONE', ( #1007, #1066 ) ) ;
#355 = AXIS2_PLACEMENT_3D ( 'NONE', #8138, #6726, #5338 ) ;
#356 = LINE ( 'NONE', #2234, #7365 ) ;
#357 = DIRECTION ( 'NONE',  ( 0.0000000000000000000, 0.0000000000000000000, 1.000000000000000000 ) ) ;
#358 = DIRECTION ( 'NONE',  ( 0.0000000000000000000, 0.0000000000000000000, -1.000000000000000000 ) ) ;
#359 = DIRECTION ( 'NONE',  ( 6.994852725712929000E-017, -0.0000000000000000000, 1.000000000000000000 ) ) ;
#360 = DIRECTION ( 'NONE',  ( -1.000000000000000000, 0.0000000000000000000, 0.0000000000000000000 ) ) ;
#362 = CARTESIAN_POINT ( 'NONE',  ( 11.01363723429845900, 9.199999999999999300, -11.01363723429845900 ) ) ;
#361 = DIRECTION ( 'NONE',  ( -0.0000000000000000000, -0.0000000000000000000, -1.000000000000000000 ) ) ;
#363 = EDGE_CURVE ( 'NONE', #8261, #7958, #2441, .T. ) ;
#364 = CLOSED_SHELL ( 'NONE', ( #1681, #3620, #1297, #3613, #7923, #6350 ) ) ;
#365 = PLANE ( 'NONE',  #6874 ) ;
#366 = LINE ( 'NONE', #6197, #8353 ) ;
#367 = DIRECTION ( 'NONE',  ( -0.0000000000000000000, -0.0000000000000000000, -1.000000000000000000 ) ) ;
#368 = AXIS2_PLACEMENT_3D ( 'NONE', #1235, #5878, #5194 ) ;
#369 = LINE ( 'NONE', #7432, #7280 ) ;
#370 = CARTESIAN_POINT ( 'NONE',  ( -12.24959361958396000, -0.4300000000001086800, 5.129999999999999900 ) ) ;
#371 =( LENGTH_UNIT ( ) NAMED_UNIT ( * ) SI_UNIT ( .MILLI., .METRE. ) );
#372 = ORIENTED_EDGE ( 'NONE', *, *, #5432, .T. ) ;
#373 = DIRECTION ( 'NONE',  ( 0.0000000000000000000, 0.0000000000000000000, 1.000000000000000000 ) ) ;
#374 = ADVANCED_FACE ( 'NONE', ( #5465 ), #2941, .T. ) ;
#375 = VERTEX_POINT ( 'NONE', #362 ) ;
#376 = DIRECTION ( 'NONE',  ( 0.0000000000000000000, 0.0000000000000000000, 1.000000000000000000 ) ) ;
#377 = VECTOR ( 'NONE', #4324, 1000.000000000000000 ) ;
#378 = EDGE_CURVE ( 'NONE', #3526, #402, #976, .T. ) ;
#379 = ORIENTED_EDGE ( 'NONE', *, *, #850, .T. ) ;
#380 = ADVANCED_FACE ( 'NONE', ( #4824 ), #2647, .F. ) ;
#381 = EDGE_LOOP ( 'NONE', ( #1736, #4127, #7640, #126 ) ) ;
#382 = LINE ( 'NONE', #4871, #5516 ) ;
#383 = LINE ( 'NONE', #5854, #6569 ) ;
#384 = ORIENTED_EDGE ( 'NONE', *, *, #5620, .F. ) ;
#385 = CARTESIAN_POINT ( 'NONE',  ( 10.16000000000000000, -6.299999999999999800, -10.35999999999998900 ) ) ;
#386 = DIRECTION ( 'NONE',  ( 0.0000000000000000000, 0.0000000000000000000, 1.000000000000000000 ) ) ;
#387 = ORIENTED_EDGE ( 'NONE', *, *, #7632, .T. ) ;
#389 = FILL_AREA_STYLE_COLOUR ( '', #2980 ) ;
#388 = SURFACE_STYLE_USAGE ( .BOTH. , #1192 ) ;
#390 = PLANE ( 'NONE',  #8297 ) ;
#391 = CARTESIAN_POINT ( 'NONE',  ( -0.5000000000000000000, 12.20000000000000100, 7.849999999999999600 ) ) ;
#392 = EDGE_CURVE ( 'NONE', #5082, #492, #3881, .T. ) ;
#393 = ORIENTED_EDGE ( 'NONE', *, *, #592, .F. ) ;
#394 =( GEOMETRIC_REPRESENTATION_CONTEXT ( 3 ) GLOBAL_UNCERTAINTY_ASSIGNED_CONTEXT ( ( #6106 ) ) GLOBAL_UNIT_ASSIGNED_CONTEXT ( ( #5955, #4003, #6049 ) ) REPRESENTATION_CONTEXT ( 'NONE', 'WORKASPACE' ) );
#396 = CARTESIAN_POINT ( 'NONE',  ( 12.88333504276538100, -0.2053636409173125200, 7.129999999999999900 ) ) ;
#395 = CARTESIAN_POINT ( 'NONE',  ( -12.40000000000000000, 21.69999999999999900, -4.850000000000000500 ) ) ;
#397 =( GEOMETRIC_REPRESENTATION_CONTEXT ( 3 ) GLOBAL_UNCERTAINTY_ASSIGNED_CONTEXT ( ( #902 ) ) GLOBAL_UNIT_ASSIGNED_CONTEXT ( ( #4418, #8055, #1350 ) ) REPRESENTATION_CONTEXT ( 'NONE', 'WORKASPACE' ) );
#398 = SURFACE_STYLE_FILL_AREA ( #5890 ) ;
#399 = LINE ( 'NONE', #1346, #2612 ) ;
#400 = CIRCLE ( 'NONE', #2101, 0.5000000000000004400 ) ;
#401 = ORIENTED_EDGE ( 'NONE', *, *, #7147, .T. ) ;
#402 = VERTEX_POINT ( 'NONE', #339 ) ;
#403 = AXIS2_PLACEMENT_3D ( 'NONE', #3209, #1090, #1826 ) ;
#404 = ORIENTED_EDGE ( 'NONE', *, *, #769, .F. ) ;
#405 = DIRECTION ( 'NONE',  ( 0.0000000000000000000, -1.000000000000000000, 0.0000000000000000000 ) ) ;
#406 = VECTOR ( 'NONE', #8466, 1000.000000000000000 ) ;
#407 = EDGE_CURVE ( 'NONE', #7467, #1067, #7673, .T. ) ;
#408 = DIRECTION ( 'NONE',  ( 0.0000000000000000000, 0.0000000000000000000, -1.000000000000000000 ) ) ;
#409 = LINE ( 'NONE', #1764, #5109 ) ;
#410 = PLANE ( 'NONE',  #6987 ) ;
#411 = ORIENTED_EDGE ( 'NONE', *, *, #8617, .F. ) ;
#412 = ORIENTED_EDGE ( 'NONE', *, *, #418, .F. ) ;
#413 = ORIENTED_EDGE ( 'NONE', *, *, #2523, .T. ) ;
#414 = VECTOR ( 'NONE', #7483, 1000.000000000000000 ) ;
#415 = VECTOR ( 'NONE', #7717, 1000.000000000000000 ) ;
#416 = CARTESIAN_POINT ( 'NONE',  ( 11.50000000000000000, 9.199999999999999300, 11.50000000000000000 ) ) ;
#417 = UNCERTAINTY_MEASURE_WITH_UNIT (LENGTH_MEASURE( 1.000000000000000100E-005 ), #3437, 'distance_accuracy_value', 'NONE');
#418 = EDGE_CURVE ( 'NONE', #257, #8646, #7995, .T. ) ;
#419 = CARTESIAN_POINT ( 'NONE',  ( -11.40000000000040200, 12.20000000000000100, 12.40000000000000000 ) ) ;
#420 = CARTESIAN_POINT ( 'NONE',  ( -5.950000000000000200, 17.32000000000000000, -12.40000000000000000 ) ) ;
#421 = DIRECTION ( 'NONE',  ( -7.228014483236700500E-016, 0.0000000000000000000, 1.000000000000000000 ) ) ;
#422 = VERTEX_POINT ( 'NONE', #1051 ) ;
#423 = DIRECTION ( 'NONE',  ( 0.0000000000000000000, 0.0000000000000000000, 1.000000000000000000 ) ) ;
#424 = DIRECTION ( 'NONE',  ( 0.0000000000000000000, -1.000000000000000000, 0.0000000000000000000 ) ) ;
#425 = DIRECTION ( 'NONE',  ( 0.0000000000000000000, 0.0000000000000000000, 1.000000000000000000 ) ) ;
#426 = CARTESIAN_POINT ( 'NONE',  ( 10.16000000000000000, -6.299999999999999800, 2.540000000000000000 ) ) ;
#427 =( GEOMETRIC_REPRESENTATION_CONTEXT ( 3 ) GLOBAL_UNCERTAINTY_ASSIGNED_CONTEXT ( ( #520 ) ) GLOBAL_UNIT_ASSIGNED_CONTEXT ( ( #6834, #6887, #8199 ) ) REPRESENTATION_CONTEXT ( 'NONE', 'WORKASPACE' ) );
#428 = SURFACE_STYLE_FILL_AREA ( #2182 ) ;
#429 = VERTEX_POINT ( 'NONE', #6980 ) ;
#431 = DIRECTION ( 'NONE',  ( -0.0000000000000000000, -0.0000000000000000000, -1.000000000000000000 ) ) ;
#430 =( NAMED_UNIT ( * ) SI_UNIT ( $, .STERADIAN. ) SOLID_ANGLE_UNIT ( ) );
#432 = CARTESIAN_POINT ( 'NONE',  ( -12.40000000000000000, 11.70000000000000100, -4.850000000000000500 ) ) ;
#433 = EDGE_CURVE ( 'NONE', #5365, #1761, #7035, .T. ) ;
#434 = FACE_OUTER_BOUND ( 'NONE', #7752, .T. ) ;
#435 = ORIENTED_EDGE ( 'NONE', *, *, #2035, .F. ) ;
#436 = AXIS2_PLACEMENT_3D ( 'NONE', #2032, #692, #6783 ) ;
#437 = VECTOR ( 'NONE', #5688, 1000.000000000000000 ) ;
#438 = LINE ( 'NONE', #8526, #3568 ) ;
#439 = EDGE_CURVE ( 'NONE', #1950, #8586, #4092, .T. ) ;
#440 = ORIENTED_EDGE ( 'NONE', *, *, #1945, .F. ) ;
#441 = DIRECTION ( 'NONE',  ( 0.0000000000000000000, 0.0000000000000000000, 1.000000000000000000 ) ) ;
#442 = CARTESIAN_POINT ( 'NONE',  ( 11.50000000000000000, -0.6999999999999999600, 4.500000000000000000 ) ) ;
#443 = DIRECTION ( 'NONE',  ( 1.000000000000000000, 0.0000000000000000000, -2.098455817713879800E-016 ) ) ;
#444 = DIRECTION ( 'NONE',  ( -0.0000000000000000000, -0.0000000000000000000, 1.000000000000000000 ) ) ;
#445 = CARTESIAN_POINT ( 'NONE',  ( 0.9974411843539829900, 11.70000000000000100, -12.40000000000000000 ) ) ;
#446 = CARTESIAN_POINT ( 'NONE',  ( 11.70054052399948000, 11.96513699470659900, 4.859999999999999400 ) ) ;
#447 = CARTESIAN_POINT ( 'NONE',  ( 5.950000000000000200, 16.82000000000000000, 7.849999999999999600 ) ) ;
#448 = CARTESIAN_POINT ( 'NONE',  ( 12.40979259415271900, 7.980704862222860500, -12.40979259415271900 ) ) ;
#449 = DIRECTION ( 'NONE',  ( 0.0000000000000000000, 0.0000000000000000000, 1.000000000000000000 ) ) ;
#450 = AXIS2_PLACEMENT_3D ( 'NONE', #1610, #2340, #7681 ) ;
#451 = ORIENTED_EDGE ( 'NONE', *, *, #5663, .F. ) ;
#452 = LINE ( 'NONE', #1525, #7904 ) ;
#453 = EDGE_CURVE ( 'NONE', #5205, #3526, #283, .T. ) ;
#454 = AXIS2_PLACEMENT_3D ( 'NONE', #7308, #7972, #3988 ) ;
#455 = VERTEX_POINT ( 'NONE', #3638 ) ;
#456 = EDGE_LOOP ( 'NONE', ( #2363, #2739, #2532, #2518 ) ) ;
#457 = DIRECTION ( 'NONE',  ( 0.0000000000000000000, 0.0000000000000000000, 1.000000000000000000 ) ) ;
#458 = ORIENTED_EDGE ( 'NONE', *, *, #4987, .F. ) ;
#459 = LINE ( 'NONE', #4185, #5488 ) ;
#460 = FACE_OUTER_BOUND ( 'NONE', #3013, .T. ) ;
#461 = ORIENTED_EDGE ( 'NONE', *, *, #4422, .F. ) ;
#462 = ORIENTED_EDGE ( 'NONE', *, *, #8378, .F. ) ;
#463 = EDGE_CURVE ( 'NONE', #686, #8341, #1816, .T. ) ;
#464 = ORIENTED_EDGE ( 'NONE', *, *, #5837, .F. ) ;
#465 = ORIENTED_EDGE ( 'NONE', *, *, #944, .T. ) ;
#466 = CARTESIAN_POINT ( 'NONE',  ( 12.10202787498491800, -0.4300000000001086800, -5.130000000000000800 ) ) ;
#467 = CYLINDRICAL_SURFACE ( 'NONE', #2326, 1.199999999999999700 ) ;
#468 = ADVANCED_FACE ( 'NONE', ( #6206 ), #312, .F. ) ;
#469 = ORIENTED_EDGE ( 'NONE', *, *, #6700, .T. ) ;
#470 = AXIS2_PLACEMENT_3D ( 'NONE', #3955, #2604, #2634 ) ;
#471 = CARTESIAN_POINT ( 'NONE',  ( -12.49959361958396000, 11.96502041546510100, -4.859999999999999400 ) ) ;
#472 = ORIENTED_EDGE ( 'NONE', *, *, #2468, .T. ) ;
#473 = CARTESIAN_POINT ( 'NONE',  ( 6.450000000000000200, 12.20000000000000100, -12.40000000000000000 ) ) ;
#474 = CARTESIAN_POINT ( 'NONE',  ( -10.16000000000000000, -6.000000000000000000, 10.66000000000000200 ) ) ;
#475 = CARTESIAN_POINT ( 'NONE',  ( -12.49962158695457000, -0.2228420785086332500, -7.129999999999999900 ) ) ;
#476 = SURFACE_STYLE_FILL_AREA ( #2256 ) ;
#478 = DIRECTION ( 'NONE',  ( 0.0000000000000000000, 0.0000000000000000000, 1.000000000000000000 ) ) ;
#477 = DIRECTION ( 'NONE',  ( 0.0000000000000000000, -1.000000000000000000, 0.0000000000000000000 ) ) ;
#479 = CARTESIAN_POINT ( 'NONE',  ( -11.59959361958396000, 0.06999999999989130200, -7.129999999999999900 ) ) ;
#480 = LINE ( 'NONE', #4252, #6346 ) ;
#481 = ORIENTED_EDGE ( 'NONE', *, *, #3575, .F. ) ;
#482 = ORIENTED_EDGE ( 'NONE', *, *, #5881, .T. ) ;
#483 = EDGE_CURVE ( 'NONE', #1829, #917, #3056, .T. ) ;
#484 = ORIENTED_EDGE ( 'NONE', *, *, #6809, .T. ) ;
#485 = LINE ( 'NONE', #4742, #5724 ) ;
#486 = ORIENTED_EDGE ( 'NONE', *, *, #2130, .T. ) ;
#487 = CARTESIAN_POINT ( 'NONE',  ( -12.49959361958396000, 0.07009548768148470000, -7.400000000000000400 ) ) ;
#489 = CARTESIAN_POINT ( 'NONE',  ( 11.90000000000000000, 16.82000000000000000, -7.849999999999999600 ) ) ;
#488 = CARTESIAN_POINT ( 'NONE',  ( -11.90000000000040200, 17.32000000000000000, -12.40000000000000000 ) ) ;
#490 = CARTESIAN_POINT ( 'NONE',  ( -12.24959361958396000, -0.4300000000001086800, -7.129999999999999900 ) ) ;
#491 = DIRECTION ( 'NONE',  ( 0.0000000000000000000, 1.000000000000000000, 0.0000000000000000000 ) ) ;
#492 = VERTEX_POINT ( 'NONE', #4301 ) ;
#493 = AXIS2_PLACEMENT_3D ( 'NONE', #3552, #7515, #6174 ) ;
#494 = ORIENTED_EDGE ( 'NONE', *, *, #418, .T. ) ;
#495 = ADVANCED_FACE ( 'NONE', ( #5252 ), #2376, .T. ) ;
#496 = VERTEX_POINT ( 'NONE', #5094 ) ;
#497 = FACE_OUTER_BOUND ( 'NONE', #4006, .T. ) ;
#498 = EDGE_CURVE ( 'NONE', #1612, #1623, #4618, .T. ) ;
#499 = DIRECTION ( 'NONE',  ( 0.0000000000000000000, 0.0000000000000000000, 1.000000000000000000 ) ) ;
#500 = VECTOR ( 'NONE', #3075, 1000.000000000000000 ) ;
#501 = DIRECTION ( 'NONE',  ( 1.000000000000000000, 0.0000000000000000000, 0.0000000000000000000 ) ) ;
#502 = AXIS2_PLACEMENT_3D ( 'NONE', #2689, #5393, #8648 ) ;
#503 = ORIENTED_EDGE ( 'NONE', *, *, #2455, .T. ) ;
#504 = LINE ( 'NONE', #1404, #1992 ) ;
#505 = DIRECTION ( 'NONE',  ( -0.0000000000000000000, 1.000000000000000000, -0.0000000000000000000 ) ) ;
#506 = CARTESIAN_POINT ( 'NONE',  ( 12.49959361741222000, 0.07004548768146930100, -5.129999999999999900 ) ) ;
#507 = DIRECTION ( 'NONE',  ( 0.0000000000000000000, 1.000000000000000000, 0.0000000000000000000 ) ) ;
#508 = DIRECTION ( 'NONE',  ( -1.000000000000000000, 0.0000000000000000000, 0.0000000000000000000 ) ) ;
#509 = CARTESIAN_POINT ( 'NONE',  ( 12.25013752952505900, -0.8898851874046199700, 5.130000000000000800 ) ) ;
#510 = EDGE_CURVE ( 'NONE', #1067, #3011, #8209, .T. ) ;
#511 = ORIENTED_EDGE ( 'NONE', *, *, #7228, .F. ) ;
#512 = ORIENTED_EDGE ( 'NONE', *, *, #689, .F. ) ;
#513 = EDGE_LOOP ( 'NONE', ( #2817, #2907, #2429, #1335 ) ) ;
#514 = LINE ( 'NONE', #4045, #8502 ) ;
#515 = DIRECTION ( 'NONE',  ( 0.0000000000000000000, 0.0000000000000000000, 1.000000000000000000 ) ) ;
#516 = CARTESIAN_POINT ( 'NONE',  ( 10.16000000000000000, -6.299999999999999800, -2.739999999999988700 ) ) ;
#517 = EDGE_CURVE ( 'NONE', #4435, #4516, #2857, .T. ) ;
#518 = DIRECTION ( 'NONE',  ( 0.0000000000000000000, -1.000000000000000000, 0.0000000000000000000 ) ) ;
#519 = LINE ( 'NONE', #7884, #5442 ) ;
#520 = UNCERTAINTY_MEASURE_WITH_UNIT (LENGTH_MEASURE( 1.000000000000000100E-005 ), #6834, 'distance_accuracy_value', 'NONE');
#521 = ORIENTED_EDGE ( 'NONE', *, *, #3079, .F. ) ;
#522 = PLANE ( 'NONE',  #1220 ) ;
#523 = ADVANCED_FACE ( 'NONE', ( #7141 ), #1818, .F. ) ;
#524 = CARTESIAN_POINT ( 'NONE',  ( 12.69999999999999900, -0.6999999999999999600, 12.69999999999999900 ) ) ;
#525 = VECTOR ( 'NONE', #5415, 1000.000000000000000 ) ;
#526 = ORIENTED_EDGE ( 'NONE', *, *, #463, .F. ) ;
#527 = ORIENTED_EDGE ( 'NONE', *, *, #6739, .F. ) ;
#528 = DIRECTION ( 'NONE',  ( 0.0000000000000000000, -1.000000000000000000, 0.0000000000000000000 ) ) ;
#529 = EDGE_CURVE ( 'NONE', #6177, #5080, #7888, .T. ) ;
#530 = CARTESIAN_POINT ( 'NONE',  ( 11.01363723429845900, 9.199999999999999300, -11.01363723429845900 ) ) ;
#531 = CARTESIAN_POINT ( 'NONE',  ( -11.86011120661946100, -0.7120816677289799600, 5.129999999999999900 ) ) ;
#532 = DIRECTION ( 'NONE',  ( 1.000000000000000000, 0.0000000000000000000, -2.797941090285175100E-016 ) ) ;
#533 = LINE ( 'NONE', #3757, #1183 ) ;
#534 = DIRECTION ( 'NONE',  ( 0.0000000000000000000, 1.000000000000000000, 0.0000000000000000000 ) ) ;
#535 = ADVANCED_FACE ( 'NONE', ( #3985 ), #4410, .F. ) ;
#536 = MECHANICAL_DESIGN_GEOMETRIC_PRESENTATION_REPRESENTATION (  '', ( #7895 ), #2795 ) ;
#537 = DIRECTION ( 'NONE',  ( -1.000000000000000000, 0.0000000000000000000, 0.0000000000000000000 ) ) ;
#538 = CIRCLE ( 'NONE', #8416, 0.5000000000000004400 ) ;
#539 = CARTESIAN_POINT ( 'NONE',  ( 0.4999999999996029800, 12.19744118435426100, -12.40000000000000000 ) ) ;
#540 = CARTESIAN_POINT ( 'NONE',  ( -3.985527186056714800E-013, 16.82000000000000000, -12.40000000000000000 ) ) ;
#541 = FACE_OUTER_BOUND ( 'NONE', #5739, .T. ) ;
#542 = CARTESIAN_POINT ( 'NONE',  ( -12.69999999999999900, 0.0000000000000000000, 7.400000000000000400 ) ) ;
#543 = CARTESIAN_POINT ( 'NONE',  ( 11.01363723429845900, 9.199999999999999300, -11.01363723429845900 ) ) ;
#544 = EDGE_CURVE ( 'NONE', #4275, #7200, #4299, .T. ) ;
#546 = CARTESIAN_POINT ( 'NONE',  ( -12.41342400751740600, 7.824433369012192300, -11.61354585139581600 ) ) ;
#545 = DIRECTION ( 'NONE',  ( 0.1221935730727325700, -0.9925062874862399200, 0.0000000000000000000 ) ) ;
#547 = ORIENTED_EDGE ( 'NONE', *, *, #8446, .F. ) ;
#548 = FACE_OUTER_BOUND ( 'NONE', #8660, .T. ) ;
#549 = ORIENTED_EDGE ( 'NONE', *, *, #4305, .F. ) ;
#550 = CARTESIAN_POINT ( 'NONE',  ( 12.36337304907254300, 8.182653497362451800, -11.59209544063360800 ) ) ;
#551 = EDGE_CURVE ( 'NONE', #5410, #3014, #2346, .T. ) ;
#552 =( GEOMETRIC_REPRESENTATION_CONTEXT ( 3 ) GLOBAL_UNCERTAINTY_ASSIGNED_CONTEXT ( ( #7383 ) ) GLOBAL_UNIT_ASSIGNED_CONTEXT ( ( #8131, #6216, #4877 ) ) REPRESENTATION_CONTEXT ( 'NONE', 'WORKASPACE' ) );
#553 = ORIENTED_EDGE ( 'NONE', *, *, #5310, .F. ) ;
#554 = CYLINDRICAL_SURFACE ( 'NONE', #5120, 0.5000000000000004400 ) ;
#555 = DIRECTION ( 'NONE',  ( 2.098455817713879800E-016, 0.0000000000000000000, 1.000000000000000000 ) ) ;
#556 = CARTESIAN_POINT ( 'NONE',  ( 11.59960032407808100, -0.02134362361127549800, 5.129999999999999900 ) ) ;
#557 = CARTESIAN_POINT ( 'NONE',  ( -11.61683953726132000, -0.2054565999144494800, 5.129999999999999900 ) ) ;
#558 = CARTESIAN_POINT ( 'NONE',  ( 5.950000000000000200, 16.82000000000000000, 12.40000000000000000 ) ) ;
#559 = DIRECTION ( 'NONE',  ( 0.0000000000000000000, 0.0000000000000000000, 1.000000000000000000 ) ) ;
#560 = AXIS2_PLACEMENT_3D ( 'NONE', #151, #770, #2131 ) ;
#561 = ORIENTED_EDGE ( 'NONE', *, *, #703, .F. ) ;
#562 = EDGE_LOOP ( 'NONE', ( #7256, #96, #5785, #7898, #653 ) ) ;
#563 = EDGE_CURVE ( 'NONE', #8499, #4530, #337, .T. ) ;
#564 = VECTOR ( 'NONE', #4608, 1000.000000000000000 ) ;
#565 = CARTESIAN_POINT ( 'NONE',  ( -6.450000000000000200, 12.20000000000000100, -12.40000000000000000 ) ) ;
#566 = DIRECTION ( 'NONE',  ( -0.9925062874862399200, -0.1221935730727325700, 0.0000000000000000000 ) ) ;
#567 = VECTOR ( 'NONE', #1468, 1000.000000000000000 ) ;
#568 = ORIENTED_EDGE ( 'NONE', *, *, #4816, .F. ) ;
#570 = CARTESIAN_POINT ( 'NONE',  ( -12.49959361958396000, 0.07002387192026059100, -5.129999999999999900 ) ) ;
#569 = CARTESIAN_POINT ( 'NONE',  ( -6.949999999999999300, 12.20000000000000100, -4.850000000000000500 ) ) ;
#571 = CARTESIAN_POINT ( 'NONE',  ( 5.950000000000399900, 17.32000000000000000, -12.40000000000000000 ) ) ;
#572 = ORIENTED_EDGE ( 'NONE', *, *, #8243, .F. ) ;
#574 = DIRECTION ( 'NONE',  ( 0.9925062874862399200, 0.1221935730727323900, 0.0000000000000000000 ) ) ;
#573 = CARTESIAN_POINT ( 'NONE',  ( 0.9974411843539802100, 12.19744118435426100, 12.40000000000000000 ) ) ;
#575 = ORIENTED_EDGE ( 'NONE', *, *, #5467, .T. ) ;
#576 = MECHANICAL_DESIGN_GEOMETRIC_PRESENTATION_REPRESENTATION (  '', ( #2392 ), #2554 ) ;
#577 = PRESENTATION_STYLE_ASSIGNMENT (( #4941 ) ) ;
#578 = LINE ( 'NONE', #6499, #7925 ) ;
#579 = CARTESIAN_POINT ( 'NONE',  ( -12.90054052399948000, 0.07009548768148289600, 7.400000000000000400 ) ) ;
#580 = ORIENTED_EDGE ( 'NONE', *, *, #8680, .T. ) ;
#581 = LINE ( 'NONE', #6167, #8154 ) ;
#582 = PRESENTATION_LAYER_ASSIGNMENT (  '', '', ( #8415 ) ) ;
#583 = LINE ( 'NONE', #7815, #7505 ) ;
#584 = DIRECTION ( 'NONE',  ( -1.000000000000000000, 0.0000000000000000000, 6.994852725712929000E-017 ) ) ;
#585 = DIRECTION ( 'NONE',  ( 1.000000000000000000, 0.0000000000000000000, -0.0000000000000000000 ) ) ;
#586 = DIRECTION ( 'NONE',  ( 0.0000000000000000000, 0.0000000000000000000, 1.000000000000000000 ) ) ;
#587 = PLANE ( 'NONE',  #1128 ) ;
#588 = VERTEX_POINT ( 'NONE', #5868 ) ;
#589 = CARTESIAN_POINT ( 'NONE',  ( -4.950000000000391000, 11.70000000000000100, -7.849999999999999600 ) ) ;
#590 = LINE ( 'NONE', #488, #5938 ) ;
#591 = VECTOR ( 'NONE', #3047, 1000.000000000000000 ) ;
#592 = EDGE_CURVE ( 'NONE', #1739, #4862, #3565, .T. ) ;
#593 = ADVANCED_FACE ( 'NONE', ( #5675 ), #3833, .T. ) ;
#594 = VERTEX_POINT ( 'NONE', #4505 ) ;
#595 = EDGE_LOOP ( 'NONE', ( #1095, #5074, #5062, #2772, #4249, #3085 ) ) ;
#596 = CARTESIAN_POINT ( 'NONE',  ( -11.50000000000000000, -0.6999999999999999600, -7.400000000000000400 ) ) ;
#597 = ORIENTED_EDGE ( 'NONE', *, *, #1923, .F. ) ;
#598 = CARTESIAN_POINT ( 'NONE',  ( 10.90000000000040000, 12.20000000000000100, -12.40000000000000000 ) ) ;
#599 = CARTESIAN_POINT ( 'NONE',  ( -11.50000000000000000, 9.700000000000001100, 11.50000000000000000 ) ) ;
#600 = DIRECTION ( 'NONE',  ( 3.388131789017129900E-016, -1.000000000000000000, 0.0000000000000000000 ) ) ;
#601 = ORIENTED_EDGE ( 'NONE', *, *, #8709, .F. ) ;
#602 = FACE_OUTER_BOUND ( 'NONE', #8426, .T. ) ;
#603 = DIRECTION ( 'NONE',  ( 0.0000000000000000000, 0.0000000000000000000, 1.000000000000000000 ) ) ;
#604 = VECTOR ( 'NONE', #5966, 1000.000000000000000 ) ;
#605 = CYLINDRICAL_SURFACE ( 'NONE', #5833, 0.5000000000000004400 ) ;
#606 = ORIENTED_EDGE ( 'NONE', *, *, #1122, .F. ) ;
#607 = MECHANICAL_DESIGN_GEOMETRIC_PRESENTATION_REPRESENTATION (  '', ( #4181 ), #552 ) ;
#608 = ORIENTED_EDGE ( 'NONE', *, *, #3226, .F. ) ;
#609 = EDGE_CURVE ( 'NONE', #2851, #216, #8418, .T. ) ;
#610 = ORIENTED_EDGE ( 'NONE', *, *, #150, .T. ) ;
#611 = CARTESIAN_POINT ( 'NONE',  ( -12.40000000000000000, 16.82000000000000000, -7.849999999999999600 ) ) ;
#612 = CYLINDRICAL_SURFACE ( 'NONE', #1738, 0.5000000000000000000 ) ;
#613 = LINE ( 'NONE', #717, #8492 ) ;
#614 = ORIENTED_EDGE ( 'NONE', *, *, #6937, .F. ) ;
#615 = VECTOR ( 'NONE', #6381, 1000.000000000000000 ) ;
#616 = VERTEX_POINT ( 'NONE', #1341 ) ;
#617 = ADVANCED_FACE ( 'NONE', ( #6935 ), #6621, .T. ) ;
#618 = LINE ( 'NONE', #2449, #3851 ) ;
#619 = EDGE_LOOP ( 'NONE', ( #5389, #6351, #3734, #889, #3689, #6698, #1907 ) ) ;
#620 =( NAMED_UNIT ( * ) SI_UNIT ( $, .STERADIAN. ) SOLID_ANGLE_UNIT ( ) );
#621 = CARTESIAN_POINT ( 'NONE',  ( 12.25013752952505900, -0.8898851874046199700, 5.129999999999999900 ) ) ;
#622 = EDGE_CURVE ( 'NONE', #716, #257, #7667, .T. ) ;
#623 = DIRECTION ( 'NONE',  ( -1.000000000000000000, 0.0000000000000000000, 0.0000000000000000000 ) ) ;
#624 = PLANE ( 'NONE',  #1232 ) ;
#625 = CARTESIAN_POINT ( 'NONE',  ( 11.69959361958397900, 0.07009548768149509400, 7.400000000000000400 ) ) ;
#626 = CIRCLE ( 'NONE', #3281, 0.1999999999999883800 ) ;
#627 = ORIENTED_EDGE ( 'NONE', *, *, #114, .F. ) ;
#628 = ORIENTED_EDGE ( 'NONE', *, *, #3267, .T. ) ;
#629 = CARTESIAN_POINT ( 'NONE',  ( 11.69959361958395900, 11.96502041546134100, -4.859999999999999400 ) ) ;
#630 = CARTESIAN_POINT ( 'NONE',  ( -11.40000000000040200, 16.82000000000000000, -12.40000000000000000 ) ) ;
#631 = CARTESIAN_POINT ( 'NONE',  ( -4.950000000000399900, 12.20000000000000100, 12.40000000000000000 ) ) ;
#632 = CARTESIAN_POINT ( 'NONE',  ( 0.4999999999996019900, 16.82000000000000000, -12.40000000000000000 ) ) ;
#633 = EDGE_CURVE ( 'NONE', #4176, #4795, #5458, .T. ) ;
#634 = DIRECTION ( 'NONE',  ( 0.0000000000000000000, 0.0000000000000000000, 1.000000000000000000 ) ) ;
#635 = ORIENTED_EDGE ( 'NONE', *, *, #6824, .T. ) ;
#636 = CARTESIAN_POINT ( 'NONE',  ( 0.9974411843539829900, 11.70000000000000100, -12.40000000000000000 ) ) ;
#637 = ADVANCED_FACE ( 'NONE', ( #5244 ), #7027, .T. ) ;
#638 = AXIS2_PLACEMENT_3D ( 'NONE', #4606, #6703, #3984 ) ;
#639 = CARTESIAN_POINT ( 'NONE',  ( -12.64013774716952000, -0.7120244148728569500, -5.129999999999999900 ) ) ;
#640 = VERTEX_POINT ( 'NONE', #2493 ) ;
#641 = VECTOR ( 'NONE', #1445, 1000.000000000000100 ) ;
#642 = EDGE_CURVE ( 'NONE', #5078, #3044, #533, .T. ) ;
#643 =( LENGTH_UNIT ( ) NAMED_UNIT ( * ) SI_UNIT ( .MILLI., .METRE. ) );
#644 =( NAMED_UNIT ( * ) SI_UNIT ( $, .STERADIAN. ) SOLID_ANGLE_UNIT ( ) );
#645 = ORIENTED_EDGE ( 'NONE', *, *, #1176, .F. ) ;
#646 = CARTESIAN_POINT ( 'NONE',  ( -11.59959361958396000, 0.06999999999988960900, 5.129999999999999900 ) ) ;
#647 = DIRECTION ( 'NONE',  ( -1.000000000000000000, 0.0000000000000000000, 0.0000000000000000000 ) ) ;
#648 = AXIS2_PLACEMENT_3D ( 'NONE', #1106, #477, #2375 ) ;
#649 = LINE ( 'NONE', #2188, #6417 ) ;
#650 = ADVANCED_FACE ( 'NONE', ( #3045 ), #3372, .F. ) ;
#651 = PRESENTATION_STYLE_ASSIGNMENT (( #5505 ) ) ;
#652 = CARTESIAN_POINT ( 'NONE',  ( -12.40000000000000000, 21.69999999999999900, -4.850000000000000500 ) ) ;
#653 = ORIENTED_EDGE ( 'NONE', *, *, #6152, .F. ) ;
#654 = CARTESIAN_POINT ( 'NONE',  ( -12.55000000000000100, 0.0000000000000000000, 11.75012184387840000 ) ) ;
#655 = CARTESIAN_POINT ( 'NONE',  ( 10.16000000000000000, -0.6999999999999999600, -9.660000000000000100 ) ) ;
#657 = CARTESIAN_POINT ( 'NONE',  ( -12.40000000000000000, 11.70000000000000100, 4.850000000000000500 ) ) ;
#656 = CARTESIAN_POINT ( 'NONE',  ( 10.16000000000000000, -6.299999999999999800, -2.340000000000011800 ) ) ;
#658 = DIRECTION ( 'NONE',  ( 0.0000000000000000000, 0.0000000000000000000, -1.000000000000000000 ) ) ;
#659 = CARTESIAN_POINT ( 'NONE',  ( -10.16000000000000000, -6.000000000000000000, 9.660000000000000100 ) ) ;
#660 = EDGE_CURVE ( 'NONE', #2103, #6033, #5143, .T. ) ;
#661 = ORIENTED_EDGE ( 'NONE', *, *, #1797, .T. ) ;
#663 = CARTESIAN_POINT ( 'NONE',  ( -11.37601578601677100, 9.164376660937268300, -11.16894232789293700 ) ) ;
#662 = CARTESIAN_POINT ( 'NONE',  ( 11.50000000000000000, 0.0000000000000000000, -4.500000000000000000 ) ) ;
#664 = ADVANCED_FACE ( 'NONE', ( #6732 ), #4487, .T. ) ;
#665 = CIRCLE ( 'NONE', #5857, 0.5000000000000000000 ) ;
#666 = AXIS2_PLACEMENT_3D ( 'NONE', #2382, #5695, #2328 ) ;
#667 = ORIENTED_EDGE ( 'NONE', *, *, #6631, .T. ) ;
#668 = CARTESIAN_POINT ( 'NONE',  ( -11.55390823631167900, 13.15614453969378100, -4.859999999999999400 ) ) ;
#669 = VERTEX_POINT ( 'NONE', #5164 ) ;
#670 = CARTESIAN_POINT ( 'NONE',  ( -11.59960032407806100, -0.02134362361127549800, -5.129999999999999900 ) ) ;
#671 = CIRCLE ( 'NONE', #2374, 0.5000000000000004400 ) ;
#672 = EDGE_CURVE ( 'NONE', #8216, #52, #6097, .T. ) ;
#673 = AXIS2_PLACEMENT_3D ( 'NONE', #5126, #6510, #5829 ) ;
#674 = LINE ( 'NONE', #6393, #6443 ) ;
#675 = ORIENTED_EDGE ( 'NONE', *, *, #3330, .T. ) ;
#676 = ORIENTED_EDGE ( 'NONE', *, *, #6724, .T. ) ;
#677 = SURFACE_SIDE_STYLE ('',( #1471 ) ) ;
#678 = DIRECTION ( 'NONE',  ( 0.0000000000000000000, 0.0000000000000000000, 1.000000000000000000 ) ) ;
#679 = VERTEX_POINT ( 'NONE', #1150 ) ;
#680 = DIRECTION ( 'NONE',  ( -3.388131789017129900E-016, -1.000000000000000000, 7.109844863844329700E-032 ) ) ;
#681 = DIRECTION ( 'NONE',  ( -1.636531581110199900E-015, 0.0000000000000000000, -1.000000000000000000 ) ) ;
#682 = CARTESIAN_POINT ( 'NONE',  ( 11.40000000000040200, 12.20000000000000100, 7.849999999999999600 ) ) ;
#683 = VECTOR ( 'NONE', #1282, 1000.000000000000000 ) ;
#684 = AXIS2_PLACEMENT_3D ( 'NONE', #2977, #5040, #3677 ) ;
#685 = CYLINDRICAL_SURFACE ( 'NONE', #6806, 0.8000000000000003800 ) ;
#686 = VERTEX_POINT ( 'NONE', #1890 ) ;
#687 =( BOUNDED_CURVE ( )  B_SPLINE_CURVE ( 3, ( #5758, #5019, #7674, #7648 ),
 .UNSPECIFIED., .F., .T. ) 
 B_SPLINE_CURVE_WITH_KNOTS ( ( 4, 4 ),
 ( 0.01745329251993935100, 1.570796326794896600 ),
 .UNSPECIFIED. ) 
 CURVE ( )  GEOMETRIC_REPRESENTATION_ITEM ( )  RATIONAL_B_SPLINE_CURVE ( ( 1.000000000000000000, 0.8088336327694534100, 0.8088336327694534100, 1.000000000000000000 ) ) 
 REPRESENTATION_ITEM ( '' )  );
#688 = ADVANCED_FACE ( 'NONE', ( #1395 ), #331, .T. ) ;
#689 = EDGE_CURVE ( 'NONE', #1067, #7606, #6826, .T. ) ;
#690 = ORIENTED_EDGE ( 'NONE', *, *, #59, .T. ) ;
#691 = CARTESIAN_POINT ( 'NONE',  ( -11.40000000000040200, 12.20000000000000100, -12.40000000000000000 ) ) ;
#693 = SURFACE_SIDE_STYLE ('',( #7247 ) ) ;
#692 = DIRECTION ( 'NONE',  ( 0.0000000000000000000, 1.000000000000000000, 0.0000000000000000000 ) ) ;
#695 = CARTESIAN_POINT ( 'NONE',  ( -12.07809654921157400, 8.756705158317613400, -12.07809654921165600 ) ) ;
#694 = CARTESIAN_POINT ( 'NONE',  ( -12.40000000000000000, 11.70000000000000100, -7.849999999999999600 ) ) ;
#696 = FACE_OUTER_BOUND ( 'NONE', #4369, .T. ) ;
#697 = VERTEX_POINT ( 'NONE', #570 ) ;
#698 = ORIENTED_EDGE ( 'NONE', *, *, #7098, .F. ) ;
#699 = VERTEX_POINT ( 'NONE', #2059 ) ;
#700 =( LENGTH_UNIT ( ) NAMED_UNIT ( * ) SI_UNIT ( .MILLI., .METRE. ) );
#701 = VECTOR ( 'NONE', #4519, 1000.000000000000000 ) ;
#702 = CARTESIAN_POINT ( 'NONE',  ( -11.86011120661946100, -0.7120816677289799600, -5.129999999999999900 ) ) ;
#703 = EDGE_CURVE ( 'NONE', #3647, #492, #119, .T. ) ;
#704 = VERTEX_POINT ( 'NONE', #7334 ) ;
#705 = CARTESIAN_POINT ( 'NONE',  ( 12.26091485687528900, 8.485498901988668400, -12.26091485687528900 ) ) ;
#706 = ORIENTED_EDGE ( 'NONE', *, *, #1137, .F. ) ;
#707 = ORIENTED_EDGE ( 'NONE', *, *, #6324, .T. ) ;
#708 = VECTOR ( 'NONE', #1568, 1000.000000000000000 ) ;
#709 = EDGE_LOOP ( 'NONE', ( #5926, #5016, #1534, #4331 ) ) ;
#710 = MECHANICAL_DESIGN_GEOMETRIC_PRESENTATION_REPRESENTATION (  '', ( #5355 ), #1169 ) ;
#711 = AXIS2_PLACEMENT_3D ( 'NONE', #3862, #5214, #1227 ) ;
#712 = ADVANCED_FACE ( 'NONE', ( #8311 ), #7249, .F. ) ;
#713 = FACE_OUTER_BOUND ( 'NONE', #5818, .T. ) ;
#714 = CARTESIAN_POINT ( 'NONE',  ( -5.950000000000000200, 16.82000000000000000, -12.40000000000000000 ) ) ;
#715 = DIRECTION ( 'NONE',  ( 0.0000000000000000000, 0.0000000000000000000, 1.000000000000000000 ) ) ;
#716 = VERTEX_POINT ( 'NONE', #6734 ) ;
#717 = CARTESIAN_POINT ( 'NONE',  ( -12.69999999999999900, -0.6999999999999999600, 4.500000000000000000 ) ) ;
#718 = ORIENTED_EDGE ( 'NONE', *, *, #1783, .T. ) ;
#719 = CARTESIAN_POINT ( 'NONE',  ( -12.69999999999999900, 0.0000000000000000000, 7.400000000000000400 ) ) ;
#720 = ORIENTED_EDGE ( 'NONE', *, *, #6944, .F. ) ;
#721 = LINE ( 'NONE', #5776, #4782 ) ;
#722 = EDGE_CURVE ( 'NONE', #7755, #5416, #3876, .T. ) ;
#723 = DIRECTION ( 'NONE',  ( 0.0000000000000000000, 0.0000000000000000000, 1.000000000000000000 ) ) ;
#724 = FACE_BOUND ( 'NONE', #2412, .T. ) ;
#725 = ORIENTED_EDGE ( 'NONE', *, *, #7423, .F. ) ;
#726 = CARTESIAN_POINT ( 'NONE',  ( -12.40000000000000000, 11.70000000000000100, -4.850000000000000500 ) ) ;
#727 = AXIS2_PLACEMENT_3D ( 'NONE', #2430, #423, #5057 ) ;
#728 = DIRECTION ( 'NONE',  ( 0.0000000000000000000, 0.0000000000000000000, -1.000000000000000000 ) ) ;
#729 = VERTEX_POINT ( 'NONE', #20 ) ;
#731 = CARTESIAN_POINT ( 'NONE',  ( 11.48692749596014000, 8.665236917774587200, 12.11798117816917800 ) ) ;
#730 = SURFACE_SIDE_STYLE ('',( #1985 ) ) ;
#732 = DIRECTION ( 'NONE',  ( 0.0000000000000000000, 0.0000000000000000000, -1.000000000000000000 ) ) ;
#733 = CARTESIAN_POINT ( 'NONE',  ( -10.16000000000000000, -6.299999999999999800, 10.35999999999998900 ) ) ;
#734 = VECTOR ( 'NONE', #2041, 1000.000000000000000 ) ;
#735 = ORIENTED_EDGE ( 'NONE', *, *, #8496, .F. ) ;
#737 = PLANE ( 'NONE',  #2138 ) ;
#736 = CARTESIAN_POINT ( 'NONE',  ( 5.450000000000399900, 12.20000000000000100, -12.40000000000000000 ) ) ;
#738 = CIRCLE ( 'NONE', #4178, 0.5000000000000004400 ) ;
#739 = EDGE_CURVE ( 'NONE', #8165, #3956, #6513, .T. ) ;
#740 = CARTESIAN_POINT ( 'NONE',  ( -12.36337304907252000, 8.182653497362474900, 11.59209544063360500 ) ) ;
#741 = ADVANCED_FACE ( 'NONE', ( #5021 ), #4691, .F. ) ;
#742 = CARTESIAN_POINT ( 'NONE',  ( -12.79669646790869900, -0.4647624511386099800, -5.129999999999999900 ) ) ;
#743 = FACE_OUTER_BOUND ( 'NONE', #1670, .T. ) ;
#744 = ORIENTED_EDGE ( 'NONE', *, *, #7147, .F. ) ;
#745 =( GEOMETRIC_REPRESENTATION_CONTEXT ( 3 ) GLOBAL_UNCERTAINTY_ASSIGNED_CONTEXT ( ( #4532 ) ) GLOBAL_UNIT_ASSIGNED_CONTEXT ( ( #7646, #912, #6291 ) ) REPRESENTATION_CONTEXT ( 'NONE', 'WORKASPACE' ) );
#746 = CARTESIAN_POINT ( 'NONE',  ( 12.90054052399948000, 11.96513699471034000, 4.859999999999999400 ) ) ;
#747 = CIRCLE ( 'NONE', #2998, 0.4999999999999995600 ) ;
#748 = EDGE_CURVE ( 'NONE', #1157, #2202, #5669, .T. ) ;
#749 = CARTESIAN_POINT ( 'NONE',  ( -12.40000000000000000, 21.69999999999999900, 7.849999999999999600 ) ) ;
#750 = ORIENTED_EDGE ( 'NONE', *, *, #2035, .T. ) ;
#751 = PLANE ( 'NONE',  #3040 ) ;
#752 = DIRECTION ( 'NONE',  ( 0.0000000000000000000, 0.0000000000000000000, 1.000000000000000000 ) ) ;
#753 = FACE_OUTER_BOUND ( 'NONE', #1059, .T. ) ;
#754 = PRESENTATION_STYLE_ASSIGNMENT (( #5226 ) ) ;
#756 = DIRECTION ( 'NONE',  ( 0.0000000000000000000, -1.000000000000000000, 0.0000000000000000000 ) ) ;
#755 = CARTESIAN_POINT ( 'NONE',  ( -11.75036540177432100, -0.01395342251198866200, -12.55024355789592000 ) ) ;
#757 =( NAMED_UNIT ( * ) PLANE_ANGLE_UNIT ( ) SI_UNIT ( $, .RADIAN. ) );
#759 = DIRECTION ( 'NONE',  ( 0.0000000000000000000, -1.000000000000000000, 0.0000000000000000000 ) ) ;
#758 = CARTESIAN_POINT ( 'NONE',  ( 12.40000000000000000, 11.19999999999999900, -12.40000000000000000 ) ) ;
#760 = ADVANCED_FACE ( 'NONE', ( #2852 ), #4195, .T. ) ;
#761 = LINE ( 'NONE', #8433, #2243 ) ;
#762 = VERTEX_POINT ( 'NONE', #5306 ) ;
#763 = FACE_OUTER_BOUND ( 'NONE', #6277, .T. ) ;
#764 = DIRECTION ( 'NONE',  ( 1.000000000000000000, 0.0000000000000000000, 0.0000000000000000000 ) ) ;
#765 = AXIS2_PLACEMENT_3D ( 'NONE', #5703, #7765, #4959 ) ;
#766 = ORIENTED_EDGE ( 'NONE', *, *, #6284, .F. ) ;
#767 = ORIENTED_EDGE ( 'NONE', *, *, #7405, .F. ) ;
#768 = FACE_OUTER_BOUND ( 'NONE', #4101, .T. ) ;
#769 = EDGE_CURVE ( 'NONE', #4096, #8646, #4392, .T. ) ;
#770 = DIRECTION ( 'NONE',  ( 2.797941090285175100E-016, -0.0000000000000000000, 1.000000000000000000 ) ) ;
#771 = CARTESIAN_POINT ( 'NONE',  ( 10.90000000000040000, 11.70000000000000100, -12.40000000000000000 ) ) ;
#772 = ORIENTED_EDGE ( 'NONE', *, *, #7259, .F. ) ;
#773 = ORIENTED_EDGE ( 'NONE', *, *, #378, .T. ) ;
#774 =( NAMED_UNIT ( * ) PLANE_ANGLE_UNIT ( ) SI_UNIT ( $, .RADIAN. ) );
#775 = DIRECTION ( 'NONE',  ( -1.000000000000000000, 0.0000000000000000000, 6.994852725712929000E-017 ) ) ;
#776 = CIRCLE ( 'NONE', #2892, 0.7999999999964764200 ) ;
#777 = CARTESIAN_POINT ( 'NONE',  ( -11.90000000000040200, 17.32000000000000000, 4.850000000000000500 ) ) ;
#779 = CARTESIAN_POINT ( 'NONE',  ( 11.67520736133023400, 9.066591395139589300, 11.67520736133023400 ) ) ;
#778 = CARTESIAN_POINT ( 'NONE',  ( -12.69999999999999900, 0.0000000000000000000, 4.500000000000000000 ) ) ;
#780 = EDGE_CURVE ( 'NONE', #1886, #7907, #6195, .T. ) ;
#781 = ORIENTED_EDGE ( 'NONE', *, *, #6799, .F. ) ;
#783 = CARTESIAN_POINT ( 'NONE',  ( -10.90000000000040000, 11.70000000000000100, 4.850000000000000500 ) ) ;
#782 =( LENGTH_UNIT ( ) NAMED_UNIT ( * ) SI_UNIT ( .MILLI., .METRE. ) );
#784 = ORIENTED_EDGE ( 'NONE', *, *, #1516, .T. ) ;
#785 = ORIENTED_EDGE ( 'NONE', *, *, #1581, .T. ) ;
#786 = FACE_OUTER_BOUND ( 'NONE', #1989, .T. ) ;
#787 = CARTESIAN_POINT ( 'NONE',  ( 11.59959361958396000, 0.06999999999989130200, -7.400000000000000400 ) ) ;
#788 = CARTESIAN_POINT ( 'NONE',  ( -12.26091485687519300, 8.485498901988780300, 12.26091485687528700 ) ) ;
#789 = ORIENTED_EDGE ( 'NONE', *, *, #2079, .T. ) ;
#790 = ORIENTED_EDGE ( 'NONE', *, *, #6419, .F. ) ;
#791 = CARTESIAN_POINT ( 'NONE',  ( 5.950000000000399900, 17.32000000000000000, -12.40000000000000000 ) ) ;
#792 = MANIFOLD_SOLID_BREP ( '輸入1', #8139 ) ;
#793 = ORIENTED_EDGE ( 'NONE', *, *, #1744, .T. ) ;
#794 = CIRCLE ( 'NONE', #7289, 0.5000000000000004400 ) ;
#795 = EDGE_CURVE ( 'NONE', #1274, #4570, #7495, .T. ) ;
#796 = CIRCLE ( 'NONE', #3921, 0.5000000000000000000 ) ;
#797 = ORIENTED_EDGE ( 'NONE', *, *, #4482, .T. ) ;
#798 = CARTESIAN_POINT ( 'NONE',  ( 10.16000000000000000, -0.6999999999999999600, -2.040000000000000000 ) ) ;
#799 = UNCERTAINTY_MEASURE_WITH_UNIT (LENGTH_MEASURE( 1.000000000000000100E-005 ), #2722, 'distance_accuracy_value', 'NONE');
#800 = DIRECTION ( 'NONE',  ( 0.0000000000000000000, 1.000000000000000000, 0.0000000000000000000 ) ) ;
#801 = ORIENTED_EDGE ( 'NONE', *, *, #453, .F. ) ;
#802 = AXIS2_PLACEMENT_3D ( 'NONE', #4539, #1352, #7999 ) ;
#803 = FACE_OUTER_BOUND ( 'NONE', #230, .T. ) ;
#804 = EDGE_CURVE ( 'NONE', #6526, #8221, #2164, .T. ) ;
#805 = COLOUR_RGB ( '',0.7490196078431372600, 0.7490196078431372600, 0.7490196078431372600 ) ;
#806 = DIRECTION ( 'NONE',  ( 0.0000000000000000000, 0.0000000000000000000, 1.000000000000000000 ) ) ;
#807 = CARTESIAN_POINT ( 'NONE',  ( 12.88333504276538100, -0.2053636409173125200, -5.129999999999999900 ) ) ;
#808 = DIRECTION ( 'NONE',  ( -0.01744974916067989400, 0.9996954598818875700, -0.01744974916067984100 ) ) ;
#809 = ORIENTED_EDGE ( 'NONE', *, *, #8665, .F. ) ;
#811 = CARTESIAN_POINT ( 'NONE',  ( 11.60840904436745500, 8.005473010438217700, 12.40143812445130700 ) ) ;
#810 = CARTESIAN_POINT ( 'NONE',  ( 11.90000000000040200, 17.32000000000000000, -4.850000000000000500 ) ) ;
#812 = CARTESIAN_POINT ( 'NONE',  ( 12.49959361958396000, 0.07009548768149509400, -7.400000000000000400 ) ) ;
#814 = DIRECTION ( 'NONE',  ( 1.000000000000000000, 0.0000000000000000000, 0.0000000000000000000 ) ) ;
#813 = CARTESIAN_POINT ( 'NONE',  ( 11.75012184387840000, 0.0000000000000000000, -12.55000000000000100 ) ) ;
#815 = LINE ( 'NONE', #7768, #8371 ) ;
#816 = DIRECTION ( 'NONE',  ( -2.098455817713879800E-016, -0.0000000000000000000, -1.000000000000000000 ) ) ;
#817 = AXIS2_PLACEMENT_3D ( 'NONE', #7686, #8376, #3716 ) ;
#818 = ORIENTED_EDGE ( 'NONE', *, *, #8454, .F. ) ;
#819 = ORIENTED_EDGE ( 'NONE', *, *, #8198, .F. ) ;
#820 = VERTEX_POINT ( 'NONE', #4073 ) ;
#821 = LINE ( 'NONE', #3832, #8593 ) ;
#822 = FACE_OUTER_BOUND ( 'NONE', #6822, .T. ) ;
#823 = EDGE_CURVE ( 'NONE', #3127, #3395, #4544, .T. ) ;
#824 = CARTESIAN_POINT ( 'NONE',  ( 11.31271048152966300, 9.027136750311804300, -11.71147481116723400 ) ) ;
#825 = CIRCLE ( 'NONE', #8390, 0.4974411843543769500 ) ;
#826 = ORIENTED_EDGE ( 'NONE', *, *, #6535, .T. ) ;
#827 = AXIS2_PLACEMENT_3D ( 'NONE', #573, #1269, #5933 ) ;
#828 = LINE ( 'NONE', #6342, #7003 ) ;
#829 = EDGE_LOOP ( 'NONE', ( #5464, #3340, #5337, #8282 ) ) ;
#830 = SURFACE_STYLE_FILL_AREA ( #1729 ) ;
#831 = DIRECTION ( 'NONE',  ( -0.0000000000000000000, -0.0000000000000000000, -1.000000000000000000 ) ) ;
#832 = DIRECTION ( 'NONE',  ( 0.0000000000000000000, -1.000000000000000000, 0.0000000000000000000 ) ) ;
#833 = VECTOR ( 'NONE', #3977, 1000.000000000000000 ) ;
#834 = ORIENTED_EDGE ( 'NONE', *, *, #7469, .T. ) ;
#835 = EDGE_CURVE ( 'NONE', #6051, #4931, #3197, .T. ) ;
#836 = LINE ( 'NONE', #7728, #615 ) ;
#837 = ORIENTED_EDGE ( 'NONE', *, *, #4554, .T. ) ;
#838 = FACE_OUTER_BOUND ( 'NONE', #1701, .T. ) ;
#839 = DIRECTION ( 'NONE',  ( -0.0000000000000000000, -0.0000000000000000000, -1.000000000000000000 ) ) ;
#840 = AXIS2_PLACEMENT_3D ( 'NONE', #4826, #7426, #8225 ) ;
#842 = CARTESIAN_POINT ( 'NONE',  ( 12.11798117816917800, 8.665236917774587200, 11.48692749596014000 ) ) ;
#841 = DIRECTION ( 'NONE',  ( 0.0000000000000000000, 0.0000000000000000000, -1.000000000000000000 ) ) ;
#843 = CARTESIAN_POINT ( 'NONE',  ( -10.16000000000000000, -6.299999999999999800, 0.0000000000000000000 ) ) ;
#845 = CARTESIAN_POINT ( 'NONE',  ( -11.40000000000040200, 16.82000000000000000, 4.850000000000000500 ) ) ;
#844 = FILL_AREA_STYLE_COLOUR ( '', #5534 ) ;
#846 = ADVANCED_FACE ( 'NONE', ( #1440 ), #7939, .T. ) ;
#847 = CARTESIAN_POINT ( 'NONE',  ( -12.50100116209270400, -0.2203094662514500100, -7.129999999999999900 ) ) ;
#848 = CIRCLE ( 'NONE', #4619, 0.5000000000000004400 ) ;
#849 = ORIENTED_EDGE ( 'NONE', *, *, #2224, .T. ) ;
#850 = EDGE_CURVE ( 'NONE', #3683, #5553, #366, .T. ) ;
#851 = CARTESIAN_POINT ( 'NONE',  ( -11.94403686658051800, 8.887833471170656800, 11.94403686658050700 ) ) ;
#852 = VECTOR ( 'NONE', #138, 1000.000000000000000 ) ;
#853 = CARTESIAN_POINT ( 'NONE',  ( 11.46188084980383700, 8.735040084441907400, -12.05953900380486000 ) ) ;
#854 = DIRECTION ( 'NONE',  ( -1.000000000000000000, -4.372213365170680100E-016, 0.0000000000000000000 ) ) ;
#855 = EDGE_CURVE ( 'NONE', #3847, #8271, #2583, .T. ) ;
#856 = FILL_AREA_STYLE ('',( #5589 ) ) ;
#857 = ORIENTED_EDGE ( 'NONE', *, *, #2757, .T. ) ;
#858 = VECTOR ( 'NONE', #4440, 1000.000000000000000 ) ;
#859 = AXIS2_PLACEMENT_3D ( 'NONE', #3286, #555, #1278 ) ;
#860 = DIRECTION ( 'NONE',  ( 0.0000000000000000000, 0.0000000000000000000, 1.000000000000000000 ) ) ;
#861 = DIRECTION ( 'NONE',  ( 0.0000000000000000000, 0.0000000000000000000, 1.000000000000000000 ) ) ;
#862 = ORIENTED_EDGE ( 'NONE', *, *, #5008, .F. ) ;
#863 = CARTESIAN_POINT ( 'NONE',  ( 6.450000000000000200, 16.82000000000000000, 4.850000000000000500 ) ) ;
#864 = DIRECTION ( 'NONE',  ( 0.0000000000000000000, -1.000000000000000000, 0.0000000000000000000 ) ) ;
#865 = DIRECTION ( 'NONE',  ( -0.0000000000000000000, 1.000000000000000000, -0.0000000000000000000 ) ) ;
#866 = FACE_OUTER_BOUND ( 'NONE', #6223, .T. ) ;
#867 = CARTESIAN_POINT ( 'NONE',  ( -1.000000000000000000, 11.70000000000000100, -7.849999999999999600 ) ) ;
#868 = EDGE_CURVE ( 'NONE', #5080, #8510, #5068, .T. ) ;
#869 = ORIENTED_EDGE ( 'NONE', *, *, #8257, .F. ) ;
#870 = AXIS2_PLACEMENT_3D ( 'NONE', #1029, #6991, #324 ) ;
#871 = ORIENTED_EDGE ( 'NONE', *, *, #1744, .F. ) ;
#872 = AXIS2_PLACEMENT_3D ( 'NONE', #7028, #1608, #2394 ) ;
#873 = CARTESIAN_POINT ( 'NONE',  ( -6.949999999999999300, 12.20000000000000100, 12.40000000000000000 ) ) ;
#874 = PLANE ( 'NONE',  #2655 ) ;
#875 = LINE ( 'NONE', #7509, #7690 ) ;
#876 = VECTOR ( 'NONE', #4555, 1000.000000000000000 ) ;
#877 = ADVANCED_FACE ( 'NONE', ( #5286 ), #1178, .F. ) ;
#878 = EDGE_CURVE ( 'NONE', #6073, #8341, #1862, .T. ) ;
#879 = CARTESIAN_POINT ( 'NONE',  ( -5.450000000000399900, 16.82000000000000000, -7.849999999999999600 ) ) ;
#880 = ORIENTED_EDGE ( 'NONE', *, *, #2544, .F. ) ;
#882 = PLANE ( 'NONE',  #2482 ) ;
#881 = DIRECTION ( 'NONE',  ( 0.0000000000000000000, -1.000000000000000000, 0.0000000000000000000 ) ) ;
#883 = SURFACE_STYLE_FILL_AREA ( #5343 ) ;
#884 = AXIS2_PLACEMENT_3D ( 'NONE', #7182, #7872, #8522 ) ;
#885 = FACE_OUTER_BOUND ( 'NONE', #2921, .T. ) ;
#886 = ORIENTED_EDGE ( 'NONE', *, *, #6848, .T. ) ;
#887 = VERTEX_POINT ( 'NONE', #5547 ) ;
#888 = VERTEX_POINT ( 'NONE', #4967 ) ;
#889 = ORIENTED_EDGE ( 'NONE', *, *, #267, .F. ) ;
#890 = DIRECTION ( 'NONE',  ( 1.000000000000000000, 0.0000000000000000000, 0.0000000000000000000 ) ) ;
#891 = ORIENTED_EDGE ( 'NONE', *, *, #3463, .F. ) ;
#892 = VECTOR ( 'NONE', #5181, 1000.000000000000000 ) ;
#893 = CARTESIAN_POINT ( 'NONE',  ( 12.90054052399948000, 0.07009548768148118900, -7.400000000000000400 ) ) ;
#894 = CARTESIAN_POINT ( 'NONE',  ( -12.69999999999999900, -0.6999999999999999600, -12.69999999999999900 ) ) ;
#895 = CARTESIAN_POINT ( 'NONE',  ( 11.70054052399948000, 11.96513699470659900, -7.400000000000000400 ) ) ;
#896 = CARTESIAN_POINT ( 'NONE',  ( -1.000000000000000000, 11.70000000000000100, 12.40000000000000000 ) ) ;
#897 = DIRECTION ( 'NONE',  ( 0.0000000000000000000, 1.000000000000000000, 0.0000000000000000000 ) ) ;
#898 = EDGE_CURVE ( 'NONE', #5427, #5263, #1747, .T. ) ;
#899 = CARTESIAN_POINT ( 'NONE',  ( -12.54260076487707900, 0.4239018962894360300, -11.74272260875548000 ) ) ;
#900 = FACE_OUTER_BOUND ( 'NONE', #342, .T. ) ;
#901 = ORIENTED_EDGE ( 'NONE', *, *, #7498, .F. ) ;
#902 = UNCERTAINTY_MEASURE_WITH_UNIT (LENGTH_MEASURE( 1.000000000000000100E-005 ), #4418, 'distance_accuracy_value', 'NONE');
#903 = VERTEX_POINT ( 'NONE', #863 ) ;
#904 = LINE ( 'NONE', #195, #6043 ) ;
#905 = STYLED_ITEM ( 'NONE', ( #2601 ), #6714 ) ;
#906 = CIRCLE ( 'NONE', #2220, 0.5000000000000004400 ) ;
#907 = CARTESIAN_POINT ( 'NONE',  ( 10.90000000000040000, 12.20000000000000100, -7.849999999999999600 ) ) ;
#908 = CARTESIAN_POINT ( 'NONE',  ( 11.69959361958397900, 0.07009548768149509400, -7.400000000000000400 ) ) ;
#909 = EDGE_CURVE ( 'NONE', #5941, #1126, #794, .T. ) ;
#910 = CARTESIAN_POINT ( 'NONE',  ( 11.37601578601658400, 9.164376660937344700, -11.16894232789284700 ) ) ;
#911 = ORIENTED_EDGE ( 'NONE', *, *, #2010, .F. ) ;
#912 =( NAMED_UNIT ( * ) PLANE_ANGLE_UNIT ( ) SI_UNIT ( $, .RADIAN. ) );
#913 = FACE_OUTER_BOUND ( 'NONE', #4344, .T. ) ;
#914 = DIRECTION ( 'NONE',  ( 0.0000000000000000000, -0.01745240643728021600, -0.9998476951563912700 ) ) ;
#915 = ORIENTED_EDGE ( 'NONE', *, *, #4389, .T. ) ;
#916 = ADVANCED_FACE ( 'NONE', ( #4853 ), #4271, .F. ) ;
#917 = VERTEX_POINT ( 'NONE', #1555 ) ;
#918 = VECTOR ( 'NONE', #4395, 1000.000000000000000 ) ;
#919 = EDGE_CURVE ( 'NONE', #8499, #185, #5183, .T. ) ;
#920 = FACE_OUTER_BOUND ( 'NONE', #4069, .T. ) ;
#921 = ADVANCED_FACE ( 'NONE', ( #3917 ), #2070, .T. ) ;
#922 = LINE ( 'NONE', #3134, #3836 ) ;
#923 = EDGE_LOOP ( 'NONE', ( #3542, #8030, #2177, #8669 ) ) ;
#924 = DIRECTION ( 'NONE',  ( -3.388131789017135300E-016, 1.000000000000000000, 0.0000000000000000000 ) ) ;
#925 = DIRECTION ( 'NONE',  ( 0.0000000000000000000, 0.0000000000000000000, 1.000000000000000000 ) ) ;
#926 = ORIENTED_EDGE ( 'NONE', *, *, #3103, .T. ) ;
#928 = CARTESIAN_POINT ( 'NONE',  ( -10.90000000000040000, 11.70000000000000100, 12.40000000000000000 ) ) ;
#927 = CARTESIAN_POINT ( 'NONE',  ( 0.4999999999996029800, 12.19744118435426100, 4.850000000000000500 ) ) ;
#929 = CARTESIAN_POINT ( 'NONE',  ( -11.99960518008858500, 0.07480837547084397100, 5.129999999999999900 ) ) ;
#930 = DIRECTION ( 'NONE',  ( 0.0000000000000000000, 0.0000000000000000000, -1.000000000000000000 ) ) ;
#931 = ORIENTED_EDGE ( 'NONE', *, *, #2766, .F. ) ;
#932 = DIRECTION ( 'NONE',  ( 1.000000000000000000, 0.0000000000000000000, -6.911248908274131900E-017 ) ) ;
#933 = ADVANCED_FACE ( 'NONE', ( #1544 ), #58, .F. ) ;
#934 = VECTOR ( 'NONE', #3776, 999.9999999999998900 ) ;
#935 = AXIS2_PLACEMENT_3D ( 'NONE', #123, #5450, #715 ) ;
#936 = AXIS2_PLACEMENT_3D ( 'NONE', #308, #2317, #1673 ) ;
#937 = FACE_BOUND ( 'NONE', #6210, .T. ) ;
#938 = ORIENTED_EDGE ( 'NONE', *, *, #7010, .T. ) ;
#939 = ORIENTED_EDGE ( 'NONE', *, *, #8326, .F. ) ;
#940 = CIRCLE ( 'NONE', #1218, 0.5000000000000004400 ) ;
#941 = EDGE_LOOP ( 'NONE', ( #7169, #4256, #5401 ) ) ;
#942 = DIRECTION ( 'NONE',  ( 1.000000000000000000, 0.0000000000000000000, -2.731847993664264700E-016 ) ) ;
#943 = LINE ( 'NONE', #8093, #5749 ) ;
#944 = EDGE_CURVE ( 'NONE', #6664, #4421, #8675, .T. ) ;
#945 = FACE_OUTER_BOUND ( 'NONE', #8469, .T. ) ;
#946 = AXIS2_PLACEMENT_3D ( 'NONE', #1149, #4449, #8474 ) ;
#947 = DIRECTION ( 'NONE',  ( 0.0000000000000000000, 1.000000000000000000, 0.0000000000000000000 ) ) ;
#948 = CARTESIAN_POINT ( 'NONE',  ( -11.74272260875548000, 0.4099399711396734500, 11.74272260875550000 ) ) ;
#949 = ORIENTED_EDGE ( 'NONE', *, *, #5246, .T. ) ;
#950 = ORIENTED_EDGE ( 'NONE', *, *, #3193, .T. ) ;
#951 = EDGE_CURVE ( 'NONE', #1473, #616, #3304, .T. ) ;
#952 = DIRECTION ( 'NONE',  ( 0.0000000000000000000, 1.000000000000000000, 0.0000000000000000000 ) ) ;
#953 = ORIENTED_EDGE ( 'NONE', *, *, #7055, .T. ) ;
#954 = PLANE ( 'NONE',  #5761 ) ;
#955 = AXIS2_PLACEMENT_3D ( 'NONE', #714, #7443, #4085 ) ;
#956 = DIRECTION ( 'NONE',  ( 0.0000000000000000000, -1.000000000000000000, 0.0000000000000000000 ) ) ;
#957 = CARTESIAN_POINT ( 'NONE',  ( -6.949999999999999300, 11.70000000000000100, -7.849999999999999600 ) ) ;
#958 = ORIENTED_EDGE ( 'NONE', *, *, #4409, .F. ) ;
#960 = DIRECTION ( 'NONE',  ( -1.000000000000000000, 0.0000000000000000000, 0.0000000000000000000 ) ) ;
#959 = DIRECTION ( 'NONE',  ( -1.000000000000000000, 0.0000000000000000000, 0.0000000000000000000 ) ) ;
#961 = DIRECTION ( 'NONE',  ( -1.000000000000000000, 0.0000000000000000000, 0.0000000000000000000 ) ) ;
#962 = CARTESIAN_POINT ( 'NONE',  ( -5.450000000000399900, 12.20000000000000100, -4.850000000000000500 ) ) ;
#963 = CARTESIAN_POINT ( 'NONE',  ( -11.01363723429843900, 9.199999999999999300, 11.01363723429845900 ) ) ;
#965 = CARTESIAN_POINT ( 'NONE',  ( 12.40000000000000000, 21.69999999999999900, -7.849999999999999600 ) ) ;
#964 = DIRECTION ( 'NONE',  ( 0.0000000000000000000, 0.0000000000000000000, 1.000000000000000000 ) ) ;
#966 = VECTOR ( 'NONE', #8442, 1000.000000000000000 ) ;
#967 = EDGE_CURVE ( 'NONE', #6268, #3591, #270, .T. ) ;
#968 = AXIS2_PLACEMENT_3D ( 'NONE', #5538, #2799, #2109 ) ;
#969 = ADVANCED_FACE ( 'NONE', ( #1641 ), #2992, .F. ) ;
#970 = AXIS2_PLACEMENT_3D ( 'NONE', #1253, #6629, #4599 ) ;
#971 = CARTESIAN_POINT ( 'NONE',  ( 0.0000000000000000000, 7.799999999999999800, 11.01363723429845900 ) ) ;
#972 = CARTESIAN_POINT ( 'NONE',  ( 10.16000000000000000, -6.299999999999999800, 10.35999999999998900 ) ) ;
#973 = ADVANCED_FACE ( 'NONE', ( #3405 ), #7716, .T. ) ;
#974 = CYLINDRICAL_SURFACE ( 'NONE', #1794, 0.5000000000000004400 ) ;
#975 = ORIENTED_EDGE ( 'NONE', *, *, #3853, .F. ) ;
#976 = LINE ( 'NONE', #6953, #5030 ) ;
#977 = ADVANCED_FACE ( 'NONE', ( #7910 ), #1113, .T. ) ;
#978 = EDGE_CURVE ( 'NONE', #161, #7153, #8242, .T. ) ;
#979 = DIRECTION ( 'NONE',  ( -1.000000000000000000, -9.109505398131430300E-018, 0.0000000000000000000 ) ) ;
#980 = ORIENTED_EDGE ( 'NONE', *, *, #1453, .T. ) ;
#981 = CARTESIAN_POINT ( 'NONE',  ( 11.99959362072370100, 0.07002387192029180300, -5.129999999999999900 ) ) ;
#982 = CARTESIAN_POINT ( 'NONE',  ( 12.49959361958396000, 0.07009548768149509400, 7.400000000000000400 ) ) ;
#983 = LINE ( 'NONE', #6358, #3065 ) ;
#984 =( NAMED_UNIT ( * ) SI_UNIT ( $, .STERADIAN. ) SOLID_ANGLE_UNIT ( ) );
#985 = CARTESIAN_POINT ( 'NONE',  ( 11.59959361958396000, 0.06999999999988960900, -5.129999999999999900 ) ) ;
#986 = ORIENTED_EDGE ( 'NONE', *, *, #1304, .F. ) ;
#987 = DIRECTION ( 'NONE',  ( -1.000000000000000000, 0.0000000000000000000, 0.0000000000000000000 ) ) ;
#989 = DIRECTION ( 'NONE',  ( 0.0000000000000000000, 0.0000000000000000000, 1.000000000000000000 ) ) ;
#988 = DIRECTION ( 'NONE',  ( 0.0000000000000000000, 0.0000000000000000000, -1.000000000000000000 ) ) ;
#990 = ORIENTED_EDGE ( 'NONE', *, *, #5698, .F. ) ;
#991 = LINE ( 'NONE', #8252, #7045 ) ;
#992 = EDGE_CURVE ( 'NONE', #3591, #6776, #6549, .T. ) ;
#993 = VECTOR ( 'NONE', #1750, 1000.000000000000000 ) ;
#994 = VERTEX_POINT ( 'NONE', #783 ) ;
#995 = ORIENTED_EDGE ( 'NONE', *, *, #5932, .T. ) ;
#996 = CARTESIAN_POINT ( 'NONE',  ( 0.9974411843539802100, 12.19744118435426100, -12.40000000000000000 ) ) ;
#997 =( GEOMETRIC_REPRESENTATION_CONTEXT ( 3 ) GLOBAL_UNCERTAINTY_ASSIGNED_CONTEXT ( ( #5728 ) ) GLOBAL_UNIT_ASSIGNED_CONTEXT ( ( #3093, #7787, #3678 ) ) REPRESENTATION_CONTEXT ( 'NONE', 'WORKASPACE' ) );
#998 = AXIS2_PLACEMENT_3D ( 'NONE', #1023, #4387, #5633 ) ;
#999 = ORIENTED_EDGE ( 'NONE', *, *, #4791, .F. ) ;
#1000 = CARTESIAN_POINT ( 'NONE',  ( -10.90000000000000000, 9.700000000000001100, -12.40000000000000000 ) ) ;
#1001 = CARTESIAN_POINT ( 'NONE',  ( -12.40000000000000000, 11.70000000000000100, 4.850000000000000500 ) ) ;
#1002 = VERTEX_POINT ( 'NONE', #474 ) ;
#1003 = DIRECTION ( 'NONE',  ( 1.000000000000000000, 0.0000000000000000000, 0.0000000000000000000 ) ) ;
#1004 = CIRCLE ( 'NONE', #7876, 0.5000000000000000000 ) ;
#1005 = VECTOR ( 'NONE', #4210, 1000.000000000000000 ) ;
#1006 = VERTEX_POINT ( 'NONE', #5211 ) ;
#1007 = ORIENTED_EDGE ( 'NONE', *, *, #6289, .T. ) ;
#1008 = EDGE_CURVE ( 'NONE', #189, #5588, #3087, .T. ) ;
#1009 = ORIENTED_EDGE ( 'NONE', *, *, #563, .T. ) ;
#1010 = FILL_AREA_STYLE_COLOUR ( '', #315 ) ;
#1011 = ORIENTED_EDGE ( 'NONE', *, *, #4083, .T. ) ;
#1012 = PLANE ( 'NONE',  #1510 ) ;
#1013 = PRESENTATION_STYLE_ASSIGNMENT (( #7272 ) ) ;
#1014 = AXIS2_PLACEMENT_3D ( 'NONE', #2779, #2805, #6864 ) ;
#1015 = LINE ( 'NONE', #1266, #6561 ) ;
#1016 = CARTESIAN_POINT ( 'NONE',  ( 6.949999999999999300, 12.20000000000000100, -12.40000000000000000 ) ) ;
#1017 = CARTESIAN_POINT ( 'NONE',  ( 11.74272260875550000, 0.4099399711396734500, -11.74272260875550000 ) ) ;
#1018 = ORIENTED_EDGE ( 'NONE', *, *, #3136, .F. ) ;
#1019 = DIRECTION ( 'NONE',  ( -3.388131789017135300E-016, 1.000000000000000000, 7.109844863844339600E-032 ) ) ;
#1020 = DIRECTION ( 'NONE',  ( 0.0000000000000000000, 0.0000000000000000000, 1.000000000000000000 ) ) ;
#1021 = VERTEX_POINT ( 'NONE', #7183 ) ;
#1022 = EDGE_CURVE ( 'NONE', #8487, #1521, #2885, .T. ) ;
#1023 = CARTESIAN_POINT ( 'NONE',  ( -12.40000000000000000, 11.19999999999999900, -12.40000000000000000 ) ) ;
#1024 = CARTESIAN_POINT ( 'NONE',  ( -2.975469372650804800, 12.10000000000000000, 4.859999999999999400 ) ) ;
#1025 = VECTOR ( 'NONE', #7137, 1000.000000000000000 ) ;
#1026 = DIRECTION ( 'NONE',  ( 1.000000000000000000, 0.0000000000000000000, 0.0000000000000000000 ) ) ;
#1027 = VERTEX_POINT ( 'NONE', #5089 ) ;
#1028 = EDGE_CURVE ( 'NONE', #7683, #7763, #8342, .T. ) ;
#1029 = CARTESIAN_POINT ( 'NONE',  ( 5.950000000000399900, 16.82000000000000000, -4.850000000000000500 ) ) ;
#1030 = SURFACE_STYLE_FILL_AREA ( #2502 ) ;
#1031 = ORIENTED_EDGE ( 'NONE', *, *, #267, .T. ) ;
#1032 = ORIENTED_EDGE ( 'NONE', *, *, #1229, .F. ) ;
#1033 = ORIENTED_EDGE ( 'NONE', *, *, #3643, .T. ) ;
#1034 = ORIENTED_EDGE ( 'NONE', *, *, #2646, .F. ) ;
#1035 = VECTOR ( 'NONE', #5245, 1000.000000000000000 ) ;
#1036 = VECTOR ( 'NONE', #2004, 1000.000000000000000 ) ;
#1037 = PRESENTATION_STYLE_ASSIGNMENT (( #2743 ) ) ;
#1038 = ORIENTED_EDGE ( 'NONE', *, *, #5822, .T. ) ;
#1039 = ORIENTED_EDGE ( 'NONE', *, *, #2709, .T. ) ;
#1040 = EDGE_LOOP ( 'NONE', ( #7723, #3102, #6451, #2815 ) ) ;
#1041 = FACE_OUTER_BOUND ( 'NONE', #1316, .T. ) ;
#1042 = ORIENTED_EDGE ( 'NONE', *, *, #3827, .T. ) ;
#1043 = CARTESIAN_POINT ( 'NONE',  ( -11.40000000000040200, 16.82000000000000000, -7.849999999999999600 ) ) ;
#1044 = LINE ( 'NONE', #4600, #3953 ) ;
#1045 = CARTESIAN_POINT ( 'NONE',  ( 12.24959361958396000, -0.4300000000001086800, 5.129999999999999900 ) ) ;
#1047 = CARTESIAN_POINT ( 'NONE',  ( -12.50100116209270400, -0.2203094662514500100, -5.129999999999999900 ) ) ;
#1046 = CARTESIAN_POINT ( 'NONE',  ( -12.79669646790869900, -0.4647624511386099800, 5.129999999999999900 ) ) ;
#1048 = CARTESIAN_POINT ( 'NONE',  ( -12.90054052399946000, 0.07009548768148289600, -7.129999999999999900 ) ) ;
#1049 = DIRECTION ( 'NONE',  ( 1.000000000000000000, 0.0000000000000000000, 0.0000000000000000000 ) ) ;
#1051 = CARTESIAN_POINT ( 'NONE',  ( -6.949999999999999300, 11.70000000000000100, -12.40000000000000000 ) ) ;
#1050 = CARTESIAN_POINT ( 'NONE',  ( -0.5000000000000000000, 12.20000000000000100, 4.850000000000000500 ) ) ;
#1052 = CARTESIAN_POINT ( 'NONE',  ( 12.49962158695457300, -0.2228420785086278600, 7.129999999999999900 ) ) ;
#1053 = ORIENTED_EDGE ( 'NONE', *, *, #8484, .F. ) ;
#1054 = AXIS2_PLACEMENT_3D ( 'NONE', #5047, #2391, #6386 ) ;
#1055 = FACE_OUTER_BOUND ( 'NONE', #6895, .T. ) ;
#1056 = ORIENTED_EDGE ( 'NONE', *, *, #11, .T. ) ;
#1057 = AXIS2_PLACEMENT_3D ( 'NONE', #5987, #6661, #8019 ) ;
#1058 = VECTOR ( 'NONE', #1326, 1000.000000000000000 ) ;
#1059 = EDGE_LOOP ( 'NONE', ( #4579, #6687, #2487, #1099, #5250, #6172, #5271, #553, #4553, #4465, #6164, #7824 ) ) ;
#1060 = DIRECTION ( 'NONE',  ( 1.000000000000000000, 0.0000000000000000000, 0.0000000000000000000 ) ) ;
#1061 = DIRECTION ( 'NONE',  ( -0.0000000000000000000, 1.000000000000000000, -0.0000000000000000000 ) ) ;
#1062 = DIRECTION ( 'NONE',  ( -2.797941090285175100E-016, 0.0000000000000000000, -1.000000000000000000 ) ) ;
#1063 = EDGE_CURVE ( 'NONE', #6294, #3151, #6034, .T. ) ;
#1064 = VECTOR ( 'NONE', #6816, 1000.000000000000000 ) ;
#1065 = CARTESIAN_POINT ( 'NONE',  ( 4.950000000000399900, 12.20000000000000100, -4.850000000000000500 ) ) ;
#1066 = ORIENTED_EDGE ( 'NONE', *, *, #1754, .T. ) ;
#1067 = VERTEX_POINT ( 'NONE', #7873 ) ;
#1068 = DIRECTION ( 'NONE',  ( 1.000000000000000000, 0.0000000000000000000, 0.0000000000000000000 ) ) ;
#1069 = MECHANICAL_DESIGN_GEOMETRIC_PRESENTATION_REPRESENTATION (  '', ( #271 ), #5540 ) ;
#1070 = CARTESIAN_POINT ( 'NONE',  ( 10.16000000000000000, -0.6999999999999999600, 10.16000000000000000 ) ) ;
#1071 = COLOUR_RGB ( '',0.7490196078431372600, 0.7490196078431372600, 0.7490196078431372600 ) ;
#1072 = FILL_AREA_STYLE ('',( #2472 ) ) ;
#1073 = AXIS2_PLACEMENT_3D ( 'NONE', #5342, #5969, #7968 ) ;
#1074 = EDGE_CURVE ( 'NONE', #6743, #2633, #6447, .T. ) ;
#1075 =( BOUNDED_CURVE ( )  B_SPLINE_CURVE ( 3, ( #321, #3038, #3652, #4951 ),
 .UNSPECIFIED., .F., .F. ) 
 B_SPLINE_CURVE_WITH_KNOTS ( ( 4, 4 ),
 ( 4.712198005020320900, 6.283185307179586200 ),
 .UNSPECIFIED. ) 
 CURVE ( )  GEOMETRIC_REPRESENTATION_ITEM ( )  RATIONAL_B_SPLINE_CURVE ( ( 1.000000000000000000, 0.8046928386502628600, 0.8046928386502628600, 1.000000000000000000 ) ) 
 REPRESENTATION_ITEM ( '' )  );
#1077 = VECTOR ( 'NONE', #3619, 1000.000000000000000 ) ;
#1076 = DIRECTION ( 'NONE',  ( 3.388131789017135300E-016, -1.000000000000000000, 0.0000000000000000000 ) ) ;
#1078 = VERTEX_POINT ( 'NONE', #3888 ) ;
#1080 = DIRECTION ( 'NONE',  ( 0.0000000000000000000, 1.000000000000000000, 0.0000000000000000000 ) ) ;
#1079 = DIRECTION ( 'NONE',  ( 0.0000000000000000000, 0.0000000000000000000, 1.000000000000000000 ) ) ;
#1081 = DIRECTION ( 'NONE',  ( 1.000000000000000000, 0.0000000000000000000, 0.0000000000000000000 ) ) ;
#1082 = VECTOR ( 'NONE', #7063, 1000.000000000000000 ) ;
#1083 = DIRECTION ( 'NONE',  ( 0.0000000000000000000, 0.0000000000000000000, 1.000000000000000000 ) ) ;
#1085 = CARTESIAN_POINT ( 'NONE',  ( 11.86011120661946100, -0.7120816677289799600, 7.129999999999999900 ) ) ;
#1084 = DIRECTION ( 'NONE',  ( -1.000000000000000000, 0.0000000000000000000, 6.994852725712929000E-017 ) ) ;
#1086 = DIRECTION ( 'NONE',  ( 1.000000000000000000, 3.388131789017135300E-016, 0.0000000000000000000 ) ) ;
#1087 = EDGE_CURVE ( 'NONE', #7958, #1002, #3811, .T. ) ;
#1088 = CARTESIAN_POINT ( 'NONE',  ( 5.450000000000399900, 16.82000000000000000, -7.849999999999999600 ) ) ;
#1089 = VECTOR ( 'NONE', #2667, 1000.000000000000000 ) ;
#1090 = DIRECTION ( 'NONE',  ( 0.0000000000000000000, 0.0000000000000000000, 1.000000000000000000 ) ) ;
#1091 = CARTESIAN_POINT ( 'NONE',  ( 12.69999999999999900, 0.0000000000000000000, -12.69999999999999900 ) ) ;
#1092 = ORIENTED_EDGE ( 'NONE', *, *, #2966, .F. ) ;
#1093 = VERTEX_POINT ( 'NONE', #3108 ) ;
#1094 = AXIS2_PLACEMENT_3D ( 'NONE', #7626, #245, #3403 ) ;
#1095 = ORIENTED_EDGE ( 'NONE', *, *, #6493, .F. ) ;
#1096 = EDGE_CURVE ( 'NONE', #6776, #1238, #8556, .T. ) ;
#1097 = FACE_OUTER_BOUND ( 'NONE', #3113, .T. ) ;
#1098 = ORIENTED_EDGE ( 'NONE', *, *, #3713, .T. ) ;
#1099 = ORIENTED_EDGE ( 'NONE', *, *, #7767, .F. ) ;
#1100 = ORIENTED_EDGE ( 'NONE', *, *, #6556, .F. ) ;
#1101 = LINE ( 'NONE', #8294, #2264 ) ;
#1102 = CARTESIAN_POINT ( 'NONE',  ( -10.16000000000000000, -6.299999999999999800, 9.660000000000000100 ) ) ;
#1103 = DIRECTION ( 'NONE',  ( 2.834515483622235100E-016, 1.000000000000000000, 0.0000000000000000000 ) ) ;
#1104 = CARTESIAN_POINT ( 'NONE',  ( -11.70351619020334200, -0.4648426890406490200, -7.129999999999999900 ) ) ;
#1105 = PLANE ( 'NONE',  #7905 ) ;
#1107 = DIRECTION ( 'NONE',  ( 6.994852725712929000E-017, -0.0000000000000000000, 1.000000000000000000 ) ) ;
#1106 = CARTESIAN_POINT ( 'NONE',  ( 11.59959361958396000, 0.06999999999989130200, 7.400000000000000400 ) ) ;
#1108 = LINE ( 'NONE', #7085, #3804 ) ;
#1109 = ORIENTED_EDGE ( 'NONE', *, *, #7632, .F. ) ;
#1110 = EDGE_CURVE ( 'NONE', #7156, #8679, #1004, .T. ) ;
#1111 = ORIENTED_EDGE ( 'NONE', *, *, #322, .T. ) ;
#1112 = DIRECTION ( 'NONE',  ( 1.000000000000000000, 0.0000000000000000000, 0.0000000000000000000 ) ) ;
#1113 = CYLINDRICAL_SURFACE ( 'NONE', #1756, 0.5000000000000000000 ) ;
#1114 = DIRECTION ( 'NONE',  ( 0.0000000000000000000, -1.000000000000000000, 0.0000000000000000000 ) ) ;
#1115 = AXIS2_PLACEMENT_3D ( 'NONE', #8643, #7991, #3860 ) ;
#1116 = SURFACE_STYLE_USAGE ( .BOTH. , #3153 ) ;
#1117 = DIRECTION ( 'NONE',  ( 0.0000000000000000000, 0.0000000000000000000, -1.000000000000000000 ) ) ;
#1118 = DIRECTION ( 'NONE',  ( 0.0000000000000000000, 0.0000000000000000000, 1.000000000000000000 ) ) ;
#1119 = VERTEX_POINT ( 'NONE', #3774 ) ;
#1120 = DIRECTION ( 'NONE',  ( 0.0000000000000000000, 1.000000000000000000, 0.0000000000000000000 ) ) ;
#1121 = CYLINDRICAL_SURFACE ( 'NONE', #436, 0.5000000000000000000 ) ;
#1122 = EDGE_CURVE ( 'NONE', #8487, #8107, #4224, .T. ) ;
#1123 = FACE_OUTER_BOUND ( 'NONE', #215, .T. ) ;
#1124 = DIRECTION ( 'NONE',  ( 0.0000000000000000000, 0.0000000000000000000, 1.000000000000000000 ) ) ;
#1125 = CLOSED_SHELL ( 'NONE', ( #2869, #374, #7503, #7555, #1944, #2213, #303, #8120, #6286, #6938, #2764, #2447, #1854, #5520, #3850, #5737, #6320, #4286, #5608, #6114, #1881, #6408, #8710, #6981, #6902, #6222, #6666, #2336, #3989, #4054, #650, #973, #7865, #4976, #1603, #265, #7886, #4933, #4155, #4927, #3838, #7144, #3318, #4506, #1680, #3791, #7016, #6276, #1514, #637, #3666, #1334, #5617, #2303, #6310, #380, #5335, #4902, #299, #7242, #2902, #5568, #6496, #2527, #5922, #4196, #5667, #6736, #6449, #8231, #7370, #3051, #2600, #4313, #6054, #1145, #4312, #2649, #6941, #6691, #8537, #7533, #3181, #4562, #7722, #1639, #6883, #313, #2260, #8304, #6679, #1209, #4493, #5652, #294, #1561, #3278, #2497, #5311, #7636, #4753, #2696, #7603, #2129, #7676, #1650 ) ) ;
#1126 = VERTEX_POINT ( 'NONE', #2568 ) ;
#1127 = DIRECTION ( 'NONE',  ( 0.0000000000000000000, 0.0000000000000000000, 1.000000000000000000 ) ) ;
#1128 = AXIS2_PLACEMENT_3D ( 'NONE', #4030, #3916, #2075 ) ;
#1129 = VERTEX_POINT ( 'NONE', #1844 ) ;
#1130 = LINE ( 'NONE', #755, #5615 ) ;
#1131 = ORIENTED_EDGE ( 'NONE', *, *, #6672, .T. ) ;
#1132 = ORIENTED_EDGE ( 'NONE', *, *, #1317, .T. ) ;
#1133 = CARTESIAN_POINT ( 'NONE',  ( -12.49959361958396000, 11.96502041546510100, 7.400000000000000400 ) ) ;
#1134 = EDGE_LOOP ( 'NONE', ( #3880, #3582, #7303, #6126 ) ) ;
#1135 = EDGE_CURVE ( 'NONE', #1859, #4316, #2473, .T. ) ;
#1136 = DIRECTION ( 'NONE',  ( -2.098455817713879800E-016, -0.0000000000000000000, -1.000000000000000000 ) ) ;
#1137 = EDGE_CURVE ( 'NONE', #4217, #5323, #5720, .T. ) ;
#1138 = ORIENTED_EDGE ( 'NONE', *, *, #8167, .F. ) ;
#1139 = DIRECTION ( 'NONE',  ( 0.0000000000000000000, 0.0000000000000000000, 1.000000000000000000 ) ) ;
#1140 = ORIENTED_EDGE ( 'NONE', *, *, #8636, .F. ) ;
#1141 = VECTOR ( 'NONE', #1998, 1000.000000000000000 ) ;
#1142 = VECTOR ( 'NONE', #7983, 1000.000000000000000 ) ;
#1143 = DIRECTION ( 'NONE',  ( 1.000000000000000000, 0.0000000000000000000, 0.0000000000000000000 ) ) ;
#1144 = ORIENTED_EDGE ( 'NONE', *, *, #6337, .T. ) ;
#1145 = ADVANCED_FACE ( 'NONE', ( #4320 ), #2271, .T. ) ;
#1146 = ORIENTED_EDGE ( 'NONE', *, *, #967, .F. ) ;
#1147 = CARTESIAN_POINT ( 'NONE',  ( 12.79669646790869900, -0.4647624511386099800, -7.130000000000000800 ) ) ;
#1148 = ORIENTED_EDGE ( 'NONE', *, *, #1972, .T. ) ;
#1150 = CARTESIAN_POINT ( 'NONE',  ( 0.9974411843539829900, 11.70000000000000100, -7.849999999999999600 ) ) ;
#1149 = CARTESIAN_POINT ( 'NONE',  ( 12.40000000000000000, 11.19999999999999900, -12.40000000000000000 ) ) ;
#1151 = DIRECTION ( 'NONE',  ( 0.0000000000000000000, 0.0000000000000000000, 1.000000000000000000 ) ) ;
#1152 = EDGE_CURVE ( 'NONE', #422, #5365, #5808, .T. ) ;
#1153 = PLANE ( 'NONE',  #2945 ) ;
#1154 = VECTOR ( 'NONE', #1737, 1000.000000000000000 ) ;
#1155 = EDGE_LOOP ( 'NONE', ( #1248, #1230, #1056, #1479 ) ) ;
#1156 = CYLINDRICAL_SURFACE ( 'NONE', #2561, 1.400000000000000100 ) ;
#1157 = VERTEX_POINT ( 'NONE', #7264 ) ;
#1158 = CARTESIAN_POINT ( 'NONE',  ( -2.975469372650804800, 12.10000000000000000, -7.400000000000000400 ) ) ;
#1159 = LINE ( 'NONE', #4637, #3543 ) ;
#1160 = VECTOR ( 'NONE', #2595, 1000.000000000000000 ) ;
#1161 = LINE ( 'NONE', #6996, #1906 ) ;
#1162 = EDGE_CURVE ( 'NONE', #7731, #4757, #2577, .T. ) ;
#1163 = DIRECTION ( 'NONE',  ( 0.0000000000000000000, 1.000000000000000000, 0.0000000000000000000 ) ) ;
#1164 = SURFACE_SIDE_STYLE ('',( #4528 ) ) ;
#1165 = CARTESIAN_POINT ( 'NONE',  ( -12.64013774716952000, -0.7120244148728569500, -5.129999999999999900 ) ) ;
#1166 = ORIENTED_EDGE ( 'NONE', *, *, #1581, .F. ) ;
#1167 = CARTESIAN_POINT ( 'NONE',  ( 12.90054722849359900, 0.07009548768149509400, 7.400000000000000400 ) ) ;
#1168 = CARTESIAN_POINT ( 'NONE',  ( -0.5000000000000000000, 16.82000000000000000, -12.40000000000000000 ) ) ;
#1169 =( GEOMETRIC_REPRESENTATION_CONTEXT ( 3 ) GLOBAL_UNCERTAINTY_ASSIGNED_CONTEXT ( ( #5462 ) ) GLOBAL_UNIT_ASSIGNED_CONTEXT ( ( #782, #2171, #7458 ) ) REPRESENTATION_CONTEXT ( 'NONE', 'WORKASPACE' ) );
#1170 = AXIS2_PLACEMENT_3D ( 'NONE', #7091, #6400, #360 ) ;
#1171 = DIRECTION ( 'NONE',  ( 1.000000000000000000, 0.0000000000000000000, 0.0000000000000000000 ) ) ;
#1172 = ORIENTED_EDGE ( 'NONE', *, *, #4872, .T. ) ;
#1173 = CARTESIAN_POINT ( 'NONE',  ( 12.90054722849357900, -0.02124813592968395300, -7.130000000000000800 ) ) ;
#1174 = DIRECTION ( 'NONE',  ( 0.0000000000000000000, 0.01745240643728177300, 0.9998476951563912700 ) ) ;
#1175 = CARTESIAN_POINT ( 'NONE',  ( -12.90054052399946000, 0.07009548768148289600, 7.129999999999999900 ) ) ;
#1176 = EDGE_CURVE ( 'NONE', #5323, #4037, #8130, .T. ) ;
#1177 = DIRECTION ( 'NONE',  ( 1.000000000000000000, 0.0000000000000000000, 0.0000000000000000000 ) ) ;
#1178 =( BOUNDED_SURFACE ( )  B_SPLINE_SURFACE ( 3, 1, ( 
 ( #8255, #1644 ),
 ( #1672, #249 ),
 ( #1614, #5660 ),
 ( #277, #4208 ) ),
 .UNSPECIFIED., .F., .F., .F. ) 
 B_SPLINE_SURFACE_WITH_KNOTS ( ( 4, 4 ),
 ( 2, 2 ),
 ( 0.0000000000000000000, 1.000000000000000000 ),
 ( 0.0000000000000000000, 1.000000000000000000 ),
 .UNSPECIFIED. ) 
 GEOMETRIC_REPRESENTATION_ITEM ( )  RATIONAL_B_SPLINE_SURFACE ( (
 ( 1.000000000000000000, 1.000000000000000000),
 ( 0.8024656882795150300, 0.8024656882795150300),
 ( 0.8024656882795150300, 0.8024656882795150300),
 ( 1.000000000000000000, 1.000000000000000000) ) ) 
 REPRESENTATION_ITEM ( '' )  SURFACE ( )  );
#1179 = CIRCLE ( 'NONE', #1625, 0.5000000000000004400 ) ;
#1181 = EDGE_LOOP ( 'NONE', ( #5732, #1339, #3837, #7550 ) ) ;
#1180 = ADVANCED_FACE ( 'NONE', ( #786 ), #8640, .T. ) ;
#1182 =( GEOMETRIC_REPRESENTATION_CONTEXT ( 3 ) GLOBAL_UNCERTAINTY_ASSIGNED_CONTEXT ( ( #3266 ) ) GLOBAL_UNIT_ASSIGNED_CONTEXT ( ( #5088, #5864, #2538 ) ) REPRESENTATION_CONTEXT ( 'NONE', 'WORKASPACE' ) );
#1183 = VECTOR ( 'NONE', #8475, 1000.000000000000000 ) ;
#1184 = DIRECTION ( 'NONE',  ( 0.0000000000000000000, 0.0000000000000000000, 1.000000000000000000 ) ) ;
#1185 = DIRECTION ( 'NONE',  ( 0.0000000000000000000, 0.7071067811865531200, 0.7071067811865420200 ) ) ;
#1186 = ADVANCED_FACE ( 'NONE', ( #1853 ), #467, .T. ) ;
#1187 = VECTOR ( 'NONE', #1249, 1000.000000000000000 ) ;
#1188 = EDGE_CURVE ( 'NONE', #6501, #7132, #7594, .T. ) ;
#1189 = VECTOR ( 'NONE', #3928, 1000.000000000000000 ) ;
#1190 = CARTESIAN_POINT ( 'NONE',  ( -5.450000000000399900, 12.20000000000000100, -12.40000000000000000 ) ) ;
#1191 = DIRECTION ( 'NONE',  ( 0.0000000000000000000, 0.0000000000000000000, -1.000000000000000000 ) ) ;
#1192 = SURFACE_SIDE_STYLE ('',( #3731 ) ) ;
#1193 = CARTESIAN_POINT ( 'NONE',  ( 12.90054052399948000, 11.96513699471034000, -7.400000000000000400 ) ) ;
#1195 = CARTESIAN_POINT ( 'NONE',  ( -10.90000000000000000, 11.19999999999999900, -12.40000000000000000 ) ) ;
#1194 = CARTESIAN_POINT ( 'NONE',  ( 11.61354585139582000, 7.810471443862431000, -11.61354585139582000 ) ) ;
#1196 =( GEOMETRIC_REPRESENTATION_CONTEXT ( 3 ) GLOBAL_UNCERTAINTY_ASSIGNED_CONTEXT ( ( #6272 ) ) GLOBAL_UNIT_ASSIGNED_CONTEXT ( ( #643, #5330, #93 ) ) REPRESENTATION_CONTEXT ( 'NONE', 'WORKASPACE' ) );
#1197 = ORIENTED_EDGE ( 'NONE', *, *, #1808, .F. ) ;
#1198 = LINE ( 'NONE', #4685, #6418 ) ;
#1199 = EDGE_CURVE ( 'NONE', #4876, #7374, #5387, .T. ) ;
#1200 = ORIENTED_EDGE ( 'NONE', *, *, #187, .T. ) ;
#1201 = EDGE_LOOP ( 'NONE', ( #5909, #1430, #4480, #7101, #5443, #1762 ) ) ;
#1202 = CARTESIAN_POINT ( 'NONE',  ( 12.90054052399948000, 0.07009548768148118900, -7.130000000000000800 ) ) ;
#1203 = CARTESIAN_POINT ( 'NONE',  ( 12.90054722849359900, 0.07009548768149509400, 4.859999999999999400 ) ) ;
#1204 = EDGE_LOOP ( 'NONE', ( #6159, #41, #3636, #6665 ) ) ;
#1206 = DIRECTION ( 'NONE',  ( 0.0000000000000000000, 0.0000000000000000000, -1.000000000000000000 ) ) ;
#1205 = CARTESIAN_POINT ( 'NONE',  ( 12.90054052399948000, 0.07009548768148289600, -7.400000000000000400 ) ) ;
#1207 = FACE_OUTER_BOUND ( 'NONE', #7831, .T. ) ;
#1208 = AXIS2_PLACEMENT_3D ( 'NONE', #5240, #3373, #7261 ) ;
#1209 = ADVANCED_FACE ( 'NONE', ( #6763 ), #5876, .T. ) ;
#1210 = CIRCLE ( 'NONE', #3762, 0.1999999999999883800 ) ;
#1211 = VERTEX_POINT ( 'NONE', #6000 ) ;
#1212 = CARTESIAN_POINT ( 'NONE',  ( -5.450000000000399900, 12.20000000000000100, 7.849999999999999600 ) ) ;
#1213 = ORIENTED_EDGE ( 'NONE', *, *, #1894, .F. ) ;
#1214 = DIRECTION ( 'NONE',  ( 2.797941090285175100E-016, -0.0000000000000000000, 1.000000000000000000 ) ) ;
#1215 = VECTOR ( 'NONE', #7596, 1000.000000000000000 ) ;
#1216 = DIRECTION ( 'NONE',  ( 0.0000000000000000000, 0.0000000000000000000, -1.000000000000000000 ) ) ;
#1217 = VERTEX_POINT ( 'NONE', #4659 ) ;
#1218 = AXIS2_PLACEMENT_3D ( 'NONE', #7341, #3335, #1329 ) ;
#1219 = VERTEX_POINT ( 'NONE', #8651 ) ;
#1220 = AXIS2_PLACEMENT_3D ( 'NONE', #5198, #2871, #6176 ) ;
#1221 = CARTESIAN_POINT ( 'NONE',  ( -12.90054052399948000, 0.07009548768148289600, 4.859999999999999400 ) ) ;
#1222 = CARTESIAN_POINT ( 'NONE',  ( 12.40000000000000000, 11.70000000000000100, -7.849999999999999600 ) ) ;
#1223 = CARTESIAN_POINT ( 'NONE',  ( -11.59959361958396000, 0.06999999999988960900, -5.129999999999999900 ) ) ;
#1224 = VERTEX_POINT ( 'NONE', #1891 ) ;
#1225 = CARTESIAN_POINT ( 'NONE',  ( -11.59959361958396000, 0.06999999999988960900, 7.130000000000000800 ) ) ;
#1226 = CARTESIAN_POINT ( 'NONE',  ( -5.450000000000399900, 12.20000000000000100, -12.40000000000000000 ) ) ;
#1227 = DIRECTION ( 'NONE',  ( 0.0000000000000000000, 0.0000000000000000000, 1.000000000000000000 ) ) ;
#1228 = LINE ( 'NONE', #1949, #1328 ) ;
#1229 = EDGE_CURVE ( 'NONE', #1563, #5080, #7174, .T. ) ;
#1230 = ORIENTED_EDGE ( 'NONE', *, *, #5722, .T. ) ;
#1231 = FACE_OUTER_BOUND ( 'NONE', #5967, .T. ) ;
#1232 = AXIS2_PLACEMENT_3D ( 'NONE', #4527, #4560, #3919 ) ;
#1234 = CARTESIAN_POINT ( 'NONE',  ( -12.39715936418299900, -0.4300000000001087400, -7.129999999999999900 ) ) ;
#1233 = CARTESIAN_POINT ( 'NONE',  ( 12.40000000000000000, 11.70000000000000100, 7.849999999999999600 ) ) ;
#1236 = CARTESIAN_POINT ( 'NONE',  ( 2.975469372650890100, 12.10000000000000000, 7.400000000000000400 ) ) ;
#1235 = CARTESIAN_POINT ( 'NONE',  ( 6.949999999999999300, 12.20000000000000100, -12.40000000000000000 ) ) ;
#1237 = ORIENTED_EDGE ( 'NONE', *, *, #4061, .T. ) ;
#1238 = VERTEX_POINT ( 'NONE', #3925 ) ;
#1239 = LINE ( 'NONE', #7725, #7199 ) ;
#1240 = ORIENTED_EDGE ( 'NONE', *, *, #2610, .F. ) ;
#1241 = EDGE_CURVE ( 'NONE', #402, #4219, #53, .T. ) ;
#1242 = DIRECTION ( 'NONE',  ( -1.636531581110199900E-015, 0.0000000000000000000, -1.000000000000000000 ) ) ;
#1243 = VECTOR ( 'NONE', #8435, 1000.000000000000000 ) ;
#1244 = VECTOR ( 'NONE', #2185, 1000.000000000000000 ) ;
#1245 = ORIENTED_EDGE ( 'NONE', *, *, #4399, .T. ) ;
#1246 = CARTESIAN_POINT ( 'NONE',  ( 12.49959361958396000, 11.96502041546510100, 4.859999999999999400 ) ) ;
#1247 = ORIENTED_EDGE ( 'NONE', *, *, #2298, .T. ) ;
#1248 = ORIENTED_EDGE ( 'NONE', *, *, #8156, .F. ) ;
#1249 = DIRECTION ( 'NONE',  ( -0.0000000000000000000, -0.0000000000000000000, -1.000000000000000000 ) ) ;
#1250 = FACE_OUTER_BOUND ( 'NONE', #6473, .T. ) ;
#1251 = CARTESIAN_POINT ( 'NONE',  ( 5.450000000000399900, 16.82000000000000000, 12.40000000000000000 ) ) ;
#1252 = CARTESIAN_POINT ( 'NONE',  ( 0.9974411843539802100, 12.19744118435426100, 4.850000000000000500 ) ) ;
#1254 = ORIENTED_EDGE ( 'NONE', *, *, #3827, .F. ) ;
#1253 = CARTESIAN_POINT ( 'NONE',  ( -12.69999999999999900, -0.6999999999999999600, 4.500000000000000000 ) ) ;
#1255 = CARTESIAN_POINT ( 'NONE',  ( 0.0000000000000000000, 16.82000000000000000, -12.40000000000000000 ) ) ;
#1256 = EDGE_CURVE ( 'NONE', #594, #5831, #8212, .T. ) ;
#1257 = ORIENTED_EDGE ( 'NONE', *, *, #67, .T. ) ;
#1258 = VECTOR ( 'NONE', #2552, 1000.000000000000000 ) ;
#1259 = ORIENTED_EDGE ( 'NONE', *, *, #5292, .F. ) ;
#1260 = VECTOR ( 'NONE', #4832, 1000.000000000000000 ) ;
#1261 = LINE ( 'NONE', #6338, #1782 ) ;
#1262 = CARTESIAN_POINT ( 'NONE',  ( -0.5000000000000000000, 12.20000000000000100, 4.850000000000000500 ) ) ;
#1263 = ORIENTED_EDGE ( 'NONE', *, *, #5772, .T. ) ;
#1264 = DIRECTION ( 'NONE',  ( 0.0000000000000000000, 0.0000000000000000000, -1.000000000000000000 ) ) ;
#1265 = DIRECTION ( 'NONE',  ( -3.273063162220390300E-016, 0.0000000000000000000, 1.000000000000000000 ) ) ;
#1266 = CARTESIAN_POINT ( 'NONE',  ( 0.0000000000000000000, 17.32000000000000000, -12.40000000000000000 ) ) ;
#1267 = EDGE_CURVE ( 'NONE', #3044, #1995, #6962, .T. ) ;
#1268 = ORIENTED_EDGE ( 'NONE', *, *, #5175, .F. ) ;
#1270 = DIRECTION ( 'NONE',  ( 1.000000000000000000, 0.0000000000000000000, 0.0000000000000000000 ) ) ;
#1269 = DIRECTION ( 'NONE',  ( 0.0000000000000000000, 0.0000000000000000000, -1.000000000000000000 ) ) ;
#1271 = CIRCLE ( 'NONE', #827, 0.4974411843543769500 ) ;
#1272 = DIRECTION ( 'NONE',  ( -0.0000000000000000000, 1.000000000000000000, -0.0000000000000000000 ) ) ;
#1273 = LINE ( 'NONE', #5385, #7230 ) ;
#1274 = VERTEX_POINT ( 'NONE', #2007 ) ;
#1275 = ORIENTED_EDGE ( 'NONE', *, *, #4952, .F. ) ;
#1276 = EDGE_CURVE ( 'NONE', #2800, #5165, #4748, .T. ) ;
#1277 = CARTESIAN_POINT ( 'NONE',  ( 12.39715936418300000, -0.4300000000001086800, -7.129999999999999900 ) ) ;
#1279 = LINE ( 'NONE', #982, #7985 ) ;
#1278 = DIRECTION ( 'NONE',  ( 1.000000000000000000, 0.0000000000000000000, 0.0000000000000000000 ) ) ;
#1280 = DIRECTION ( 'NONE',  ( 6.911248908274129400E-017, -1.700684710587305000E-034, 1.000000000000000000 ) ) ;
#1281 = DIRECTION ( 'NONE',  ( 1.000000000000000000, 0.0000000000000000000, 0.0000000000000000000 ) ) ;
#1282 = DIRECTION ( 'NONE',  ( -0.01744974916067939400, 0.9996954598818875700, 0.01744974916067939400 ) ) ;
#1283 = ORIENTED_EDGE ( 'NONE', *, *, #5336, .F. ) ;
#1284 = SURFACE_STYLE_FILL_AREA ( #4561 ) ;
#1285 = CARTESIAN_POINT ( 'NONE',  ( 12.40000000000000000, 16.82000000000000000, -4.850000000000000500 ) ) ;
#1286 = AXIS2_PLACEMENT_3D ( 'NONE', #6068, #6741, #7978 ) ;
#1287 = FACE_OUTER_BOUND ( 'NONE', #65, .T. ) ;
#1288 = ORIENTED_EDGE ( 'NONE', *, *, #4221, .T. ) ;
#1289 = AXIS2_PLACEMENT_3D ( 'NONE', #3488, #6228, #814 ) ;
#1290 = DIRECTION ( 'NONE',  ( -1.000000000000000000, -4.372213365170680100E-016, 0.0000000000000000000 ) ) ;
#1291 = VECTOR ( 'NONE', #6760, 1000.000000000000000 ) ;
#1292 = DIRECTION ( 'NONE',  ( -1.000000000000000000, 0.0000000000000000000, 2.098455817713879800E-016 ) ) ;
#1293 = DIRECTION ( 'NONE',  ( 0.0000000000000000000, 0.0000000000000000000, -1.000000000000000000 ) ) ;
#1294 = EDGE_CURVE ( 'NONE', #4222, #7763, #4534, .T. ) ;
#1296 = DIRECTION ( 'NONE',  ( 0.0000000000000000000, -1.000000000000000000, 0.0000000000000000000 ) ) ;
#1295 = CARTESIAN_POINT ( 'NONE',  ( 12.55000000000000100, 0.0000000000000000000, -12.55000000000000100 ) ) ;
#1297 = ADVANCED_FACE ( 'NONE', ( #7377 ), #4634, .F. ) ;
#1298 = AXIS2_PLACEMENT_3D ( 'NONE', #6756, #6780, #5507 ) ;
#1299 = LINE ( 'NONE', #3903, #1189 ) ;
#1300 = DIRECTION ( 'NONE',  ( 0.0000000000000000000, 1.000000000000000000, 0.0000000000000000000 ) ) ;
#1301 = VECTOR ( 'NONE', #7869, 1000.000000000000000 ) ;
#1302 = DIRECTION ( 'NONE',  ( -1.000000000000000000, 0.0000000000000000000, 0.0000000000000000000 ) ) ;
#1303 = ORIENTED_EDGE ( 'NONE', *, *, #6654, .F. ) ;
#1304 = EDGE_CURVE ( 'NONE', #6547, #4018, #8233, .T. ) ;
#1305 = PRESENTATION_LAYER_ASSIGNMENT (  '', '', ( #5947 ) ) ;
#1306 = ORIENTED_EDGE ( 'NONE', *, *, #4507, .T. ) ;
#1307 = CIRCLE ( 'NONE', #7549, 0.8000000000000003800 ) ;
#1308 = CARTESIAN_POINT ( 'NONE',  ( -11.69959361958395900, 11.96502041546510100, 7.400000000000000400 ) ) ;
#1309 = CARTESIAN_POINT ( 'NONE',  ( 12.41342400751739900, 7.824433369012191400, -12.55000000000000100 ) ) ;
#1310 = DIRECTION ( 'NONE',  ( 0.0000000000000000000, 0.0000000000000000000, 1.000000000000000000 ) ) ;
#1311 = CARTESIAN_POINT ( 'NONE',  ( 12.31218441130240900, 8.373045942747863200, -12.31218441130240900 ) ) ;
#1312 = DIRECTION ( 'NONE',  ( 1.000000000000000000, 0.0000000000000000000, 0.0000000000000000000 ) ) ;
#1313 = DIRECTION ( 'NONE',  ( -1.000000000000000000, -4.372213365170680100E-016, 0.0000000000000000000 ) ) ;
#1314 = ORIENTED_EDGE ( 'NONE', *, *, #1530, .F. ) ;
#1315 = AXIS2_PLACEMENT_3D ( 'NONE', #3220, #5236, #6564 ) ;
#1316 = EDGE_LOOP ( 'NONE', ( #1247, #8409, #2064, #5838 ) ) ;
#1317 = EDGE_CURVE ( 'NONE', #4674, #2397, #671, .T. ) ;
#1318 = CIRCLE ( 'NONE', #5031, 0.5000000000000004400 ) ;
#1319 = CARTESIAN_POINT ( 'NONE',  ( -12.90054052399948000, 11.96513699471034000, 7.400000000000000400 ) ) ;
#1320 = ORIENTED_EDGE ( 'NONE', *, *, #6965, .T. ) ;
#1321 = DIRECTION ( 'NONE',  ( 0.0000000000000000000, 0.0000000000000000000, 1.000000000000000000 ) ) ;
#1322 = CARTESIAN_POINT ( 'NONE',  ( 11.60183876112578000, 12.75902544545034100, 7.400000000000000400 ) ) ;
#1323 = DIRECTION ( 'NONE',  ( 1.000000000000000000, 0.0000000000000000000, 0.0000000000000000000 ) ) ;
#1324 = ORIENTED_EDGE ( 'NONE', *, *, #7251, .T. ) ;
#1325 = ORIENTED_EDGE ( 'NONE', *, *, #8219, .F. ) ;
#1326 = DIRECTION ( 'NONE',  ( -0.01744974916067939400, 0.9996954598818875700, -0.01744974916067939400 ) ) ;
#1327 = ORIENTED_EDGE ( 'NONE', *, *, #34, .F. ) ;
#1328 = VECTOR ( 'NONE', #7250, 1000.000000000000000 ) ;
#1329 = DIRECTION ( 'NONE',  ( 0.0000000000000000000, 0.0000000000000000000, 1.000000000000000000 ) ) ;
#1330 = CARTESIAN_POINT ( 'NONE',  ( 5.950000000000000200, 16.82000000000000000, -12.40000000000000000 ) ) ;
#1331 = EDGE_CURVE ( 'NONE', #52, #1119, #1633, .T. ) ;
#1332 = VERTEX_POINT ( 'NONE', #1322 ) ;
#1333 = AXIS2_PLACEMENT_3D ( 'NONE', #7539, #4234, #1469 ) ;
#1334 = ADVANCED_FACE ( 'NONE', ( #5590 ), #7798, .T. ) ;
#1335 = ORIENTED_EDGE ( 'NONE', *, *, #2095, .T. ) ;
#1336 = CARTESIAN_POINT ( 'NONE',  ( -11.55390823631167900, 13.15614453969378100, -7.400000000000000400 ) ) ;
#1337 = DIRECTION ( 'NONE',  ( -1.000000000000000000, 0.0000000000000000000, 0.0000000000000000000 ) ) ;
#1338 = CARTESIAN_POINT ( 'NONE',  ( -12.40000000000000000, 11.70000000000000100, -7.849999999999999600 ) ) ;
#1339 = ORIENTED_EDGE ( 'NONE', *, *, #8234, .T. ) ;
#1341 = CARTESIAN_POINT ( 'NONE',  ( 11.40000000000040200, 16.82000000000000000, -12.40000000000000000 ) ) ;
#1340 = CARTESIAN_POINT ( 'NONE',  ( 5.950000000000399900, 17.32000000000000000, 12.40000000000000000 ) ) ;
#1342 = EDGE_CURVE ( 'NONE', #8692, #1950, #3492, .T. ) ;
#1343 =( BOUNDED_CURVE ( )  B_SPLINE_CURVE ( 3, ( #1712, #7762, #7047, #2387 ),
 .UNSPECIFIED., .F., .T. ) 
 B_SPLINE_CURVE_WITH_KNOTS ( ( 4, 4 ),
 ( 4.712198005020339600, 6.283185307179586200 ),
 .UNSPECIFIED. ) 
 CURVE ( )  GEOMETRIC_REPRESENTATION_ITEM ( )  RATIONAL_B_SPLINE_CURVE ( ( 1.000000000000000000, 0.8046928386502671900, 0.8046928386502671900, 1.000000000000000000 ) ) 
 REPRESENTATION_ITEM ( '' )  );
#1344 = VERTEX_POINT ( 'NONE', #2060 ) ;
#1345 = ORIENTED_EDGE ( 'NONE', *, *, #6995, .T. ) ;
#1346 = CARTESIAN_POINT ( 'NONE',  ( 0.4999999999996019900, 16.82000000000000000, -12.40000000000000000 ) ) ;
#1347 = MECHANICAL_DESIGN_GEOMETRIC_PRESENTATION_REPRESENTATION (  '', ( #7790 ), #1182 ) ;
#1348 = ORIENTED_EDGE ( 'NONE', *, *, #2311, .T. ) ;
#1350 =( NAMED_UNIT ( * ) SI_UNIT ( $, .STERADIAN. ) SOLID_ANGLE_UNIT ( ) );
#1349 = DIRECTION ( 'NONE',  ( 0.0000000000000000000, 1.000000000000000000, 0.0000000000000000000 ) ) ;
#1351 = SURFACE_SIDE_STYLE ('',( #883 ) ) ;
#1352 = DIRECTION ( 'NONE',  ( 0.1221935730727325700, -0.9925062874862399200, 0.0000000000000000000 ) ) ;
#1353 = VECTOR ( 'NONE', #5928, 1000.000000000000000 ) ;
#1354 = ORIENTED_EDGE ( 'NONE', *, *, #2020, .T. ) ;
#1356 = CARTESIAN_POINT ( 'NONE',  ( -11.46188084980384600, 8.735040084441887800, -12.05953900380488100 ) ) ;
#1355 = DIRECTION ( 'NONE',  ( 0.0000000000000000000, 0.0000000000000000000, 1.000000000000000000 ) ) ;
#1357 = LINE ( 'NONE', #6971, #5202 ) ;
#1358 = VECTOR ( 'NONE', #4957, 1000.000000000000000 ) ;
#1359 = ORIENTED_EDGE ( 'NONE', *, *, #1096, .T. ) ;
#1360 = VERTEX_POINT ( 'NONE', #108 ) ;
#1361 = EDGE_CURVE ( 'NONE', #4547, #3377, #3706, .T. ) ;
#1362 = ORIENTED_EDGE ( 'NONE', *, *, #6384, .F. ) ;
#1363 = FACE_OUTER_BOUND ( 'NONE', #4477, .T. ) ;
#1365 = LINE ( 'NONE', #7781, #6482 ) ;
#1364 =( LENGTH_UNIT ( ) NAMED_UNIT ( * ) SI_UNIT ( .MILLI., .METRE. ) );
#1366 = ORIENTED_EDGE ( 'NONE', *, *, #1993, .F. ) ;
#1367 = AXIS2_PLACEMENT_3D ( 'NONE', #3769, #4382, #4403 ) ;
#1368 = CIRCLE ( 'NONE', #3720, 0.4999999999999995600 ) ;
#1369 = ORIENTED_EDGE ( 'NONE', *, *, #5499, .F. ) ;
#1370 = ORIENTED_EDGE ( 'NONE', *, *, #4093, .T. ) ;
#1371 = DIRECTION ( 'NONE',  ( -3.388131789017135300E-016, 1.000000000000000000, 0.0000000000000000000 ) ) ;
#1372 =( LENGTH_UNIT ( ) NAMED_UNIT ( * ) SI_UNIT ( .MILLI., .METRE. ) );
#1373 = EDGE_CURVE ( 'NONE', #7356, #2872, #6651, .T. ) ;
#1374 =( LENGTH_UNIT ( ) NAMED_UNIT ( * ) SI_UNIT ( .MILLI., .METRE. ) );
#1375 = CARTESIAN_POINT ( 'NONE',  ( -11.99959362185762000, 0.07004762192026201000, 7.129999999999999900 ) ) ;
#1376 = CIRCLE ( 'NONE', #8248, 1.199999999999999700 ) ;
#1377 = SURFACE_STYLE_FILL_AREA ( #1901 ) ;
#1378 = DIRECTION ( 'NONE',  ( -1.000000000000000000, 0.0000000000000000000, 0.0000000000000000000 ) ) ;
#1379 = VERTEX_POINT ( 'NONE', #1409 ) ;
#1380 = CARTESIAN_POINT ( 'NONE',  ( 4.950000000000399900, 12.20000000000000100, -12.40000000000000000 ) ) ;
#1381 = CARTESIAN_POINT ( 'NONE',  ( -12.90054052399948000, 0.07009548768148289600, 7.400000000000000400 ) ) ;
#1383 =( NAMED_UNIT ( * ) SI_UNIT ( $, .STERADIAN. ) SOLID_ANGLE_UNIT ( ) );
#1382 = CARTESIAN_POINT ( 'NONE',  ( -3.000000000000000000, 11.70000000000000100, -4.859999999999999400 ) ) ;
#1384 = EDGE_CURVE ( 'NONE', #616, #1629, #7165, .T. ) ;
#1386 = CARTESIAN_POINT ( 'NONE',  ( -12.26091485687521200, 8.485498901988705700, -12.26091485687521400 ) ) ;
#1385 = DIRECTION ( 'NONE',  ( 0.0000000000000000000, 0.0000000000000000000, 1.000000000000000000 ) ) ;
#1387 = CIRCLE ( 'NONE', #92, 0.5000000000000000000 ) ;
#1388 = VERTEX_POINT ( 'NONE', #7390 ) ;
#1389 = ORIENTED_EDGE ( 'NONE', *, *, #2495, .T. ) ;
#1390 = CARTESIAN_POINT ( 'NONE',  ( -10.16000000000000000, -6.299999999999999800, 0.0000000000000000000 ) ) ;
#1391 = FILL_AREA_STYLE ('',( #5378 ) ) ;
#1392 = CONICAL_SURFACE ( 'NONE', #4443, 0.1999999999999883800, 0.7853981633974518300 ) ;
#1393 = ORIENTED_EDGE ( 'NONE', *, *, #2816, .T. ) ;
#1394 = CARTESIAN_POINT ( 'NONE',  ( 12.22030110306535600, 8.515662474953455100, -11.53077889234442700 ) ) ;
#1395 = FACE_OUTER_BOUND ( 'NONE', #3325, .T. ) ;
#1396 = EDGE_CURVE ( 'NONE', #2104, #2283, #1318, .T. ) ;
#1397 = SURFACE_STYLE_USAGE ( .BOTH. , #677 ) ;
#1398 = CARTESIAN_POINT ( 'NONE',  ( 5.450000000000399900, 12.20000000000000100, 7.849999999999999600 ) ) ;
#1399 = LINE ( 'NONE', #4551, #1187 ) ;
#1400 = AXIS2_PLACEMENT_3D ( 'NONE', #873, #4281, #5555 ) ;
#1401 = EDGE_LOOP ( 'NONE', ( #2448, #4239, #7421, #4669, #8273, #7282, #4100 ) ) ;
#1402 = ADVANCED_FACE ( 'NONE', ( #252 ), #5395, .F. ) ;
#1403 = ORIENTED_EDGE ( 'NONE', *, *, #1267, .T. ) ;
#1404 = CARTESIAN_POINT ( 'NONE',  ( -10.16000000000000000, -6.299999999999999800, 0.5000000000000000000 ) ) ;
#1405 = DIRECTION ( 'NONE',  ( -0.0000000000000000000, -0.0000000000000000000, -1.000000000000000000 ) ) ;
#1406 = VERTEX_POINT ( 'NONE', #4122 ) ;
#1408 = CARTESIAN_POINT ( 'NONE',  ( 12.40979259415271900, 7.980704862222860500, 12.40979259415271900 ) ) ;
#1407 = DIRECTION ( 'NONE',  ( 0.0000000000000000000, 0.0000000000000000000, -1.000000000000000000 ) ) ;
#1409 = CARTESIAN_POINT ( 'NONE',  ( -10.16000000000000000, -0.6999999999999999600, -0.5000000000000000000 ) ) ;
#1410 = DIRECTION ( 'NONE',  ( 0.0000000000000000000, 0.0000000000000000000, 1.000000000000000000 ) ) ;
#1411 = EDGE_CURVE ( 'NONE', #2104, #8136, #3796, .T. ) ;
#1412 = ORIENTED_EDGE ( 'NONE', *, *, #3561, .F. ) ;
#1414 = CARTESIAN_POINT ( 'NONE',  ( -11.55390823631167900, 13.15614453969378100, -4.859999999999999400 ) ) ;
#1413 = DIRECTION ( 'NONE',  ( 3.388131789017135300E-016, -1.000000000000000000, 0.0000000000000000000 ) ) ;
#1415 = LINE ( 'NONE', #4499, #1301 ) ;
#1416 = MECHANICAL_DESIGN_GEOMETRIC_PRESENTATION_REPRESENTATION (  '', ( #2543 ), #5614 ) ;
#1417 = ORIENTED_EDGE ( 'NONE', *, *, #7605, .T. ) ;
#1418 = VERTEX_POINT ( 'NONE', #7480 ) ;
#1419 = CARTESIAN_POINT ( 'NONE',  ( -12.33571331699211300, 8.269388219921006900, 11.58024126974192000 ) ) ;
#1420 = ORIENTED_EDGE ( 'NONE', *, *, #5593, .F. ) ;
#1421 = CARTESIAN_POINT ( 'NONE',  ( 11.61683953726132000, -0.2054565999144494800, -7.129999999999999900 ) ) ;
#1422 = EDGE_CURVE ( 'NONE', #2499, #3033, #3074, .T. ) ;
#1423 = AXIS2_PLACEMENT_3D ( 'NONE', #3872, #658, #6553 ) ;
#1424 = VECTOR ( 'NONE', #4270, 1000.000000000000000 ) ;
#1425 = ORIENTED_EDGE ( 'NONE', *, *, #34, .T. ) ;
#1426 = VERTEX_POINT ( 'NONE', #4074 ) ;
#1427 = ADVANCED_FACE ( 'NONE', ( #4848 ), #4009, .T. ) ;
#1428 = VERTEX_POINT ( 'NONE', #278 ) ;
#1429 = CARTESIAN_POINT ( 'NONE',  ( 10.16000000000000000, -6.299999999999999800, 2.540000000000000000 ) ) ;
#1430 = ORIENTED_EDGE ( 'NONE', *, *, #4362, .F. ) ;
#1431 = CARTESIAN_POINT ( 'NONE',  ( -11.59960032407806100, -0.02134362361127549800, 7.129999999999999900 ) ) ;
#1432 = DIRECTION ( 'NONE',  ( 0.0000000000000000000, 0.7071067811865450200, 0.7071067811865500200 ) ) ;
#1433 = VECTOR ( 'NONE', #1265, 1000.000000000000000 ) ;
#1434 = PRESENTATION_LAYER_ASSIGNMENT (  '', '', ( #7584 ) ) ;
#1435 = FACE_OUTER_BOUND ( 'NONE', #381, .T. ) ;
#1436 = EDGE_CURVE ( 'NONE', #3328, #1379, #459, .T. ) ;
#1437 = CARTESIAN_POINT ( 'NONE',  ( -12.49959361958396000, 0.06999999999989130200, -4.859999999999999400 ) ) ;
#1438 = CARTESIAN_POINT ( 'NONE',  ( 12.49962158695457300, -0.2228420785086275600, 5.130000000000000800 ) ) ;
#1439 = ORIENTED_EDGE ( 'NONE', *, *, #4409, .T. ) ;
#1440 = FACE_OUTER_BOUND ( 'NONE', #941, .T. ) ;
#1442 = CARTESIAN_POINT ( 'NONE',  ( 12.14317860656272400, 8.677184872611038100, 12.14317860656268700 ) ) ;
#1441 = CARTESIAN_POINT ( 'NONE',  ( 10.16000000000000000, -6.299999999999999800, -10.16000000000000000 ) ) ;
#1443 = CARTESIAN_POINT ( 'NONE',  ( 5.450000000000399900, 16.82000000000000000, -4.850000000000000500 ) ) ;
#1445 = DIRECTION ( 'NONE',  ( -0.9925062874861873000, 0.1221935730731606400, 0.0000000000000000000 ) ) ;
#1444 = FILL_AREA_STYLE ('',( #6141 ) ) ;
#1446 = EDGE_LOOP ( 'NONE', ( #2248, #7766, #7993, #184, #3150, #393, #5015, #2444, #4494, #4916, #7472, #5224, #4898, #7586, #6439, #7317, #2366, #6323, #7087, #6559, #6434, #4447, #1660, #2925, #7578, #4079, #4846, #7860, #718, #5116, #4909, #5374, #1034, #8694, #3737 ) ) ;
#1447 = ORIENTED_EDGE ( 'NONE', *, *, #86, .F. ) ;
#1448 = LINE ( 'NONE', #5631, #377 ) ;
#1449 = CARTESIAN_POINT ( 'NONE',  ( -11.61354585139579700, 7.824433369012192300, 12.41342400751740600 ) ) ;
#1450 = FACE_BOUND ( 'NONE', #6261, .T. ) ;
#1451 = EDGE_LOOP ( 'NONE', ( #8328, #3486, #6383, #6144 ) ) ;
#1452 = DIRECTION ( 'NONE',  ( -2.073374672482239900E-016, -0.0000000000000000000, -1.000000000000000000 ) ) ;
#1453 = EDGE_CURVE ( 'NONE', #5205, #1027, #6860, .T. ) ;
#1454 = ORIENTED_EDGE ( 'NONE', *, *, #1162, .T. ) ;
#1455 = ORIENTED_EDGE ( 'NONE', *, *, #2728, .T. ) ;
#1456 = AXIS2_PLACEMENT_3D ( 'NONE', #5700, #2357, #1003 ) ;
#1457 = AXIS2_PLACEMENT_3D ( 'NONE', #2347, #6362, #6305 ) ;
#1458 = LINE ( 'NONE', #5054, #5836 ) ;
#1459 = CARTESIAN_POINT ( 'NONE',  ( 12.69999999999999900, -0.6999999999999999600, -4.500000000000000000 ) ) ;
#1460 =( BOUNDED_CURVE ( )  B_SPLINE_CURVE ( 3, ( #6483, #7178, #4522, #6606 ),
 .UNSPECIFIED., .F., .F. ) 
 B_SPLINE_CURVE_WITH_KNOTS ( ( 4, 4 ),
 ( 1.570796326794896600, 3.124139361069854000 ),
 .UNSPECIFIED. ) 
 CURVE ( )  GEOMETRIC_REPRESENTATION_ITEM ( )  RATIONAL_B_SPLINE_CURVE ( ( 1.000000000000000000, 0.8088336327694533000, 0.8088336327694533000, 1.000000000000000000 ) ) 
 REPRESENTATION_ITEM ( '' )  );
#1461 = VECTOR ( 'NONE', #8193, 1000.000000000000000 ) ;
#1462 = CARTESIAN_POINT ( 'NONE',  ( 11.99959362072370100, 0.07002387192029180300, 5.129999999999999900 ) ) ;
#1463 = ORIENTED_EDGE ( 'NONE', *, *, #5914, .T. ) ;
#1464 = VERTEX_POINT ( 'NONE', #6169 ) ;
#1465 = ORIENTED_EDGE ( 'NONE', *, *, #5099, .T. ) ;
#1466 = CONICAL_SURFACE ( 'NONE', #2183, 0.1999999999999883800, 0.7853981633974518300 ) ;
#1467 = EDGE_CURVE ( 'NONE', #2202, #7015, #2462, .T. ) ;
#1468 = DIRECTION ( 'NONE',  ( 0.0000000000000000000, 0.0000000000000000000, 1.000000000000000000 ) ) ;
#1469 = DIRECTION ( 'NONE',  ( 1.000000000000000000, 0.0000000000000000000, 0.0000000000000000000 ) ) ;
#1470 = CIRCLE ( 'NONE', #2038, 0.1999999999999883800 ) ;
#1471 = SURFACE_STYLE_FILL_AREA ( #6046 ) ;
#1472 = CARTESIAN_POINT ( 'NONE',  ( 11.61683953726132000, -0.2054565999144494800, -5.129999999999999900 ) ) ;
#1473 = VERTEX_POINT ( 'NONE', #6867 ) ;
#1475 = CARTESIAN_POINT ( 'NONE',  ( 11.58024126974195800, 8.269388219920983800, 12.33571331699214300 ) ) ;
#1474 = FILL_AREA_STYLE ('',( #164 ) ) ;
#1476 = DIRECTION ( 'NONE',  ( -1.000000000000000000, 0.0000000000000000000, 0.0000000000000000000 ) ) ;
#1477 = CARTESIAN_POINT ( 'NONE',  ( 11.60749637330257400, 8.633106893985990700, -12.39930855863326000 ) ) ;
#1478 = VECTOR ( 'NONE', #3759, 1000.000000000000000 ) ;
#1479 = ORIENTED_EDGE ( 'NONE', *, *, #5166, .F. ) ;
#1480 = ORIENTED_EDGE ( 'NONE', *, *, #2010, .T. ) ;
#1481 = CARTESIAN_POINT ( 'NONE',  ( 12.69999999999999900, 0.0000000000000000000, 4.500000000000000000 ) ) ;
#1482 = ADVANCED_FACE ( 'NONE', ( #5272 ), #5825, .F. ) ;
#1483 = CYLINDRICAL_SURFACE ( 'NONE', #3352, 0.5000000000000004400 ) ;
#1484 = LINE ( 'NONE', #3062, #8607 ) ;
#1485 = EDGE_CURVE ( 'NONE', #8701, #3328, #8664, .T. ) ;
#1486 = ORIENTED_EDGE ( 'NONE', *, *, #4128, .T. ) ;
#1487 = AXIS2_PLACEMENT_3D ( 'NONE', #7037, #2515, #449 ) ;
#1488 = VECTOR ( 'NONE', #4908, 1000.000000000000000 ) ;
#1489 = ORIENTED_EDGE ( 'NONE', *, *, #7299, .T. ) ;
#1490 = PLANE ( 'NONE',  #7759 ) ;
#1491 = AXIS2_PLACEMENT_3D ( 'NONE', #6153, #3451, #6128 ) ;
#1492 = DIRECTION ( 'NONE',  ( 1.000000000000000000, -0.0000000000000000000, -0.0000000000000000000 ) ) ;
#1493 = DIRECTION ( 'NONE',  ( 0.0000000000000000000, 0.0000000000000000000, 1.000000000000000000 ) ) ;
#1494 = EDGE_CURVE ( 'NONE', #1850, #8179, #1839, .T. ) ;
#1495 = ORIENTED_EDGE ( 'NONE', *, *, #3906, .F. ) ;
#1496 = VERTEX_POINT ( 'NONE', #2169 ) ;
#1497 = EDGE_LOOP ( 'NONE', ( #1908, #204, #4509, #5317 ) ) ;
#1498 = DIRECTION ( 'NONE',  ( -6.994852725712929000E-017, 0.0000000000000000000, -1.000000000000000000 ) ) ;
#1499 = CIRCLE ( 'NONE', #884, 0.5000000000000000000 ) ;
#1500 =( BOUNDED_CURVE ( )  B_SPLINE_CURVE ( 3, ( #490, #5877, #2522, #4488 ),
 .UNSPECIFIED., .F., .F. ) 
 B_SPLINE_CURVE_WITH_KNOTS ( ( 4, 4 ),
 ( 0.0000000000000000000, 1.570987302159245100 ),
 .UNSPECIFIED. ) 
 CURVE ( )  GEOMETRIC_REPRESENTATION_ITEM ( )  RATIONAL_B_SPLINE_CURVE ( ( 1.000000000000000000, 0.8046928386502676400, 0.8046928386502676400, 1.000000000000000000 ) ) 
 REPRESENTATION_ITEM ( '' )  );
#1501 = ORIENTED_EDGE ( 'NONE', *, *, #8157, .T. ) ;
#1502 = CARTESIAN_POINT ( 'NONE',  ( 12.90054722849359900, 0.07009548768149509400, -5.129999999999999900 ) ) ;
#1503 = COLOUR_RGB ( '',0.1450980392156862600, 0.1450980392156862600, 0.1450980392156862600 ) ;
#1505 = CARTESIAN_POINT ( 'NONE',  ( 11.46188084980383700, 8.735040084441907400, 12.05953900380486000 ) ) ;
#1504 = DIRECTION ( 'NONE',  ( 0.0000000000000000000, 0.0000000000000000000, 1.000000000000000000 ) ) ;
#1506 = CARTESIAN_POINT ( 'NONE',  ( -5.950000000000399900, 16.82000000000000000, 4.850000000000000500 ) ) ;
#1507 = CARTESIAN_POINT ( 'NONE',  ( -5.450000000000399900, 16.82000000000000000, 7.849999999999999600 ) ) ;
#1508 = ORIENTED_EDGE ( 'NONE', *, *, #6809, .F. ) ;
#1509 = VECTOR ( 'NONE', #282, 1000.000000000000000 ) ;
#1510 = AXIS2_PLACEMENT_3D ( 'NONE', #5676, #6349, #350 ) ;
#1511 = DIRECTION ( 'NONE',  ( 0.0000000000000000000, 0.0000000000000000000, 1.000000000000000000 ) ) ;
#1512 = ORIENTED_EDGE ( 'NONE', *, *, #3378, .T. ) ;
#1513 = VECTOR ( 'NONE', #8196, 1000.000000000000000 ) ;
#1514 = ADVANCED_FACE ( 'NONE', ( #3389 ), #2880, .T. ) ;
#1515 = VECTOR ( 'NONE', #6105, 1000.000000000000000 ) ;
#1516 = EDGE_CURVE ( 'NONE', #6294, #1950, #1101, .T. ) ;
#1518 = DIRECTION ( 'NONE',  ( -1.000000000000000000, 0.0000000000000000000, 0.0000000000000000000 ) ) ;
#1517 = CARTESIAN_POINT ( 'NONE',  ( 0.4999999999996019900, 16.82000000000000000, 12.40000000000000000 ) ) ;
#1519 = ORIENTED_EDGE ( 'NONE', *, *, #7747, .F. ) ;
#1520 = STYLED_ITEM ( 'NONE', ( #177 ), #5234 ) ;
#1521 = VERTEX_POINT ( 'NONE', #896 ) ;
#1522 = LINE ( 'NONE', #6865, #2249 ) ;
#1523 = AXIS2_PLACEMENT_3D ( 'NONE', #6540, #7894, #3861 ) ;
#1524 = DIRECTION ( 'NONE',  ( -3.809744271775434900E-016, 1.000000000000000000, 2.664860010369764900E-032 ) ) ;
#1525 = CARTESIAN_POINT ( 'NONE',  ( 11.60183876112578000, 12.75902544545034100, 7.400000000000000400 ) ) ;
#1527 = CARTESIAN_POINT ( 'NONE',  ( 11.86565260534502600, 8.925571717563745000, 11.37878667903484200 ) ) ;
#1526 = CARTESIAN_POINT ( 'NONE',  ( 12.49962158695457300, -0.2228420785086278600, -7.129999999999999900 ) ) ;
#1528 = CARTESIAN_POINT ( 'NONE',  ( 6.949999999999999300, 12.20000000000000100, 7.849999999999999600 ) ) ;
#1529 = ORIENTED_EDGE ( 'NONE', *, *, #2507, .T. ) ;
#1530 = EDGE_CURVE ( 'NONE', #3428, #7082, #8023, .T. ) ;
#1531 = ORIENTED_EDGE ( 'NONE', *, *, #5266, .T. ) ;
#1532 = DIRECTION ( 'NONE',  ( 0.0000000000000000000, 0.0000000000000000000, 1.000000000000000000 ) ) ;
#1533 = B_SPLINE_CURVE_WITH_KNOTS ( 'NONE', 3,
 ( #8108, #4766, #1472, #5546, #6138, #6193, #7476, #8172, #807, #5478, #1502 ),
 .UNSPECIFIED., .F., .F.,
 ( 4, 1, 1, 1, 1, 1, 1, 1, 4 ),
 ( -1.570796326794899900, -1.178097245096176000, -0.7853981633974509400, -0.3926990816987265800, -1.554312234475219200E-015, 0.3926990816987230300, 0.7853981633974467200, 1.178097245096171800, 1.570796326794895000 ),
 .UNSPECIFIED. ) ;
#1534 = ORIENTED_EDGE ( 'NONE', *, *, #6063, .T. ) ;
#1535 = VECTOR ( 'NONE', #4014, 1000.000000000000000 ) ;
#1536 = ADVANCED_FACE ( 'NONE', ( #154 ), #6225, .F. ) ;
#1537 = FACE_OUTER_BOUND ( 'NONE', #2745, .T. ) ;
#1538 = CARTESIAN_POINT ( 'NONE',  ( -11.01363723429843800, 9.199999999999999300, 11.01363723429845500 ) ) ;
#1539 = VERTEX_POINT ( 'NONE', #3603 ) ;
#1540 = CARTESIAN_POINT ( 'NONE',  ( -10.90000000000040000, 12.20000000000000100, -12.40000000000000000 ) ) ;
#1541 = ORIENTED_EDGE ( 'NONE', *, *, #1135, .F. ) ;
#1542 = EDGE_CURVE ( 'NONE', #1746, #3354, #6955, .T. ) ;
#1543 = CARTESIAN_POINT ( 'NONE',  ( 12.11798117816917900, 8.665236917774585400, -11.48692749596014000 ) ) ;
#1544 = FACE_OUTER_BOUND ( 'NONE', #6847, .T. ) ;
#1545 = CIRCLE ( 'NONE', #7818, 0.5000000000000004400 ) ;
#1546 =( NAMED_UNIT ( * ) PLANE_ANGLE_UNIT ( ) SI_UNIT ( $, .RADIAN. ) );
#1547 = ORIENTED_EDGE ( 'NONE', *, *, #1542, .F. ) ;
#1548 = STYLED_ITEM ( 'NONE', ( #2159 ), #8325 ) ;
#1549 = EDGE_CURVE ( 'NONE', #1078, #8621, #356, .T. ) ;
#1550 = VECTOR ( 'NONE', #7523, 1000.000000000000000 ) ;
#1551 = CARTESIAN_POINT ( 'NONE',  ( 6.450000000000000200, 12.20000000000000100, -12.40000000000000000 ) ) ;
#1552 = ORIENTED_EDGE ( 'NONE', *, *, #6956, .F. ) ;
#1553 = ORIENTED_EDGE ( 'NONE', *, *, #5310, .T. ) ;
#1555 = CARTESIAN_POINT ( 'NONE',  ( -4.336808689942019700E-016, 17.32000000000000000, -4.850000000000000500 ) ) ;
#1554 = DIRECTION ( 'NONE',  ( 1.000000000000000000, 0.0000000000000000000, 0.0000000000000000000 ) ) ;
#1556 = DIRECTION ( 'NONE',  ( 0.0000000000000000000, 0.0000000000000000000, -1.000000000000000000 ) ) ;
#1557 = CARTESIAN_POINT ( 'NONE',  ( 6.949999999999999300, 11.70000000000000100, -7.849999999999999600 ) ) ;
#1558 = LINE ( 'NONE', #3897, #6252 ) ;
#1559 = VERTEX_POINT ( 'NONE', #5712 ) ;
#1560 = CARTESIAN_POINT ( 'NONE',  ( 10.16000000000000000, -6.299999999999999800, -10.16000000000000000 ) ) ;
#1561 = ADVANCED_FACE ( 'NONE', ( #2970 ), #390, .T. ) ;
#1562 = AXIS2_PLACEMENT_3D ( 'NONE', #5681, #4383, #4405 ) ;
#1563 = VERTEX_POINT ( 'NONE', #4408 ) ;
#1564 = EDGE_LOOP ( 'NONE', ( #1770, #3970, #7232, #275 ) ) ;
#1565 = ORIENTED_EDGE ( 'NONE', *, *, #6367, .T. ) ;
#1566 = ORIENTED_EDGE ( 'NONE', *, *, #1820, .T. ) ;
#1567 = LINE ( 'NONE', #5136, #6062 ) ;
#1568 = DIRECTION ( 'NONE',  ( 1.000000000000000000, 0.0000000000000000000, 0.0000000000000000000 ) ) ;
#1570 = VECTOR ( 'NONE', #6835, 1000.000000000000100 ) ;
#1569 = DIRECTION ( 'NONE',  ( -1.000000000000000000, 0.0000000000000000000, 0.0000000000000000000 ) ) ;
#1571 = EDGE_CURVE ( 'NONE', #3282, #1344, #5168, .T. ) ;
#1572 = FACE_OUTER_BOUND ( 'NONE', #5859, .T. ) ;
#1573 = ORIENTED_EDGE ( 'NONE', *, *, #4791, .T. ) ;
#1574 = VERTEX_POINT ( 'NONE', #7008 ) ;
#1575 = PRESENTATION_LAYER_ASSIGNMENT (  '', '', ( #2750 ) ) ;
#1576 = ORIENTED_EDGE ( 'NONE', *, *, #8484, .T. ) ;
#1577 = LINE ( 'NONE', #1593, #6480 ) ;
#1578 = DIRECTION ( 'NONE',  ( 8.659560562354926700E-017, 0.7071067811865480200, -0.7071067811865470200 ) ) ;
#1579 = AXIS2_PLACEMENT_3D ( 'NONE', #135, #5575, #2917 ) ;
#1580 = ORIENTED_EDGE ( 'NONE', *, *, #3778, .F. ) ;
#1581 = EDGE_CURVE ( 'NONE', #2154, #7, #4425, .T. ) ;
#1582 = CIRCLE ( 'NONE', #6827, 1.199999999999999700 ) ;
#1583 = VERTEX_POINT ( 'NONE', #4942 ) ;
#1584 = DIRECTION ( 'NONE',  ( 1.000000000000000000, 0.0000000000000000000, 0.0000000000000000000 ) ) ;
#1585 = PRESENTATION_STYLE_ASSIGNMENT (( #5483 ) ) ;
#1586 = LINE ( 'NONE', #1728, #2219 ) ;
#1587 = AXIS2_PLACEMENT_3D ( 'NONE', #5685, #8346, #1081 ) ;
#1588 = DIRECTION ( 'NONE',  ( 0.9925062874862399200, 0.1221935730727323900, 0.0000000000000000000 ) ) ;
#1589 = ADVANCED_FACE ( 'NONE', ( #8543 ), #4297, .F. ) ;
#1590 = CARTESIAN_POINT ( 'NONE',  ( -12.49959361958396000, 0.06999999999989130200, 7.400000000000000400 ) ) ;
#1591 = CARTESIAN_POINT ( 'NONE',  ( -12.10202787498492100, -0.4300000000001086300, 7.130000000000000800 ) ) ;
#1592 = FILL_AREA_STYLE_COLOUR ( '', #3187 ) ;
#1593 = CARTESIAN_POINT ( 'NONE',  ( 6.949999999999999300, 11.70000000000000100, 12.40000000000000000 ) ) ;
#1594 = ORIENTED_EDGE ( 'NONE', *, *, #7811, .T. ) ;
#1595 = EDGE_CURVE ( 'NONE', #3526, #1360, #4946, .T. ) ;
#1596 = EDGE_CURVE ( 'NONE', #4867, #1418, #4145, .T. ) ;
#1597 = DIRECTION ( 'NONE',  ( 1.000000000000000000, 0.0000000000000000000, 0.0000000000000000000 ) ) ;
#1598 = LINE ( 'NONE', #3313, #5668 ) ;
#1599 = CARTESIAN_POINT ( 'NONE',  ( 11.09131776628598100, 9.199999999999999300, -11.19489180893483600 ) ) ;
#1600 = ORIENTED_EDGE ( 'NONE', *, *, #6232, .T. ) ;
#1601 =( GEOMETRIC_REPRESENTATION_CONTEXT ( 3 ) GLOBAL_UNCERTAINTY_ASSIGNED_CONTEXT ( ( #6116 ) ) GLOBAL_UNIT_ASSIGNED_CONTEXT ( ( #1364, #2702, #8069 ) ) REPRESENTATION_CONTEXT ( 'NONE', 'WORKASPACE' ) );
#1602 = DIRECTION ( 'NONE',  ( 0.0000000000000000000, 0.0000000000000000000, 1.000000000000000000 ) ) ;
#1603 = ADVANCED_FACE ( 'NONE', ( #6753 ), #8013, .T. ) ;
#1604 = EDGE_CURVE ( 'NONE', #1119, #52, #6322, .T. ) ;
#1605 =( LENGTH_UNIT ( ) NAMED_UNIT ( * ) SI_UNIT ( .MILLI., .METRE. ) );
#1606 = FACE_OUTER_BOUND ( 'NONE', #7057, .T. ) ;
#1607 = EDGE_LOOP ( 'NONE', ( #7941, #4922, #4995, #6597 ) ) ;
#1608 = DIRECTION ( 'NONE',  ( 2.797941090285175100E-016, -0.0000000000000000000, 1.000000000000000000 ) ) ;
#1609 = DIRECTION ( 'NONE',  ( 0.0000000000000000000, 0.0000000000000000000, -1.000000000000000000 ) ) ;
#1610 = CARTESIAN_POINT ( 'NONE',  ( 10.16000000000000000, -6.000000000000000000, -2.540000000000000000 ) ) ;
#1611 = LINE ( 'NONE', #2654, #5570 ) ;
#1612 = VERTEX_POINT ( 'NONE', #5746 ) ;
#1614 = CARTESIAN_POINT ( 'NONE',  ( 11.99818607707522100, -0.2203094662514446200, 7.129999999999999900 ) ) ;
#1613 = CARTESIAN_POINT ( 'NONE',  ( -12.69999999999999900, -0.6999999999999999600, 12.69999999999999900 ) ) ;
#1615 =( NAMED_UNIT ( * ) SI_UNIT ( $, .STERADIAN. ) SOLID_ANGLE_UNIT ( ) );
#1616 = CARTESIAN_POINT ( 'NONE',  ( -3.000000000000000000, 11.70000000000000100, -7.400000000000000400 ) ) ;
#1617 = EDGE_LOOP ( 'NONE', ( #239, #725, #1898, #6782 ) ) ;
#1618 = CARTESIAN_POINT ( 'NONE',  ( 12.41318044962148700, 7.838386791524181200, -12.41318044962148700 ) ) ;
#1620 = DIRECTION ( 'NONE',  ( 1.000000000000000000, 0.0000000000000000000, 0.0000000000000000000 ) ) ;
#1619 = CARTESIAN_POINT ( 'NONE',  ( -12.40000000000000000, 21.69999999999999900, 7.849999999999999600 ) ) ;
#1621 = UNCERTAINTY_MEASURE_WITH_UNIT (LENGTH_MEASURE( 1.000000000000000100E-005 ), #7863, 'distance_accuracy_value', 'NONE');
#1622 = EDGE_CURVE ( 'NONE', #6436, #1697, #4311, .T. ) ;
#1623 = VERTEX_POINT ( 'NONE', #1048 ) ;
#1624 = ORIENTED_EDGE ( 'NONE', *, *, #5567, .T. ) ;
#1625 = AXIS2_PLACEMENT_3D ( 'NONE', #7687, #5664, #3669 ) ;
#1626 = CARTESIAN_POINT ( 'NONE',  ( 11.90000000000040200, 16.82000000000000000, 4.850000000000000500 ) ) ;
#1627 = LINE ( 'NONE', #7830, #8539 ) ;
#1628 = ORIENTED_EDGE ( 'NONE', *, *, #5053, .T. ) ;
#1629 = VERTEX_POINT ( 'NONE', #6425 ) ;
#1630 = EDGE_CURVE ( 'NONE', #1464, #2807, #2563, .T. ) ;
#1631 = DIRECTION ( 'NONE',  ( 1.000000000000000000, 0.0000000000000000000, 0.0000000000000000000 ) ) ;
#1632 = ORIENTED_EDGE ( 'NONE', *, *, #748, .F. ) ;
#1633 = CIRCLE ( 'NONE', #2818, 0.5000000000000000000 ) ;
#1634 = ADVANCED_FACE ( 'NONE', ( #1097 ), #6975, .T. ) ;
#1635 = ADVANCED_FACE ( 'NONE', ( #4413 ), #8053, .F. ) ;
#1636 = CONICAL_SURFACE ( 'NONE', #5392, 0.1999999999999883800, 0.7853981633974476100 ) ;
#1637 = VERTEX_POINT ( 'NONE', #5274 ) ;
#1638 = ORIENTED_EDGE ( 'NONE', *, *, #5645, .F. ) ;
#1639 = ADVANCED_FACE ( 'NONE', ( #6123 ), #3296, .T. ) ;
#1640 = ORIENTED_EDGE ( 'NONE', *, *, #8327, .T. ) ;
#1641 = FACE_OUTER_BOUND ( 'NONE', #5124, .T. ) ;
#1642 = DIRECTION ( 'NONE',  ( 1.000000000000000000, -0.0000000000000000000, -0.0000000000000000000 ) ) ;
#1644 = CARTESIAN_POINT ( 'NONE',  ( 12.24959361958396000, -0.4300000000001086800, 5.129999999999999900 ) ) ;
#1643 = CARTESIAN_POINT ( 'NONE',  ( 12.69999999999999900, -0.6999999999999999600, 12.69999999999999900 ) ) ;
#1645 = CARTESIAN_POINT ( 'NONE',  ( 11.59959361958396000, 0.06999999999989130200, 7.400000000000000400 ) ) ;
#1646 = EDGE_CURVE ( 'NONE', #594, #3393, #8445, .T. ) ;
#1647 = DIRECTION ( 'NONE',  ( 0.9998476951563912700, -0.01745240643728021600, 0.0000000000000000000 ) ) ;
#1648 = DIRECTION ( 'NONE',  ( -1.000000000000000000, 0.0000000000000000000, -3.273063162220390300E-016 ) ) ;
#1649 = LINE ( 'NONE', #6134, #567 ) ;
#1650 = ADVANCED_FACE ( 'NONE', ( #1207 ), #4569, .T. ) ;
#1651 = ORIENTED_EDGE ( 'NONE', *, *, #7587, .T. ) ;
#1652 = ORIENTED_EDGE ( 'NONE', *, *, #1933, .F. ) ;
#1653 = VECTOR ( 'NONE', #3632, 1000.000000000000000 ) ;
#1654 = AXIS2_PLACEMENT_3D ( 'NONE', #6281, #6248, #6920 ) ;
#1655 = VECTOR ( 'NONE', #8056, 1000.000000000000000 ) ;
#1656 = CARTESIAN_POINT ( 'NONE',  ( 12.90054722849359900, 0.07009548768149509400, -4.859999999999999400 ) ) ;
#1657 = DIRECTION ( 'NONE',  ( -2.797941090285175100E-016, 0.0000000000000000000, -1.000000000000000000 ) ) ;
#1658 = ORIENTED_EDGE ( 'NONE', *, *, #1361, .T. ) ;
#1659 = EDGE_CURVE ( 'NONE', #2302, #4308, #1307, .T. ) ;
#1660 = ORIENTED_EDGE ( 'NONE', *, *, #2950, .T. ) ;
#1661 = CONICAL_SURFACE ( 'NONE', #4257, 0.2000000000000025100, 0.7853981633974405100 ) ;
#1662 = PRODUCT_RELATED_PRODUCT_CATEGORY ( 'part', '', ( #2261 ) ) ;
#1663 = VERTEX_POINT ( 'NONE', #7332 ) ;
#1664 = FACE_OUTER_BOUND ( 'NONE', #8236, .T. ) ;
#1665 = CONICAL_SURFACE ( 'NONE', #3864, 0.1999999999999883800, 0.7853981633974518300 ) ;
#1666 = VECTOR ( 'NONE', #6913, 1000.000000000000000 ) ;
#1667 = DIRECTION ( 'NONE',  ( 1.000000000000000000, 0.0000000000000000000, 0.0000000000000000000 ) ) ;
#1668 = CARTESIAN_POINT ( 'NONE',  ( -10.16000000000000000, -6.299999999999999800, -10.16000000000000000 ) ) ;
#1669 = CARTESIAN_POINT ( 'NONE',  ( -11.90000000000000000, 16.82000000000000000, 4.850000000000000500 ) ) ;
#1670 = EDGE_LOOP ( 'NONE', ( #1580, #7817, #1403, #2697, #1719, #8581, #3522, #6287, #2000, #2729 ) ) ;
#1672 = CARTESIAN_POINT ( 'NONE',  ( 12.10202787498491800, -0.4300000000001086800, 7.129999999999999900 ) ) ;
#1671 = CARTESIAN_POINT ( 'NONE',  ( 12.90054722849359900, -0.8306078065220959800, 7.129999999999999900 ) ) ;
#1673 = DIRECTION ( 'NONE',  ( 1.000000000000000000, 0.0000000000000000000, 0.0000000000000000000 ) ) ;
#1674 = CARTESIAN_POINT ( 'NONE',  ( 3.000000000000000000, 11.70000000000000100, -7.400000000000000400 ) ) ;
#1675 = ORIENTED_EDGE ( 'NONE', *, *, #6095, .F. ) ;
#1676 = CARTESIAN_POINT ( 'NONE',  ( 12.79669646790869900, -0.4647624511386099800, 7.129999999999999900 ) ) ;
#1677 = MECHANICAL_DESIGN_GEOMETRIC_PRESENTATION_REPRESENTATION (  '', ( #8415 ), #4053 ) ;
#1678 = VECTOR ( 'NONE', #4568, 1000.000000000000000 ) ;
#1679 = ORIENTED_EDGE ( 'NONE', *, *, #3103, .F. ) ;
#1680 = ADVANCED_FACE ( 'NONE', ( #6010 ), #1953, .T. ) ;
#1681 = ADVANCED_FACE ( 'NONE', ( #5906 ), #3324, .F. ) ;
#1682 = ORIENTED_EDGE ( 'NONE', *, *, #8508, .T. ) ;
#1683 = VERTEX_POINT ( 'NONE', #6020 ) ;
#1684 = DIRECTION ( 'NONE',  ( 1.000000000000000000, 0.0000000000000000000, 0.0000000000000000000 ) ) ;
#1685 = CARTESIAN_POINT ( 'NONE',  ( -11.59959361958396000, 0.06999999999989130200, 5.129999999999999900 ) ) ;
#1686 = SURFACE_STYLE_FILL_AREA ( #197 ) ;
#1687 = EDGE_CURVE ( 'NONE', #5416, #7729, #3698, .T. ) ;
#1688 = CARTESIAN_POINT ( 'NONE',  ( -11.50000000000000000, 9.700000000000001100, 11.50000000000000000 ) ) ;
#1689 = DIRECTION ( 'NONE',  ( -1.000000000000000000, 0.0000000000000000000, 0.0000000000000000000 ) ) ;
#1690 = LINE ( 'NONE', #1845, #4268 ) ;
#1691 = AXIS2_PLACEMENT_3D ( 'NONE', #5032, #5093, #8525 ) ;
#1692 = ORIENTED_EDGE ( 'NONE', *, *, #4661, .F. ) ;
#1693 = COLOUR_RGB ( '',0.7490196078431372600, 0.7490196078431372600, 0.7490196078431372600 ) ;
#1694 = ORIENTED_EDGE ( 'NONE', *, *, #8680, .F. ) ;
#1695 = ORIENTED_EDGE ( 'NONE', *, *, #2875, .F. ) ;
#1696 = CYLINDRICAL_SURFACE ( 'NONE', #7724, 0.5000000000000004400 ) ;
#1697 = VERTEX_POINT ( 'NONE', #655 ) ;
#1698 = EDGE_CURVE ( 'NONE', #4275, #5623, #7053, .T. ) ;
#1699 = CYLINDRICAL_SURFACE ( 'NONE', #6430, 0.5000000000000000000 ) ;
#1700 = DIRECTION ( 'NONE',  ( 0.0000000000000000000, 0.0000000000000000000, 1.000000000000000000 ) ) ;
#1701 = EDGE_LOOP ( 'NONE', ( #8480, #7407, #2266, #4118 ) ) ;
#1703 = CARTESIAN_POINT ( 'NONE',  ( -2.975469372650804800, 12.10000000000000000, -7.400000000000000400 ) ) ;
#1702 = CARTESIAN_POINT ( 'NONE',  ( 6.949999999999999300, 11.70000000000000100, 4.850000000000000500 ) ) ;
#1704 = CARTESIAN_POINT ( 'NONE',  ( 11.69959361958395900, 11.96502041546134100, -7.400000000000000400 ) ) ;
#1705 = PLANE ( 'NONE',  #3249 ) ;
#1706 = CARTESIAN_POINT ( 'NONE',  ( -10.16000000000000000, -6.299999999999999800, -0.2000000000000025100 ) ) ;
#1707 = VECTOR ( 'NONE', #4157, 1000.000000000000000 ) ;
#1708 = EDGE_CURVE ( 'NONE', #8197, #8221, #145, .T. ) ;
#1709 = PRESENTATION_STYLE_ASSIGNMENT (( #1941 ) ) ;
#1710 = DIRECTION ( 'NONE',  ( 1.000000000000000000, 0.0000000000000000000, 0.0000000000000000000 ) ) ;
#1711 = DIRECTION ( 'NONE',  ( -1.000000000000000000, 0.0000000000000000000, 0.0000000000000000000 ) ) ;
#1712 = CARTESIAN_POINT ( 'NONE',  ( -11.99959362185762000, 0.07004762192026201000, -5.129999999999999900 ) ) ;
#1713 = FACE_OUTER_BOUND ( 'NONE', #4673, .T. ) ;
#1714 = ORIENTED_EDGE ( 'NONE', *, *, #6879, .F. ) ;
#1715 = AXIS2_PLACEMENT_3D ( 'NONE', #1506, #2170, #6841 ) ;
#1716 = VECTOR ( 'NONE', #8348, 1000.000000000000000 ) ;
#1717 = EDGE_CURVE ( 'NONE', #6854, #887, #776, .T. ) ;
#1718 = SURFACE_SIDE_STYLE ('',( #6713 ) ) ;
#1719 = ORIENTED_EDGE ( 'NONE', *, *, #4193, .T. ) ;
#1720 = VERTEX_POINT ( 'NONE', #777 ) ;
#1721 = UNCERTAINTY_MEASURE_WITH_UNIT (LENGTH_MEASURE( 1.000000000000000100E-005 ), #6562, 'distance_accuracy_value', 'NONE');
#1722 = AXIS2_PLACEMENT_3D ( 'NONE', #6221, #861, #3569 ) ;
#1723 = DIRECTION ( 'NONE',  ( -1.000000000000000000, 0.0000000000000000000, -3.614007241618350000E-015 ) ) ;
#1724 = CARTESIAN_POINT ( 'NONE',  ( 6.949999999999999300, 11.70000000000000100, -12.40000000000000000 ) ) ;
#1725 = ORIENTED_EDGE ( 'NONE', *, *, #2625, .F. ) ;
#1726 = ORIENTED_EDGE ( 'NONE', *, *, #8454, .T. ) ;
#1727 = CARTESIAN_POINT ( 'NONE',  ( 12.90054722849359900, -0.8306078065220959800, 7.129999999999999900 ) ) ;
#1728 = CARTESIAN_POINT ( 'NONE',  ( -11.50000000000000000, 9.700000000000001100, 11.50000000000000000 ) ) ;
#1730 = CARTESIAN_POINT ( 'NONE',  ( -10.90000000000040000, 12.20000000000000100, -12.40000000000000000 ) ) ;
#1729 = FILL_AREA_STYLE ('',( #2483 ) ) ;
#1731 = CARTESIAN_POINT ( 'NONE',  ( 12.49959361741222000, 0.07004548768146930100, 7.129999999999999900 ) ) ;
#1732 = ORIENTED_EDGE ( 'NONE', *, *, #1022, .T. ) ;
#1733 = CIRCLE ( 'NONE', #3933, 0.5000000000000000000 ) ;
#1734 = EDGE_CURVE ( 'NONE', #7709, #5557, #6220, .T. ) ;
#1735 = CARTESIAN_POINT ( 'NONE',  ( 5.450000000000399900, 16.82000000000000000, -12.40000000000000000 ) ) ;
#1736 = ORIENTED_EDGE ( 'NONE', *, *, #3788, .T. ) ;
#1737 = DIRECTION ( 'NONE',  ( 0.0000000000000000000, 1.000000000000000000, 0.0000000000000000000 ) ) ;
#1738 = AXIS2_PLACEMENT_3D ( 'NONE', #2452, #7719, #4358 ) ;
#1739 = VERTEX_POINT ( 'NONE', #5426 ) ;
#1740 = FILL_AREA_STYLE ('',( #6440 ) ) ;
#1741 = COLOUR_RGB ( '',0.7490196078431372600, 0.7490196078431372600, 0.7490196078431372600 ) ;
#1742 = VECTOR ( 'NONE', #7711, 1000.000000000000000 ) ;
#1743 = ORIENTED_EDGE ( 'NONE', *, *, #3586, .T. ) ;
#1744 = EDGE_CURVE ( 'NONE', #7975, #6244, #2048, .T. ) ;
#1745 = ORIENTED_EDGE ( 'NONE', *, *, #5153, .F. ) ;
#1746 = VERTEX_POINT ( 'NONE', #8173 ) ;
#1747 = LINE ( 'NONE', #3549, #2277 ) ;
#1748 = AXIS2_PLACEMENT_3D ( 'NONE', #5569, #5628, #6946 ) ;
#1749 = VERTEX_POINT ( 'NONE', #4767 ) ;
#1750 = DIRECTION ( 'NONE',  ( 0.0000000000000000000, 0.0000000000000000000, -1.000000000000000000 ) ) ;
#1751 = PLANE ( 'NONE',  #6203 ) ;
#1752 = ORIENTED_EDGE ( 'NONE', *, *, #2638, .F. ) ;
#1753 = CARTESIAN_POINT ( 'NONE',  ( -12.40000000000000000, 16.82000000000000000, -12.40000000000000000 ) ) ;
#1754 = EDGE_CURVE ( 'NONE', #2916, #4235, #2668, .T. ) ;
#1755 = CARTESIAN_POINT ( 'NONE',  ( -12.39930855863324100, 8.633106893985990700, 11.60749637330257400 ) ) ;
#1756 = AXIS2_PLACEMENT_3D ( 'NONE', #8411, #1080, #6155 ) ;
#1758 = DIRECTION ( 'NONE',  ( 1.000000000000000000, 0.0000000000000000000, 0.0000000000000000000 ) ) ;
#1757 = CARTESIAN_POINT ( 'NONE',  ( -12.40000000000000000, 11.70000000000000100, 7.849999999999999600 ) ) ;
#1759 = STYLED_ITEM ( 'NONE', ( #577 ), #921 ) ;
#1760 = VECTOR ( 'NONE', #4981, 1000.000000000000000 ) ;
#1761 = VERTEX_POINT ( 'NONE', #691 ) ;
#1762 = ORIENTED_EDGE ( 'NONE', *, *, #4464, .F. ) ;
#1763 = SURFACE_STYLE_FILL_AREA ( #7388 ) ;
#1764 = CARTESIAN_POINT ( 'NONE',  ( 10.16000000000000000, -6.299999999999999800, -10.66000000000000200 ) ) ;
#1765 = DIRECTION ( 'NONE',  ( 0.0000000000000000000, 0.0000000000000000000, 1.000000000000000000 ) ) ;
#1766 = EDGE_CURVE ( 'NONE', #3951, #8692, #2874, .T. ) ;
#1767 = CARTESIAN_POINT ( 'NONE',  ( 5.950000000000000200, 16.82000000000000000, -12.40000000000000000 ) ) ;
#1768 = CIRCLE ( 'NONE', #1315, 0.5000000000000004400 ) ;
#1769 = ORIENTED_EDGE ( 'NONE', *, *, #7046, .F. ) ;
#1770 = ORIENTED_EDGE ( 'NONE', *, *, #2922, .F. ) ;
#1771 = VECTOR ( 'NONE', #5213, 1000.000000000000000 ) ;
#1772 = EDGE_LOOP ( 'NONE', ( #7947, #4953, #4165, #3413 ) ) ;
#1773 = CARTESIAN_POINT ( 'NONE',  ( -2.975469372650804800, 12.10000000000000000, 4.859999999999999400 ) ) ;
#1774 = LINE ( 'NONE', #1919, #3430 ) ;
#1775 = LINE ( 'NONE', #1336, #7298 ) ;
#1776 = ORIENTED_EDGE ( 'NONE', *, *, #8000, .F. ) ;
#1777 = FILL_AREA_STYLE_COLOUR ( '', #4566 ) ;
#1778 = ORIENTED_EDGE ( 'NONE', *, *, #2816, .F. ) ;
#1779 = ORIENTED_EDGE ( 'NONE', *, *, #7218, .F. ) ;
#1780 = CARTESIAN_POINT ( 'NONE',  ( 6.949999999999999300, 12.20000000000000100, -7.849999999999999600 ) ) ;
#1781 = VECTOR ( 'NONE', #6306, 1000.000000000000000 ) ;
#1782 = VECTOR ( 'NONE', #367, 1000.000000000000000 ) ;
#1783 = EDGE_CURVE ( 'NONE', #1426, #1563, #5048, .T. ) ;
#1784 = DIRECTION ( 'NONE',  ( -1.000000000000000000, 0.0000000000000000000, 0.0000000000000000000 ) ) ;
#1785 = CARTESIAN_POINT ( 'NONE',  ( 12.40000000000000000, 11.70000000000000100, 7.849999999999999600 ) ) ;
#1787 = DIRECTION ( 'NONE',  ( -1.000000000000000000, -3.388131789017129900E-016, 0.0000000000000000000 ) ) ;
#1786 = CARTESIAN_POINT ( 'NONE',  ( -11.86011120661946100, -0.7120816677289799600, 5.129999999999999900 ) ) ;
#1788 = DIRECTION ( 'NONE',  ( -1.000000000000000000, 0.0000000000000000000, 0.0000000000000000000 ) ) ;
#1789 = SURFACE_STYLE_USAGE ( .BOTH. , #7036 ) ;
#1790 = ORIENTED_EDGE ( 'NONE', *, *, #4452, .T. ) ;
#1791 = AXIS2_PLACEMENT_3D ( 'NONE', #2438, #8477, #1118 ) ;
#1792 = LINE ( 'NONE', #524, #2215 ) ;
#1793 = VERTEX_POINT ( 'NONE', #2139 ) ;
#1794 = AXIS2_PLACEMENT_3D ( 'NONE', #4798, #806, #7506 ) ;
#1795 = CARTESIAN_POINT ( 'NONE',  ( -12.69999999999999900, -0.6999999999999999600, 7.400000000000000400 ) ) ;
#1796 = DIRECTION ( 'NONE',  ( 1.000000000000000000, 0.0000000000000000000, 0.0000000000000000000 ) ) ;
#1797 = EDGE_CURVE ( 'NONE', #4974, #1379, #1733, .T. ) ;
#1798 = VECTOR ( 'NONE', #7229, 1000.000000000000000 ) ;
#1799 = ORIENTED_EDGE ( 'NONE', *, *, #3158, .T. ) ;
#1800 = DIRECTION ( 'NONE',  ( 0.0000000000000000000, -1.000000000000000000, 0.0000000000000000000 ) ) ;
#1801 = AXIS2_PLACEMENT_3D ( 'NONE', #6950, #4966, #4940 ) ;
#1802 =( NAMED_UNIT ( * ) SI_UNIT ( $, .STERADIAN. ) SOLID_ANGLE_UNIT ( ) );
#1803 = CARTESIAN_POINT ( 'NONE',  ( 10.16000000000000000, -6.299999999999999800, -2.540000000000000000 ) ) ;
#1804 = EDGE_LOOP ( 'NONE', ( #6492, #6058, #2434, #2161 ) ) ;
#1805 = CARTESIAN_POINT ( 'NONE',  ( -5.950000000000000200, 16.82000000000000000, -7.849999999999999600 ) ) ;
#1806 = ADVANCED_FACE ( 'NONE', ( #7258 ), #2806, .F. ) ;
#1807 = ORIENTED_EDGE ( 'NONE', *, *, #2360, .T. ) ;
#1808 = EDGE_CURVE ( 'NONE', #7520, #8473, #4521, .T. ) ;
#1809 = CARTESIAN_POINT ( 'NONE',  ( -12.90054052399948000, 0.07009548768148289600, 4.859999999999999400 ) ) ;
#1810 = DIRECTION ( 'NONE',  ( 0.0000000000000000000, 0.0000000000000000000, -1.000000000000000000 ) ) ;
#1811 = ORIENTED_EDGE ( 'NONE', *, *, #5812, .T. ) ;
#1812 = CARTESIAN_POINT ( 'NONE',  ( 12.49959361958396000, 0.07009548768149509400, -4.859999999999999400 ) ) ;
#1813 = CARTESIAN_POINT ( 'NONE',  ( 10.16000000000000000, -6.299999999999999800, -10.16000000000000000 ) ) ;
#1814 = CARTESIAN_POINT ( 'NONE',  ( 12.55000000000000100, 0.0000000000000000000, -11.75012184387840000 ) ) ;
#1815 = CARTESIAN_POINT ( 'NONE',  ( 10.16000000000000000, -6.299999999999999800, 2.739999999999988700 ) ) ;
#1816 = LINE ( 'NONE', #6307, #1716 ) ;
#1817 = DIRECTION ( 'NONE',  ( -1.000000000000000000, -3.388131789017129900E-016, 0.0000000000000000000 ) ) ;
#1818 = PLANE ( 'NONE',  #3305 ) ;
#1819 = AXIS2_PLACEMENT_3D ( 'NONE', #3285, #2592, #7260 ) ;
#1820 = EDGE_CURVE ( 'NONE', #6547, #2620, #875, .T. ) ;
#1821 = DIRECTION ( 'NONE',  ( 0.0000000000000000000, 0.0000000000000000000, 1.000000000000000000 ) ) ;
#1822 = ORIENTED_EDGE ( 'NONE', *, *, #3894, .T. ) ;
#1823 = CARTESIAN_POINT ( 'NONE',  ( 12.40000000000000000, 16.82000000000000000, -12.40000000000000000 ) ) ;
#1824 = ORIENTED_EDGE ( 'NONE', *, *, #2325, .F. ) ;
#1825 = DIRECTION ( 'NONE',  ( -3.809744271775434900E-016, 1.000000000000000000, 0.0000000000000000000 ) ) ;
#1826 = DIRECTION ( 'NONE',  ( 1.000000000000000000, 0.0000000000000000000, 0.0000000000000000000 ) ) ;
#1827 = CARTESIAN_POINT ( 'NONE',  ( 5.450000000000399900, 12.20000000000000100, -12.40000000000000000 ) ) ;
#1828 =( BOUNDED_SURFACE ( )  B_SPLINE_SURFACE ( 3, 2, ( 
 ( #546, #5934, #5905 ),
 ( #1925, #7252, #1952 ),
 ( #3247, #8182, #8094 ),
 ( #3386, #2037, #2759 ),
 ( #6735, #1386, #4077 ),
 ( #2694, #4046, #6817 ),
 ( #3361, #695, #2731 ),
 ( #4698, #6030, #6090 ),
 ( #7394, #23, #1356 ),
 ( #7435, #7359, #2092 ),
 ( #4125, #6788, #4098 ),
 ( #663, #8059, #8149 ),
 ( #5346, #111, #4745 ),
 ( #2145, #2123, #50 ) ),
 .UNSPECIFIED., .F., .F., .F. ) 
 B_SPLINE_SURFACE_WITH_KNOTS ( ( 4, 2, 2, 2, 2, 2, 4 ),
 ( 3, 3 ),
 ( 3.159045946109733500, 3.353213825394103100, 3.547381704678472600, 3.741549583962842100, 3.935717463247211600, 4.324053221815950600, 4.712388980384689700 ),
 ( 0.0000000000000000000, 1.000000000000000000 ),
 .UNSPECIFIED. ) 
 GEOMETRIC_REPRESENTATION_ITEM ( )  RATIONAL_B_SPLINE_SURFACE ( (
 ( 1.000000000000000000, 0.7072144605741783600, 1.000000000000000000),
 ( 1.000000000000000000, 0.7079803688786555600, 1.000000000000000000),
 ( 1.000000000000000000, 0.7133391365965153800, 1.000000000000000000),
 ( 1.000000000000000000, 0.7317345488683157900, 1.000000000000000000),
 ( 1.000000000000000000, 0.7447655413394344000, 1.000000000000000000),
 ( 1.000000000000000000, 0.7756440825140339400, 1.000000000000000000),
 ( 1.000000000000000000, 0.7934572668841412000, 1.000000000000000000),
 ( 1.000000000000000000, 0.8305999863296408300, 1.000000000000000000),
 ( 1.000000000000000000, 0.8499139442402953200, 1.000000000000000000),
 ( 1.000000000000000000, 0.9057944775739952300, 1.000000000000000000),
 ( 1.000000000000000000, 0.9399479630977113400, 1.000000000000000000),
 ( 1.000000000000000000, 0.9870316551531354000, 1.000000000000000000),
 ( 1.000000000000000000, 1.000151588794818700, 1.000000000000000000),
 ( 1.000000000000000000, 1.000000000000000000, 1.000000000000000000) ) ) 
 REPRESENTATION_ITEM ( '' )  SURFACE ( )  );
#1829 = VERTEX_POINT ( 'NONE', #4938 ) ;
#1830 = STYLED_ITEM ( 'NONE', ( #3606 ), #8214 ) ;
#1831 = ORIENTED_EDGE ( 'NONE', *, *, #8555, .F. ) ;
#1832 = EDGE_CURVE ( 'NONE', #4146, #8124, #4105, .T. ) ;
#1833 = CARTESIAN_POINT ( 'NONE',  ( -2.975469372650804800, 12.10000000000000000, -4.859999999999999400 ) ) ;
#1834 = LINE ( 'NONE', #7032, #244 ) ;
#1835 = DIRECTION ( 'NONE',  ( 0.0000000000000000000, 1.000000000000000000, 0.0000000000000000000 ) ) ;
#1836 = PRESENTATION_LAYER_ASSIGNMENT (  '', '', ( #5404 ) ) ;
#1837 = ORIENTED_EDGE ( 'NONE', *, *, #6937, .T. ) ;
#1838 = AXIS2_PLACEMENT_3D ( 'NONE', #5657, #386, #6329 ) ;
#1839 = CIRCLE ( 'NONE', #6688, 0.5000000000000004400 ) ;
#1840 = CARTESIAN_POINT ( 'NONE',  ( -11.40000000000040200, 16.82000000000000000, -12.40000000000000000 ) ) ;
#1841 = DIRECTION ( 'NONE',  ( 3.388131789017135300E-016, -1.000000000000000000, -7.109844863844339600E-032 ) ) ;
#1842 = CARTESIAN_POINT ( 'NONE',  ( -12.79669646790869900, -0.4647624511386099800, -5.129999999999999900 ) ) ;
#1843 = DIRECTION ( 'NONE',  ( 0.0000000000000000000, 0.0000000000000000000, 1.000000000000000000 ) ) ;
#1844 = CARTESIAN_POINT ( 'NONE',  ( -1.000000000000000000, 11.70000000000000100, -12.40000000000000000 ) ) ;
#1845 = CARTESIAN_POINT ( 'NONE',  ( -11.74272260875548000, 0.4239018962894360300, 12.54260076487707900 ) ) ;
#1847 = DIRECTION ( 'NONE',  ( -0.0000000000000000000, -0.0000000000000000000, -1.000000000000000000 ) ) ;
#1846 = CARTESIAN_POINT ( 'NONE',  ( 10.16000000000000000, -6.299999999999999800, 2.540000000000000000 ) ) ;
#1848 = EDGE_LOOP ( 'NONE', ( #4317, #8707, #3503, #103, #8284 ) ) ;
#1849 = ORIENTED_EDGE ( 'NONE', *, *, #3623, .F. ) ;
#1850 = VERTEX_POINT ( 'NONE', #957 ) ;
#1851 = EDGE_CURVE ( 'NONE', #8063, #2302, #7793, .T. ) ;
#1852 = ORIENTED_EDGE ( 'NONE', *, *, #7328, .F. ) ;
#1853 = FACE_OUTER_BOUND ( 'NONE', #6880, .T. ) ;
#1854 = ADVANCED_FACE ( 'NONE', ( #2362 ), #554, .F. ) ;
#1855 = CARTESIAN_POINT ( 'NONE',  ( 11.70351619020334200, -0.4648426890406490200, -5.130000000000000800 ) ) ;
#1856 = AXIS2_PLACEMENT_3D ( 'NONE', #8359, #6936, #5580 ) ;
#1857 = CIRCLE ( 'NONE', #2603, 0.5000000000000004400 ) ;
#1858 = DIRECTION ( 'NONE',  ( 0.0000000000000000000, 1.000000000000000000, 0.0000000000000000000 ) ) ;
#1859 = VERTEX_POINT ( 'NONE', #3513 ) ;
#1860 = CARTESIAN_POINT ( 'NONE',  ( -12.40000000000000000, 11.70000000000000100, -4.850000000000000500 ) ) ;
#1861 = VERTEX_POINT ( 'NONE', #6894 ) ;
#1862 = LINE ( 'NONE', #4857, #6560 ) ;
#1863 = EDGE_CURVE ( 'NONE', #7082, #1861, #8657, .T. ) ;
#1864 = FACE_OUTER_BOUND ( 'NONE', #102, .T. ) ;
#1865 = DIRECTION ( 'NONE',  ( 0.0000000000000000000, 1.000000000000000000, 0.0000000000000000000 ) ) ;
#1866 = CARTESIAN_POINT ( 'NONE',  ( 0.0000000000000000000, 16.82000000000000000, 7.849999999999999600 ) ) ;
#1867 = STYLED_ITEM ( 'NONE', ( #7945 ), #7167 ) ;
#1868 = ORIENTED_EDGE ( 'NONE', *, *, #4975, .F. ) ;
#1869 = LINE ( 'NONE', #579, #8049 ) ;
#1870 = CARTESIAN_POINT ( 'NONE',  ( 12.41342400751739900, 7.824433369012191400, -11.61354585139582000 ) ) ;
#1871 = CARTESIAN_POINT ( 'NONE',  ( 6.450000000000000200, 16.82000000000000000, -4.850000000000000500 ) ) ;
#1872 = ORIENTED_EDGE ( 'NONE', *, *, #4137, .F. ) ;
#1873 = CARTESIAN_POINT ( 'NONE',  ( -11.70351619020334200, -0.4648426890406490200, 5.129999999999999900 ) ) ;
#1874 = DIRECTION ( 'NONE',  ( 1.000000000000000000, 0.0000000000000000000, 0.0000000000000000000 ) ) ;
#1875 = CARTESIAN_POINT ( 'NONE',  ( 11.75012184387842100, 0.0000000000000000000, 12.55000000000000100 ) ) ;
#1876 = EDGE_CURVE ( 'NONE', #8216, #2478, #665, .T. ) ;
#1877 = ORIENTED_EDGE ( 'NONE', *, *, #232, .T. ) ;
#1878 = AXIS2_PLACEMENT_3D ( 'NONE', #2636, #8027, #8715 ) ;
#1880 = DIRECTION ( 'NONE',  ( -0.0000000000000000000, -0.0000000000000000000, -1.000000000000000000 ) ) ;
#1879 = DIRECTION ( 'NONE',  ( 0.01744974916067984100, -0.9996954598818875700, -0.01744974916067984100 ) ) ;
#1881 = ADVANCED_FACE ( 'NONE', ( #8122 ), #7475, .F. ) ;
#1882 = LINE ( 'NONE', #3783, #918 ) ;
#1883 = LINE ( 'NONE', #5794, #1243 ) ;
#1884 = CARTESIAN_POINT ( 'NONE',  ( 12.49959361741222000, 0.07004548768146930100, 5.129999999999999900 ) ) ;
#1885 = ORIENTED_EDGE ( 'NONE', *, *, #3788, .F. ) ;
#1886 = VERTEX_POINT ( 'NONE', #4915 ) ;
#1887 =( GEOMETRIC_REPRESENTATION_CONTEXT ( 3 ) GLOBAL_UNCERTAINTY_ASSIGNED_CONTEXT ( ( #7021 ) ) GLOBAL_UNIT_ASSIGNED_CONTEXT ( ( #4303, #7020, #8394 ) ) REPRESENTATION_CONTEXT ( 'NONE', 'WORKASPACE' ) );
#1888 = ORIENTED_EDGE ( 'NONE', *, *, #6284, .T. ) ;
#1890 = CARTESIAN_POINT ( 'NONE',  ( -11.99959362185762000, 0.07004762192026201000, -7.129999999999999900 ) ) ;
#1889 = CARTESIAN_POINT ( 'NONE',  ( -11.50000000000000000, -0.6999999999999999600, 4.500000000000000000 ) ) ;
#1891 = CARTESIAN_POINT ( 'NONE',  ( -12.40000000000000000, 11.70000000000000100, 7.849999999999999600 ) ) ;
#1892 = DIRECTION ( 'NONE',  ( 0.0000000000000000000, 0.0000000000000000000, 1.000000000000000000 ) ) ;
#1893 = LINE ( 'NONE', #4652, #2304 ) ;
#1894 = EDGE_CURVE ( 'NONE', #1886, #2504, #1522, .T. ) ;
#1895 = LINE ( 'NONE', #4072, #7207 ) ;
#1896 = CYLINDRICAL_SURFACE ( 'NONE', #955, 0.5000000000000004400 ) ;
#1897 = ORIENTED_EDGE ( 'NONE', *, *, #8614, .T. ) ;
#1898 = ORIENTED_EDGE ( 'NONE', *, *, #3359, .T. ) ;
#1899 = VECTOR ( 'NONE', #6500, 1000.000000000000000 ) ;
#1900 = ORIENTED_EDGE ( 'NONE', *, *, #5336, .T. ) ;
#1901 = FILL_AREA_STYLE ('',( #1010 ) ) ;
#1902 = LINE ( 'NONE', #5139, #1058 ) ;
#1904 = LINE ( 'NONE', #8377, #415 ) ;
#1903 = CARTESIAN_POINT ( 'NONE',  ( 11.90000000000040200, 16.82000000000000000, -12.40000000000000000 ) ) ;
#1905 = ORIENTED_EDGE ( 'NONE', *, *, #2386, .T. ) ;
#1906 = VECTOR ( 'NONE', #7704, 1000.000000000000000 ) ;
#1907 = ORIENTED_EDGE ( 'NONE', *, *, #6119, .F. ) ;
#1908 = ORIENTED_EDGE ( 'NONE', *, *, #8167, .T. ) ;
#1909 = EDGE_CURVE ( 'NONE', #5482, #3033, #2777, .T. ) ;
#1910 = DIRECTION ( 'NONE',  ( -0.0000000000000000000, -1.000000000000000000, -0.0000000000000000000 ) ) ;
#1911 = DIRECTION ( 'NONE',  ( 1.000000000000000000, 0.0000000000000000000, 0.0000000000000000000 ) ) ;
#1912 = ORIENTED_EDGE ( 'NONE', *, *, #5467, .F. ) ;
#1913 = CARTESIAN_POINT ( 'NONE',  ( -11.70351619020334200, -0.4648426890406490200, 7.130000000000000800 ) ) ;
#1914 = CARTESIAN_POINT ( 'NONE',  ( 11.59959361958396000, 0.06999999999988960900, 5.130000000000000800 ) ) ;
#1915 =( GEOMETRIC_REPRESENTATION_CONTEXT ( 3 ) GLOBAL_UNCERTAINTY_ASSIGNED_CONTEXT ( ( #6914 ) ) GLOBAL_UNIT_ASSIGNED_CONTEXT ( ( #700, #1957, #3251 ) ) REPRESENTATION_CONTEXT ( 'NONE', 'WORKASPACE' ) );
#1916 = AXIS2_PLACEMENT_3D ( 'NONE', #447, #5127, #5800 ) ;
#1917 = FACE_OUTER_BOUND ( 'NONE', #8399, .T. ) ;
#1918 = ORIENTED_EDGE ( 'NONE', *, *, #6209, .T. ) ;
#1919 = CARTESIAN_POINT ( 'NONE',  ( 0.4999999999996029800, 12.19744118435426100, -12.40000000000000000 ) ) ;
#1920 = DIRECTION ( 'NONE',  ( 1.000000000000000000, 0.0000000000000000000, 0.0000000000000000000 ) ) ;
#1921 = DIRECTION ( 'NONE',  ( -0.0000000000000000000, -0.0000000000000000000, -1.000000000000000000 ) ) ;
#1922 = CARTESIAN_POINT ( 'NONE',  ( -12.69999999999999900, 0.0000000000000000000, -12.69999999999999900 ) ) ;
#1923 = EDGE_CURVE ( 'NONE', #3151, #1332, #452, .T. ) ;
#1925 = CARTESIAN_POINT ( 'NONE',  ( -12.41184259964130400, 7.915032165556695500, -11.61286810511824400 ) ) ;
#1924 = DIRECTION ( 'NONE',  ( 0.9925062874862399200, 0.1221935730727325700, 0.0000000000000000000 ) ) ;
#1926 = CYLINDRICAL_SURFACE ( 'NONE', #141, 1.499999999999999600 ) ;
#1927 = AXIS2_PLACEMENT_3D ( 'NONE', #4854, #860, #2116 ) ;
#1928 = VECTOR ( 'NONE', #2579, 1000.000000000000000 ) ;
#1929 = ADVANCED_FACE ( 'NONE', ( #3284 ), #274, .F. ) ;
#1930 = PLANE ( 'NONE',  #6603 ) ;
#1931 = DIRECTION ( 'NONE',  ( -1.000000000000000000, 0.0000000000000000000, 0.0000000000000000000 ) ) ;
#1932 = VECTOR ( 'NONE', #7679, 1000.000000000000000 ) ;
#1933 = EDGE_CURVE ( 'NONE', #3282, #5303, #4840, .T. ) ;
#1934 = LINE ( 'NONE', #4859, #3680 ) ;
#1935 = AXIS2_PLACEMENT_3D ( 'NONE', #5899, #2781, #4770 ) ;
#1936 = CARTESIAN_POINT ( 'NONE',  ( 10.16000000000000000, -6.000000000000000000, 2.040000000000000000 ) ) ;
#1937 = PLANE ( 'NONE',  #5379 ) ;
#1938 = PLANE ( 'NONE',  #5196 ) ;
#1939 = CARTESIAN_POINT ( 'NONE',  ( -11.70054052399948000, 11.96513699471034000, 7.400000000000000400 ) ) ;
#1940 = CARTESIAN_POINT ( 'NONE',  ( 10.16000000000000000, -6.299999999999999800, 2.340000000000011800 ) ) ;
#1941 = SURFACE_STYLE_USAGE ( .BOTH. , #8706 ) ;
#1942 = LINE ( 'NONE', #4088, #8432 ) ;
#1943 = FACE_OUTER_BOUND ( 'NONE', #8452, .T. ) ;
#1944 = ADVANCED_FACE ( 'NONE', ( #8224 ), #3479, .F. ) ;
#1945 = EDGE_CURVE ( 'NONE', #2388, #1749, #7581, .T. ) ;
#1946 = VERTEX_POINT ( 'NONE', #894 ) ;
#1947 = CARTESIAN_POINT ( 'NONE',  ( -3.985527186056714800E-013, 16.82000000000000000, 4.850000000000000500 ) ) ;
#1948 = DIRECTION ( 'NONE',  ( 0.0000000000000000000, 1.000000000000000000, 0.0000000000000000000 ) ) ;
#1949 = CARTESIAN_POINT ( 'NONE',  ( -6.450000000000000200, 12.20000000000000100, -12.40000000000000000 ) ) ;
#1950 = VERTEX_POINT ( 'NONE', #7597 ) ;
#1952 = CARTESIAN_POINT ( 'NONE',  ( -11.61286810511824400, 7.915032165556692000, -12.41184259964130400 ) ) ;
#1951 = CARTESIAN_POINT ( 'NONE',  ( 11.55390823631220000, 13.15614453969005900, 7.400000000000000400 ) ) ;
#1953 = CYLINDRICAL_SURFACE ( 'NONE', #3046, 0.5000000000000000000 ) ;
#1954 = PRODUCT_DEFINITION_FORMATION_WITH_SPECIFIED_SOURCE ( 'ANY', '', #2261, .NOT_KNOWN. ) ;
#1955 = VECTOR ( 'NONE', #4497, 1000.000000000000000 ) ;
#1956 = ORIENTED_EDGE ( 'NONE', *, *, #1485, .T. ) ;
#1957 =( NAMED_UNIT ( * ) PLANE_ANGLE_UNIT ( ) SI_UNIT ( $, .RADIAN. ) );
#1958 = EDGE_LOOP ( 'NONE', ( #1148, #3192, #1638, #5348 ) ) ;
#1959 = CARTESIAN_POINT ( 'NONE',  ( -2.975469372650804800, 12.10000000000000000, 7.400000000000000400 ) ) ;
#1960 = PRESENTATION_STYLE_ASSIGNMENT (( #7355 ) ) ;
#1961 = ORIENTED_EDGE ( 'NONE', *, *, #6521, .T. ) ;
#1962 = AXIS2_PLACEMENT_3D ( 'NONE', #2228, #4179, #5454 ) ;
#1963 = CARTESIAN_POINT ( 'NONE',  ( 12.49958205907933400, 0.07480837547085372700, -5.129999999999999900 ) ) ;
#1964 =( LENGTH_UNIT ( ) NAMED_UNIT ( * ) SI_UNIT ( .MILLI., .METRE. ) );
#1965 = CARTESIAN_POINT ( 'NONE',  ( 11.86011120661946100, -0.7120816677289799600, 5.129999999999999900 ) ) ;
#1966 = ORIENTED_EDGE ( 'NONE', *, *, #5444, .T. ) ;
#1967 = CARTESIAN_POINT ( 'NONE',  ( -12.64013774716952000, -0.7120244148728569500, 7.130000000000000800 ) ) ;
#1968 = DIRECTION ( 'NONE',  ( 0.0000000000000000000, 0.0000000000000000000, -1.000000000000000000 ) ) ;
#1969 = DIRECTION ( 'NONE',  ( 0.0000000000000000000, 1.000000000000000000, 0.0000000000000000000 ) ) ;
#1970 = FACE_OUTER_BOUND ( 'NONE', #6885, .T. ) ;
#1971 = ORIENTED_EDGE ( 'NONE', *, *, #6919, .F. ) ;
#1972 = EDGE_CURVE ( 'NONE', #3172, #1428, #5477, .T. ) ;
#1973 = VERTEX_POINT ( 'NONE', #7800 ) ;
#1974 = VECTOR ( 'NONE', #5026, 1000.000000000000000 ) ;
#1975 = CARTESIAN_POINT ( 'NONE',  ( 10.16000000000000000, -6.000000000000000000, -9.660000000000000100 ) ) ;
#1976 = AXIS2_PLACEMENT_3D ( 'NONE', #6196, #130, #8292 ) ;
#1977 = DIRECTION ( 'NONE',  ( 2.098455817713879800E-016, 0.0000000000000000000, 1.000000000000000000 ) ) ;
#1979 = CARTESIAN_POINT ( 'NONE',  ( -12.55000000000000100, 0.0000000000000000000, 12.55000000000000100 ) ) ;
#1978 = CARTESIAN_POINT ( 'NONE',  ( -11.55390823631167900, 13.15614453969378100, 7.400000000000000400 ) ) ;
#1980 = DIRECTION ( 'NONE',  ( -1.000000000000000000, 0.0000000000000000000, 0.0000000000000000000 ) ) ;
#1981 = DIRECTION ( 'NONE',  ( 0.0000000000000000000, 0.0000000000000000000, -1.000000000000000000 ) ) ;
#1982 = SURFACE_STYLE_FILL_AREA ( #3527 ) ;
#1983 = AXIS2_PLACEMENT_3D ( 'NONE', #7304, #5999, #7997 ) ;
#1984 = EDGE_LOOP ( 'NONE', ( #387, #4704, #5212, #3514 ) ) ;
#1985 = SURFACE_STYLE_FILL_AREA ( #6757 ) ;
#1986 = EDGE_CURVE ( 'NONE', #5634, #3947, #991, .T. ) ;
#1987 = COLOUR_RGB ( '',0.7490196078431372600, 0.7490196078431372600, 0.7490196078431372600 ) ;
#1988 = ORIENTED_EDGE ( 'NONE', *, *, #7761, .T. ) ;
#1989 = EDGE_LOOP ( 'NONE', ( #7809, #3412, #8011, #4060, #66 ) ) ;
#1990 = ORIENTED_EDGE ( 'NONE', *, *, #835, .F. ) ;
#1991 = LINE ( 'NONE', #5268, #2505 ) ;
#1992 = VECTOR ( 'NONE', #2720, 1000.000000000000000 ) ;
#1993 = EDGE_CURVE ( 'NONE', #5941, #8124, #4834, .T. ) ;
#1994 = CARTESIAN_POINT ( 'NONE',  ( -12.88333504276538100, -0.2053636409173125200, 5.129999999999999900 ) ) ;
#1995 = VERTEX_POINT ( 'NONE', #6421 ) ;
#1996 = CARTESIAN_POINT ( 'NONE',  ( 5.450000000000399900, 12.20000000000000100, -12.40000000000000000 ) ) ;
#1997 = ORIENTED_EDGE ( 'NONE', *, *, #2237, .T. ) ;
#1998 = DIRECTION ( 'NONE',  ( 0.0000000000000000000, 0.0000000000000000000, 1.000000000000000000 ) ) ;
#1999 = ORIENTED_EDGE ( 'NONE', *, *, #1294, .T. ) ;
#2000 = ORIENTED_EDGE ( 'NONE', *, *, #5944, .F. ) ;
#2001 = PRESENTATION_STYLE_ASSIGNMENT (( #5550 ) ) ;
#2002 = CIRCLE ( 'NONE', #8488, 0.5000000000000000000 ) ;
#2003 =( GEOMETRIC_REPRESENTATION_CONTEXT ( 3 ) GLOBAL_UNCERTAINTY_ASSIGNED_CONTEXT ( ( #2778 ) ) GLOBAL_UNIT_ASSIGNED_CONTEXT ( ( #8137, #774, #99 ) ) REPRESENTATION_CONTEXT ( 'NONE', 'WORKASPACE' ) );
#2004 = DIRECTION ( 'NONE',  ( 0.0000000000000000000, 1.000000000000000000, 0.0000000000000000000 ) ) ;
#2005 = DIRECTION ( 'NONE',  ( 1.000000000000000000, 0.0000000000000000000, -2.098455817713879800E-016 ) ) ;
#2006 = ORIENTED_EDGE ( 'NONE', *, *, #6384, .T. ) ;
#2007 = CARTESIAN_POINT ( 'NONE',  ( 11.50000000000000000, 9.700000000000001100, 11.50000000000000000 ) ) ;
#2008 = CARTESIAN_POINT ( 'NONE',  ( 11.90000000000000000, 16.82000000000000000, -12.40000000000000000 ) ) ;
#2009 = CIRCLE ( 'NONE', #5921, 0.5000000000000004400 ) ;
#2010 = EDGE_CURVE ( 'NONE', #2397, #1583, #983, .T. ) ;
#2011 = ORIENTED_EDGE ( 'NONE', *, *, #8156, .T. ) ;
#2012 = CARTESIAN_POINT ( 'NONE',  ( -12.10202787498492100, -0.4300000000001086300, -7.130000000000000800 ) ) ;
#2013 = ADVANCED_FACE ( 'NONE', ( #548 ), #5041, .T. ) ;
#2014 = LINE ( 'NONE', #3196, #2521 ) ;
#2015 = CARTESIAN_POINT ( 'NONE',  ( 6.450000000000000200, 16.82000000000000000, 7.849999999999999600 ) ) ;
#2016 = FACE_OUTER_BOUND ( 'NONE', #3748, .T. ) ;
#2017 = VERTEX_POINT ( 'NONE', #5767 ) ;
#2018 = ORIENTED_EDGE ( 'NONE', *, *, #8665, .T. ) ;
#2019 = ORIENTED_EDGE ( 'NONE', *, *, #5432, .F. ) ;
#2020 = EDGE_CURVE ( 'NONE', #3024, #1720, #8330, .T. ) ;
#2021 = DIRECTION ( 'NONE',  ( 1.000000000000000000, 0.0000000000000000000, 0.0000000000000000000 ) ) ;
#2023 = LINE ( 'NONE', #5486, #1707 ) ;
#2022 = CARTESIAN_POINT ( 'NONE',  ( 5.450000000000399900, 16.82000000000000000, 4.850000000000000500 ) ) ;
#2024 = CARTESIAN_POINT ( 'NONE',  ( 12.90054052399948000, 11.96513699471034000, -4.859999999999999400 ) ) ;
#2025 = DIRECTION ( 'NONE',  ( 0.0000000000000000000, 1.000000000000000000, 0.0000000000000000000 ) ) ;
#2026 = ORIENTED_EDGE ( 'NONE', *, *, #3021, .F. ) ;
#2027 = ORIENTED_EDGE ( 'NONE', *, *, #2416, .F. ) ;
#2028 = AXIS2_PLACEMENT_3D ( 'NONE', #6952, #1648, #5687 ) ;
#2029 = PRESENTATION_STYLE_ASSIGNMENT (( #54 ) ) ;
#2030 = DIRECTION ( 'NONE',  ( 2.797941090285175100E-016, -0.0000000000000000000, 1.000000000000000000 ) ) ;
#2031 = LINE ( 'NONE', #4154, #5884 ) ;
#2032 = CARTESIAN_POINT ( 'NONE',  ( 10.16000000000000000, -6.299999999999999800, -2.540000000000000000 ) ) ;
#2033 = CARTESIAN_POINT ( 'NONE',  ( 11.40000000000040200, 12.20000000000000100, -12.40000000000000000 ) ) ;
#2034 = CARTESIAN_POINT ( 'NONE',  ( 11.40000000000040200, 12.20000000000000100, -12.40000000000000000 ) ) ;
#2035 = EDGE_CURVE ( 'NONE', #8165, #2017, #2146, .T. ) ;
#2037 = CARTESIAN_POINT ( 'NONE',  ( -12.31218441130240200, 8.373045942747960900, -12.31218441130240200 ) ) ;
#2036 = DIRECTION ( 'NONE',  ( 0.0000000000000000000, 0.0000000000000000000, 1.000000000000000000 ) ) ;
#2038 = AXIS2_PLACEMENT_3D ( 'NONE', #3379, #4630, #5362 ) ;
#2039 = LINE ( 'NONE', #416, #3465 ) ;
#2040 = LINE ( 'NONE', #4139, #5780 ) ;
#2041 = DIRECTION ( 'NONE',  ( 0.0000000000000000000, -1.000000000000000000, 0.0000000000000000000 ) ) ;
#2042 = VECTOR ( 'NONE', #4117, 1000.000000000000000 ) ;
#2043 = CARTESIAN_POINT ( 'NONE',  ( -12.25013752952505900, -0.8898851874046199700, -5.129999999999999900 ) ) ;
#2044 = EDGE_CURVE ( 'NONE', #3052, #6436, #4731, .T. ) ;
#2045 = EDGE_CURVE ( 'NONE', #1129, #3235, #7897, .T. ) ;
#2046 = ORIENTED_EDGE ( 'NONE', *, *, #6631, .F. ) ;
#2047 = ADVANCED_FACE ( 'NONE', ( #5470 ), #1751, .T. ) ;
#2048 = CIRCLE ( 'NONE', #6481, 0.5000000000000004400 ) ;
#2049 = APPLICATION_CONTEXT ( 'automotive_design' ) ;
#2050 = CARTESIAN_POINT ( 'NONE',  ( -5.950000000000399900, 16.82000000000000000, 7.849999999999999600 ) ) ;
#2051 = ORIENTED_EDGE ( 'NONE', *, *, #4627, .F. ) ;
#2052 = AXIS2_PLACEMENT_3D ( 'NONE', #1805, #6478, #1631 ) ;
#2053 = ORIENTED_EDGE ( 'NONE', *, *, #739, .T. ) ;
#2054 = EDGE_LOOP ( 'NONE', ( #8608, #3333, #610, #1640 ) ) ;
#2055 = EDGE_CURVE ( 'NONE', #7620, #1224, #344, .T. ) ;
#2056 = CARTESIAN_POINT ( 'NONE',  ( -11.40000000000040200, 12.20000000000000100, -12.40000000000000000 ) ) ;
#2057 = DIRECTION ( 'NONE',  ( 3.388131789017135300E-016, -1.000000000000000000, -9.479793151792449500E-032 ) ) ;
#2058 = CARTESIAN_POINT ( 'NONE',  ( -3.000000000000000000, 11.70000000000000100, 7.400000000000000400 ) ) ;
#2059 = CARTESIAN_POINT ( 'NONE',  ( -10.16000000000000000, -6.299999999999999800, -0.2000000000000025100 ) ) ;
#2060 = CARTESIAN_POINT ( 'NONE',  ( -12.41342400751739900, 7.824433369012191400, -11.61354585139582000 ) ) ;
#2061 = DIRECTION ( 'NONE',  ( 0.0000000000000000000, 0.0000000000000000000, -1.000000000000000000 ) ) ;
#2062 = CARTESIAN_POINT ( 'NONE',  ( -1.000000000000000000, 12.20000000000000100, -12.40000000000000000 ) ) ;
#2063 = ORIENTED_EDGE ( 'NONE', *, *, #6082, .T. ) ;
#2064 = ORIENTED_EDGE ( 'NONE', *, *, #6567, .F. ) ;
#2065 = VECTOR ( 'NONE', #6457, 1000.000000000000000 ) ;
#2066 = DIRECTION ( 'NONE',  ( 0.0000000000000000000, 0.0000000000000000000, 1.000000000000000000 ) ) ;
#2067 = ADVANCED_FACE ( 'NONE', ( #6746 ), #3050, .F. ) ;
#2068 = EDGE_CURVE ( 'NONE', #762, #6770, #1834, .T. ) ;
#2069 = EDGE_LOOP ( 'NONE', ( #512, #5050, #1172, #834 ) ) ;
#2070 = CONICAL_SURFACE ( 'NONE', #3648, 0.1999999999999883800, 0.7853981633974476100 ) ;
#2071 = VECTOR ( 'NONE', #1892, 1000.000000000000000 ) ;
#2072 = ORIENTED_EDGE ( 'NONE', *, *, #4987, .T. ) ;
#2073 = DIRECTION ( 'NONE',  ( 0.0000000000000000000, 0.0000000000000000000, 1.000000000000000000 ) ) ;
#2074 = FILL_AREA_STYLE ('',( #36 ) ) ;
#2075 = DIRECTION ( 'NONE',  ( 0.0000000000000000000, 0.0000000000000000000, -1.000000000000000000 ) ) ;
#2076 = ORIENTED_EDGE ( 'NONE', *, *, #1467, .T. ) ;
#2077 = CARTESIAN_POINT ( 'NONE',  ( -12.40000000000000000, 16.82000000000000000, 4.850000000000000500 ) ) ;
#2078 = VERTEX_POINT ( 'NONE', #2989 ) ;
#2079 = EDGE_CURVE ( 'NONE', #3609, #7739, #7255, .T. ) ;
#2080 = DIRECTION ( 'NONE',  ( 3.388131789017129900E-016, 1.000000000000000000, 0.0000000000000000000 ) ) ;
#2081 = LINE ( 'NONE', #908, #284 ) ;
#2082 = ORIENTED_EDGE ( 'NONE', *, *, #4615, .F. ) ;
#2083 = DIRECTION ( 'NONE',  ( 1.000000000000000000, 0.0000000000000000000, 0.0000000000000000000 ) ) ;
#2084 = AXIS2_PLACEMENT_3D ( 'NONE', #5295, #1337, #1310 ) ;
#2085 = DIRECTION ( 'NONE',  ( 0.0000000000000000000, 0.0000000000000000000, -1.000000000000000000 ) ) ;
#2086 = ORIENTED_EDGE ( 'NONE', *, *, #3645, .F. ) ;
#2087 = CARTESIAN_POINT ( 'NONE',  ( 11.01363723429845400, 9.199999999999999300, 11.01363723429845700 ) ) ;
#2088 = CARTESIAN_POINT ( 'NONE',  ( -11.55390823631167900, 13.15614453969378100, 7.400000000000000400 ) ) ;
#2089 = DIRECTION ( 'NONE',  ( 0.0000000000000000000, 0.0000000000000000000, 1.000000000000000000 ) ) ;
#2090 = CIRCLE ( 'NONE', #1400, 0.5000000000000004400 ) ;
#2092 = CARTESIAN_POINT ( 'NONE',  ( -11.37878667903482300, 8.925571717563785900, -11.86565260534498600 ) ) ;
#2091 =( NAMED_UNIT ( * ) PLANE_ANGLE_UNIT ( ) SI_UNIT ( $, .RADIAN. ) );
#2093 = LINE ( 'NONE', #6185, #3008 ) ;
#2094 = ORIENTED_EDGE ( 'NONE', *, *, #660, .T. ) ;
#2095 = EDGE_CURVE ( 'NONE', #8387, #6290, #7158, .T. ) ;
#2096 = ORIENTED_EDGE ( 'NONE', *, *, #2674, .T. ) ;
#2098 = LINE ( 'NONE', #3480, #4784 ) ;
#2097 = DIRECTION ( 'NONE',  ( 0.0000000000000000000, 0.0000000000000000000, -1.000000000000000000 ) ) ;
#2099 = MANIFOLD_SOLID_BREP ( '輸入3', #1125 ) ;
#2100 = ORIENTED_EDGE ( 'NONE', *, *, #1630, .T. ) ;
#2101 = AXIS2_PLACEMENT_3D ( 'NONE', #8126, #2073, #2021 ) ;
#2102 = LINE ( 'NONE', #445, #6595 ) ;
#2103 = VERTEX_POINT ( 'NONE', #4352 ) ;
#2104 = VERTEX_POINT ( 'NONE', #1724 ) ;
#2105 = VECTOR ( 'NONE', #1385, 1000.000000000000000 ) ;
#2106 = FILL_AREA_STYLE_COLOUR ( '', #6889 ) ;
#2107 = EDGE_CURVE ( 'NONE', #3735, #259, #6314, .T. ) ;
#2109 = DIRECTION ( 'NONE',  ( -1.000000000000000000, 0.0000000000000000000, 0.0000000000000000000 ) ) ;
#2108 = CARTESIAN_POINT ( 'NONE',  ( 11.70054052399948000, 11.96513699470659900, 7.400000000000000400 ) ) ;
#2110 = VECTOR ( 'NONE', #5028, 1000.000000000000000 ) ;
#2111 = ADVANCED_FACE ( 'NONE', ( #2558 ), #4168, .T. ) ;
#2112 = DIRECTION ( 'NONE',  ( 1.000000000000000000, 0.0000000000000000000, 0.0000000000000000000 ) ) ;
#2113 = LINE ( 'NONE', #1205, #3447 ) ;
#2114 = ORIENTED_EDGE ( 'NONE', *, *, #3844, .F. ) ;
#2115 = AXIS2_PLACEMENT_3D ( 'NONE', #442, #5122, #1810 ) ;
#2116 = DIRECTION ( 'NONE',  ( 1.000000000000000000, 0.0000000000000000000, 0.0000000000000000000 ) ) ;
#2117 = DIRECTION ( 'NONE',  ( 1.000000000000000000, 0.0000000000000000000, 0.0000000000000000000 ) ) ;
#2119 = CARTESIAN_POINT ( 'NONE',  ( 12.33571331699215000, 8.269388219920966100, 11.58024126974195800 ) ) ;
#2118 = DIRECTION ( 'NONE',  ( 0.0000000000000000000, 0.0000000000000000000, -1.000000000000000000 ) ) ;
#2120 = CARTESIAN_POINT ( 'NONE',  ( 10.16000000000000000, -6.299999999999999800, 9.660000000000000100 ) ) ;
#2121 = CARTESIAN_POINT ( 'NONE',  ( 10.90000000000040000, 12.20000000000000100, 4.850000000000000500 ) ) ;
#2123 = CARTESIAN_POINT ( 'NONE',  ( -11.01363723429845500, 9.199999999999999300, -11.01363723429845500 ) ) ;
#2122 = CARTESIAN_POINT ( 'NONE',  ( -11.75012184387840000, 0.0000000000000000000, 12.55000000000000100 ) ) ;
#2124 = ORIENTED_EDGE ( 'NONE', *, *, #4541, .F. ) ;
#2125 = CARTESIAN_POINT ( 'NONE',  ( -12.41184259964128400, 7.915032165556695500, 11.61286810511824400 ) ) ;
#2126 = AXIS2_PLACEMENT_3D ( 'NONE', #5171, #1184, #7822 ) ;
#2127 = AXIS2_PLACEMENT_3D ( 'NONE', #319, #1821, #4363 ) ;
#2128 = DIRECTION ( 'NONE',  ( 0.0000000000000000000, -1.000000000000000000, 0.0000000000000000000 ) ) ;
#2129 = ADVANCED_FACE ( 'NONE', ( #4626 ), #7180, .T. ) ;
#2130 = EDGE_CURVE ( 'NONE', #8179, #6186, #1627, .T. ) ;
#2131 = DIRECTION ( 'NONE',  ( -1.000000000000000000, 0.0000000000000000000, 0.0000000000000000000 ) ) ;
#2132 = CARTESIAN_POINT ( 'NONE',  ( 5.950000000000399900, 17.32000000000000000, -4.850000000000000500 ) ) ;
#2133 = FACE_OUTER_BOUND ( 'NONE', #3635, .T. ) ;
#2134 = ORIENTED_EDGE ( 'NONE', *, *, #4116, .T. ) ;
#2135 = CIRCLE ( 'NONE', #217, 0.5000000000000004400 ) ;
#2136 = SURFACE_SIDE_STYLE ('',( #2245 ) ) ;
#2137 =( BOUNDED_CURVE ( )  B_SPLINE_CURVE ( 3, ( #543, #21, #1477, #6758 ),
 .UNSPECIFIED., .F., .F. ) 
 B_SPLINE_CURVE_WITH_KNOTS ( ( 4, 4 ),
 ( 4.712388980384689700, 6.265732014659646700 ),
 .UNSPECIFIED. ) 
 CURVE ( )  GEOMETRIC_REPRESENTATION_ITEM ( )  RATIONAL_B_SPLINE_CURVE ( ( 1.000000000000000000, 0.8088336327694534100, 0.8088336327694534100, 1.000000000000000000 ) ) 
 REPRESENTATION_ITEM ( '' )  );
#2138 = AXIS2_PLACEMENT_3D ( 'NONE', #6142, #7484, #3464 ) ;
#2139 = CARTESIAN_POINT ( 'NONE',  ( -10.16000000000000000, -6.299999999999999800, 10.35999999999998900 ) ) ;
#2141 = CARTESIAN_POINT ( 'NONE',  ( 12.07809654921153000, 8.756705158317617000, 12.07809654921153000 ) ) ;
#2140 =( NAMED_UNIT ( * ) SI_UNIT ( $, .STERADIAN. ) SOLID_ANGLE_UNIT ( ) );
#2142 = EDGE_CURVE ( 'NONE', #1157, #3911, #1415, .T. ) ;
#2143 = VERTEX_POINT ( 'NONE', #7262 ) ;
#2145 = CARTESIAN_POINT ( 'NONE',  ( -11.01363723429845200, 9.199999999999999300, -11.01363723429845700 ) ) ;
#2144 = SURFACE_SIDE_STYLE ('',( #5852 ) ) ;
#2146 = LINE ( 'NONE', #306, #3585 ) ;
#2147 = ORIENTED_EDGE ( 'NONE', *, *, #3694, .T. ) ;
#2148 = CARTESIAN_POINT ( 'NONE',  ( -11.61286810511822600, 7.915032165556692000, 12.41184259964130400 ) ) ;
#2149 = VERTEX_POINT ( 'NONE', #1251 ) ;
#2150 = CARTESIAN_POINT ( 'NONE',  ( 12.69999999999999900, -0.6999999999999999600, -7.400000000000000400 ) ) ;
#2151 = VECTOR ( 'NONE', #1642, 1000.000000000000000 ) ;
#2152 = EDGE_CURVE ( 'NONE', #5985, #3911, #3170, .T. ) ;
#2153 = CIRCLE ( 'NONE', #5506, 0.5000000000000000000 ) ;
#2154 = VERTEX_POINT ( 'NONE', #1871 ) ;
#2155 = CARTESIAN_POINT ( 'NONE',  ( 11.69959361958397900, 0.07009548768149509400, 4.859999999999999400 ) ) ;
#2156 = ORIENTED_EDGE ( 'NONE', *, *, #7857, .F. ) ;
#2157 = DIRECTION ( 'NONE',  ( -1.000000000000000000, 0.0000000000000000000, 0.0000000000000000000 ) ) ;
#2158 = VECTOR ( 'NONE', #4771, 1000.000000000000000 ) ;
#2159 = PRESENTATION_STYLE_ASSIGNMENT (( #3567 ) ) ;
#2160 = ORIENTED_EDGE ( 'NONE', *, *, #2853, .F. ) ;
#2161 = ORIENTED_EDGE ( 'NONE', *, *, #2801, .T. ) ;
#2162 = EDGE_CURVE ( 'NONE', #1360, #7227, #3579, .T. ) ;
#2163 = ORIENTED_EDGE ( 'NONE', *, *, #5583, .F. ) ;
#2164 = LINE ( 'NONE', #3357, #4961 ) ;
#2165 = DIRECTION ( 'NONE',  ( 0.0000000000000000000, -1.000000000000000000, 0.0000000000000000000 ) ) ;
#2166 = CARTESIAN_POINT ( 'NONE',  ( 11.61354585139582000, 7.810471443862431000, 11.61354585139582000 ) ) ;
#2168 = CARTESIAN_POINT ( 'NONE',  ( 11.53875576386697200, 9.119446636787907700, 11.53875576386716200 ) ) ;
#2167 = DIRECTION ( 'NONE',  ( 0.0000000000000000000, 0.0000000000000000000, 1.000000000000000000 ) ) ;
#2169 = CARTESIAN_POINT ( 'NONE',  ( -12.24959361958396000, -0.4300000000001086800, -7.129999999999999900 ) ) ;
#2170 = DIRECTION ( 'NONE',  ( -2.098455817713879800E-016, -0.0000000000000000000, -1.000000000000000000 ) ) ;
#2171 =( NAMED_UNIT ( * ) PLANE_ANGLE_UNIT ( ) SI_UNIT ( $, .RADIAN. ) );
#2172 = VECTOR ( 'NONE', #133, 1000.000000000000000 ) ;
#2173 = ADVANCED_FACE ( 'NONE', ( #6115 ), #6573, .F. ) ;
#2174 = ORIENTED_EDGE ( 'NONE', *, *, #2875, .T. ) ;
#2175 = CIRCLE ( 'NONE', #7965, 0.4999999999999995600 ) ;
#2176 = CARTESIAN_POINT ( 'NONE',  ( -11.37878667903480300, 8.925571717563785900, 11.86565260534498600 ) ) ;
#2177 = ORIENTED_EDGE ( 'NONE', *, *, #3736, .F. ) ;
#2178 = SURFACE_STYLE_USAGE ( .BOTH. , #8300 ) ;
#2179 = EDGE_CURVE ( 'NONE', #4037, #887, #3893, .T. ) ;
#2180 = ORIENTED_EDGE ( 'NONE', *, *, #7786, .T. ) ;
#2181 = ORIENTED_EDGE ( 'NONE', *, *, #951, .T. ) ;
#2182 = FILL_AREA_STYLE ('',( #4194 ) ) ;
#2183 = AXIS2_PLACEMENT_3D ( 'NONE', #426, #5716, #6402 ) ;
#2184 = CIRCLE ( 'NONE', #560, 0.5000000000000004400 ) ;
#2185 = DIRECTION ( 'NONE',  ( -0.0000000000000000000, -0.0000000000000000000, -1.000000000000000000 ) ) ;
#2186 = VECTOR ( 'NONE', #7284, 1000.000000000000000 ) ;
#2188 = CARTESIAN_POINT ( 'NONE',  ( 12.40000000000000000, 21.69999999999999900, 7.849999999999999600 ) ) ;
#2187 =( LENGTH_UNIT ( ) NAMED_UNIT ( * ) SI_UNIT ( .MILLI., .METRE. ) );
#2189 = ORIENTED_EDGE ( 'NONE', *, *, #2865, .T. ) ;
#2190 = ORIENTED_EDGE ( 'NONE', *, *, #5361, .T. ) ;
#2191 = VERTEX_POINT ( 'NONE', #1133 ) ;
#2192 = ORIENTED_EDGE ( 'NONE', *, *, #1028, .T. ) ;
#2193 = VECTOR ( 'NONE', #5184, 1000.000000000000000 ) ;
#2194 = ORIENTED_EDGE ( 'NONE', *, *, #6493, .T. ) ;
#2195 = EDGE_CURVE ( 'NONE', #6290, #5046, #5893, .T. ) ;
#2196 = CARTESIAN_POINT ( 'NONE',  ( -3.000000000000000000, 11.70000000000000100, -7.400000000000000400 ) ) ;
#2197 = CYLINDRICAL_SURFACE ( 'NONE', #3364, 0.5000000000000004400 ) ;
#2198 = VERTEX_POINT ( 'NONE', #5265 ) ;
#2199 = AXIS2_PLACEMENT_3D ( 'NONE', #5655, #8289, #6893 ) ;
#2200 = DIRECTION ( 'NONE',  ( -0.0000000000000000000, 1.000000000000000000, -0.0000000000000000000 ) ) ;
#2201 = ORIENTED_EDGE ( 'NONE', *, *, #5793, .T. ) ;
#2202 = VERTEX_POINT ( 'NONE', #5952 ) ;
#2204 = CARTESIAN_POINT ( 'NONE',  ( 12.41184259964130600, 7.915032165556676900, 11.61286810511824400 ) ) ;
#2203 = CARTESIAN_POINT ( 'NONE',  ( 11.90000000000040200, 16.82000000000000000, -7.849999999999999600 ) ) ;
#2205 = DIRECTION ( 'NONE',  ( 0.0000000000000000000, 1.000000000000000000, 0.0000000000000000000 ) ) ;
#2206 = CARTESIAN_POINT ( 'NONE',  ( 12.40000000000000000, 16.82000000000000000, -12.40000000000000000 ) ) ;
#2207 = ORIENTED_EDGE ( 'NONE', *, *, #3973, .F. ) ;
#2209 = DIRECTION ( 'NONE',  ( 1.000000000000000000, 0.0000000000000000000, 0.0000000000000000000 ) ) ;
#2208 = DIRECTION ( 'NONE',  ( 0.0000000000000000000, 0.0000000000000000000, -1.000000000000000000 ) ) ;
#2210 = CIRCLE ( 'NONE', #1691, 0.5000000000000004400 ) ;
#2211 = LINE ( 'NONE', #1338, #8070 ) ;
#2212 = EDGE_CURVE ( 'NONE', #7902, #3246, #1198, .T. ) ;
#2213 = ADVANCED_FACE ( 'NONE', ( #768 ), #2870, .F. ) ;
#2214 = VERTEX_POINT ( 'NONE', #4068 ) ;
#2215 = VECTOR ( 'NONE', #1242, 1000.000000000000000 ) ;
#2216 = ORIENTED_EDGE ( 'NONE', *, *, #1008, .F. ) ;
#2217 = LINE ( 'NONE', #8205, #8720 ) ;
#2218 = CARTESIAN_POINT ( 'NONE',  ( 11.14307271996241300, 9.199999992039044700, -11.14307271996241300 ) ) ;
#2219 = VECTOR ( 'NONE', #4969, 1000.000000000000000 ) ;
#2220 = AXIS2_PLACEMENT_3D ( 'NONE', #2242, #8189, #2268 ) ;
#2221 = ADVANCED_FACE ( 'NONE', ( #1943 ), #3320, .T. ) ;
#2222 = CARTESIAN_POINT ( 'NONE',  ( 11.40000000000040200, 12.20000000000000100, -12.40000000000000000 ) ) ;
#2223 = PRESENTATION_STYLE_ASSIGNMENT (( #2274 ) ) ;
#2224 = EDGE_CURVE ( 'NONE', #1946, #3222, #2356, .T. ) ;
#2226 = CARTESIAN_POINT ( 'NONE',  ( 5.450000000000399900, 12.20000000000000100, -4.850000000000000500 ) ) ;
#2225 = CARTESIAN_POINT ( 'NONE',  ( -10.16000000000000000, -0.6999999999999999600, 10.16000000000000000 ) ) ;
#2227 = ORIENTED_EDGE ( 'NONE', *, *, #122, .F. ) ;
#2228 = CARTESIAN_POINT ( 'NONE',  ( 10.16000000000000000, -6.299999999999999800, 10.16000000000000000 ) ) ;
#2229 = FACE_OUTER_BOUND ( 'NONE', #1617, .T. ) ;
#2230 = CARTESIAN_POINT ( 'NONE',  ( -11.40000000000040200, 12.20000000000000100, -12.40000000000000000 ) ) ;
#2231 = ORIENTED_EDGE ( 'NONE', *, *, #378, .F. ) ;
#2233 = CARTESIAN_POINT ( 'NONE',  ( -1.000000000000000000, 11.70000000000000100, -12.40000000000000000 ) ) ;
#2232 = CARTESIAN_POINT ( 'NONE',  ( 12.55000000000000100, 7.824433369012191400, 12.41342400751739900 ) ) ;
#2234 = CARTESIAN_POINT ( 'NONE',  ( 5.450000000000399900, 12.20000000000000100, 4.850000000000000500 ) ) ;
#2236 = CARTESIAN_POINT ( 'NONE',  ( 11.01363723429845900, 7.799999999999999800, -7.611798831167259300E-016 ) ) ;
#2235 = DIRECTION ( 'NONE',  ( 0.0000000000000000000, -1.000000000000000000, 0.0000000000000000000 ) ) ;
#2237 = EDGE_CURVE ( 'NONE', #917, #2973, #8217, .T. ) ;
#2238 = CIRCLE ( 'NONE', #5691, 0.5000000000000000000 ) ;
#2239 = CIRCLE ( 'NONE', #3508, 0.5000000000000000000 ) ;
#2240 = AXIS2_PLACEMENT_3D ( 'NONE', #2730, #8655, #2036 ) ;
#2241 = CARTESIAN_POINT ( 'NONE',  ( -12.55000000000001300, 0.0000000000000000000, 12.21870917212955700 ) ) ;
#2242 = CARTESIAN_POINT ( 'NONE',  ( -6.949999999999999300, 12.20000000000000100, -12.40000000000000000 ) ) ;
#2243 = VECTOR ( 'NONE', #8340, 1000.000000000000000 ) ;
#2244 = EDGE_LOOP ( 'NONE', ( #4984, #7449, #7696, #2703 ) ) ;
#2245 = SURFACE_STYLE_FILL_AREA ( #4763 ) ;
#2246 = EDGE_CURVE ( 'NONE', #492, #80, #3472, .T. ) ;
#2247 = CARTESIAN_POINT ( 'NONE',  ( 10.16000000000000000, -6.299999999999999800, 10.16000000000000000 ) ) ;
#2248 = ORIENTED_EDGE ( 'NONE', *, *, #6748, .T. ) ;
#2249 = VECTOR ( 'NONE', #4182, 1000.000000000000000 ) ;
#2250 = CARTESIAN_POINT ( 'NONE',  ( 5.450000000000399900, 12.20000000000000100, 12.40000000000000000 ) ) ;
#2251 = CARTESIAN_POINT ( 'NONE',  ( 11.60183876112578000, 12.75902544545034100, -7.400000000000000400 ) ) ;
#2252 = CARTESIAN_POINT ( 'NONE',  ( 10.16000000000000000, -0.6999999999999999600, 10.16000000000000000 ) ) ;
#2253 = CIRCLE ( 'NONE', #1208, 0.5000000000000004400 ) ;
#2254 = EDGE_LOOP ( 'NONE', ( #8237, #2201, #7641, #8351 ) ) ;
#2256 = FILL_AREA_STYLE ('',( #6250 ) ) ;
#2255 = SURFACE_SIDE_STYLE ('',( #2390 ) ) ;
#2257 = CARTESIAN_POINT ( 'NONE',  ( 12.40000000000000000, 21.69999999999999900, 4.850000000000000500 ) ) ;
#2258 = EDGE_LOOP ( 'NONE', ( #2616, #1831, #1692 ) ) ;
#2259 = EDGE_CURVE ( 'NONE', #3014, #1078, #8645, .T. ) ;
#2260 = ADVANCED_FACE ( 'NONE', ( #137 ), #6779, .T. ) ;
#2261 = PRODUCT ( 'THN 20UIR', 'THN 20UIR', '', ( #7344 ) ) ;
#2262 = UNCERTAINTY_MEASURE_WITH_UNIT (LENGTH_MEASURE( 1.000000000000000100E-005 ), #3487, 'distance_accuracy_value', 'NONE');
#2263 = EDGE_LOOP ( 'NONE', ( #4665, #51, #2227, #2687 ) ) ;
#2264 = VECTOR ( 'NONE', #1556, 1000.000000000000000 ) ;
#2265 = VECTOR ( 'NONE', #1841, 1000.000000000000000 ) ;
#2266 = ORIENTED_EDGE ( 'NONE', *, *, #1595, .T. ) ;
#2267 = ORIENTED_EDGE ( 'NONE', *, *, #5384, .F. ) ;
#2268 = DIRECTION ( 'NONE',  ( 1.000000000000000000, 0.0000000000000000000, 0.0000000000000000000 ) ) ;
#2269 = ORIENTED_EDGE ( 'NONE', *, *, #4863, .F. ) ;
#2270 = EDGE_CURVE ( 'NONE', #2191, #3951, #4402, .T. ) ;
#2271 = CYLINDRICAL_SURFACE ( 'NONE', #673, 0.5000000000000000000 ) ;
#2272 = FACE_OUTER_BOUND ( 'NONE', #7756, .T. ) ;
#2273 = ORIENTED_EDGE ( 'NONE', *, *, #7613, .F. ) ;
#2274 = SURFACE_STYLE_USAGE ( .BOTH. , #5537 ) ;
#2275 = ORIENTED_EDGE ( 'NONE', *, *, #4021, .T. ) ;
#2276 = AXIS2_PLACEMENT_3D ( 'NONE', #2437, #2061, #8322 ) ;
#2277 = VECTOR ( 'NONE', #6866, 1000.000000000000000 ) ;
#2278 = EDGE_CURVE ( 'NONE', #6422, #2878, #3785, .T. ) ;
#2279 = VECTOR ( 'NONE', #2494, 1000.000000000000000 ) ;
#2280 = ORIENTED_EDGE ( 'NONE', *, *, #4808, .T. ) ;
#2281 = CARTESIAN_POINT ( 'NONE',  ( -12.40000000000000000, 21.69999999999999900, -4.850000000000000500 ) ) ;
#2282 = DIRECTION ( 'NONE',  ( 1.000000000000000000, 0.0000000000000000000, 0.0000000000000000000 ) ) ;
#2283 = VERTEX_POINT ( 'NONE', #1551 ) ;
#2285 = CARTESIAN_POINT ( 'NONE',  ( 11.55390823631220000, 13.15614453969005900, -7.400000000000000400 ) ) ;
#2284 = CARTESIAN_POINT ( 'NONE',  ( 12.49959361741222000, 0.07004548768146930100, -7.129999999999999900 ) ) ;
#2286 = CARTESIAN_POINT ( 'NONE',  ( -5.950000000000399900, 16.82000000000000000, -12.40000000000000000 ) ) ;
#2287 = CARTESIAN_POINT ( 'NONE',  ( 11.01363723429845900, 9.199999999999999300, 11.01363723429845900 ) ) ;
#2288 = CARTESIAN_POINT ( 'NONE',  ( 5.950000000000000200, 16.82000000000000000, -12.40000000000000000 ) ) ;
#2289 = CIRCLE ( 'NONE', #7134, 0.5000000000000004400 ) ;
#2290 = ORIENTED_EDGE ( 'NONE', *, *, #3645, .T. ) ;
#2291 = ADVANCED_FACE ( 'NONE', ( #240 ), #238, .T. ) ;
#2292 = VERTEX_POINT ( 'NONE', #6190 ) ;
#2293 = FACE_OUTER_BOUND ( 'NONE', #5993, .T. ) ;
#2294 = ORIENTED_EDGE ( 'NONE', *, *, #6871, .T. ) ;
#2295 = DIRECTION ( 'NONE',  ( 0.0000000000000000000, 0.0000000000000000000, 1.000000000000000000 ) ) ;
#2297 = CIRCLE ( 'NONE', #3581, 0.5000000000000004400 ) ;
#2296 = CARTESIAN_POINT ( 'NONE',  ( -11.69959361958395900, 11.96502041546510100, 4.859999999999999400 ) ) ;
#2298 = EDGE_CURVE ( 'NONE', #4302, #2796, #2948, .T. ) ;
#2299 = VECTOR ( 'NONE', #831, 1000.000000000000000 ) ;
#2300 = VERTEX_POINT ( 'NONE', #2883 ) ;
#2301 = MECHANICAL_DESIGN_GEOMETRIC_PRESENTATION_REPRESENTATION (  '', ( #6662 ), #3012 ) ;
#2302 = VERTEX_POINT ( 'NONE', #8249 ) ;
#2303 = ADVANCED_FACE ( 'NONE', ( #7573 ), #974, .T. ) ;
#2304 = VECTOR ( 'NONE', #8705, 1000.000000000000000 ) ;
#2305 = SURFACE_STYLE_USAGE ( .BOTH. , #6446 ) ;
#2307 = CARTESIAN_POINT ( 'NONE',  ( -6.450000000000000200, 12.20000000000000100, 4.850000000000000500 ) ) ;
#2306 = SURFACE_SIDE_STYLE ('',( #6614 ) ) ;
#2308 = VECTOR ( 'NONE', #7814, 1000.000000000000000 ) ;
#2309 = ORIENTED_EDGE ( 'NONE', *, *, #7138, .F. ) ;
#2310 = ORIENTED_EDGE ( 'NONE', *, *, #7963, .F. ) ;
#2311 = EDGE_CURVE ( 'NONE', #3856, #5677, #335, .T. ) ;
#2312 = ORIENTED_EDGE ( 'NONE', *, *, #3753, .T. ) ;
#2313 = CARTESIAN_POINT ( 'NONE',  ( 11.99956565221334700, -0.2228420785086283900, -5.129999999999999000 ) ) ;
#2314 = FACE_OUTER_BOUND ( 'NONE', #6502, .T. ) ;
#2315 = PRESENTATION_LAYER_ASSIGNMENT (  '', '', ( #1867 ) ) ;
#2316 = CARTESIAN_POINT ( 'NONE',  ( -11.99959362185762000, 0.07004762192026201000, -5.129999999999999900 ) ) ;
#2317 = DIRECTION ( 'NONE',  ( 0.0000000000000000000, 0.0000000000000000000, 1.000000000000000000 ) ) ;
#2318 =( LENGTH_UNIT ( ) NAMED_UNIT ( * ) SI_UNIT ( .MILLI., .METRE. ) );
#2319 = CARTESIAN_POINT ( 'NONE',  ( -12.49959361958396000, 11.96502041546510100, -7.400000000000000400 ) ) ;
#2321 = CARTESIAN_POINT ( 'NONE',  ( -11.40000000000040200, 12.20000000000000100, -12.40000000000000000 ) ) ;
#2320 = DIRECTION ( 'NONE',  ( -1.000000000000000000, 1.097926250618119900E-016, 0.0000000000000000000 ) ) ;
#2322 = LINE ( 'NONE', #8402, #3443 ) ;
#2323 = FACE_OUTER_BOUND ( 'NONE', #5896, .T. ) ;
#2324 = ORIENTED_EDGE ( 'NONE', *, *, #5782, .F. ) ;
#2325 = EDGE_CURVE ( 'NONE', #6065, #3172, #7459, .T. ) ;
#2326 = AXIS2_PLACEMENT_3D ( 'NONE', #1939, #1968, #4557 ) ;
#2327 = AXIS2_PLACEMENT_3D ( 'NONE', #7544, #6974, #960 ) ;
#2328 = DIRECTION ( 'NONE',  ( 1.000000000000000000, 0.0000000000000000000, 0.0000000000000000000 ) ) ;
#2329 = CARTESIAN_POINT ( 'NONE',  ( -12.40000000000000000, 21.69999999999999900, 7.849999999999999600 ) ) ;
#2330 = FACE_OUTER_BOUND ( 'NONE', #1201, .T. ) ;
#2331 = CARTESIAN_POINT ( 'NONE',  ( -12.05953900380485400, 8.735040084441898500, 11.46188084980384600 ) ) ;
#2332 = EDGE_LOOP ( 'NONE', ( #3555, #6794, #6127, #7633 ) ) ;
#2333 = AXIS2_PLACEMENT_3D ( 'NONE', #1203, #2460, #3177 ) ;
#2334 = EDGE_CURVE ( 'NONE', #5613, #7902, #7145, .T. ) ;
#2335 = CARTESIAN_POINT ( 'NONE',  ( -11.01363723429845900, 7.799999999999999800, 2.283539649350174700E-015 ) ) ;
#2336 = ADVANCED_FACE ( 'NONE', ( #7887 ), #4926, .F. ) ;
#2337 = ADVANCED_FACE ( 'NONE', ( #1713 ), #7653, .T. ) ;
#2338 = SURFACE_STYLE_FILL_AREA ( #8590 ) ;
#2339 = PLANE ( 'NONE',  #2353 ) ;
#2340 = DIRECTION ( 'NONE',  ( -0.0000000000000000000, 1.000000000000000000, -0.0000000000000000000 ) ) ;
#2342 = CYLINDRICAL_SURFACE ( 'NONE', #2127, 0.4974411843543769500 ) ;
#2341 = PLANE ( 'NONE',  #6755 ) ;
#2343 = DIRECTION ( 'NONE',  ( 0.0000000000000000000, 0.0000000000000000000, 1.000000000000000000 ) ) ;
#2344 = DIRECTION ( 'NONE',  ( -3.388131789017129900E-016, 1.000000000000000000, 0.0000000000000000000 ) ) ;
#2345 = DIRECTION ( 'NONE',  ( 0.0000000000000000000, 1.000000000000000000, 0.0000000000000000000 ) ) ;
#2346 = LINE ( 'NONE', #7155, #7462 ) ;
#2347 = CARTESIAN_POINT ( 'NONE',  ( -1.000000000000000000, 12.20000000000000100, -12.40000000000000000 ) ) ;
#2348 = DIRECTION ( 'NONE',  ( 0.0000000000000000000, 0.0000000000000000000, 1.000000000000000000 ) ) ;
#2349 = EDGE_CURVE ( 'NONE', #7739, #2899, #6754, .T. ) ;
#2350 = PLANE ( 'NONE',  #8315 ) ;
#2351 = AXIS2_PLACEMENT_3D ( 'NONE', #5288, #1300, #2642 ) ;
#2352 = ORIENTED_EDGE ( 'NONE', *, *, #3612, .T. ) ;
#2353 = AXIS2_PLACEMENT_3D ( 'NONE', #3141, #4471, #7680 ) ;
#2354 = DIRECTION ( 'NONE',  ( 1.000000000000000000, 0.0000000000000000000, 0.0000000000000000000 ) ) ;
#2355 =( NAMED_UNIT ( * ) SI_UNIT ( $, .STERADIAN. ) SOLID_ANGLE_UNIT ( ) );
#2356 = LINE ( 'NONE', #100, #1515 ) ;
#2357 = DIRECTION ( 'NONE',  ( 0.0000000000000000000, 0.0000000000000000000, 1.000000000000000000 ) ) ;
#2358 = ORIENTED_EDGE ( 'NONE', *, *, #5673, .F. ) ;
#2359 = ORIENTED_EDGE ( 'NONE', *, *, #5583, .T. ) ;
#2360 = EDGE_CURVE ( 'NONE', #4235, #6436, #761, .T. ) ;
#2361 = ORIENTED_EDGE ( 'NONE', *, *, #622, .T. ) ;
#2362 = FACE_OUTER_BOUND ( 'NONE', #2986, .T. ) ;
#2363 = ORIENTED_EDGE ( 'NONE', *, *, #4186, .T. ) ;
#2364 = ORIENTED_EDGE ( 'NONE', *, *, #919, .T. ) ;
#2365 = UNCERTAINTY_MEASURE_WITH_UNIT (LENGTH_MEASURE( 1.000000000000000100E-005 ), #8143, 'distance_accuracy_value', 'NONE');
#2366 = ORIENTED_EDGE ( 'NONE', *, *, #8028, .F. ) ;
#2367 = CARTESIAN_POINT ( 'NONE',  ( -10.16000000000000000, -0.6999999999999999600, 10.66000000000000200 ) ) ;
#2368 = CARTESIAN_POINT ( 'NONE',  ( 11.55390823631220000, 13.15614453969008000, -7.400000000000000400 ) ) ;
#2369 = DIRECTION ( 'NONE',  ( 0.0000000000000000000, 0.0000000000000000000, 1.000000000000000000 ) ) ;
#2370 = CARTESIAN_POINT ( 'NONE',  ( 11.69959361958395900, 11.96502041546134100, 7.400000000000000400 ) ) ;
#2371 = CARTESIAN_POINT ( 'NONE',  ( 0.4999999999996029800, 12.19744118435426100, 4.850000000000000500 ) ) ;
#2372 = EDGE_CURVE ( 'NONE', #4862, #8127, #6101, .T. ) ;
#2373 = CARTESIAN_POINT ( 'NONE',  ( 10.16000000000000000, -6.299999999999999800, -10.35999999999998900 ) ) ;
#2374 = AXIS2_PLACEMENT_3D ( 'NONE', #6088, #7431, #8091 ) ;
#2376 = PLANE ( 'NONE',  #1487 ) ;
#2375 = DIRECTION ( 'NONE',  ( 0.0000000000000000000, 0.0000000000000000000, -1.000000000000000000 ) ) ;
#2377 = CARTESIAN_POINT ( 'NONE',  ( 12.39606240534999400, -0.4300000000001086800, 7.129999999999999900 ) ) ;
#2378 = VECTOR ( 'NONE', #2080, 1000.000000000000000 ) ;
#2379 = AXIS2_PLACEMENT_3D ( 'NONE', #6489, #1880, #6460 ) ;
#2380 = ORIENTED_EDGE ( 'NONE', *, *, #5008, .T. ) ;
#2381 = EDGE_LOOP ( 'NONE', ( #8703, #2361, #4737, #3907 ) ) ;
#2382 = CARTESIAN_POINT ( 'NONE',  ( 0.9974411843539802100, 12.19744118435426100, -7.849999999999999600 ) ) ;
#2383 = LINE ( 'NONE', #8627, #7496 ) ;
#2384 = CARTESIAN_POINT ( 'NONE',  ( -12.69999999999999900, 0.0000000000000000000, -4.500000000000000000 ) ) ;
#2385 = DIRECTION ( 'NONE',  ( 0.0000000000000000000, 0.7071067811865480200, 0.7071067811865470200 ) ) ;
#2386 = EDGE_CURVE ( 'NONE', #697, #496, #3879, .T. ) ;
#2387 = CARTESIAN_POINT ( 'NONE',  ( -12.24959361958396000, -0.4300000000001086800, -5.129999999999999900 ) ) ;
#2388 = VERTEX_POINT ( 'NONE', #8370 ) ;
#2389 = CARTESIAN_POINT ( 'NONE',  ( 12.90054722849359900, 0.07009548768149509400, -7.400000000000000400 ) ) ;
#2390 = SURFACE_STYLE_FILL_AREA ( #1474 ) ;
#2391 = DIRECTION ( 'NONE',  ( 0.0000000000000000000, 0.0000000000000000000, -1.000000000000000000 ) ) ;
#2392 = STYLED_ITEM ( 'NONE', ( #3588 ), #4947 ) ;
#2393 = ORIENTED_EDGE ( 'NONE', *, *, #3149, .T. ) ;
#2394 = DIRECTION ( 'NONE',  ( -1.000000000000000000, 0.0000000000000000000, 0.0000000000000000000 ) ) ;
#2395 = FACE_OUTER_BOUND ( 'NONE', #7737, .T. ) ;
#2396 = LINE ( 'NONE', #3767, #5730 ) ;
#2397 = VERTEX_POINT ( 'NONE', #1043 ) ;
#2398 = PLANE ( 'NONE',  #1819 ) ;
#2399 = CARTESIAN_POINT ( 'NONE',  ( 0.9974411843539829900, 11.70000000000000100, -12.40000000000000000 ) ) ;
#2400 = DIRECTION ( 'NONE',  ( 1.000000000000000000, 0.0000000000000000000, 7.228014483236700500E-016 ) ) ;
#2401 = VERTEX_POINT ( 'NONE', #7621 ) ;
#2402 = CARTESIAN_POINT ( 'NONE',  ( -11.82243394292845900, 9.199999999999999300, 11.36026439514193200 ) ) ;
#2403 = EDGE_LOOP ( 'NONE', ( #6738, #3595, #7501, #5910 ) ) ;
#2404 = CARTESIAN_POINT ( 'NONE',  ( -10.16000000000000000, -6.299999999999999800, 9.960000000000011500 ) ) ;
#2405 = ORIENTED_EDGE ( 'NONE', *, *, #5607, .T. ) ;
#2406 = LINE ( 'NONE', #2514, #3015 ) ;
#2407 = AXIS2_PLACEMENT_3D ( 'NONE', #652, #1498, #775 ) ;
#2408 = CIRCLE ( 'NONE', #6389, 0.5000000000000004400 ) ;
#2409 = ORIENTED_EDGE ( 'NONE', *, *, #5645, .T. ) ;
#2410 = EDGE_LOOP ( 'NONE', ( #1682, #1480, #1725, #8430 ) ) ;
#2411 = DIRECTION ( 'NONE',  ( 0.0000000000000000000, 0.0000000000000000000, -1.000000000000000000 ) ) ;
#2412 = EDGE_LOOP ( 'NONE', ( #6668, #3533 ) ) ;
#2413 = DIRECTION ( 'NONE',  ( 1.000000000000000000, 0.0000000000000000000, 0.0000000000000000000 ) ) ;
#2414 = CARTESIAN_POINT ( 'NONE',  ( -5.450000000000399900, 12.20000000000000100, 7.849999999999999600 ) ) ;
#2415 = VECTOR ( 'NONE', #2235, 1000.000000000000000 ) ;
#2416 = EDGE_CURVE ( 'NONE', #1002, #6810, #3162, .T. ) ;
#2417 = LINE ( 'NONE', #3397, #2619 ) ;
#2418 = AXIS2_PLACEMENT_3D ( 'NONE', #2203, #2861, #7598 ) ;
#2419 = ORIENTED_EDGE ( 'NONE', *, *, #6367, .F. ) ;
#2420 = CIRCLE ( 'NONE', #4442, 0.5000000000000004400 ) ;
#2421 = ORIENTED_EDGE ( 'NONE', *, *, #4975, .T. ) ;
#2422 = VECTOR ( 'NONE', #603, 1000.000000000000000 ) ;
#2423 = ADVANCED_FACE ( 'NONE', ( #5463 ), #6390, .T. ) ;
#2424 = EDGE_CURVE ( 'NONE', #3377, #8489, #5674, .T. ) ;
#2425 = ORIENTED_EDGE ( 'NONE', *, *, #6622, .T. ) ;
#2426 = CARTESIAN_POINT ( 'NONE',  ( 12.40000000000000000, 16.82000000000000000, -12.40000000000000000 ) ) ;
#2427 = DIRECTION ( 'NONE',  ( 0.0000000000000000000, 0.0000000000000000000, 1.000000000000000000 ) ) ;
#2428 = CARTESIAN_POINT ( 'NONE',  ( 12.69999999999999900, -0.6999999999999999600, 4.500000000000000000 ) ) ;
#2429 = ORIENTED_EDGE ( 'NONE', *, *, #3694, .F. ) ;
#2430 = CARTESIAN_POINT ( 'NONE',  ( -1.000000000000000000, 12.20000000000000100, -12.40000000000000000 ) ) ;
#2431 = DIRECTION ( 'NONE',  ( 0.0000000000000000000, -1.000000000000000000, 0.0000000000000000000 ) ) ;
#2432 = VECTOR ( 'NONE', #376, 1000.000000000000000 ) ;
#2433 = EDGE_CURVE ( 'NONE', #1539, #8136, #7672, .T. ) ;
#2434 = ORIENTED_EDGE ( 'NONE', *, *, #2416, .T. ) ;
#2435 = DIRECTION ( 'NONE',  ( 0.0000000000000000000, 0.0000000000000000000, 1.000000000000000000 ) ) ;
#2436 = CARTESIAN_POINT ( 'NONE',  ( 5.950000000000399900, 16.82000000000000000, -12.40000000000000000 ) ) ;
#2437 = CARTESIAN_POINT ( 'NONE',  ( 10.90000000000040000, 12.20000000000000100, 12.40000000000000000 ) ) ;
#2438 = CARTESIAN_POINT ( 'NONE',  ( 0.0000000000000000000, 0.0000000000000000000, 0.0000000000000000000 ) ) ;
#2439 = SURFACE_STYLE_FILL_AREA ( #1072 ) ;
#2440 = AXIS2_PLACEMENT_3D ( 'NONE', #6251, #4917, #930 ) ;
#2441 = LINE ( 'NONE', #2404, #1509 ) ;
#2442 = EDGE_CURVE ( 'NONE', #1428, #5318, #2039, .T. ) ;
#2443 = SURFACE_SIDE_STYLE ('',( #4255 ) ) ;
#2444 = ORIENTED_EDGE ( 'NONE', *, *, #6716, .T. ) ;
#2445 = FILL_AREA_STYLE_COLOUR ( '', #256 ) ;
#2446 = FILL_AREA_STYLE ('',( #6454 ) ) ;
#2447 = ADVANCED_FACE ( 'NONE', ( #6298 ), #5249, .F. ) ;
#2448 = ORIENTED_EDGE ( 'NONE', *, *, #6045, .F. ) ;
#2449 = CARTESIAN_POINT ( 'NONE',  ( 12.90054722849359900, 0.07009548768149509400, 4.859999999999999400 ) ) ;
#2450 = DIRECTION ( 'NONE',  ( -0.0000000000000000000, -1.000000000000000000, -0.0000000000000000000 ) ) ;
#2451 = CARTESIAN_POINT ( 'NONE',  ( -11.50000000000000000, 9.700000000000001100, -11.50000000000000000 ) ) ;
#2452 = CARTESIAN_POINT ( 'NONE',  ( 0.0000000000000000000, 16.82000000000000000, -12.40000000000000000 ) ) ;
#2453 = ORIENTED_EDGE ( 'NONE', *, *, #1766, .T. ) ;
#2454 = VECTOR ( 'NONE', #6299, 1000.000000000000000 ) ;
#2455 = EDGE_CURVE ( 'NONE', #5654, #1663, #8633, .T. ) ;
#2456 = DIRECTION ( 'NONE',  ( 0.0000000000000000000, 0.0000000000000000000, 1.000000000000000000 ) ) ;
#2457 = AXIS2_PLACEMENT_3D ( 'NONE', #8148, #8181, #4124 ) ;
#2459 = DIRECTION ( 'NONE',  ( 1.000000000000000000, 0.0000000000000000000, 0.0000000000000000000 ) ) ;
#2458 = DIRECTION ( 'NONE',  ( 2.073374672482239900E-016, 0.0000000000000000000, 1.000000000000000000 ) ) ;
#2460 = DIRECTION ( 'NONE',  ( -4.372213365170680100E-016, 1.000000000000000000, 0.0000000000000000000 ) ) ;
#2461 = ORIENTED_EDGE ( 'NONE', *, *, #6243, .T. ) ;
#2462 = CIRCLE ( 'NONE', #234, 0.5000000000000004400 ) ;
#2463 = UNCERTAINTY_MEASURE_WITH_UNIT (LENGTH_MEASURE( 1.000000000000000100E-005 ), #1374, 'distance_accuracy_value', 'NONE');
#2464 = DIRECTION ( 'NONE',  ( 0.0000000000000000000, 0.0000000000000000000, 1.000000000000000000 ) ) ;
#2465 = VECTOR ( 'NONE', #3885, 1000.000000000000000 ) ;
#2466 = ORIENTED_EDGE ( 'NONE', *, *, #3657, .T. ) ;
#2467 = ORIENTED_EDGE ( 'NONE', *, *, #207, .F. ) ;
#2468 = EDGE_CURVE ( 'NONE', #6244, #2605, #1399, .T. ) ;
#2469 = ORIENTED_EDGE ( 'NONE', *, *, #1659, .F. ) ;
#2470 = ORIENTED_EDGE ( 'NONE', *, *, #1698, .F. ) ;
#2471 = ORIENTED_EDGE ( 'NONE', *, *, #5722, .F. ) ;
#2472 = FILL_AREA_STYLE_COLOUR ( '', #4189 ) ;
#2473 = LINE ( 'NONE', #4437, #2065 ) ;
#2474 = AXIS2_PLACEMENT_3D ( 'NONE', #2389, #7297, #2960 ) ;
#2475 = FACE_OUTER_BOUND ( 'NONE', #5179, .T. ) ;
#2476 = ORIENTED_EDGE ( 'NONE', *, *, #3424, .F. ) ;
#2477 = CARTESIAN_POINT ( 'NONE',  ( 12.39930855863326000, 8.633106893985990700, -11.60749637330257400 ) ) ;
#2478 = VERTEX_POINT ( 'NONE', #1936 ) ;
#2479 = EDGE_CURVE ( 'NONE', #4570, #5318, #4724, .T. ) ;
#2480 = CARTESIAN_POINT ( 'NONE',  ( 11.59960032407808100, -0.02134362361127549800, 5.130000000000000800 ) ) ;
#2481 = VECTOR ( 'NONE', #2963, 1000.000000000000000 ) ;
#2482 = AXIS2_PLACEMENT_3D ( 'NONE', #5501, #4875, #1518 ) ;
#2484 = CARTESIAN_POINT ( 'NONE',  ( 12.90054722849359900, -0.8306078065220959800, 5.129999999999999900 ) ) ;
#2483 = FILL_AREA_STYLE_COLOUR ( '', #8183 ) ;
#2485 = ORIENTED_EDGE ( 'NONE', *, *, #7901, .T. ) ;
#2486 = DIRECTION ( 'NONE',  ( -0.0000000000000000000, -0.0000000000000000000, -1.000000000000000000 ) ) ;
#2487 = ORIENTED_EDGE ( 'NONE', *, *, #2055, .F. ) ;
#2488 = ORIENTED_EDGE ( 'NONE', *, *, #2674, .F. ) ;
#2489 = AXIS2_PLACEMENT_3D ( 'NONE', #236, #6208, #1511 ) ;
#2490 = VECTOR ( 'NONE', #5874, 1000.000000000000000 ) ;
#2491 = DIRECTION ( 'NONE',  ( 0.0000000000000000000, 0.0000000000000000000, -1.000000000000000000 ) ) ;
#2493 = CARTESIAN_POINT ( 'NONE',  ( 12.40000000000000000, 11.19999999999999900, 12.40000000000000000 ) ) ;
#2492 = CARTESIAN_POINT ( 'NONE',  ( -10.16000000000000000, -6.299999999999999800, 10.16000000000000000 ) ) ;
#2494 = DIRECTION ( 'NONE',  ( -1.000000000000000000, 0.0000000000000000000, 0.0000000000000000000 ) ) ;
#2495 = EDGE_CURVE ( 'NONE', #1418, #2701, #4800, .T. ) ;
#2496 = CARTESIAN_POINT ( 'NONE',  ( -3.000000000000000000, 11.70000000000000100, 7.400000000000000400 ) ) ;
#2497 = ADVANCED_FACE ( 'NONE', ( #2761 ), #522, .T. ) ;
#2498 = ORIENTED_EDGE ( 'NONE', *, *, #5558, .T. ) ;
#2499 = VERTEX_POINT ( 'NONE', #4583 ) ;
#2500 = CARTESIAN_POINT ( 'NONE',  ( -12.49959361958396000, 0.07002387192026059100, 5.129999999999999900 ) ) ;
#2501 = FACE_OUTER_BOUND ( 'NONE', #2905, .T. ) ;
#2502 = FILL_AREA_STYLE ('',( #1777 ) ) ;
#2503 = VERTEX_POINT ( 'NONE', #6793 ) ;
#2504 = VERTEX_POINT ( 'NONE', #7460 ) ;
#2505 = VECTOR ( 'NONE', #7326, 1000.000000000000000 ) ;
#2506 = VECTOR ( 'NONE', #4089, 1000.000000000000100 ) ;
#2507 = EDGE_CURVE ( 'NONE', #2198, #8459, #24, .T. ) ;
#2508 = PLANE ( 'NONE',  #4923 ) ;
#2509 = PLANE ( 'NONE',  #8279 ) ;
#2510 = CARTESIAN_POINT ( 'NONE',  ( -12.90054722849357900, -0.02124813592968395300, -5.129999999999999900 ) ) ;
#2511 = FILL_AREA_STYLE_COLOUR ( '', #3599 ) ;
#2512 = CARTESIAN_POINT ( 'NONE',  ( -10.90000000000040000, 11.70000000000000100, -12.40000000000000000 ) ) ;
#2513 = EDGE_LOOP ( 'NONE', ( #4350, #412, #8536, #6653, #5595, #2269 ) ) ;
#2515 = DIRECTION ( 'NONE',  ( 0.0000000000000000000, 1.000000000000000000, 0.0000000000000000000 ) ) ;
#2514 = CARTESIAN_POINT ( 'NONE',  ( -12.49959361958396000, 0.07009548768148470000, 7.400000000000000400 ) ) ;
#2516 = ORIENTED_EDGE ( 'NONE', *, *, #4641, .F. ) ;
#2517 = LINE ( 'NONE', #7202, #8717 ) ;
#2518 = ORIENTED_EDGE ( 'NONE', *, *, #3210, .T. ) ;
#2519 = EDGE_LOOP ( 'NONE', ( #8262, #5134, #5640, #2453 ) ) ;
#2520 = COLOUR_RGB ( '',0.7490196078431372600, 0.7490196078431372600, 0.7490196078431372600 ) ;
#2521 = VECTOR ( 'NONE', #6511, 1000.000000000000000 ) ;
#2522 = CARTESIAN_POINT ( 'NONE',  ( -11.99956565221335200, -0.2228420785086333000, -7.129999999999999900 ) ) ;
#2523 = EDGE_CURVE ( 'NONE', #729, #1559, #6737, .T. ) ;
#2524 = CARTESIAN_POINT ( 'NONE',  ( -6.450000000000000200, 12.20000000000000100, 12.40000000000000000 ) ) ;
#2525 = EDGE_LOOP ( 'NONE', ( #2645, #2827, #6645, #7482 ) ) ;
#2526 = AXIS2_PLACEMENT_3D ( 'NONE', #5984, #6609, #6695 ) ;
#2527 = ADVANCED_FACE ( 'NONE', ( #7564 ), #2342, .F. ) ;
#2528 = DIRECTION ( 'NONE',  ( 0.0000000000000000000, 0.0000000000000000000, 1.000000000000000000 ) ) ;
#2529 = LINE ( 'NONE', #4820, #6819 ) ;
#2530 = ORIENTED_EDGE ( 'NONE', *, *, #3171, .F. ) ;
#2531 = EDGE_LOOP ( 'NONE', ( #1769, #939, #8158, #3901 ) ) ;
#2532 = ORIENTED_EDGE ( 'NONE', *, *, #8147, .F. ) ;
#2533 = EDGE_CURVE ( 'NONE', #5101, #1559, #538, .T. ) ;
#2534 = CARTESIAN_POINT ( 'NONE',  ( -12.49959361958396000, 0.06999999999989130200, -7.400000000000000400 ) ) ;
#2536 = VECTOR ( 'NONE', #7748, 1000.000000000000000 ) ;
#2535 = CARTESIAN_POINT ( 'NONE',  ( 11.59959361958396000, 0.06999999999989130200, -7.129999999999999900 ) ) ;
#2537 = ADVANCED_FACE ( 'NONE', ( #2133 ), #365, .T. ) ;
#2538 =( NAMED_UNIT ( * ) SI_UNIT ( $, .STERADIAN. ) SOLID_ANGLE_UNIT ( ) );
#2539 = DIRECTION ( 'NONE',  ( 0.0000000000000000000, 0.0000000000000000000, -1.000000000000000000 ) ) ;
#2540 = CARTESIAN_POINT ( 'NONE',  ( 12.88333504276538100, -0.2053636409173125200, 7.130000000000000800 ) ) ;
#2542 = DIRECTION ( 'NONE',  ( 0.0000000000000000000, 0.0000000000000000000, 1.000000000000000000 ) ) ;
#2541 = DIRECTION ( 'NONE',  ( 0.0000000000000000000, 0.0000000000000000000, 1.000000000000000000 ) ) ;
#2543 = STYLED_ITEM ( 'NONE', ( #7414 ), #7201 ) ;
#2544 = EDGE_CURVE ( 'NONE', #697, #2078, #7244, .T. ) ;
#2545 = AXIS2_PLACEMENT_3D ( 'NONE', #3212, #3874, #1270 ) ;
#2546 = LINE ( 'NONE', #1735, #7031 ) ;
#2547 = CARTESIAN_POINT ( 'NONE',  ( 12.64013774716952000, -0.7120244148728569500, -7.130000000000000800 ) ) ;
#2548 = VECTOR ( 'NONE', #1847, 1000.000000000000000 ) ;
#2549 = DIRECTION ( 'NONE',  ( 0.0000000000000000000, 0.0000000000000000000, 1.000000000000000000 ) ) ;
#2550 = CARTESIAN_POINT ( 'NONE',  ( 12.21870917212956400, 0.0000000000000000000, 12.55000000000000100 ) ) ;
#2551 = PLANE ( 'NONE',  #6018 ) ;
#2553 = CARTESIAN_POINT ( 'NONE',  ( -12.49959361958396000, 11.96502041546510100, 4.859999999999999400 ) ) ;
#2552 = DIRECTION ( 'NONE',  ( -1.000000000000000000, 0.0000000000000000000, 0.0000000000000000000 ) ) ;
#2554 =( GEOMETRIC_REPRESENTATION_CONTEXT ( 3 ) GLOBAL_UNCERTAINTY_ASSIGNED_CONTEXT ( ( #29 ) ) GLOBAL_UNIT_ASSIGNED_CONTEXT ( ( #1372, #4647, #644 ) ) REPRESENTATION_CONTEXT ( 'NONE', 'WORKASPACE' ) );
#2555 = ORIENTED_EDGE ( 'NONE', *, *, #4841, .T. ) ;
#2556 = ADVANCED_FACE ( 'NONE', ( #3679 ), #5100, .F. ) ;
#2557 = SURFACE_SIDE_STYLE ('',( #1377 ) ) ;
#2558 = FACE_OUTER_BOUND ( 'NONE', #31, .T. ) ;
#2559 = CARTESIAN_POINT ( 'NONE',  ( -11.70054052399948000, 11.96513699471034000, 4.859999999999999400 ) ) ;
#2560 = VERTEX_POINT ( 'NONE', #1795 ) ;
#2561 = AXIS2_PLACEMENT_3D ( 'NONE', #8511, #5145, #7861 ) ;
#2562 = ORIENTED_EDGE ( 'NONE', *, *, #3149, .F. ) ;
#2563 = CIRCLE ( 'NONE', #817, 0.5000000000000004400 ) ;
#2564 = CARTESIAN_POINT ( 'NONE',  ( 12.24959361958396000, -0.4300000000001086800, -5.129999999999999900 ) ) ;
#2565 = CARTESIAN_POINT ( 'NONE',  ( -11.90000000000000000, 16.82000000000000000, -7.849999999999999600 ) ) ;
#2566 = CARTESIAN_POINT ( 'NONE',  ( -12.79669646790869900, -0.4647624511386099800, -7.130000000000000800 ) ) ;
#2567 = CARTESIAN_POINT ( 'NONE',  ( -0.5000000000000000000, 12.20000000000000100, -12.40000000000000000 ) ) ;
#2568 = CARTESIAN_POINT ( 'NONE',  ( 10.90000000000040000, 11.70000000000000100, 7.849999999999999600 ) ) ;
#2569 = DIRECTION ( 'NONE',  ( -0.0000000000000000000, -0.0000000000000000000, -1.000000000000000000 ) ) ;
#2570 = CARTESIAN_POINT ( 'NONE',  ( 12.40143812445130700, 8.005473010438217700, -11.60840904436745500 ) ) ;
#2572 = DIRECTION ( 'NONE',  ( 0.0000000000000000000, 1.000000000000000000, 0.0000000000000000000 ) ) ;
#2571 = SURFACE_SIDE_STYLE ('',( #398 ) ) ;
#2573 = LINE ( 'NONE', #7373, #4005 ) ;
#2574 = ORIENTED_EDGE ( 'NONE', *, *, #2044, .F. ) ;
#2575 = EDGE_CURVE ( 'NONE', #5087, #4648, #5359, .T. ) ;
#2576 = ORIENTED_EDGE ( 'NONE', *, *, #5605, .F. ) ;
#2577 = CIRCLE ( 'NONE', #60, 0.5000000000000004400 ) ;
#2579 = DIRECTION ( 'NONE',  ( 0.0000000000000000000, 0.0000000000000000000, -1.000000000000000000 ) ) ;
#2578 = DIRECTION ( 'NONE',  ( -1.000000000000000000, -4.372213365170680100E-016, 0.0000000000000000000 ) ) ;
#2580 = CARTESIAN_POINT ( 'NONE',  ( 12.55000000000000100, 0.0000000000000000000, 11.75012184387840000 ) ) ;
#2581 = CARTESIAN_POINT ( 'NONE',  ( 12.49959361741222000, 0.07004548768146930100, -7.129999999999999900 ) ) ;
#2582 = EDGE_LOOP ( 'NONE', ( #2927, #5908, #1389, #346 ) ) ;
#2583 = LINE ( 'NONE', #7456, #4334 ) ;
#2584 = AXIS2_PLACEMENT_3D ( 'NONE', #1590, #7568, #225 ) ;
#2585 = EDGE_CURVE ( 'NONE', #6177, #1426, #2546, .T. ) ;
#2586 = SURFACE_STYLE_USAGE ( .BOTH. , #2557 ) ;
#2587 = ORIENTED_EDGE ( 'NONE', *, *, #2685, .F. ) ;
#2588 = DIRECTION ( 'NONE',  ( 1.000000000000000000, 0.0000000000000000000, 0.0000000000000000000 ) ) ;
#2589 = ORIENTED_EDGE ( 'NONE', *, *, #722, .F. ) ;
#2590 = CYLINDRICAL_SURFACE ( 'NONE', #6157, 0.5000000000000004400 ) ;
#2591 = VECTOR ( 'NONE', #5526, 1000.000000000000000 ) ;
#2592 = DIRECTION ( 'NONE',  ( 0.1221935730731606400, 0.9925062874861873000, 0.0000000000000000000 ) ) ;
#2593 = DIRECTION ( 'NONE',  ( -6.994852725712929000E-017, 0.0000000000000000000, -1.000000000000000000 ) ) ;
#2594 = CARTESIAN_POINT ( 'NONE',  ( -12.90054052399946000, 0.07009548768148289600, 5.129999999999999900 ) ) ;
#2595 = DIRECTION ( 'NONE',  ( 8.659560562354963700E-017, 0.7071067811865450200, -0.7071067811865500200 ) ) ;
#2596 = EDGE_CURVE ( 'NONE', #7416, #3009, #125, .T. ) ;
#2597 = ORIENTED_EDGE ( 'NONE', *, *, #2107, .T. ) ;
#2598 = CARTESIAN_POINT ( 'NONE',  ( -11.90000000000040200, 17.32000000000000000, -7.849999999999999600 ) ) ;
#2599 = LINE ( 'NONE', #7073, #4880 ) ;
#2600 = ADVANCED_FACE ( 'NONE', ( #5025 ), #7348, .T. ) ;
#2601 = PRESENTATION_STYLE_ASSIGNMENT (( #3627 ) ) ;
#2602 = ORIENTED_EDGE ( 'NONE', *, *, #2212, .F. ) ;
#2603 = AXIS2_PLACEMENT_3D ( 'NONE', #6104, #6725, #2112 ) ;
#2604 = DIRECTION ( 'NONE',  ( 0.0000000000000000000, 0.0000000000000000000, 1.000000000000000000 ) ) ;
#2605 = VERTEX_POINT ( 'NONE', #4483 ) ;
#2607 = CARTESIAN_POINT ( 'NONE',  ( -12.40000000000000000, 11.70000000000000100, 7.849999999999999600 ) ) ;
#2606 = PLANE ( 'NONE',  #3128 ) ;
#2608 = ORIENTED_EDGE ( 'NONE', *, *, #3401, .T. ) ;
#2609 = LINE ( 'NONE', #1226, #1035 ) ;
#2610 = EDGE_CURVE ( 'NONE', #4795, #2214, #438, .T. ) ;
#2611 = CARTESIAN_POINT ( 'NONE',  ( -12.24959361958396000, -0.4300000000001086800, -5.129999999999999900 ) ) ;
#2612 = VECTOR ( 'NONE', #4657, 1000.000000000000000 ) ;
#2613 = ORIENTED_EDGE ( 'NONE', *, *, #5221, .F. ) ;
#2614 = ORIENTED_EDGE ( 'NONE', *, *, #7987, .T. ) ;
#2615 = COLOUR_RGB ( '',0.7490196078431372600, 0.7490196078431372600, 0.7490196078431372600 ) ;
#2616 = ORIENTED_EDGE ( 'NONE', *, *, #7977, .F. ) ;
#2617 = AXIS2_PLACEMENT_3D ( 'NONE', #1017, #3742, #7771 ) ;
#2619 = VECTOR ( 'NONE', #1432, 1000.000000000000000 ) ;
#2618 = CARTESIAN_POINT ( 'NONE',  ( -0.5000000000000000000, 16.82000000000000000, 4.850000000000000500 ) ) ;
#2620 = VERTEX_POINT ( 'NONE', #7879 ) ;
#2621 = B_SPLINE_SURFACE_WITH_KNOTS ( 'NONE', 3, 1, ( 
 ( #1202, #3781 ),
 ( #1173, #7931 ),
 ( #5897, #3118 ),
 ( #1147, #6497 ),
 ( #2547, #3152 ),
 ( #5927, #5840 ),
 ( #6466, #3239 ),
 ( #3839, #1855 ),
 ( #7193, #6550 ),
 ( #7159, #7848 ),
 ( #7246, #5223 ) ),
 .UNSPECIFIED., .F., .F., .F.,
 ( 4, 1, 1, 1, 1, 1, 1, 1, 4 ),
 ( 2, 2 ),
 ( 0.0000000000000000000, 0.3926990816987230300, 0.7853981633974480600, 1.178097245096172000, 1.570796326794896800, 1.963495408493621600, 2.356194490192345700, 2.748893571891071200, 3.141592653589794900 ),
 ( 0.0000000000000000000, 1.000000000000000000 ),
 .UNSPECIFIED. ) ;
#2622 = FACE_OUTER_BOUND ( 'NONE', #7658, .T. ) ;
#2623 = EDGE_LOOP ( 'NONE', ( #4201, #2846, #8227, #4142 ) ) ;
#2624 = FACE_OUTER_BOUND ( 'NONE', #7772, .T. ) ;
#2625 = EDGE_CURVE ( 'NONE', #1761, #1583, #3990, .T. ) ;
#2626 = CARTESIAN_POINT ( 'NONE',  ( 10.16000000000000000, -6.299999999999999800, 2.040000000000000000 ) ) ;
#2627 = UNCERTAINTY_MEASURE_WITH_UNIT (LENGTH_MEASURE( 1.000000000000000100E-005 ), #8574, 'distance_accuracy_value', 'NONE');
#2628 = CARTESIAN_POINT ( 'NONE',  ( 10.16000000000000000, -0.6999999999999999600, -3.040000000000000000 ) ) ;
#2629 = CARTESIAN_POINT ( 'NONE',  ( 12.90054722849357900, -0.02124813592968395300, 5.129999999999999900 ) ) ;
#2630 = CARTESIAN_POINT ( 'NONE',  ( -12.88333504276538100, -0.2053636409173125200, 7.130000000000000800 ) ) ;
#2631 = CARTESIAN_POINT ( 'NONE',  ( 6.450000000000000200, 12.20000000000000100, -7.849999999999999600 ) ) ;
#2632 =( BOUNDED_SURFACE ( )  B_SPLINE_SURFACE ( 3, 2, ( 
 ( #1449, #8187, #7522 ),
 ( #2148, #3468, #2125 ),
 ( #6850, #4080, #4751 ),
 ( #6823, #2847, #740 ),
 ( #4837, #788, #1419 ),
 ( #5439, #6120, #2763 ),
 ( #4102, #6178, #6795 ),
 ( #6094, #851, #3494 ),
 ( #4781, #7437, #2331 ),
 ( #2176, #83, #8211 ),
 ( #4162, #7489, #7400 ),
 ( #2819, #4129, #5523 ),
 ( #2789, #3415, #7463 ),
 ( #1538, #6765, #140 ) ),
 .UNSPECIFIED., .F., .F., .T. ) 
 B_SPLINE_SURFACE_WITH_KNOTS ( ( 4, 2, 2, 2, 2, 2, 4 ),
 ( 3, 3 ),
 ( 3.159045946109733500, 3.353213825394103100, 3.547381704678472600, 3.741549583962842100, 3.935717463247211600, 4.324053221815950600, 4.712388980384689700 ),
 ( 0.0000000000000000000, 1.000000000000000000 ),
 .UNSPECIFIED. ) 
 GEOMETRIC_REPRESENTATION_ITEM ( )  RATIONAL_B_SPLINE_SURFACE ( (
 ( 1.000000000000000000, 0.7072144605741783600, 1.000000000000000000),
 ( 1.000000000000000000, 0.7079803688786691100, 1.000000000000000000),
 ( 1.000000000000000000, 0.7133391365964979500, 1.000000000000000000),
 ( 1.000000000000000000, 0.7317345488683336700, 1.000000000000000000),
 ( 1.000000000000000000, 0.7447655413394125300, 1.000000000000000000),
 ( 1.000000000000000000, 0.7756440825140582500, 1.000000000000000000),
 ( 1.000000000000000000, 0.7934572668841302100, 1.000000000000000000),
 ( 1.000000000000000000, 0.8305999863296547000, 1.000000000000000000),
 ( 1.000000000000000000, 0.8499139442403028700, 1.000000000000000000),
 ( 1.000000000000000000, 0.9057944775739867900, 1.000000000000000000),
 ( 1.000000000000000000, 0.9399479630977016800, 1.000000000000000000),
 ( 1.000000000000000000, 0.9870316551531492800, 1.000000000000000000),
 ( 1.000000000000000000, 1.000151588794810300, 1.000000000000000000),
 ( 1.000000000000000000, 1.000000000000000000, 1.000000000000000000) ) ) 
 REPRESENTATION_ITEM ( '' )  SURFACE ( )  );
#2633 = VERTEX_POINT ( 'NONE', #6632 ) ;
#2634 = DIRECTION ( 'NONE',  ( 1.000000000000000000, 0.0000000000000000000, 0.0000000000000000000 ) ) ;
#2635 = DIRECTION ( 'NONE',  ( 0.0000000000000000000, 0.0000000000000000000, -1.000000000000000000 ) ) ;
#2636 = CARTESIAN_POINT ( 'NONE',  ( -5.950000000000000200, 16.82000000000000000, 4.850000000000000500 ) ) ;
#2637 = DIRECTION ( 'NONE',  ( 1.927470528863119800E-016, 0.0000000000000000000, 1.000000000000000000 ) ) ;
#2638 = EDGE_CURVE ( 'NONE', #1093, #8473, #6644, .T. ) ;
#2639 = DIRECTION ( 'NONE',  ( 0.0000000000000000000, 0.0000000000000000000, 1.000000000000000000 ) ) ;
#2640 = FACE_OUTER_BOUND ( 'NONE', #2258, .T. ) ;
#2641 = COLOUR_RGB ( '',0.7490196078431372600, 0.7490196078431372600, 0.7490196078431372600 ) ;
#2642 = DIRECTION ( 'NONE',  ( 0.0000000000000000000, 0.0000000000000000000, 1.000000000000000000 ) ) ;
#2643 = DIRECTION ( 'NONE',  ( 0.0000000000000000000, 0.0000000000000000000, -1.000000000000000000 ) ) ;
#2644 = CYLINDRICAL_SURFACE ( 'NONE', #6546, 0.7999999999964764200 ) ;
#2645 = ORIENTED_EDGE ( 'NONE', *, *, #6399, .F. ) ;
#2646 = EDGE_CURVE ( 'NONE', #5104, #2104, #1611, .T. ) ;
#2647 = CYLINDRICAL_SURFACE ( 'NONE', #6620, 0.5000000000000004400 ) ;
#2648 = AXIS2_PLACEMENT_3D ( 'NONE', #6926, #2841, #2939 ) ;
#2649 = ADVANCED_FACE ( 'NONE', ( #6515 ), #7770, .T. ) ;
#2650 = DIRECTION ( 'NONE',  ( -0.9925062874862399200, -0.1221935730727323900, 0.0000000000000000000 ) ) ;
#2651 = FILL_AREA_STYLE_COLOUR ( '', #4205 ) ;
#2652 = CARTESIAN_POINT ( 'NONE',  ( 12.90054722849359900, 0.07009548768149509400, -4.859999999999999400 ) ) ;
#2653 = DIRECTION ( 'NONE',  ( 1.000000000000000000, 0.0000000000000000000, -7.228014483236700500E-016 ) ) ;
#2654 = CARTESIAN_POINT ( 'NONE',  ( 6.949999999999999300, 11.70000000000000100, -12.40000000000000000 ) ) ;
#2655 = AXIS2_PLACEMENT_3D ( 'NONE', #6264, #6240, #6852 ) ;
#2656 = CARTESIAN_POINT ( 'NONE',  ( -11.50000000000000000, 0.0000000000000000000, -7.400000000000000400 ) ) ;
#2657 = ORIENTED_EDGE ( 'NONE', *, *, #6786, .T. ) ;
#2658 = EDGE_CURVE ( 'NONE', #4384, #7908, #8527, .T. ) ;
#2659 = DIRECTION ( 'NONE',  ( 2.098455817713879800E-016, 0.0000000000000000000, 1.000000000000000000 ) ) ;
#2660 = EDGE_LOOP ( 'NONE', ( #3066, #7870, #931, #7604 ) ) ;
#2661 = ORIENTED_EDGE ( 'NONE', *, *, #1317, .F. ) ;
#2662 = DIRECTION ( 'NONE',  ( 0.0000000000000000000, 0.0000000000000000000, -1.000000000000000000 ) ) ;
#2663 = FILL_AREA_STYLE_COLOUR ( '', #7513 ) ;
#2664 = DIRECTION ( 'NONE',  ( 1.000000000000000000, 0.0000000000000000000, 0.0000000000000000000 ) ) ;
#2665 = CARTESIAN_POINT ( 'NONE',  ( 5.450000000000399900, 16.82000000000000000, 7.849999999999999600 ) ) ;
#2666 = ORIENTED_EDGE ( 'NONE', *, *, #8312, .F. ) ;
#2667 = DIRECTION ( 'NONE',  ( -1.000000000000000000, 0.0000000000000000000, 2.098455817713879800E-016 ) ) ;
#2668 = CIRCLE ( 'NONE', #5405, 0.1999999999999883800 ) ;
#2669 = ORIENTED_EDGE ( 'NONE', *, *, #8035, .T. ) ;
#2670 = ORIENTED_EDGE ( 'NONE', *, *, #2767, .F. ) ;
#2671 = ADVANCED_FACE ( 'NONE', ( #4714 ), #2749, .F. ) ;
#2672 = DIRECTION ( 'NONE',  ( -4.372213365170680100E-016, 1.000000000000000000, 0.0000000000000000000 ) ) ;
#2673 = VECTOR ( 'NONE', #132, 1000.000000000000000 ) ;
#2674 = EDGE_CURVE ( 'NONE', #3559, #5553, #7139, .T. ) ;
#2675 = VECTOR ( 'NONE', #5826, 1000.000000000000000 ) ;
#2676 = AXIS2_PLACEMENT_3D ( 'NONE', #3963, #1981, #8058 ) ;
#2677 =( GEOMETRIC_REPRESENTATION_CONTEXT ( 3 ) GLOBAL_UNCERTAINTY_ASSIGNED_CONTEXT ( ( #5066 ) ) GLOBAL_UNIT_ASSIGNED_CONTEXT ( ( #6316, #3707, #326 ) ) REPRESENTATION_CONTEXT ( 'NONE', 'WORKASPACE' ) );
#2678 = DIRECTION ( 'NONE',  ( 1.000000000000000000, 0.0000000000000000000, 0.0000000000000000000 ) ) ;
#2679 = APPLICATION_PROTOCOL_DEFINITION ( 'draft international standard', 'automotive_design', 1998, #8039 ) ;
#2680 = EDGE_LOOP ( 'NONE', ( #7276, #7618, #2990, #4307 ) ) ;
#2681 = CARTESIAN_POINT ( 'NONE',  ( 4.950000000000399900, 11.70000000000000100, -7.849999999999999600 ) ) ;
#2682 = CARTESIAN_POINT ( 'NONE',  ( -12.69999999999999900, -0.6999999999999999600, 4.500000000000000000 ) ) ;
#2683 = ADVANCED_FACE ( 'NONE', ( #1606 ), #4710, .F. ) ;
#2684 = CYLINDRICAL_SURFACE ( 'NONE', #8563, 0.5000000000000004400 ) ;
#2685 = EDGE_CURVE ( 'NONE', #7339, #4215, #4498, .T. ) ;
#2686 = CARTESIAN_POINT ( 'NONE',  ( -11.50000000000000000, -0.6999999999999999600, -4.500000000000000000 ) ) ;
#2687 = ORIENTED_EDGE ( 'NONE', *, *, #241, .T. ) ;
#2688 = CIRCLE ( 'NONE', #2418, 0.5000000000000004400 ) ;
#2689 = CARTESIAN_POINT ( 'NONE',  ( -11.40000000000040200, 12.20000000000000100, -12.40000000000000000 ) ) ;
#2690 = AXIS2_PLACEMENT_3D ( 'NONE', #2567, #7237, #3976 ) ;
#2691 = DIRECTION ( 'NONE',  ( 0.0000000000000000000, 0.0000000000000000000, -1.000000000000000000 ) ) ;
#2692 = DIRECTION ( 'NONE',  ( 0.0000000000000000000, -1.000000000000000000, 0.0000000000000000000 ) ) ;
#2694 = CARTESIAN_POINT ( 'NONE',  ( -12.26417654002169800, 8.435894577954947200, -11.54958265104015100 ) ) ;
#2693 = DIRECTION ( 'NONE',  ( -6.911248908274129400E-017, 0.0000000000000000000, -1.000000000000000000 ) ) ;
#2695 = VECTOR ( 'NONE', #1711, 1000.000000000000000 ) ;
#2696 = ADVANCED_FACE ( 'NONE', ( #6509 ), #3398, .T. ) ;
#2697 = ORIENTED_EDGE ( 'NONE', *, *, #4759, .T. ) ;
#2698 = ORIENTED_EDGE ( 'NONE', *, *, #7316, .T. ) ;
#2699 = EDGE_CURVE ( 'NONE', #3222, #6353, #5140, .T. ) ;
#2700 = VECTOR ( 'NONE', #2849, 1000.000000000000000 ) ;
#2701 = VERTEX_POINT ( 'NONE', #7651 ) ;
#2702 =( NAMED_UNIT ( * ) PLANE_ANGLE_UNIT ( ) SI_UNIT ( $, .RADIAN. ) );
#2703 = ORIENTED_EDGE ( 'NONE', *, *, #3763, .F. ) ;
#2704 = ORIENTED_EDGE ( 'NONE', *, *, #3844, .T. ) ;
#2705 = ORIENTED_EDGE ( 'NONE', *, *, #795, .F. ) ;
#2706 = LINE ( 'NONE', #3651, #708 ) ;
#2707 = LINE ( 'NONE', #3104, #1142 ) ;
#2708 =( NAMED_UNIT ( * ) PLANE_ANGLE_UNIT ( ) SI_UNIT ( $, .RADIAN. ) );
#2709 = EDGE_CURVE ( 'NONE', #3490, #7339, #4821, .T. ) ;
#2710 = CARTESIAN_POINT ( 'NONE',  ( -11.59959361958396000, 0.06999999999989130200, 7.129999999999999900 ) ) ;
#2711 = ORIENTED_EDGE ( 'NONE', *, *, #5889, .F. ) ;
#2712 = AXIS2_PLACEMENT_3D ( 'NONE', #5195, #1296, #1206 ) ;
#2713 = STYLED_ITEM ( 'NONE', ( #4431 ), #977 ) ;
#2714 = VERTEX_POINT ( 'NONE', #8338 ) ;
#2715 = VECTOR ( 'NONE', #5128, 1000.000000000000000 ) ;
#2716 = ADVANCED_FACE ( 'NONE', ( #1287 ), #1012, .T. ) ;
#2717 = VECTOR ( 'NONE', #6659, 1000.000000000000000 ) ;
#2718 = PRESENTATION_LAYER_ASSIGNMENT (  '', '', ( #1548 ) ) ;
#2719 = EDGE_LOOP ( 'NONE', ( #6008, #720, #8250, #2051 ) ) ;
#2720 = DIRECTION ( 'NONE',  ( 0.0000000000000000000, 1.000000000000000000, 0.0000000000000000000 ) ) ;
#2721 = EDGE_LOOP ( 'NONE', ( #5003, #2747, #1348, #2555 ) ) ;
#2723 = DIRECTION ( 'NONE',  ( 0.0000000000000000000, 0.0000000000000000000, 1.000000000000000000 ) ) ;
#2722 =( LENGTH_UNIT ( ) NAMED_UNIT ( * ) SI_UNIT ( .MILLI., .METRE. ) );
#2724 = CARTESIAN_POINT ( 'NONE',  ( -11.90000000000040200, 16.82000000000000000, 7.849999999999999600 ) ) ;
#2725 = DIRECTION ( 'NONE',  ( 1.000000000000000000, 0.0000000000000000000, 0.0000000000000000000 ) ) ;
#2726 = LINE ( 'NONE', #8067, #4695 ) ;
#2727 = ORIENTED_EDGE ( 'NONE', *, *, #551, .T. ) ;
#2728 = EDGE_CURVE ( 'NONE', #7411, #7610, #3369, .T. ) ;
#2729 = ORIENTED_EDGE ( 'NONE', *, *, #4825, .T. ) ;
#2731 = CARTESIAN_POINT ( 'NONE',  ( -11.53077889234446800, 8.515662474953389300, -12.22030110306540300 ) ) ;
#2730 = CARTESIAN_POINT ( 'NONE',  ( 10.16000000000000000, -0.6999999999999999600, -10.16000000000000000 ) ) ;
#2732 = FACE_OUTER_BOUND ( 'NONE', #2893, .T. ) ;
#2733 = LINE ( 'NONE', #6426, #3544 ) ;
#2734 = DIRECTION ( 'NONE',  ( 1.000000000000000000, 0.0000000000000000000, 0.0000000000000000000 ) ) ;
#2735 = STYLED_ITEM ( 'NONE', ( #4595 ), #3539 ) ;
#2736 = CONICAL_SURFACE ( 'NONE', #765, 0.1999999999999883800, 0.7853981633974518300 ) ;
#2737 = SURFACE_SIDE_STYLE ('',( #2439 ) ) ;
#2738 = AXIS2_PLACEMENT_3D ( 'NONE', #1704, #6360, #3461 ) ;
#2739 = ORIENTED_EDGE ( 'NONE', *, *, #5535, .T. ) ;
#2740 = ORIENTED_EDGE ( 'NONE', *, *, #780, .F. ) ;
#2741 = ADVANCED_FACE ( 'NONE', ( #434 ), #1392, .T. ) ;
#2742 = EDGE_CURVE ( 'NONE', #1027, #7225, #4921, .T. ) ;
#2743 = SURFACE_STYLE_USAGE ( .BOTH. , #6719 ) ;
#2744 = LINE ( 'NONE', #8041, #4813 ) ;
#2745 = EDGE_LOOP ( 'NONE', ( #580, #3119, #7574, #4050, #159, #790 ) ) ;
#2746 = CARTESIAN_POINT ( 'NONE',  ( 12.69999999999999900, -0.6999999999999999600, 12.69999999999999900 ) ) ;
#2747 = ORIENTED_EDGE ( 'NONE', *, *, #7551, .F. ) ;
#2748 = ORIENTED_EDGE ( 'NONE', *, *, #4399, .F. ) ;
#2749 = PLANE ( 'NONE',  #5239 ) ;
#2750 = STYLED_ITEM ( 'NONE', ( #7306 ), #4666 ) ;
#2751 = CARTESIAN_POINT ( 'NONE',  ( 12.90054722849359900, 0.07009548768149509400, -7.129999999999999900 ) ) ;
#2752 = DIRECTION ( 'NONE',  ( 0.0000000000000000000, 0.0000000000000000000, 1.000000000000000000 ) ) ;
#2753 = VECTOR ( 'NONE', #1292, 1000.000000000000000 ) ;
#2754 = CARTESIAN_POINT ( 'NONE',  ( -12.55000000000000100, 0.0000000000000000000, 12.55000000000000100 ) ) ;
#2755 = CARTESIAN_POINT ( 'NONE',  ( 10.16000000000000000, -0.6999999999999999600, 2.540000000000000000 ) ) ;
#2756 = CARTESIAN_POINT ( 'NONE',  ( -11.90000000000000000, 16.82000000000000000, 7.849999999999999600 ) ) ;
#2757 = EDGE_CURVE ( 'NONE', #3073, #903, #3156, .T. ) ;
#2759 = CARTESIAN_POINT ( 'NONE',  ( -11.59209544063360500, 8.182653497362471400, -12.36337304907253700 ) ) ;
#2758 = CARTESIAN_POINT ( 'NONE',  ( -4.950000000000391000, 11.70000000000000100, 12.40000000000000000 ) ) ;
#2760 = STYLED_ITEM ( 'NONE', ( #1037 ), #6970 ) ;
#2761 = FACE_OUTER_BOUND ( 'NONE', #6371, .T. ) ;
#2762 = LINE ( 'NONE', #2813, #7146 ) ;
#2763 = CARTESIAN_POINT ( 'NONE',  ( -12.26417654002167300, 8.435894577954954300, 11.54958265104015100 ) ) ;
#2764 = ADVANCED_FACE ( 'NONE', ( #8307 ), #4411, .T. ) ;
#2765 = CARTESIAN_POINT ( 'NONE',  ( 12.90054722849359900, 0.07009548768149509400, -7.129999999999999900 ) ) ;
#2766 = EDGE_CURVE ( 'NONE', #2714, #8510, #7885, .T. ) ;
#2767 = EDGE_CURVE ( 'NONE', #7520, #1027, #3995, .T. ) ;
#2768 = AXIS2_PLACEMENT_3D ( 'NONE', #8591, #5930, #2664 ) ;
#2769 = ORIENTED_EDGE ( 'NONE', *, *, #978, .T. ) ;
#2770 = CARTESIAN_POINT ( 'NONE',  ( 5.450000000000399900, 12.20000000000000100, -12.40000000000000000 ) ) ;
#2771 = CARTESIAN_POINT ( 'NONE',  ( 10.16000000000000000, -6.000000000000000000, 3.040000000000000000 ) ) ;
#2772 = ORIENTED_EDGE ( 'NONE', *, *, #8396, .T. ) ;
#2773 = VERTEX_POINT ( 'NONE', #479 ) ;
#2774 = ORIENTED_EDGE ( 'NONE', *, *, #7175, .F. ) ;
#2775 = EDGE_CURVE ( 'NONE', #8679, #7156, #2238, .T. ) ;
#2776 = DIRECTION ( 'NONE',  ( 0.0000000000000000000, 1.000000000000000000, 0.0000000000000000000 ) ) ;
#2777 = CIRCLE ( 'NONE', #200, 0.5000000000000004400 ) ;
#2778 = UNCERTAINTY_MEASURE_WITH_UNIT (LENGTH_MEASURE( 1.000000000000000100E-005 ), #8137, 'distance_accuracy_value', 'NONE');
#2779 = CARTESIAN_POINT ( 'NONE',  ( -4.950000000000399900, 12.20000000000000100, 7.849999999999999600 ) ) ;
#2781 = DIRECTION ( 'NONE',  ( 0.0000000000000000000, 0.0000000000000000000, -1.000000000000000000 ) ) ;
#2780 = SURFACE_STYLE_USAGE ( .BOTH. , #3986 ) ;
#2782 = DIRECTION ( 'NONE',  ( -0.0000000000000000000, -1.000000000000000000, -0.0000000000000000000 ) ) ;
#2783 = EDGE_LOOP ( 'NONE', ( #1956, #6, #1098, #2419 ) ) ;
#2784 = ORIENTED_EDGE ( 'NONE', *, *, #919, .F. ) ;
#2785 = CARTESIAN_POINT ( 'NONE',  ( 11.99959362072370100, 0.07002387192029180300, 5.129999999999999900 ) ) ;
#2786 = ORIENTED_EDGE ( 'NONE', *, *, #5673, .T. ) ;
#2787 = ORIENTED_EDGE ( 'NONE', *, *, #6170, .F. ) ;
#2788 = VECTOR ( 'NONE', #6815, 1000.000000000000000 ) ;
#2789 = CARTESIAN_POINT ( 'NONE',  ( -11.09131776628594700, 9.199999999999999300, 11.19489180893470400 ) ) ;
#2790 = ORIENTED_EDGE ( 'NONE', *, *, #498, .T. ) ;
#2791 = CARTESIAN_POINT ( 'NONE',  ( 12.25013752952505900, -0.8898851874046199700, -7.129999999999999900 ) ) ;
#2792 = EDGE_CURVE ( 'NONE', #588, #161, #4290, .T. ) ;
#2793 = EDGE_LOOP ( 'NONE', ( #6807, #3979 ) ) ;
#2794 = VECTOR ( 'NONE', #2723, 1000.000000000000000 ) ;
#2795 =( GEOMETRIC_REPRESENTATION_CONTEXT ( 3 ) GLOBAL_UNCERTAINTY_ASSIGNED_CONTEXT ( ( #417 ) ) GLOBAL_UNIT_ASSIGNED_CONTEXT ( ( #3437, #2091, #110 ) ) REPRESENTATION_CONTEXT ( 'NONE', 'WORKASPACE' ) );
#2796 = VERTEX_POINT ( 'NONE', #8550 ) ;
#2797 = CARTESIAN_POINT ( 'NONE',  ( 10.16000000000000000, -6.299999999999999800, 10.16000000000000000 ) ) ;
#2799 = DIRECTION ( 'NONE',  ( -6.994852725712929000E-017, 0.0000000000000000000, -1.000000000000000000 ) ) ;
#2798 = CARTESIAN_POINT ( 'NONE',  ( -11.86011120661946100, -0.7120816677289799600, 7.129999999999999900 ) ) ;
#2800 = VERTEX_POINT ( 'NONE', #5869 ) ;
#2801 = EDGE_CURVE ( 'NONE', #6810, #7538, #229, .T. ) ;
#2802 = LINE ( 'NONE', #972, #6674 ) ;
#2803 = ORIENTED_EDGE ( 'NONE', *, *, #5988, .F. ) ;
#2804 = ORIENTED_EDGE ( 'NONE', *, *, #5793, .F. ) ;
#2805 = DIRECTION ( 'NONE',  ( -2.797941090285175100E-016, 0.0000000000000000000, -1.000000000000000000 ) ) ;
#2806 = PLANE ( 'NONE',  #6931 ) ;
#2807 = VERTEX_POINT ( 'NONE', #5129 ) ;
#2809 = CARTESIAN_POINT ( 'NONE',  ( 11.71147481116715600, 9.027136750311836300, 11.31271048152966300 ) ) ;
#2808 = DIRECTION ( 'NONE',  ( 0.0000000000000000000, -1.000000000000000000, 0.0000000000000000000 ) ) ;
#2810 = FACE_OUTER_BOUND ( 'NONE', #456, .T. ) ;
#2811 = EDGE_LOOP ( 'NONE', ( #1849, #1868, #3750, #7319 ) ) ;
#2813 = CARTESIAN_POINT ( 'NONE',  ( -12.69999999999999900, -0.6999999999999999600, -4.500000000000000000 ) ) ;
#2812 = DIRECTION ( 'NONE',  ( -1.000000000000000000, 0.0000000000000000000, 0.0000000000000000000 ) ) ;
#2814 = FACE_OUTER_BOUND ( 'NONE', #5962, .T. ) ;
#2815 = ORIENTED_EDGE ( 'NONE', *, *, #3982, .F. ) ;
#2816 = EDGE_CURVE ( 'NONE', #5894, #704, #4616, .T. ) ;
#2817 = ORIENTED_EDGE ( 'NONE', *, *, #2195, .T. ) ;
#2818 = AXIS2_PLACEMENT_3D ( 'NONE', #2755, #2782, #7457 ) ;
#2819 = CARTESIAN_POINT ( 'NONE',  ( -11.16894232789291900, 9.164376660937302100, 11.37601578601669400 ) ) ;
#2820 = FACE_OUTER_BOUND ( 'NONE', #3204, .T. ) ;
#2821 = CARTESIAN_POINT ( 'NONE',  ( -11.61354585139580000, 7.824433369012191400, 12.41342400751739900 ) ) ;
#2822 = VERTEX_POINT ( 'NONE', #4356 ) ;
#2823 = ORIENTED_EDGE ( 'NONE', *, *, #1876, .F. ) ;
#2824 = EDGE_LOOP ( 'NONE', ( #8012, #2425 ) ) ;
#2825 = MECHANICAL_DESIGN_GEOMETRIC_PRESENTATION_REPRESENTATION (  '', ( #905 ), #8 ) ;
#2826 = FACE_OUTER_BOUND ( 'NONE', #7926, .T. ) ;
#2827 = ORIENTED_EDGE ( 'NONE', *, *, #8446, .T. ) ;
#2828 = LINE ( 'NONE', #8381, #198 ) ;
#2829 = CARTESIAN_POINT ( 'NONE',  ( 11.50000000000000000, -0.6999999999999999600, -7.400000000000000400 ) ) ;
#2830 = EDGE_CURVE ( 'NONE', #7971, #7351, #5455, .T. ) ;
#2831 = CARTESIAN_POINT ( 'NONE',  ( 0.0000000000000000000, 16.82000000000000000, -12.40000000000000000 ) ) ;
#2832 = CYLINDRICAL_SURFACE ( 'NONE', #6947, 0.5000000000000004400 ) ;
#2833 = ORIENTED_EDGE ( 'NONE', *, *, #2152, .F. ) ;
#2834 = CYLINDRICAL_SURFACE ( 'NONE', #7491, 1.199999999999999700 ) ;
#2835 = ORIENTED_EDGE ( 'NONE', *, *, #5144, .F. ) ;
#2836 = ORIENTED_EDGE ( 'NONE', *, *, #1986, .T. ) ;
#2837 = CARTESIAN_POINT ( 'NONE',  ( -12.40000000000000000, 11.70000000000000100, -4.850000000000000500 ) ) ;
#2838 = DIRECTION ( 'NONE',  ( 1.000000000000000000, 0.0000000000000000000, 0.0000000000000000000 ) ) ;
#2840 = CARTESIAN_POINT ( 'NONE',  ( 11.01363723429845500, 9.199999999999999300, 11.01363723429845500 ) ) ;
#2839 = CARTESIAN_POINT ( 'NONE',  ( 11.50000000000000000, 9.199999999999999300, -11.50000000000000000 ) ) ;
#2841 = DIRECTION ( 'NONE',  ( -0.0000000000000000000, 1.000000000000000000, -0.0000000000000000000 ) ) ;
#2842 = PLANE ( 'NONE',  #3157 ) ;
#2844 = DIRECTION ( 'NONE',  ( 1.000000000000000000, 0.0000000000000000000, 0.0000000000000000000 ) ) ;
#2843 = FILL_AREA_STYLE ('',( #5435 ) ) ;
#2845 = DIRECTION ( 'NONE',  ( 1.000000000000000000, 0.0000000000000000000, 0.0000000000000000000 ) ) ;
#2846 = ORIENTED_EDGE ( 'NONE', *, *, #6899, .T. ) ;
#2847 = CARTESIAN_POINT ( 'NONE',  ( -12.31218441130238400, 8.373045942747893400, 12.31218441130236800 ) ) ;
#2848 = AXIS2_PLACEMENT_3D ( 'NONE', #4318, #7708, #4996 ) ;
#2849 = DIRECTION ( 'NONE',  ( 0.0000000000000000000, 0.0000000000000000000, 1.000000000000000000 ) ) ;
#2850 = VECTOR ( 'NONE', #680, 1000.000000000000000 ) ;
#2851 = VERTEX_POINT ( 'NONE', #310 ) ;
#2852 = FACE_OUTER_BOUND ( 'NONE', #7192, .T. ) ;
#2853 = EDGE_CURVE ( 'NONE', #1238, #1006, #1179, .T. ) ;
#2854 = DIRECTION ( 'NONE',  ( 0.0000000000000000000, -1.000000000000000000, 0.0000000000000000000 ) ) ;
#2855 = CARTESIAN_POINT ( 'NONE',  ( 12.55000000000000100, 0.0000000000000000000, 7.400000000000000400 ) ) ;
#2856 = PRESENTATION_LAYER_ASSIGNMENT (  '', '', ( #7790 ) ) ;
#2857 = CIRCLE ( 'NONE', #3696, 0.8000000000000003800 ) ;
#2858 = DIRECTION ( 'NONE',  ( 0.0000000000000000000, -1.000000000000000000, 0.0000000000000000000 ) ) ;
#2859 = CARTESIAN_POINT ( 'NONE',  ( -11.59959361958396000, 0.06999999999989130200, 5.129999999999999900 ) ) ;
#2860 = DIRECTION ( 'NONE',  ( 0.0000000000000000000, 0.0000000000000000000, 1.000000000000000000 ) ) ;
#2862 = DIRECTION ( 'NONE',  ( 0.0000000000000000000, 0.0000000000000000000, 1.000000000000000000 ) ) ;
#2861 = DIRECTION ( 'NONE',  ( -0.0000000000000000000, -0.0000000000000000000, -1.000000000000000000 ) ) ;
#2863 = CARTESIAN_POINT ( 'NONE',  ( -11.99818607707521800, -0.2203094662514494500, 5.130000000000000800 ) ) ;
#2864 = CARTESIAN_POINT ( 'NONE',  ( 12.24959361958396000, -0.4300000000001086800, 7.129999999999999900 ) ) ;
#2865 = EDGE_CURVE ( 'NONE', #176, #2796, #8098, .T. ) ;
#2866 = LINE ( 'NONE', #4343, #1089 ) ;
#2868 = PLANE ( 'NONE',  #3954 ) ;
#2867 = DIRECTION ( 'NONE',  ( 0.0000000000000000000, 0.0000000000000000000, 1.000000000000000000 ) ) ;
#2869 = ADVANCED_FACE ( 'NONE', ( #753 ), #6427, .T. ) ;
#2870 = CYLINDRICAL_SURFACE ( 'NONE', #8077, 0.5000000000000004400 ) ;
#2871 = DIRECTION ( 'NONE',  ( 2.098455817713879800E-016, 0.0000000000000000000, 1.000000000000000000 ) ) ;
#2872 = VERTEX_POINT ( 'NONE', #5059 ) ;
#2873 = ORIENTED_EDGE ( 'NONE', *, *, #878, .F. ) ;
#2874 = LINE ( 'NONE', #8142, #6433 ) ;
#2875 = EDGE_CURVE ( 'NONE', #7106, #6743, #4397, .T. ) ;
#2876 = ORIENTED_EDGE ( 'NONE', *, *, #4627, .T. ) ;
#2877 = CARTESIAN_POINT ( 'NONE',  ( 10.90000000000000000, 11.19999999999999900, 12.40000000000000000 ) ) ;
#2878 = VERTEX_POINT ( 'NONE', #3718 ) ;
#2879 = CARTESIAN_POINT ( 'NONE',  ( 12.90054722849359900, 0.07009548768149509400, -5.129999999999999900 ) ) ;
#2880 = CYLINDRICAL_SURFACE ( 'NONE', #6650, 0.4999999999999995600 ) ;
#2881 = VECTOR ( 'NONE', #7656, 1000.000000000000000 ) ;
#2882 = EDGE_CURVE ( 'NONE', #5623, #1521, #5879, .T. ) ;
#2883 = CARTESIAN_POINT ( 'NONE',  ( 10.16000000000000000, -6.299999999999999800, 10.35999999999998900 ) ) ;
#2884 = ORIENTED_EDGE ( 'NONE', *, *, #6984, .T. ) ;
#2885 = LINE ( 'NONE', #8615, #6132 ) ;
#2886 = DIRECTION ( 'NONE',  ( -2.797941090285175100E-016, 0.0000000000000000000, -1.000000000000000000 ) ) ;
#2887 = CARTESIAN_POINT ( 'NONE',  ( 12.90054722849359900, 0.07009548768149509400, 7.129999999999999900 ) ) ;
#2888 = CARTESIAN_POINT ( 'NONE',  ( 10.16000000000000000, -6.000000000000000000, -10.16000000000000000 ) ) ;
#2889 = DIRECTION ( 'NONE',  ( 0.0000000000000000000, 0.0000000000000000000, -1.000000000000000000 ) ) ;
#2890 = FACE_OUTER_BOUND ( 'NONE', #8072, .T. ) ;
#2891 =( BOUNDED_CURVE ( )  B_SPLINE_CURVE ( 3, ( #5830, #475, #5799, #8616 ),
 .UNSPECIFIED., .F., .F. ) 
 B_SPLINE_CURVE_WITH_KNOTS ( ( 4, 4 ),
 ( 4.712198005020341400, 6.283185307179586200 ),
 .UNSPECIFIED. ) 
 CURVE ( )  GEOMETRIC_REPRESENTATION_ITEM ( )  RATIONAL_B_SPLINE_CURVE ( ( 1.000000000000000000, 0.8046928386502676400, 0.8046928386502676400, 1.000000000000000000 ) ) 
 REPRESENTATION_ITEM ( '' )  );
#2892 = AXIS2_PLACEMENT_3D ( 'NONE', #2166, #808, #106 ) ;
#2893 = EDGE_LOOP ( 'NONE', ( #205, #8704, #975, #526 ) ) ;
#2894 = VECTOR ( 'NONE', #8175, 1000.000000000000000 ) ;
#2895 = CARTESIAN_POINT ( 'NONE',  ( -10.16000000000000000, -0.6999999999999999600, 9.660000000000000100 ) ) ;
#2896 = ORIENTED_EDGE ( 'NONE', *, *, #7747, .T. ) ;
#2897 = EDGE_CURVE ( 'NONE', #3151, #8586, #4082, .T. ) ;
#2898 = ADVANCED_FACE ( 'NONE', ( #7558 ), #2644, .T. ) ;
#2899 = VERTEX_POINT ( 'NONE', #6978 ) ;
#2900 = VECTOR ( 'NONE', #74, 1000.000000000000000 ) ;
#2901 =( GEOMETRIC_REPRESENTATION_CONTEXT ( 3 ) GLOBAL_UNCERTAINTY_ASSIGNED_CONTEXT ( ( #3521 ) ) GLOBAL_UNIT_ASSIGNED_CONTEXT ( ( #7241, #5867, #3890 ) ) REPRESENTATION_CONTEXT ( 'NONE', 'WORKASPACE' ) );
#2902 = ADVANCED_FACE ( 'NONE', ( #6624 ), #3771, .F. ) ;
#2903 = DIRECTION ( 'NONE',  ( 0.0000000000000000000, 0.0000000000000000000, -1.000000000000000000 ) ) ;
#2904 = ORIENTED_EDGE ( 'NONE', *, *, #5018, .T. ) ;
#2905 = EDGE_LOOP ( 'NONE', ( #5791, #5649, #1600, #134, #4206, #3370, #5232, #494, #404, #8114, #8318, #4152 ) ) ;
#2906 = EDGE_LOOP ( 'NONE', ( #809, #1714 ) ) ;
#2907 = ORIENTED_EDGE ( 'NONE', *, *, #6119, .T. ) ;
#2908 = EDGE_CURVE ( 'NONE', #3730, #5613, #2944, .T. ) ;
#2909 = AXIS2_PLACEMENT_3D ( 'NONE', #1947, #6670, #6634 ) ;
#2910 = DIRECTION ( 'NONE',  ( -0.0000000000000000000, -0.0000000000000000000, -1.000000000000000000 ) ) ;
#2911 = DIRECTION ( 'NONE',  ( -0.0000000000000000000, -0.0000000000000000000, -1.000000000000000000 ) ) ;
#2912 = EDGE_LOOP ( 'NONE', ( #7000, #767, #7268, #5627 ) ) ;
#2914 =( NAMED_UNIT ( * ) SI_UNIT ( $, .STERADIAN. ) SOLID_ANGLE_UNIT ( ) );
#2913 = PLANE ( 'NONE',  #1976 ) ;
#2915 = DIRECTION ( 'NONE',  ( 0.0000000000000000000, 0.0000000000000000000, -1.000000000000000000 ) ) ;
#2916 = VERTEX_POINT ( 'NONE', #2373 ) ;
#2917 = DIRECTION ( 'NONE',  ( 1.000000000000000000, 0.0000000000000000000, 0.0000000000000000000 ) ) ;
#2918 = LINE ( 'NONE', #1619, #5220 ) ;
#2919 = VECTOR ( 'NONE', #13, 1000.000000000000000 ) ;
#2920 = EDGE_CURVE ( 'NONE', #3009, #2620, #15, .T. ) ;
#2921 = EDGE_LOOP ( 'NONE', ( #4945, #6993, #7441, #5261 ) ) ;
#2922 = EDGE_CURVE ( 'NONE', #1720, #7048, #3049, .T. ) ;
#2923 = ORIENTED_EDGE ( 'NONE', *, *, #5822, .F. ) ;
#2924 = VECTOR ( 'NONE', #5491, 1000.000000000000000 ) ;
#2925 = ORIENTED_EDGE ( 'NONE', *, *, #6786, .F. ) ;
#2926 = EDGE_LOOP ( 'NONE', ( #7065, #6093 ) ) ;
#2927 = ORIENTED_EDGE ( 'NONE', *, *, #4541, .T. ) ;
#2928 = PLANE ( 'NONE',  #3501 ) ;
#2929 = CIRCLE ( 'NONE', #8074, 0.5000000000000004400 ) ;
#2930 = LINE ( 'NONE', #6574, #4904 ) ;
#2931 =( NAMED_UNIT ( * ) SI_UNIT ( $, .STERADIAN. ) SOLID_ANGLE_UNIT ( ) );
#2932 = EDGE_CURVE ( 'NONE', #7374, #5197, #5241, .T. ) ;
#2933 = ORIENTED_EDGE ( 'NONE', *, *, #6438, .T. ) ;
#2934 = VERTEX_POINT ( 'NONE', #812 ) ;
#2935 = CARTESIAN_POINT ( 'NONE',  ( -12.69999999999999900, -0.6999999999999999600, -7.400000000000000400 ) ) ;
#2936 = VECTOR ( 'NONE', #881, 1000.000000000000000 ) ;
#2937 = DIRECTION ( 'NONE',  ( -1.000000000000000000, 0.0000000000000000000, 0.0000000000000000000 ) ) ;
#2938 = ORIENTED_EDGE ( 'NONE', *, *, #5499, .T. ) ;
#2939 = DIRECTION ( 'NONE',  ( 0.0000000000000000000, 0.0000000000000000000, -1.000000000000000000 ) ) ;
#2940 = DIRECTION ( 'NONE',  ( 0.0000000000000000000, 1.000000000000000000, 0.0000000000000000000 ) ) ;
#2941 = PLANE ( 'NONE',  #3256 ) ;
#2942 = ADVANCED_FACE ( 'NONE', ( #2640 ), #3618, .T. ) ;
#2943 = EDGE_CURVE ( 'NONE', #699, #7066, #6191, .T. ) ;
#2944 = CIRCLE ( 'NONE', #1916, 0.5000000000000004400 ) ;
#2945 = AXIS2_PLACEMENT_3D ( 'NONE', #2496, #6641, #634 ) ;
#2946 = AXIS2_PLACEMENT_3D ( 'NONE', #4811, #816, #2845 ) ;
#2947 = CARTESIAN_POINT ( 'NONE',  ( 3.000000000000000000, 11.70000000000000100, -7.400000000000000400 ) ) ;
#2948 = LINE ( 'NONE', #8285, #3780 ) ;
#2949 = ORIENTED_EDGE ( 'NONE', *, *, #4346, .T. ) ;
#2950 = EDGE_CURVE ( 'NONE', #4384, #7966, #4815, .T. ) ;
#2951 = CARTESIAN_POINT ( 'NONE',  ( -10.16000000000000000, -6.299999999999999800, 10.16000000000000000 ) ) ;
#2952 = PLANE ( 'NONE',  #6873 ) ;
#2953 = DIRECTION ( 'NONE',  ( 1.000000000000000000, 0.0000000000000000000, 0.0000000000000000000 ) ) ;
#2954 = AXIS2_PLACEMENT_3D ( 'NONE', #3425, #8007, #4809 ) ;
#2955 = ORIENTED_EDGE ( 'NONE', *, *, #8636, .T. ) ;
#2956 = CARTESIAN_POINT ( 'NONE',  ( 12.24959361958396000, -0.4300000000001086800, -5.129999999999999900 ) ) ;
#2957 = DIRECTION ( 'NONE',  ( 1.000000000000000000, 0.0000000000000000000, 0.0000000000000000000 ) ) ;
#2958 = COLOUR_RGB ( '',0.08235294117647058700, 0.08235294117647058700, 0.08235294117647058700 ) ;
#2959 = FILL_AREA_STYLE_COLOUR ( '', #6990 ) ;
#2960 = DIRECTION ( 'NONE',  ( -1.000000000000000000, -4.372213365170680100E-016, 0.0000000000000000000 ) ) ;
#2961 = ADVANCED_FACE ( 'NONE', ( #8200 ), #2339, .T. ) ;
#2962 = ORIENTED_EDGE ( 'NONE', *, *, #4918, .T. ) ;
#2963 = DIRECTION ( 'NONE',  ( 0.0000000000000000000, 1.000000000000000000, 0.0000000000000000000 ) ) ;
#2964 = CARTESIAN_POINT ( 'NONE',  ( -12.40000000000000000, 21.69999999999999900, -7.849999999999999600 ) ) ;
#2965 =( NAMED_UNIT ( * ) SI_UNIT ( $, .STERADIAN. ) SOLID_ANGLE_UNIT ( ) );
#2966 = EDGE_CURVE ( 'NONE', #5197, #1093, #1279, .T. ) ;
#2967 = CARTESIAN_POINT ( 'NONE',  ( -1.000000000000000000, 12.20000000000000100, 12.40000000000000000 ) ) ;
#2968 = CARTESIAN_POINT ( 'NONE',  ( -11.60183876112544100, 12.75902544545406100, -7.400000000000000400 ) ) ;
#2969 = VERTEX_POINT ( 'NONE', #1812 ) ;
#2970 = FACE_OUTER_BOUND ( 'NONE', #2513, .T. ) ;
#2971 = CARTESIAN_POINT ( 'NONE',  ( 11.90000000000040200, 17.32000000000000000, -12.40000000000000000 ) ) ;
#2972 = AXIS2_PLACEMENT_3D ( 'NONE', #3562, #1835, #7143 ) ;
#2973 = VERTEX_POINT ( 'NONE', #3799 ) ;
#2974 = DIRECTION ( 'NONE',  ( -1.000000000000000000, 0.0000000000000000000, 3.614007241618350000E-015 ) ) ;
#2975 = ORIENTED_EDGE ( 'NONE', *, *, #1384, .T. ) ;
#2976 = DIRECTION ( 'NONE',  ( 2.731847993664264700E-016, 0.0000000000000000000, 1.000000000000000000 ) ) ;
#2977 = CARTESIAN_POINT ( 'NONE',  ( -10.16000000000000000, -6.299999999999999800, 10.16000000000000000 ) ) ;
#2978 = ORIENTED_EDGE ( 'NONE', *, *, #6289, .F. ) ;
#2979 = EDGE_CURVE ( 'NONE', #259, #5543, #3458, .T. ) ;
#2980 = COLOUR_RGB ( '',0.7490196078431372600, 0.7490196078431372600, 0.7490196078431372600 ) ;
#2981 = LINE ( 'NONE', #2751, #1215 ) ;
#2982 = DIRECTION ( 'NONE',  ( 0.0000000000000000000, 1.000000000000000000, 0.0000000000000000000 ) ) ;
#2983 =( BOUNDED_CURVE ( )  B_SPLINE_CURVE ( 3, ( #4289, #5647, #4342, #6347 ),
 .UNSPECIFIED., .F., .T. ) 
 B_SPLINE_CURVE_WITH_KNOTS ( ( 4, 4 ),
 ( 4.712198005020320000, 6.283185307179586200 ),
 .UNSPECIFIED. ) 
 CURVE ( )  GEOMETRIC_REPRESENTATION_ITEM ( )  RATIONAL_B_SPLINE_CURVE ( ( 1.000000000000000000, 0.8046928386502625300, 0.8046928386502625300, 1.000000000000000000 ) ) 
 REPRESENTATION_ITEM ( '' )  );
#2984 = EDGE_LOOP ( 'NONE', ( #182, #8117, #401, #6524 ) ) ;
#2985 = DIRECTION ( 'NONE',  ( 2.098455817713879800E-016, 0.0000000000000000000, 1.000000000000000000 ) ) ;
#2986 = EDGE_LOOP ( 'NONE', ( #8163, #3039, #6892, #6343 ) ) ;
#2987 =( BOUNDED_CURVE ( )  B_SPLINE_CURVE ( 3, ( #117, #5581, #4192, #2821 ),
 .UNSPECIFIED., .F., .F. ) 
 B_SPLINE_CURVE_WITH_KNOTS ( ( 4, 4 ),
 ( 1.570796326794896600, 3.124139361069854000 ),
 .UNSPECIFIED. ) 
 CURVE ( )  GEOMETRIC_REPRESENTATION_ITEM ( )  RATIONAL_B_SPLINE_CURVE ( ( 1.000000000000000000, 0.8088336327694533000, 0.8088336327694533000, 1.000000000000000000 ) ) 
 REPRESENTATION_ITEM ( '' )  );
#2988 = CARTESIAN_POINT ( 'NONE',  ( -5.950000000000000200, 17.32000000000000000, -12.40000000000000000 ) ) ;
#2989 = CARTESIAN_POINT ( 'NONE',  ( -12.90054052399946000, 0.07009548768148289600, -5.129999999999999900 ) ) ;
#2990 = ORIENTED_EDGE ( 'NONE', *, *, #6184, .T. ) ;
#2992 = PLANE ( 'NONE',  #6463 ) ;
#2991 = DIRECTION ( 'NONE',  ( 0.0000000000000000000, 0.0000000000000000000, -1.000000000000000000 ) ) ;
#2993 = CARTESIAN_POINT ( 'NONE',  ( -12.24959361958396000, -0.4300000000001086800, 7.129999999999999900 ) ) ;
#2994 = LINE ( 'NONE', #7684, #2481 ) ;
#2996 = CARTESIAN_POINT ( 'NONE',  ( 12.64013774716952000, -0.7120244148728569500, 7.129999999999999900 ) ) ;
#2995 = DIRECTION ( 'NONE',  ( -1.000000000000000000, -4.372213365170680100E-016, 0.0000000000000000000 ) ) ;
#2997 = CARTESIAN_POINT ( 'NONE',  ( 12.24959361958396000, -0.4300000000001086800, 7.129999999999999900 ) ) ;
#2998 = AXIS2_PLACEMENT_3D ( 'NONE', #2050, #6154, #2157 ) ;
#2999 = SURFACE_STYLE_FILL_AREA ( #8329 ) ;
#3000 = EDGE_LOOP ( 'NONE', ( #7938, #462, #7191, #7701 ) ) ;
#3001 = ORIENTED_EDGE ( 'NONE', *, *, #5072, .T. ) ;
#3002 = LINE ( 'NONE', #1656, #4459 ) ;
#3003 = DIRECTION ( 'NONE',  ( -0.0000000000000000000, 1.000000000000000000, -0.0000000000000000000 ) ) ;
#3004 = CARTESIAN_POINT ( 'NONE',  ( 11.50000000000000000, 0.0000000000000000000, -7.400000000000000400 ) ) ;
#3005 = LINE ( 'NONE', #2230, #7203 ) ;
#3006 = EDGE_CURVE ( 'NONE', #2899, #8459, #1598, .T. ) ;
#3007 = CARTESIAN_POINT ( 'NONE',  ( 11.40000000000040200, 12.20000000000000100, -4.850000000000000500 ) ) ;
#3008 = VECTOR ( 'NONE', #1578, 1000.000000000000000 ) ;
#3009 = VERTEX_POINT ( 'NONE', #6749 ) ;
#3010 = ADVANCED_FACE ( 'NONE', ( #8417 ), #6697, .T. ) ;
#3011 = VERTEX_POINT ( 'NONE', #2656 ) ;
#3012 =( GEOMETRIC_REPRESENTATION_CONTEXT ( 3 ) GLOBAL_UNCERTAINTY_ASSIGNED_CONTEXT ( ( #7556 ) ) GLOBAL_UNIT_ASSIGNED_CONTEXT ( ( #7851, #3091, #430 ) ) REPRESENTATION_CONTEXT ( 'NONE', 'WORKASPACE' ) );
#3013 = EDGE_LOOP ( 'NONE', ( #5704, #6886, #98, #6639 ) ) ;
#3014 = VERTEX_POINT ( 'NONE', #3351 ) ;
#3015 = VECTOR ( 'NONE', #5297, 1000.000000000000000 ) ;
#3016 = CIRCLE ( 'NONE', #2909, 0.5000000000000000000 ) ;
#3017 = VECTOR ( 'NONE', #2650, 1000.000000000000100 ) ;
#3018 = DIRECTION ( 'NONE',  ( 0.0000000000000000000, 0.0000000000000000000, 1.000000000000000000 ) ) ;
#3019 = AXIS2_PLACEMENT_3D ( 'NONE', #6519, #7136, #3121 ) ;
#3020 = ORIENTED_EDGE ( 'NONE', *, *, #2575, .F. ) ;
#3021 = EDGE_CURVE ( 'NONE', #4219, #1360, #6406, .T. ) ;
#3022 = LINE ( 'NONE', #3902, #1258 ) ;
#3023 = ORIENTED_EDGE ( 'NONE', *, *, #11, .F. ) ;
#3024 = VERTEX_POINT ( 'NONE', #2077 ) ;
#3025 = LINE ( 'NONE', #8414, #8395 ) ;
#3026 = LINE ( 'NONE', #6696, #2919 ) ;
#3027 = CARTESIAN_POINT ( 'NONE',  ( 12.50100116209270200, -0.2203094662514442400, 7.129999999999999900 ) ) ;
#3028 = CARTESIAN_POINT ( 'NONE',  ( -11.40000000000040200, 16.82000000000000000, -12.40000000000000000 ) ) ;
#3029 = CARTESIAN_POINT ( 'NONE',  ( -12.90054052399946000, 0.07009548768148289600, 5.129999999999999900 ) ) ;
#3030 = CARTESIAN_POINT ( 'NONE',  ( -11.99956565221334700, -0.2228420785086328000, 5.130000000000000800 ) ) ;
#3031 = CARTESIAN_POINT ( 'NONE',  ( -12.69999999999999900, -0.6999999999999999600, -7.400000000000000400 ) ) ;
#3032 = DIRECTION ( 'NONE',  ( -6.994852725712929000E-017, 0.0000000000000000000, -1.000000000000000000 ) ) ;
#3033 = VERTEX_POINT ( 'NONE', #8104 ) ;
#3034 = ORIENTED_EDGE ( 'NONE', *, *, #7340, .F. ) ;
#3035 = VECTOR ( 'NONE', #7903, 1000.000000000000000 ) ;
#3036 = EDGE_CURVE ( 'NONE', #6413, #7971, #3558, .T. ) ;
#3037 = CARTESIAN_POINT ( 'NONE',  ( -12.49958205907933500, 0.07480837547084316600, 5.129999999999999900 ) ) ;
#3038 = CARTESIAN_POINT ( 'NONE',  ( 11.99956565221334700, -0.2228420785086277200, -7.129999999999999900 ) ) ;
#3039 = ORIENTED_EDGE ( 'NONE', *, *, #8709, .T. ) ;
#3040 = AXIS2_PLACEMENT_3D ( 'NONE', #7424, #4684, #7381 ) ;
#3041 = EDGE_CURVE ( 'NONE', #7181, #7200, #1387, .T. ) ;
#3042 = SURFACE_STYLE_USAGE ( .BOTH. , #1718 ) ;
#3043 = LINE ( 'NONE', #7140, #4180 ) ;
#3044 = VERTEX_POINT ( 'NONE', #719 ) ;
#3045 = FACE_OUTER_BOUND ( 'NONE', #5304, .T. ) ;
#3046 = AXIS2_PLACEMENT_3D ( 'NONE', #540, #7932, #7302 ) ;
#3047 = DIRECTION ( 'NONE',  ( 0.0000000000000000000, 1.000000000000000000, 0.0000000000000000000 ) ) ;
#3049 = LINE ( 'NONE', #3845, #6932 ) ;
#3048 = CARTESIAN_POINT ( 'NONE',  ( 5.450000000000399900, 12.20000000000000100, -12.40000000000000000 ) ) ;
#3050 = PLANE ( 'NONE',  #1838 ) ;
#3052 = VERTEX_POINT ( 'NONE', #7855 ) ;
#3051 = ADVANCED_FACE ( 'NONE', ( #3875 ), #4612, .T. ) ;
#3054 = DIRECTION ( 'NONE',  ( 9.109505398131430300E-018, -1.000000000000000000, 0.0000000000000000000 ) ) ;
#3053 = CARTESIAN_POINT ( 'NONE',  ( -12.25013752952505900, -0.8898851874046199700, 5.129999999999999900 ) ) ;
#3055 = CARTESIAN_POINT ( 'NONE',  ( 6.450000000000000200, 12.20000000000000100, -12.40000000000000000 ) ) ;
#3056 = CIRCLE ( 'NONE', #7976, 0.5000000000000000000 ) ;
#3057 = CARTESIAN_POINT ( 'NONE',  ( 2.975469372650890100, 12.10000000000000000, 7.400000000000000400 ) ) ;
#3058 = CARTESIAN_POINT ( 'NONE',  ( -12.49959361958396000, 0.07002387192026059100, 7.129999999999999900 ) ) ;
#3059 = EDGE_CURVE ( 'NONE', #1406, #2401, #4390, .T. ) ;
#3060 = CARTESIAN_POINT ( 'NONE',  ( 12.90054722849359900, 0.07009548768149509400, -5.129999999999999900 ) ) ;
#3061 = ADVANCED_FACE ( 'NONE', ( #329 ), #410, .T. ) ;
#3062 = CARTESIAN_POINT ( 'NONE',  ( 10.16000000000000000, -6.299999999999999800, 9.960000000000011500 ) ) ;
#3063 = EDGE_LOOP ( 'NONE', ( #880, #1905, #3704, #527 ) ) ;
#3064 = DIRECTION ( 'NONE',  ( -1.000000000000000000, -4.372213365170680100E-016, 0.0000000000000000000 ) ) ;
#3065 = VECTOR ( 'NONE', #6394, 1000.000000000000000 ) ;
#3066 = ORIENTED_EDGE ( 'NONE', *, *, #1229, .T. ) ;
#3067 = ORIENTED_EDGE ( 'NONE', *, *, #4160, .F. ) ;
#3068 = EDGE_CURVE ( 'NONE', #5768, #1418, #3043, .T. ) ;
#3069 = ORIENTED_EDGE ( 'NONE', *, *, #5734, .T. ) ;
#3070 = DIRECTION ( 'NONE',  ( -1.000000000000000000, 0.0000000000000000000, 2.073374672482240200E-016 ) ) ;
#3071 = VECTOR ( 'NONE', #728, 1000.000000000000000 ) ;
#3072 = ORIENTED_EDGE ( 'NONE', *, *, #6879, .T. ) ;
#3073 = VERTEX_POINT ( 'NONE', #7049 ) ;
#3074 = LINE ( 'NONE', #2120, #1535 ) ;
#3075 = DIRECTION ( 'NONE',  ( 0.0000000000000000000, -1.000000000000000000, 0.0000000000000000000 ) ) ;
#3076 = CARTESIAN_POINT ( 'NONE',  ( 10.16000000000000000, -6.299999999999999800, 2.540000000000000000 ) ) ;
#3077 = CARTESIAN_POINT ( 'NONE',  ( -12.88333504276538100, -0.2053636409173125200, -7.129999999999999900 ) ) ;
#3078 = CARTESIAN_POINT ( 'NONE',  ( -11.99959362185762000, 0.07004762192026201000, 5.129999999999999900 ) ) ;
#3079 = EDGE_CURVE ( 'NONE', #5588, #4530, #7026, .T. ) ;
#3080 = DIRECTION ( 'NONE',  ( 0.0000000000000000000, 0.0000000000000000000, -1.000000000000000000 ) ) ;
#3081 = DIRECTION ( 'NONE',  ( 1.000000000000000000, 0.0000000000000000000, 0.0000000000000000000 ) ) ;
#3082 = VECTOR ( 'NONE', #2427, 1000.000000000000000 ) ;
#3083 = STYLED_ITEM ( 'NONE', ( #1013 ), #792 ) ;
#3084 = ORIENTED_EDGE ( 'NONE', *, *, #7670, .F. ) ;
#3085 = ORIENTED_EDGE ( 'NONE', *, *, #2966, .T. ) ;
#3086 = ORIENTED_EDGE ( 'NONE', *, *, #1411, .T. ) ;
#3087 = LINE ( 'NONE', #1193, #4651 ) ;
#3088 = AXIS2_PLACEMENT_3D ( 'NONE', #4907, #1127, #5618 ) ;
#3089 = CARTESIAN_POINT ( 'NONE',  ( -11.59959361958396000, 0.06999999999989130200, -7.400000000000000400 ) ) ;
#3090 = LINE ( 'NONE', #6589, #8457 ) ;
#3091 =( NAMED_UNIT ( * ) PLANE_ANGLE_UNIT ( ) SI_UNIT ( $, .RADIAN. ) );
#3092 = EDGE_CURVE ( 'NONE', #6923, #7356, #3765, .T. ) ;
#3093 =( LENGTH_UNIT ( ) NAMED_UNIT ( * ) SI_UNIT ( .MILLI., .METRE. ) );
#3094 = EDGE_LOOP ( 'NONE', ( #5169, #7528, #4366, #1011 ) ) ;
#3096 = DIRECTION ( 'NONE',  ( -2.098455817713879800E-016, -0.0000000000000000000, -1.000000000000000000 ) ) ;
#3095 = DIRECTION ( 'NONE',  ( 0.0000000000000000000, 0.0000000000000000000, -1.000000000000000000 ) ) ;
#3097 = ORIENTED_EDGE ( 'NONE', *, *, #6580, .F. ) ;
#3098 = ORIENTED_EDGE ( 'NONE', *, *, #5489, .T. ) ;
#3099 = VECTOR ( 'NONE', #8026, 1000.000000000000000 ) ;
#3100 = DIRECTION ( 'NONE',  ( 0.0000000000000000000, 0.0000000000000000000, 1.000000000000000000 ) ) ;
#3101 = VECTOR ( 'NONE', #1452, 1000.000000000000000 ) ;
#3102 = ORIENTED_EDGE ( 'NONE', *, *, #1972, .F. ) ;
#3103 = EDGE_CURVE ( 'NONE', #7279, #5980, #7552, .T. ) ;
#3104 = CARTESIAN_POINT ( 'NONE',  ( 12.49959361958396000, 0.07009548768149509400, -7.400000000000000400 ) ) ;
#3105 = CARTESIAN_POINT ( 'NONE',  ( 6.450000000000000200, 16.82000000000000000, -7.849999999999999600 ) ) ;
#3106 = SURFACE_SIDE_STYLE ('',( #3277 ) ) ;
#3107 = ORIENTED_EDGE ( 'NONE', *, *, #8301, .T. ) ;
#3108 = CARTESIAN_POINT ( 'NONE',  ( 12.49959361741222000, 0.07004548768146930100, 5.129999999999999900 ) ) ;
#3109 = ORIENTED_EDGE ( 'NONE', *, *, #4128, .F. ) ;
#3110 = CARTESIAN_POINT ( 'NONE',  ( 11.61286810511824400, 7.915032165556676900, -12.41184259964130600 ) ) ;
#3111 = DIRECTION ( 'NONE',  ( -4.372213365170680100E-016, 1.000000000000000000, 0.0000000000000000000 ) ) ;
#3112 = LINE ( 'NONE', #6313, #8159 ) ;
#3113 = EDGE_LOOP ( 'NONE', ( #7625, #3971, #7521, #70, #3186, #4107, #549, #8401, #6074, #3495, #2576, #6009, #8406, #2784, #7024, #158 ) ) ;
#3114 = STYLED_ITEM ( 'NONE', ( #1585 ), #4231 ) ;
#3115 = VECTOR ( 'NONE', #7595, 1000.000000000000100 ) ;
#3116 = LINE ( 'NONE', #3823, #1358 ) ;
#3117 = DIRECTION ( 'NONE',  ( -1.000000000000000000, -4.372213365170680100E-016, 0.0000000000000000000 ) ) ;
#3118 = CARTESIAN_POINT ( 'NONE',  ( 12.88333504276538100, -0.2053636409173125200, -5.130000000000000800 ) ) ;
#3119 = ORIENTED_EDGE ( 'NONE', *, *, #6871, .F. ) ;
#3121 = DIRECTION ( 'NONE',  ( 1.927470528863119800E-016, 0.0000000000000000000, -1.000000000000000000 ) ) ;
#3120 = CARTESIAN_POINT ( 'NONE',  ( -12.49958205907933500, 0.07480837547084316600, 7.129999999999999900 ) ) ;
#3122 = PLANE ( 'NONE',  #2333 ) ;
#3123 = VECTOR ( 'NONE', #4327, 1000.000000000000000 ) ;
#3124 = EDGE_CURVE ( 'NONE', #2504, #4421, #2023, .T. ) ;
#3125 = CARTESIAN_POINT ( 'NONE',  ( 12.40000000000000000, 11.70000000000000100, -4.850000000000000500 ) ) ;
#3126 = FACE_BOUND ( 'NONE', #6133, .T. ) ;
#3127 = VERTEX_POINT ( 'NONE', #1507 ) ;
#3128 = AXIS2_PLACEMENT_3D ( 'NONE', #6586, #7933, #2578 ) ;
#3129 = ORIENTED_EDGE ( 'NONE', *, *, #3059, .T. ) ;
#3130 = VECTOR ( 'NONE', #5403, 1000.000000000000000 ) ;
#3131 = ORIENTED_EDGE ( 'NONE', *, *, #7525, .T. ) ;
#3132 = CARTESIAN_POINT ( 'NONE',  ( -10.90000000000040000, 11.70000000000000100, 12.40000000000000000 ) ) ;
#3133 = LINE ( 'NONE', #8001, #2422 ) ;
#3135 = LINE ( 'NONE', #5662, #7219 ) ;
#3134 = CARTESIAN_POINT ( 'NONE',  ( -12.69999999999999900, 0.0000000000000000000, -12.69999999999999900 ) ) ;
#3136 = EDGE_CURVE ( 'NONE', #6846, #5197, #3260, .T. ) ;
#3137 = ORIENTED_EDGE ( 'NONE', *, *, #2152, .T. ) ;
#3138 = DIRECTION ( 'NONE',  ( 0.0000000000000000000, 0.0000000000000000000, 1.000000000000000000 ) ) ;
#3139 =( NAMED_UNIT ( * ) SI_UNIT ( $, .STERADIAN. ) SOLID_ANGLE_UNIT ( ) );
#3140 = ORIENTED_EDGE ( 'NONE', *, *, #6002, .F. ) ;
#3141 = CARTESIAN_POINT ( 'NONE',  ( 12.55000000000000100, 0.0000000000000000000, -12.55000000000000100 ) ) ;
#3142 = CARTESIAN_POINT ( 'NONE',  ( -11.40000000000040200, 12.20000000000000100, 4.850000000000000500 ) ) ;
#3143 = CARTESIAN_POINT ( 'NONE',  ( 11.75012184387840000, 0.0000000000000000000, -12.55000000000000100 ) ) ;
#3144 = CARTESIAN_POINT ( 'NONE',  ( -12.55000000000001300, 0.0000000000000000000, -12.21870917212955700 ) ) ;
#3146 = CARTESIAN_POINT ( 'NONE',  ( 11.69959361958395900, 11.96502041546134100, -7.400000000000000400 ) ) ;
#3145 = DIRECTION ( 'NONE',  ( 1.000000000000000000, 0.0000000000000000000, -2.797941090285175100E-016 ) ) ;
#3147 = AXIS2_PLACEMENT_3D ( 'NONE', #1016, #3138, #7084 ) ;
#3148 = VECTOR ( 'NONE', #1120, 1000.000000000000000 ) ;
#3149 = EDGE_CURVE ( 'NONE', #7048, #7102, #5759, .T. ) ;
#3150 = ORIENTED_EDGE ( 'NONE', *, *, #2372, .F. ) ;
#3151 = VERTEX_POINT ( 'NONE', #5991 ) ;
#3152 = CARTESIAN_POINT ( 'NONE',  ( 12.64013774716952000, -0.7120244148728569500, -5.130000000000000800 ) ) ;
#3153 = SURFACE_SIDE_STYLE ('',( #4773 ) ) ;
#3154 = CARTESIAN_POINT ( 'NONE',  ( 5.450000000000399900, 16.82000000000000000, -12.40000000000000000 ) ) ;
#3155 = UNCERTAINTY_MEASURE_WITH_UNIT (LENGTH_MEASURE( 1.000000000000000100E-005 ), #4292, 'distance_accuracy_value', 'NONE');
#3156 = CIRCLE ( 'NONE', #5065, 0.5000000000000004400 ) ;
#3157 = AXIS2_PLACEMENT_3D ( 'NONE', #4015, #5369, #6089 ) ;
#3158 = EDGE_CURVE ( 'NONE', #2822, #640, #3672, .T. ) ;
#3159 = ADVANCED_FACE ( 'NONE', ( #2229 ), #5131, .T. ) ;
#3160 = PLANE ( 'NONE',  #314 ) ;
#3161 = CARTESIAN_POINT ( 'NONE',  ( -4.336808689942019700E-016, 17.32000000000000000, 7.849999999999999600 ) ) ;
#3162 = LINE ( 'NONE', #3660, #4293 ) ;
#3163 = CIRCLE ( 'NONE', #968, 0.5000000000000004400 ) ;
#3164 = AXIS2_PLACEMENT_3D ( 'NONE', #2335, #7079, #3070 ) ;
#3165 = MECHANICAL_DESIGN_GEOMETRIC_PRESENTATION_REPRESENTATION (  '', ( #8460 ), #3608 ) ;
#3166 = CARTESIAN_POINT ( 'NONE',  ( 11.60183876112578000, 12.75902544545034100, 7.400000000000000400 ) ) ;
#3167 = CARTESIAN_POINT ( 'NONE',  ( -11.59959361958396000, 0.06999999999989130200, -7.129999999999999900 ) ) ;
#3168 = CARTESIAN_POINT ( 'NONE',  ( -11.40000000000040200, 12.20000000000000100, 12.40000000000000000 ) ) ;
#3169 = ORIENTED_EDGE ( 'NONE', *, *, #8191, .T. ) ;
#3170 = CIRCLE ( 'NONE', #5289, 0.5000000000000004400 ) ;
#3171 = EDGE_CURVE ( 'NONE', #7082, #4795, #4912, .T. ) ;
#3172 = VERTEX_POINT ( 'NONE', #4063 ) ;
#3173 = CARTESIAN_POINT ( 'NONE',  ( -6.450000000000000200, 16.82000000000000000, 12.40000000000000000 ) ) ;
#3174 = AXIS2_PLACEMENT_3D ( 'NONE', #6901, #2889, #4211 ) ;
#3176 = DIRECTION ( 'NONE',  ( -1.000000000000000000, 0.0000000000000000000, 0.0000000000000000000 ) ) ;
#3175 = DIRECTION ( 'NONE',  ( 0.01744974916067939400, -0.9996954598818875700, -0.01744974916067939400 ) ) ;
#3177 = DIRECTION ( 'NONE',  ( -1.000000000000000000, -4.372213365170680100E-016, 0.0000000000000000000 ) ) ;
#3178 = ORIENTED_EDGE ( 'NONE', *, *, #2334, .F. ) ;
#3179 = CARTESIAN_POINT ( 'NONE',  ( -11.50000000000000000, 9.199999999999999300, -11.50000000000000000 ) ) ;
#3180 = VECTOR ( 'NONE', #3633, 1000.000000000000000 ) ;
#3181 = ADVANCED_FACE ( 'NONE', ( #6721 ), #1926, .T. ) ;
#3182 = VECTOR ( 'NONE', #1723, 1000.000000000000000 ) ;
#3183 = EDGE_CURVE ( 'NONE', #7351, #7909, #8302, .T. ) ;
#3184 = ORIENTED_EDGE ( 'NONE', *, *, #340, .T. ) ;
#3185 =( NAMED_UNIT ( * ) PLANE_ANGLE_UNIT ( ) SI_UNIT ( $, .RADIAN. ) );
#3186 = ORIENTED_EDGE ( 'NONE', *, *, #2311, .F. ) ;
#3187 = COLOUR_RGB ( '',0.7490196078431372600, 0.7490196078431372600, 0.7490196078431372600 ) ;
#3188 = ORIENTED_EDGE ( 'NONE', *, *, #1110, .T. ) ;
#3189 = ORIENTED_EDGE ( 'NONE', *, *, #6130, .T. ) ;
#3190 = CARTESIAN_POINT ( 'NONE',  ( -10.16000000000000000, -0.6999999999999999600, -10.16000000000000000 ) ) ;
#3191 = CARTESIAN_POINT ( 'NONE',  ( -1.000000000000000000, 12.20000000000000100, -7.849999999999999600 ) ) ;
#3192 = ORIENTED_EDGE ( 'NONE', *, *, #4389, .F. ) ;
#3193 = EDGE_CURVE ( 'NONE', #5634, #6065, #6505, .T. ) ;
#3194 = CARTESIAN_POINT ( 'NONE',  ( 10.16000000000000000, -0.6999999999999999600, 10.66000000000000200 ) ) ;
#3195 = DIRECTION ( 'NONE',  ( 3.388131789017129900E-016, 1.000000000000000000, 0.0000000000000000000 ) ) ;
#3196 = CARTESIAN_POINT ( 'NONE',  ( -6.450000000000000200, 12.20000000000000100, 7.849999999999999600 ) ) ;
#3197 = LINE ( 'NONE', #3484, #6137 ) ;
#3198 = EDGE_CURVE ( 'NONE', #1861, #4071, #6825, .T. ) ;
#3199 = AXIS2_PLACEMENT_3D ( 'NONE', #599, #6588, #1293 ) ;
#3200 = PLANE ( 'NONE',  #1115 ) ;
#3201 = VECTOR ( 'NONE', #457, 1000.000000000000000 ) ;
#3202 = ORIENTED_EDGE ( 'NONE', *, *, #992, .T. ) ;
#3203 = MECHANICAL_DESIGN_GEOMETRIC_PRESENTATION_REPRESENTATION (  '', ( #6080 ), #1601 ) ;
#3204 = EDGE_LOOP ( 'NONE', ( #1495, #461, #6972, #8448 ) ) ;
#3205 = DIRECTION ( 'NONE',  ( 0.0000000000000000000, 1.000000000000000000, 0.0000000000000000000 ) ) ;
#3207 = CARTESIAN_POINT ( 'NONE',  ( 10.90000000000040000, 12.20000000000000100, -12.40000000000000000 ) ) ;
#3206 = CARTESIAN_POINT ( 'NONE',  ( 12.90054052399948000, 0.07009548768148118900, 7.400000000000000400 ) ) ;
#3208 = DIRECTION ( 'NONE',  ( 1.000000000000000000, 0.0000000000000000000, 0.0000000000000000000 ) ) ;
#3209 = CARTESIAN_POINT ( 'NONE',  ( -5.950000000000399900, 16.82000000000000000, 12.40000000000000000 ) ) ;
#3210 = EDGE_CURVE ( 'NONE', #4663, #5290, #848, .T. ) ;
#3212 = CARTESIAN_POINT ( 'NONE',  ( 5.950000000000399900, 16.82000000000000000, 4.850000000000000500 ) ) ;
#3211 = CARTESIAN_POINT ( 'NONE',  ( 0.0000000000000000000, 17.32000000000000000, -12.40000000000000000 ) ) ;
#3213 = FACE_OUTER_BOUND ( 'NONE', #3309, .T. ) ;
#3214 = EDGE_LOOP ( 'NONE', ( #81, #3440, #7267, #3188 ) ) ;
#3215 = ADVANCED_FACE ( 'NONE', ( #4173 ), #7665, .T. ) ;
#3216 = CYLINDRICAL_SURFACE ( 'NONE', #5299, 1.400000000000000100 ) ;
#3217 = DIRECTION ( 'NONE',  ( -0.01745240643728020500, -0.9998476951563912700, 0.0000000000000000000 ) ) ;
#3218 = CIRCLE ( 'NONE', #450, 0.5000000000000000000 ) ;
#3219 = FACE_OUTER_BOUND ( 'NONE', #7396, .T. ) ;
#3220 = CARTESIAN_POINT ( 'NONE',  ( -10.90000000000040000, 12.20000000000000100, 4.850000000000000500 ) ) ;
#3221 = ORIENTED_EDGE ( 'NONE', *, *, #7078, .F. ) ;
#3222 = VERTEX_POINT ( 'NONE', #3942 ) ;
#3223 = ORIENTED_EDGE ( 'NONE', *, *, #4193, .F. ) ;
#3224 = CARTESIAN_POINT ( 'NONE',  ( -12.40000000000000000, 11.19999999999999900, 12.40000000000000000 ) ) ;
#3225 = FACE_OUTER_BOUND ( 'NONE', #7056, .T. ) ;
#3226 = EDGE_CURVE ( 'NONE', #7507, #7960, #4381, .T. ) ;
#3227 = CARTESIAN_POINT ( 'NONE',  ( 12.50100116209270200, -0.2203094662514442400, -7.129999999999999900 ) ) ;
#3228 = CARTESIAN_POINT ( 'NONE',  ( 3.000000000000000000, 11.70000000000000100, 4.859999999999999400 ) ) ;
#3229 = CARTESIAN_POINT ( 'NONE',  ( -11.86011120661946100, -0.7120816677289799600, -7.130000000000000800 ) ) ;
#3230 = CARTESIAN_POINT ( 'NONE',  ( 0.4999999999996019900, 16.82000000000000000, -7.849999999999999600 ) ) ;
#3231 = CARTESIAN_POINT ( 'NONE',  ( 12.90054722849357900, -0.02124813592968395300, 5.130000000000000800 ) ) ;
#3232 = CARTESIAN_POINT ( 'NONE',  ( -11.01363723429845900, 9.199999999999999300, 2.283539649350174700E-015 ) ) ;
#3233 = ORIENTED_EDGE ( 'NONE', *, *, #7299, .F. ) ;
#3234 = FACE_OUTER_BOUND ( 'NONE', #302, .T. ) ;
#3235 = VERTEX_POINT ( 'NONE', #6397 ) ;
#3236 = AXIS2_PLACEMENT_3D ( 'NONE', #3456, #3018, #7327 ) ;
#3237 = LINE ( 'NONE', #3551, #3123 ) ;
#3238 = VECTOR ( 'NONE', #4004, 1000.000000000000000 ) ;
#3239 = CARTESIAN_POINT ( 'NONE',  ( 11.86011120661946100, -0.7120816677289799600, -5.130000000000000800 ) ) ;
#3240 = ORIENTED_EDGE ( 'NONE', *, *, #8071, .F. ) ;
#3242 = DIRECTION ( 'NONE',  ( 1.156482317317872100E-015, 0.0000000000000000000, -1.000000000000000000 ) ) ;
#3241 = DIRECTION ( 'NONE',  ( -1.000000000000000000, 0.0000000000000000000, 0.0000000000000000000 ) ) ;
#3243 = DIRECTION ( 'NONE',  ( -0.9925062874862399200, -0.1221935730727325700, 0.0000000000000000000 ) ) ;
#3244 = EDGE_CURVE ( 'NONE', #8127, #2822, #4283, .T. ) ;
#3245 = FACE_OUTER_BOUND ( 'NONE', #243, .T. ) ;
#3246 = VERTEX_POINT ( 'NONE', #1398 ) ;
#3247 = CARTESIAN_POINT ( 'NONE',  ( -12.40143812445131000, 8.005473010438191000, -11.60840904436745900 ) ) ;
#3248 = CYLINDRICAL_SURFACE ( 'NONE', #368, 0.5000000000000004400 ) ;
#3249 = AXIS2_PLACEMENT_3D ( 'NONE', #3668, #1020, #1049 ) ;
#3250 = ADVANCED_FACE ( 'NONE', ( #7444 ), #6077, .T. ) ;
#3251 =( NAMED_UNIT ( * ) SI_UNIT ( $, .STERADIAN. ) SOLID_ANGLE_UNIT ( ) );
#3252 = CARTESIAN_POINT ( 'NONE',  ( -11.50000000000000000, 0.0000000000000000000, 4.500000000000000000 ) ) ;
#3253 = ORIENTED_EDGE ( 'NONE', *, *, #7901, .F. ) ;
#3254 = ORIENTED_EDGE ( 'NONE', *, *, #3497, .T. ) ;
#3255 = EDGE_CURVE ( 'NONE', #8086, #69, #7979, .T. ) ;
#3256 = AXIS2_PLACEMENT_3D ( 'NONE', #2321, #4274, #4328 ) ;
#3257 = CARTESIAN_POINT ( 'NONE',  ( 12.24959361958396000, -0.4300000000001086800, -7.129999999999999900 ) ) ;
#3258 = MANIFOLD_SOLID_BREP ( '輸入4', #4040 ) ;
#3260 = LINE ( 'NONE', #6234, #3362 ) ;
#3259 = DIRECTION ( 'NONE',  ( -1.000000000000000000, 0.0000000000000000000, 0.0000000000000000000 ) ) ;
#3261 = CARTESIAN_POINT ( 'NONE',  ( -11.70351619020334200, -0.4648426890406490200, -5.129999999999999900 ) ) ;
#3262 = CARTESIAN_POINT ( 'NONE',  ( -11.59960032407806100, -0.02134362361127549800, 5.129999999999999900 ) ) ;
#3263 = CARTESIAN_POINT ( 'NONE',  ( 4.950000000000399900, 12.20000000000000100, -12.40000000000000000 ) ) ;
#3264 = VECTOR ( 'NONE', #6061, 1000.000000000000000 ) ;
#3265 = AXIS2_PLACEMENT_3D ( 'NONE', #1429, #5382, #3346 ) ;
#3266 = UNCERTAINTY_MEASURE_WITH_UNIT (LENGTH_MEASURE( 1.000000000000000100E-005 ), #5088, 'distance_accuracy_value', 'NONE');
#3267 = EDGE_CURVE ( 'NONE', #8588, #7709, #3640, .T. ) ;
#3268 = VECTOR ( 'NONE', #8352, 1000.000000000000000 ) ;
#3269 = EDGE_LOOP ( 'NONE', ( #2476, #628, #4520, #7510 ) ) ;
#3270 = CARTESIAN_POINT ( 'NONE',  ( 12.90054722849359900, 0.07009548768149509400, -5.129999999999999900 ) ) ;
#3271 = VECTOR ( 'NONE', #5484, 1000.000000000000000 ) ;
#3273 = CARTESIAN_POINT ( 'NONE',  ( -10.16000000000000000, -6.000000000000000000, -10.16000000000000000 ) ) ;
#3272 = DIRECTION ( 'NONE',  ( -1.156482317317872100E-015, 0.0000000000000000000, -1.000000000000000000 ) ) ;
#3274 = CARTESIAN_POINT ( 'NONE',  ( -11.99960518008858500, 0.07480837547084397100, -5.129999999999999900 ) ) ;
#3275 = FACE_OUTER_BOUND ( 'NONE', #4314, .T. ) ;
#3276 = DIRECTION ( 'NONE',  ( 0.0000000000000000000, 0.0000000000000000000, 1.000000000000000000 ) ) ;
#3277 = SURFACE_STYLE_FILL_AREA ( #2446 ) ;
#3278 = ADVANCED_FACE ( 'NONE', ( #2330 ), #6131, .T. ) ;
#3279 = DIRECTION ( 'NONE',  ( -1.000000000000000000, 0.0000000000000000000, 2.098455817713879800E-016 ) ) ;
#3280 = ORIENTED_EDGE ( 'NONE', *, *, #8327, .F. ) ;
#3281 = AXIS2_PLACEMENT_3D ( 'NONE', #268, #4175, #2903 ) ;
#3282 = VERTEX_POINT ( 'NONE', #4679 ) ;
#3283 = AXIS2_PLACEMENT_3D ( 'NONE', #7812, #4446, #1026 ) ;
#3284 = FACE_OUTER_BOUND ( 'NONE', #5141, .T. ) ;
#3285 = CARTESIAN_POINT ( 'NONE',  ( -11.60183876112544100, 12.75902544545406100, -7.400000000000000400 ) ) ;
#3286 = CARTESIAN_POINT ( 'NONE',  ( -4.950000000000399900, 12.20000000000000100, 4.850000000000000500 ) ) ;
#3287 = CARTESIAN_POINT ( 'NONE',  ( 0.4999999999996029800, 12.19744118435426100, -12.40000000000000000 ) ) ;
#3288 = CARTESIAN_POINT ( 'NONE',  ( -12.79669646790869900, -0.4647624511386099800, 5.129999999999999900 ) ) ;
#3289 = DIRECTION ( 'NONE',  ( 0.0000000000000000000, 0.0000000000000000000, 1.000000000000000000 ) ) ;
#3290 = CARTESIAN_POINT ( 'NONE',  ( -2.975469372650804800, 12.10000000000000000, -7.400000000000000400 ) ) ;
#3291 = EDGE_CURVE ( 'NONE', #8186, #6238, #323, .T. ) ;
#3292 = ORIENTED_EDGE ( 'NONE', *, *, #3671, .F. ) ;
#3293 = VECTOR ( 'NONE', #4042, 1000.000000000000100 ) ;
#3294 = DIRECTION ( 'NONE',  ( 0.0000000000000000000, 0.0000000000000000000, -1.000000000000000000 ) ) ;
#3295 = PRESENTATION_LAYER_ASSIGNMENT (  '', '', ( #5815 ) ) ;
#3296 = PLANE ( 'NONE',  #470 ) ;
#3297 = LINE ( 'NONE', #8408, #3182 ) ;
#3298 = ORIENTED_EDGE ( 'NONE', *, *, #6640, .F. ) ;
#3299 = DIRECTION ( 'NONE',  ( -6.911248908274129400E-017, -0.0000000000000000000, -1.000000000000000000 ) ) ;
#3300 = PLANE ( 'NONE',  #5273 ) ;
#3301 = CARTESIAN_POINT ( 'NONE',  ( 5.950000000000399900, 16.82000000000000000, -12.40000000000000000 ) ) ;
#3302 = ADVANCED_FACE ( 'NONE', ( #8619 ), #4064, .T. ) ;
#3303 = ORIENTED_EDGE ( 'NONE', *, *, #1276, .F. ) ;
#3304 = LINE ( 'NONE', #6896, #8140 ) ;
#3305 = AXIS2_PLACEMENT_3D ( 'NONE', #2484, #478, #5891 ) ;
#3306 = EDGE_CURVE ( 'NONE', #5427, #1995, #1273, .T. ) ;
#3307 = COLOUR_RGB ( '',0.7490196078431372600, 0.7490196078431372600, 0.7490196078431372600 ) ;
#3308 = CARTESIAN_POINT ( 'NONE',  ( 11.90000000000040200, 16.82000000000000000, 7.849999999999999600 ) ) ;
#3309 = EDGE_LOOP ( 'NONE', ( #1240, #2530, #7330, #3708, #819 ) ) ;
#3310 = COLOUR_RGB ( '',0.7490196078431372600, 0.7490196078431372600, 0.7490196078431372600 ) ;
#3311 = FILL_AREA_STYLE ('',( #6655 ) ) ;
#3312 = EDGE_CURVE ( 'NONE', #3127, #3435, #747, .T. ) ;
#3313 = CARTESIAN_POINT ( 'NONE',  ( 11.59959361958396000, 0.06999999999989130200, -5.129999999999999900 ) ) ;
#3314 = ORIENTED_EDGE ( 'NONE', *, *, #1734, .F. ) ;
#3315 = CARTESIAN_POINT ( 'NONE',  ( 0.4999999999996019900, 16.82000000000000000, -12.40000000000000000 ) ) ;
#3316 = VECTOR ( 'NONE', #8683, 1000.000000000000000 ) ;
#3317 = VERTEX_POINT ( 'NONE', #4087 ) ;
#3318 = ADVANCED_FACE ( 'NONE', ( #8194 ), #1699, .T. ) ;
#3319 = FACE_BOUND ( 'NONE', #8022, .T. ) ;
#3320 = PLANE ( 'NONE',  #3445 ) ;
#3321 = ORIENTED_EDGE ( 'NONE', *, *, #3193, .F. ) ;
#3322 = ORIENTED_EDGE ( 'NONE', *, *, #5751, .T. ) ;
#3323 = PLANE ( 'NONE',  #7454 ) ;
#3324 = PLANE ( 'NONE',  #638 ) ;
#3325 = EDGE_LOOP ( 'NONE', ( #7269, #2312, #750, #2018 ) ) ;
#3326 = CARTESIAN_POINT ( 'NONE',  ( 10.16000000000000000, -6.299999999999999800, -2.540000000000000000 ) ) ;
#3327 = CARTESIAN_POINT ( 'NONE',  ( 11.99959361958396000, 0.06999999999989130200, 7.400000000000000400 ) ) ;
#3328 = VERTEX_POINT ( 'NONE', #8102 ) ;
#3329 = VECTOR ( 'NONE', #3556, 1000.000000000000000 ) ;
#3330 = EDGE_CURVE ( 'NONE', #2214, #5323, #2744, .T. ) ;
#3331 = VECTOR ( 'NONE', #6085, 1000.000000000000000 ) ;
#3332 = VECTOR ( 'NONE', #6747, 1000.000000000000000 ) ;
#3333 = ORIENTED_EDGE ( 'NONE', *, *, #4841, .F. ) ;
#3334 = ORIENTED_EDGE ( 'NONE', *, *, #4759, .F. ) ;
#3335 = DIRECTION ( 'NONE',  ( -0.0000000000000000000, -1.000000000000000000, -0.0000000000000000000 ) ) ;
#3336 = LINE ( 'NONE', #311, #2415 ) ;
#3337 = AXIS2_PLACEMENT_3D ( 'NONE', #7627, #6949, #7565 ) ;
#3339 = LINE ( 'NONE', #7955, #3238 ) ;
#3338 = CARTESIAN_POINT ( 'NONE',  ( -11.59959361958396000, 0.06999999999989130200, -5.129999999999999900 ) ) ;
#3340 = ORIENTED_EDGE ( 'NONE', *, *, #332, .T. ) ;
#3341 = CYLINDRICAL_SURFACE ( 'NONE', #6373, 0.5000000000000000000 ) ;
#3342 = ORIENTED_EDGE ( 'NONE', *, *, #4061, .F. ) ;
#3343 = ORIENTED_EDGE ( 'NONE', *, *, #7450, .F. ) ;
#3344 = ADVANCED_FACE ( 'NONE', ( #6391 ), #2952, .F. ) ;
#3345 = EDGE_CURVE ( 'NONE', #7538, #6810, #5448, .T. ) ;
#3346 = DIRECTION ( 'NONE',  ( 0.0000000000000000000, 0.0000000000000000000, -1.000000000000000000 ) ) ;
#3347 = DIRECTION ( 'NONE',  ( 1.000000000000000000, 0.0000000000000000000, 0.0000000000000000000 ) ) ;
#3348 = CARTESIAN_POINT ( 'NONE',  ( -11.59960032407806100, -0.02134362361127549800, 7.130000000000000800 ) ) ;
#3349 = DIRECTION ( 'NONE',  ( 0.0000000000000000000, 0.0000000000000000000, 1.000000000000000000 ) ) ;
#3350 = FACE_OUTER_BOUND ( 'NONE', #6838, .T. ) ;
#3351 = CARTESIAN_POINT ( 'NONE',  ( 4.950000000000391000, 11.70000000000000100, 4.850000000000000500 ) ) ;
#3352 = AXIS2_PLACEMENT_3D ( 'NONE', #6979, #964, #6227 ) ;
#3353 = VECTOR ( 'NONE', #979, 1000.000000000000000 ) ;
#3354 = VERTEX_POINT ( 'NONE', #5621 ) ;
#3355 = PLANE ( 'NONE',  #8658 ) ;
#3356 = DIRECTION ( 'NONE',  ( 0.0000000000000000000, -1.000000000000000000, 0.0000000000000000000 ) ) ;
#3357 = CARTESIAN_POINT ( 'NONE',  ( 12.69999999999999900, -0.6999999999999999600, -4.500000000000000000 ) ) ;
#3358 = DIRECTION ( 'NONE',  ( -2.797941090285175100E-016, 0.0000000000000000000, -1.000000000000000000 ) ) ;
#3359 = EDGE_CURVE ( 'NONE', #7216, #8165, #2529, .T. ) ;
#3361 = CARTESIAN_POINT ( 'NONE',  ( -12.22030110306538800, 8.515662474953408900, -11.53077889234446800 ) ) ;
#3360 = CARTESIAN_POINT ( 'NONE',  ( -12.10202787498492100, -0.4300000000001086300, -5.130000000000000800 ) ) ;
#3362 = VECTOR ( 'NONE', #255, 1000.000000000000000 ) ;
#3363 = EDGE_LOOP ( 'NONE', ( #1508, #3531, #6017, #2787 ) ) ;
#3364 = AXIS2_PLACEMENT_3D ( 'NONE', #3812, #8557, #8529 ) ;
#3365 = ORIENTED_EDGE ( 'NONE', *, *, #7162, .T. ) ;
#3366 = CARTESIAN_POINT ( 'NONE',  ( -11.90000000000040200, 16.82000000000000000, -12.40000000000000000 ) ) ;
#3367 = ADVANCED_FACE ( 'NONE', ( #7654 ), #5235, .T. ) ;
#3368 = MANIFOLD_SOLID_BREP ( '輸入2', #364 ) ;
#3369 = LINE ( 'NONE', #4990, #7992 ) ;
#3370 = ORIENTED_EDGE ( 'NONE', *, *, #2068, .T. ) ;
#3371 = CARTESIAN_POINT ( 'NONE',  ( 11.48692749596014000, 8.665236917774587200, -12.11798117816917800 ) ) ;
#3372 = CYLINDRICAL_SURFACE ( 'NONE', #8383, 0.5000000000000004400 ) ;
#3373 = DIRECTION ( 'NONE',  ( -0.0000000000000000000, -1.000000000000000000, -0.0000000000000000000 ) ) ;
#3374 =( NAMED_UNIT ( * ) PLANE_ANGLE_UNIT ( ) SI_UNIT ( $, .RADIAN. ) );
#3375 = CARTESIAN_POINT ( 'NONE',  ( 5.450000000000399900, 12.20000000000000100, 12.40000000000000000 ) ) ;
#3376 = AXIS2_PLACEMENT_3D ( 'NONE', #3758, #8476, #3243 ) ;
#3377 = VERTEX_POINT ( 'NONE', #1517 ) ;
#3378 = EDGE_CURVE ( 'NONE', #2807, #3735, #112, .T. ) ;
#3379 = CARTESIAN_POINT ( 'NONE',  ( 10.16000000000000000, -6.299999999999999800, -10.16000000000000000 ) ) ;
#3380 = DIRECTION ( 'NONE',  ( 0.0000000000000000000, -1.000000000000000000, 0.0000000000000000000 ) ) ;
#3382 = CARTESIAN_POINT ( 'NONE',  ( 12.22030110306535500, 8.515662474953456900, 11.53077889234442700 ) ) ;
#3381 =( NAMED_UNIT ( * ) SI_UNIT ( $, .STERADIAN. ) SOLID_ANGLE_UNIT ( ) );
#3383 = CARTESIAN_POINT ( 'NONE',  ( -11.60183876112544100, 12.75902544545406100, 4.859999999999999400 ) ) ;
#3384 = VERTEX_POINT ( 'NONE', #2879 ) ;
#3386 = CARTESIAN_POINT ( 'NONE',  ( -12.36337304907253700, 8.182653497362471400, -11.59209544063360500 ) ) ;
#3385 = CARTESIAN_POINT ( 'NONE',  ( 11.40000000000040200, 16.82000000000000000, 12.40000000000000000 ) ) ;
#3387 = ORIENTED_EDGE ( 'NONE', *, *, #498, .F. ) ;
#3388 = ORIENTED_EDGE ( 'NONE', *, *, #3470, .T. ) ;
#3389 = FACE_OUTER_BOUND ( 'NONE', #8369, .T. ) ;
#3390 = EDGE_CURVE ( 'NONE', #1793, #8261, #626, .T. ) ;
#3391 = AXIS2_PLACEMENT_3D ( 'NONE', #736, #5397, #1413 ) ;
#3392 =( GEOMETRIC_REPRESENTATION_CONTEXT ( 3 ) GLOBAL_UNCERTAINTY_ASSIGNED_CONTEXT ( ( #5563 ) ) GLOBAL_UNIT_ASSIGNED_CONTEXT ( ( #6541, #7213, #8595 ) ) REPRESENTATION_CONTEXT ( 'NONE', 'WORKASPACE' ) );
#3393 = VERTEX_POINT ( 'NONE', #2855 ) ;
#3394 = DIRECTION ( 'NONE',  ( 0.0000000000000000000, 0.0000000000000000000, 1.000000000000000000 ) ) ;
#3395 = VERTEX_POINT ( 'NONE', #8277 ) ;
#3396 = DIRECTION ( 'NONE',  ( -6.911248908274129400E-017, 0.0000000000000000000, -1.000000000000000000 ) ) ;
#3397 = CARTESIAN_POINT ( 'NONE',  ( 10.16000000000000000, -6.299999999999999800, 2.739999999999988700 ) ) ;
#3398 = PLANE ( 'NONE',  #3998 ) ;
#3399 = CARTESIAN_POINT ( 'NONE',  ( 11.59959361958396000, 0.06999999999989130200, 5.129999999999999900 ) ) ;
#3400 = LINE ( 'NONE', #8106, #6551 ) ;
#3401 = EDGE_CURVE ( 'NONE', #7610, #5519, #5551, .T. ) ;
#3402 = ADVANCED_FACE ( 'NONE', ( #1917 ), #4874, .T. ) ;
#3403 = DIRECTION ( 'NONE',  ( 0.0000000000000000000, 0.9998476951563912700, 0.01745240643728020500 ) ) ;
#3404 = EDGE_LOOP ( 'NONE', ( #8672, #6604, #6862, #5924 ) ) ;
#3405 = FACE_OUTER_BOUND ( 'NONE', #3768, .T. ) ;
#3406 = AXIS2_PLACEMENT_3D ( 'NONE', #44, #4632, #1407 ) ;
#3407 = SURFACE_SIDE_STYLE ('',( #8036 ) ) ;
#3408 = DIRECTION ( 'NONE',  ( -0.1221935730731606400, -0.9925062874861873000, 0.0000000000000000000 ) ) ;
#3409 = FILL_AREA_STYLE_COLOUR ( '', #3307 ) ;
#3410 = SURFACE_STYLE_USAGE ( .BOTH. , #2144 ) ;
#3411 = LINE ( 'NONE', #4451, #3201 ) ;
#3412 = ORIENTED_EDGE ( 'NONE', *, *, #6028, .F. ) ;
#3413 = ORIENTED_EDGE ( 'NONE', *, *, #6858, .T. ) ;
#3414 = EDGE_CURVE ( 'NONE', #704, #4884, #4, .T. ) ;
#3415 = CARTESIAN_POINT ( 'NONE',  ( -11.14307271995348200, 9.199999992039046500, 11.14307271997123100 ) ) ;
#3416 = PRESENTATION_STYLE_ASSIGNMENT (( #4670 ) ) ;
#3417 = ORIENTED_EDGE ( 'NONE', *, *, #22, .T. ) ;
#3418 = CARTESIAN_POINT ( 'NONE',  ( -11.70351619020334200, -0.4648426890406490200, -5.129999999999999900 ) ) ;
#3419 = ORIENTED_EDGE ( 'NONE', *, *, #780, .T. ) ;
#3420 = AXIS2_PLACEMENT_3D ( 'NONE', #8544, #505, #7890 ) ;
#3421 = LINE ( 'NONE', #6498, #4250 ) ;
#3422 = EDGE_LOOP ( 'NONE', ( #4696, #258, #6392, #5067 ) ) ;
#3423 = CIRCLE ( 'NONE', #1367, 0.5000000000000004400 ) ;
#3424 = EDGE_CURVE ( 'NONE', #8588, #6531, #5004, .T. ) ;
#3425 = CARTESIAN_POINT ( 'NONE',  ( 4.950000000000399900, 12.20000000000000100, -12.40000000000000000 ) ) ;
#3426 = ORIENTED_EDGE ( 'NONE', *, *, #8365, .F. ) ;
#3427 = CARTESIAN_POINT ( 'NONE',  ( -5.450000000000399900, 12.20000000000000100, 4.850000000000000500 ) ) ;
#3428 = VERTEX_POINT ( 'NONE', #7588 ) ;
#3429 = DIRECTION ( 'NONE',  ( 0.0000000000000000000, 1.000000000000000000, 0.0000000000000000000 ) ) ;
#3430 = VECTOR ( 'NONE', #5162, 1000.000000000000000 ) ;
#3431 = CARTESIAN_POINT ( 'NONE',  ( -5.950000000000000200, 17.32000000000000000, -7.849999999999999600 ) ) ;
#3432 = ORIENTED_EDGE ( 'NONE', *, *, #878, .T. ) ;
#3433 =( NAMED_UNIT ( * ) PLANE_ANGLE_UNIT ( ) SI_UNIT ( $, .RADIAN. ) );
#3434 = DIRECTION ( 'NONE',  ( 1.000000000000000000, 0.0000000000000000000, 0.0000000000000000000 ) ) ;
#3435 = VERTEX_POINT ( 'NONE', #6292 ) ;
#3436 = VERTEX_POINT ( 'NONE', #5500 ) ;
#3437 =( LENGTH_UNIT ( ) NAMED_UNIT ( * ) SI_UNIT ( .MILLI., .METRE. ) );
#3438 = FACE_OUTER_BOUND ( 'NONE', #4814, .T. ) ;
#3439 = VECTOR ( 'NONE', #6487, 1000.000000000000000 ) ;
#3440 = ORIENTED_EDGE ( 'NONE', *, *, #6170, .T. ) ;
#3441 = CARTESIAN_POINT ( 'NONE',  ( -3.985527186056714800E-013, 16.82000000000000000, -12.40000000000000000 ) ) ;
#3442 =( GEOMETRIC_REPRESENTATION_CONTEXT ( 3 ) GLOBAL_UNCERTAINTY_ASSIGNED_CONTEXT ( ( #4523 ) ) GLOBAL_UNIT_ASSIGNED_CONTEXT ( ( #2187, #1546, #6214 ) ) REPRESENTATION_CONTEXT ( 'NONE', 'WORKASPACE' ) );
#3443 = VECTOR ( 'NONE', #4378, 1000.000000000000000 ) ;
#3444 = ORIENTED_EDGE ( 'NONE', *, *, #5130, .T. ) ;
#3445 = AXIS2_PLACEMENT_3D ( 'NONE', #2686, #7350, #752 ) ;
#3446 = CARTESIAN_POINT ( 'NONE',  ( 11.70351619020334200, -0.4648426890406490200, -7.129999999999999900 ) ) ;
#3447 = VECTOR ( 'NONE', #491, 1000.000000000000000 ) ;
#3448 = ORIENTED_EDGE ( 'NONE', *, *, #8532, .F. ) ;
#3449 = CARTESIAN_POINT ( 'NONE',  ( 12.33571331699214300, 8.269388219920983800, -11.58024126974195800 ) ) ;
#3450 = EDGE_CURVE ( 'NONE', #1332, #1211, #6808, .T. ) ;
#3451 = DIRECTION ( 'NONE',  ( 0.0000000000000000000, 0.0000000000000000000, 1.000000000000000000 ) ) ;
#3452 = ORIENTED_EDGE ( 'NONE', *, *, #7218, .T. ) ;
#3454 = CARTESIAN_POINT ( 'NONE',  ( 10.16000000000000000, -0.6999999999999999600, 3.040000000000000000 ) ) ;
#3453 = CARTESIAN_POINT ( 'NONE',  ( -12.79669646790869900, -0.4647624511386099800, 7.129999999999999900 ) ) ;
#3455 = EDGE_LOOP ( 'NONE', ( #4978, #1824, #3321, #2836 ) ) ;
#3456 = CARTESIAN_POINT ( 'NONE',  ( 11.90000000000000000, 16.82000000000000000, -12.40000000000000000 ) ) ;
#3457 = DIRECTION ( 'NONE',  ( 2.098455817713879800E-016, 0.0000000000000000000, 1.000000000000000000 ) ) ;
#3458 = LINE ( 'NONE', #5863, #2850 ) ;
#3459 = PLANE ( 'NONE',  #1298 ) ;
#3460 = CARTESIAN_POINT ( 'NONE',  ( 11.53077889234442700, 8.515662474953456900, 12.22030110306535500 ) ) ;
#3461 = DIRECTION ( 'NONE',  ( 1.000000000000000000, 0.0000000000000000000, 0.0000000000000000000 ) ) ;
#3462 = CARTESIAN_POINT ( 'NONE',  ( 6.949999999999999300, 11.70000000000000100, -4.850000000000000500 ) ) ;
#3463 = EDGE_CURVE ( 'NONE', #2701, #5557, #8609, .T. ) ;
#3464 = DIRECTION ( 'NONE',  ( 1.000000000000000000, 0.0000000000000000000, 0.0000000000000000000 ) ) ;
#3465 = VECTOR ( 'NONE', #1216, 1000.000000000000000 ) ;
#3466 = ORIENTED_EDGE ( 'NONE', *, *, #544, .F. ) ;
#3467 = FACE_OUTER_BOUND ( 'NONE', #8364, .T. ) ;
#3468 = CARTESIAN_POINT ( 'NONE',  ( -12.40979259415270500, 7.980704862222898700, 12.40979259415282200 ) ) ;
#3469 = DIRECTION ( 'NONE',  ( 1.000000000000000000, 0.0000000000000000000, 0.0000000000000000000 ) ) ;
#3470 = EDGE_CURVE ( 'NONE', #8620, #7739, #2983, .T. ) ;
#3471 = LINE ( 'NONE', #8656, #8323 ) ;
#3472 = CIRCLE ( 'NONE', #7949, 0.5000000000000004400 ) ;
#3473 = CARTESIAN_POINT ( 'NONE',  ( -12.40000000000000000, 16.82000000000000000, -4.850000000000000500 ) ) ;
#3474 = ORIENTED_EDGE ( 'NONE', *, *, #6012, .F. ) ;
#3475 = AXIS2_PLACEMENT_3D ( 'NONE', #2008, #5931, #3926 ) ;
#3476 = VERTEX_POINT ( 'NONE', #3617 ) ;
#3477 = EDGE_CURVE ( 'NONE', #3033, #5482, #5856, .T. ) ;
#3478 = CARTESIAN_POINT ( 'NONE',  ( -11.69959361958395900, 11.96502041546510100, 7.400000000000000400 ) ) ;
#3479 = CYLINDRICAL_SURFACE ( 'NONE', #6039, 0.5000000000000004400 ) ;
#3480 = CARTESIAN_POINT ( 'NONE',  ( 12.69999999999999900, -0.6999999999999999600, -12.69999999999999900 ) ) ;
#3481 = ADVANCED_FACE ( 'NONE', ( #4796 ), #5646, .T. ) ;
#3482 = FACE_OUTER_BOUND ( 'NONE', #1984, .T. ) ;
#3484 = CARTESIAN_POINT ( 'NONE',  ( -12.69999999999999900, -0.6999999999999999600, -4.500000000000000000 ) ) ;
#3483 = DIRECTION ( 'NONE',  ( 0.0000000000000000000, -1.000000000000000000, 0.0000000000000000000 ) ) ;
#3485 = ORIENTED_EDGE ( 'NONE', *, *, #6580, .T. ) ;
#3486 = ORIENTED_EDGE ( 'NONE', *, *, #1188, .T. ) ;
#3488 = CARTESIAN_POINT ( 'NONE',  ( 11.90000000000040200, 16.82000000000000000, -12.40000000000000000 ) ) ;
#3487 =( LENGTH_UNIT ( ) NAMED_UNIT ( * ) SI_UNIT ( .MILLI., .METRE. ) );
#3489 = CARTESIAN_POINT ( 'NONE',  ( -12.49958205907933500, 0.07480837547084316600, -7.129999999999999900 ) ) ;
#3490 = VERTEX_POINT ( 'NONE', #328 ) ;
#3491 = AXIS2_PLACEMENT_3D ( 'NONE', #4386, #5027, #7746 ) ;
#3492 = LINE ( 'NONE', #3383, #3293 ) ;
#3493 = VECTOR ( 'NONE', #5024, 1000.000000000000000 ) ;
#3494 = CARTESIAN_POINT ( 'NONE',  ( -12.11798117816911400, 8.665236917774654700, 11.48692749596010500 ) ) ;
#3495 = ORIENTED_EDGE ( 'NONE', *, *, #4727, .F. ) ;
#3496 = ORIENTED_EDGE ( 'NONE', *, *, #2278, .F. ) ;
#3497 = EDGE_CURVE ( 'NONE', #6423, #888, #6081, .T. ) ;
#3498 = ORIENTED_EDGE ( 'NONE', *, *, #2950, .F. ) ;
#3499 = CARTESIAN_POINT ( 'NONE',  ( 11.86565260534502800, 8.925571717563745000, -11.37878667903484200 ) ) ;
#3500 = CYLINDRICAL_SURFACE ( 'NONE', #4456, 0.8000000000000003800 ) ;
#3501 = AXIS2_PLACEMENT_3D ( 'NONE', #8531, #4370, #5697 ) ;
#3502 = VECTOR ( 'NONE', #109, 1000.000000000000000 ) ;
#3503 = ORIENTED_EDGE ( 'NONE', *, *, #4896, .T. ) ;
#3504 = CARTESIAN_POINT ( 'NONE',  ( -11.90000000000040200, 17.32000000000000000, -4.850000000000000500 ) ) ;
#3505 = FILL_AREA_STYLE_COLOUR ( '', #5013 ) ;
#3506 = ORIENTED_EDGE ( 'NONE', *, *, #5384, .T. ) ;
#3507 = VECTOR ( 'NONE', #2167, 1000.000000000000000 ) ;
#3508 = AXIS2_PLACEMENT_3D ( 'NONE', #227, #5602, #1620 ) ;
#3509 = EDGE_CURVE ( 'NONE', #4884, #4222, #1161, .T. ) ;
#3510 = FACE_OUTER_BOUND ( 'NONE', #6625, .T. ) ;
#3511 = CARTESIAN_POINT ( 'NONE',  ( -5.450000000000399900, 16.82000000000000000, -12.40000000000000000 ) ) ;
#3512 = AXIS2_PLACEMENT_3D ( 'NONE', #996, #2435, #4367 ) ;
#3513 = CARTESIAN_POINT ( 'NONE',  ( -2.975469372650804800, 12.10000000000000000, 7.400000000000000400 ) ) ;
#3514 = ORIENTED_EDGE ( 'NONE', *, *, #7125, .T. ) ;
#3515 = ORIENTED_EDGE ( 'NONE', *, *, #4962, .F. ) ;
#3516 = DIRECTION ( 'NONE',  ( 0.0000000000000000000, 1.000000000000000000, 0.0000000000000000000 ) ) ;
#3517 = CARTESIAN_POINT ( 'NONE',  ( 11.50000000000000000, -0.6999999999999999600, 7.400000000000000400 ) ) ;
#3518 = LINE ( 'NONE', #5842, #3316 ) ;
#3520 = CARTESIAN_POINT ( 'NONE',  ( -10.16000000000000000, -6.299999999999999800, -10.35999999999998900 ) ) ;
#3519 = CARTESIAN_POINT ( 'NONE',  ( 12.55000000000000100, 0.0000000000000000000, -12.55000000000000100 ) ) ;
#3521 = UNCERTAINTY_MEASURE_WITH_UNIT (LENGTH_MEASURE( 1.000000000000000100E-005 ), #7241, 'distance_accuracy_value', 'NONE');
#3522 = ORIENTED_EDGE ( 'NONE', *, *, #1646, .F. ) ;
#3523 = EDGE_CURVE ( 'NONE', #5531, #2934, #2322, .T. ) ;
#3524 = ORIENTED_EDGE ( 'NONE', *, *, #1436, .F. ) ;
#3525 = MECHANICAL_DESIGN_GEOMETRIC_PRESENTATION_REPRESENTATION (  '', ( #3083 ), #115 ) ;
#3526 = VERTEX_POINT ( 'NONE', #7115 ) ;
#3528 = LINE ( 'NONE', #3270, #8169 ) ;
#3527 = FILL_AREA_STYLE ('',( #6181 ) ) ;
#3529 = ORIENTED_EDGE ( 'NONE', *, *, #4694, .F. ) ;
#3530 = ORIENTED_EDGE ( 'NONE', *, *, #2259, .F. ) ;
#3531 = ORIENTED_EDGE ( 'NONE', *, *, #5204, .F. ) ;
#3532 = VERTEX_POINT ( 'NONE', #348 ) ;
#3533 = ORIENTED_EDGE ( 'NONE', *, *, #3477, .F. ) ;
#3534 = VECTOR ( 'NONE', #4892, 1000.000000000000000 ) ;
#3535 = PLANE ( 'NONE',  #7465 ) ;
#3536 = EDGE_CURVE ( 'NONE', #6854, #7909, #687, .T. ) ;
#3537 = CARTESIAN_POINT ( 'NONE',  ( 11.99956565221334700, -0.2228420785086283900, 5.129999999999999000 ) ) ;
#3538 = VECTOR ( 'NONE', #8355, 1000.000000000000000 ) ;
#3539 = ADVANCED_FACE ( 'NONE', ( #2016 ), #2736, .T. ) ;
#3540 = ORIENTED_EDGE ( 'NONE', *, *, #6613, .T. ) ;
#3541 = VECTOR ( 'NONE', #3968, 1000.000000000000000 ) ;
#3542 = ORIENTED_EDGE ( 'NONE', *, *, #8243, .T. ) ;
#3543 = VECTOR ( 'NONE', #1355, 1000.000000000000000 ) ;
#3544 = VECTOR ( 'NONE', #6361, 1000.000000000000000 ) ;
#3545 = AXIS2_PLACEMENT_3D ( 'NONE', #1308, #6693, #3259 ) ;
#3546 = CARTESIAN_POINT ( 'NONE',  ( -6.949999999999999300, 11.70000000000000100, -12.40000000000000000 ) ) ;
#3547 = DIRECTION ( 'NONE',  ( 1.000000000000000000, 0.0000000000000000000, 0.0000000000000000000 ) ) ;
#3549 = CARTESIAN_POINT ( 'NONE',  ( -12.69999999999999900, -0.6999999999999999600, 12.69999999999999900 ) ) ;
#3548 = CARTESIAN_POINT ( 'NONE',  ( -6.949999999999999300, 11.70000000000000100, -12.40000000000000000 ) ) ;
#3550 = CARTESIAN_POINT ( 'NONE',  ( 12.90054052399948000, 11.96513699471034000, 7.400000000000000400 ) ) ;
#3552 = CARTESIAN_POINT ( 'NONE',  ( -5.450000000000399900, 12.20000000000000100, -12.40000000000000000 ) ) ;
#3551 = CARTESIAN_POINT ( 'NONE',  ( 11.40000000000040200, 12.20000000000000100, 4.850000000000000500 ) ) ;
#3553 = ORIENTED_EDGE ( 'NONE', *, *, #8084, .T. ) ;
#3554 = EDGE_CURVE ( 'NONE', #2796, #4316, #8400, .T. ) ;
#3555 = ORIENTED_EDGE ( 'NONE', *, *, #7843, .T. ) ;
#3556 = DIRECTION ( 'NONE',  ( 0.0000000000000000000, 0.0000000000000000000, 1.000000000000000000 ) ) ;
#3557 = DIRECTION ( 'NONE',  ( 0.0000000000000000000, 0.0000000000000000000, 1.000000000000000000 ) ) ;
#3558 = LINE ( 'NONE', #6016, #5347 ) ;
#3559 = VERTEX_POINT ( 'NONE', #4310 ) ;
#3560 = ORIENTED_EDGE ( 'NONE', *, *, #3390, .T. ) ;
#3561 = EDGE_CURVE ( 'NONE', #2154, #903, #7119, .T. ) ;
#3562 = CARTESIAN_POINT ( 'NONE',  ( -10.16000000000000000, -6.299999999999999800, 0.0000000000000000000 ) ) ;
#3563 = DIRECTION ( 'NONE',  ( 1.000000000000000000, 0.0000000000000000000, -2.098455817713879800E-016 ) ) ;
#3564 = AXIS2_PLACEMENT_3D ( 'NONE', #7659, #2991, #959 ) ;
#3565 = CIRCLE ( 'NONE', #5079, 1.499999999999999600 ) ;
#3566 = FILL_AREA_STYLE ('',( #2959 ) ) ;
#3568 = VECTOR ( 'NONE', #1171, 1000.000000000000000 ) ;
#3567 = SURFACE_STYLE_USAGE ( .BOTH. , #7452 ) ;
#3569 = DIRECTION ( 'NONE',  ( 1.000000000000000000, 0.0000000000000000000, 0.0000000000000000000 ) ) ;
#3570 = ADVANCED_FACE ( 'NONE', ( #3245 ), #7858, .T. ) ;
#3572 = DIRECTION ( 'NONE',  ( -0.0000000000000000000, -0.0000000000000000000, -1.000000000000000000 ) ) ;
#3571 = DIRECTION ( 'NONE',  ( 1.000000000000000000, 0.0000000000000000000, 0.0000000000000000000 ) ) ;
#3573 = CARTESIAN_POINT ( 'NONE',  ( -6.949999999999999300, 12.20000000000000100, -7.849999999999999600 ) ) ;
#3574 = CARTESIAN_POINT ( 'NONE',  ( -10.16000000000000000, -6.000000000000000000, -9.660000000000000100 ) ) ;
#3575 = EDGE_CURVE ( 'NONE', #7683, #3127, #4066, .T. ) ;
#3576 = VECTOR ( 'NONE', #2639, 1000.000000000000000 ) ;
#3578 = CARTESIAN_POINT ( 'NONE',  ( -6.949999999999999300, 12.20000000000000100, -12.40000000000000000 ) ) ;
#3577 = CARTESIAN_POINT ( 'NONE',  ( -10.90000000000000000, 9.700000000000001100, -12.40000000000000000 ) ) ;
#3579 = B_SPLINE_CURVE_WITH_KNOTS ( 'NONE', 3,
 ( #4524, #556, #5242, #8638, #1965, #621, #3913, #4622, #5294, #2629, #6627 ),
 .UNSPECIFIED., .F., .F.,
 ( 4, 1, 1, 1, 1, 1, 1, 1, 4 ),
 ( -1.570796326794899900, -1.178097245096176000, -0.7853981633974509400, -0.3926990816987265800, -1.554312234475219200E-015, 0.3926990816987230300, 0.7853981633974467200, 1.178097245096171800, 1.570796326794895000 ),
 .UNSPECIFIED. ) ;
#3580 = ADVANCED_FACE ( 'NONE', ( #1055 ), #1930, .T. ) ;
#3581 = AXIS2_PLACEMENT_3D ( 'NONE', #3190, #1910, #3941 ) ;
#3582 = ORIENTED_EDGE ( 'NONE', *, *, #2334, .T. ) ;
#3583 = CARTESIAN_POINT ( 'NONE',  ( -4.950000000000391000, 11.70000000000000100, 7.849999999999999600 ) ) ;
#3584 = DIRECTION ( 'NONE',  ( 0.0000000000000000000, 0.0000000000000000000, 1.000000000000000000 ) ) ;
#3585 = VECTOR ( 'NONE', #7712, 1000.000000000000000 ) ;
#3586 = EDGE_CURVE ( 'NONE', #3246, #1157, #3649, .T. ) ;
#3587 = CARTESIAN_POINT ( 'NONE',  ( 11.19489180893483900, 9.199999999999999300, -11.09131776628586000 ) ) ;
#3588 = PRESENTATION_STYLE_ASSIGNMENT (( #8699 ) ) ;
#3589 = ADVANCED_FACE ( 'NONE', ( #7639 ), #6527, .T. ) ;
#3590 = DIRECTION ( 'NONE',  ( 0.0000000000000000000, 0.0000000000000000000, 1.000000000000000000 ) ) ;
#3591 = VERTEX_POINT ( 'NONE', #3132 ) ;
#3592 = DIRECTION ( 'NONE',  ( 0.0000000000000000000, 0.7071067811865480200, 0.7071067811865470200 ) ) ;
#3593 = AXIS2_PLACEMENT_3D ( 'NONE', #3629, #3714, #3664 ) ;
#3594 = LINE ( 'NONE', #4937, #3493 ) ;
#3595 = ORIENTED_EDGE ( 'NONE', *, *, #1422, .T. ) ;
#3596 = ORIENTED_EDGE ( 'NONE', *, *, #1851, .T. ) ;
#3597 = EDGE_LOOP ( 'NONE', ( #4596, #4850, #7928, #7702 ) ) ;
#3598 = ORIENTED_EDGE ( 'NONE', *, *, #3657, .F. ) ;
#3599 = COLOUR_RGB ( '',0.7490196078431372600, 0.7490196078431372600, 0.7490196078431372600 ) ;
#3600 = CARTESIAN_POINT ( 'NONE',  ( 12.69999999999999900, -0.6999999999999999600, -7.400000000000000400 ) ) ;
#3602 = DIRECTION ( 'NONE',  ( -0.9925062874862399200, -0.1221935730727323900, 0.0000000000000000000 ) ) ;
#3601 = DIRECTION ( 'NONE',  ( -0.0000000000000000000, -0.0000000000000000000, -1.000000000000000000 ) ) ;
#3603 = CARTESIAN_POINT ( 'NONE',  ( 6.450000000000000200, 12.20000000000000100, -7.849999999999999600 ) ) ;
#3604 = CARTESIAN_POINT ( 'NONE',  ( 12.69999999999999900, 0.0000000000000000000, -7.400000000000000400 ) ) ;
#3605 = DIRECTION ( 'NONE',  ( 0.0000000000000000000, -1.000000000000000000, 0.0000000000000000000 ) ) ;
#3606 = PRESENTATION_STYLE_ASSIGNMENT (( #6303 ) ) ;
#3607 = AXIS2_PLACEMENT_3D ( 'NONE', #3822, #1865, #1124 ) ;
#3608 =( GEOMETRIC_REPRESENTATION_CONTEXT ( 3 ) GLOBAL_UNCERTAINTY_ASSIGNED_CONTEXT ( ( #2627 ) ) GLOBAL_UNIT_ASSIGNED_CONTEXT ( ( #8574, #3886, #3139 ) ) REPRESENTATION_CONTEXT ( 'NONE', 'WORKASPACE' ) );
#3609 = VERTEX_POINT ( 'NONE', #4428 ) ;
#3610 = VECTOR ( 'NONE', #6001, 1000.000000000000000 ) ;
#3611 = FILL_AREA_STYLE_COLOUR ( '', #6246 ) ;
#3612 = EDGE_CURVE ( 'NONE', #185, #5622, #4164, .T. ) ;
#3613 = ADVANCED_FACE ( 'NONE', ( #6708 ), #3160, .F. ) ;
#3614 = ORIENTED_EDGE ( 'NONE', *, *, #2224, .F. ) ;
#3615 = AXIS2_PLACEMENT_3D ( 'NONE', #1194, #1879, #8580 ) ;
#3616 = LINE ( 'NONE', #6623, #701 ) ;
#3617 = CARTESIAN_POINT ( 'NONE',  ( 11.90000000000040200, 17.32000000000000000, -12.40000000000000000 ) ) ;
#3618 =( BOUNDED_SURFACE ( )  B_SPLINE_SURFACE ( 3, 2, ( 
 ( #8180, #1618, #4891 ),
 ( #3110, #448, #7210 ),
 ( #8579, #7836, #2570 ),
 ( #6052, #1311, #550 ),
 ( #4590, #705, #3449 ),
 ( #4785, #6124, #4672 ),
 ( #6042, #7366, #1394 ),
 ( #3371, #30, #1543 ),
 ( #853, #4223, #4132 ),
 ( #237, #4169, #3499 ),
 ( #824, #8213, #5528 ),
 ( #4903, #6211, #910 ),
 ( #1599, #2218, #3587 ),
 ( #8303, #6876, #4254 ) ),
 .UNSPECIFIED., .F., .F., .T. ) 
 B_SPLINE_SURFACE_WITH_KNOTS ( ( 4, 2, 2, 2, 2, 2, 4 ),
 ( 3, 3 ),
 ( 6.300638599699526700, 6.494806478983896600, 6.688974358268265700, 6.883142237552634800, 7.077310116837004700, 7.465645875405743800, 7.853981633974482800 ),
 ( 0.0000000000000000000, 1.000000000000000000 ),
 .UNSPECIFIED. ) 
 GEOMETRIC_REPRESENTATION_ITEM ( )  RATIONAL_B_SPLINE_SURFACE ( (
 ( 1.000000000000000000, 0.7072144605741783600, 1.000000000000000000),
 ( 1.000000000000000000, 0.7079803688786553400, 1.000000000000000000),
 ( 1.000000000000000000, 0.7133391365965159300, 1.000000000000000000),
 ( 1.000000000000000000, 0.7317345488683156800, 1.000000000000000000),
 ( 1.000000000000000000, 0.7447655413394499400, 1.000000000000000000),
 ( 1.000000000000000000, 0.7756440825140168400, 1.000000000000000000),
 ( 1.000000000000000000, 0.7934572668841396400, 1.000000000000000000),
 ( 1.000000000000000000, 0.8305999863296442700, 1.000000000000000000),
 ( 1.000000000000000000, 0.8499139442403007600, 1.000000000000000000),
 ( 1.000000000000000000, 0.9057944775739823500, 1.000000000000000000),
 ( 1.000000000000000000, 0.9399479630976874700, 1.000000000000000000),
 ( 1.000000000000000000, 0.9870316551531583800, 1.000000000000000000),
 ( 1.000000000000000000, 1.000151588794801400, 1.000000000000000000),
 ( 1.000000000000000000, 1.000000000000000000, 1.000000000000000000) ) ) 
 REPRESENTATION_ITEM ( '' )  SURFACE ( )  );
#3619 = DIRECTION ( 'NONE',  ( 1.000000000000000000, 0.0000000000000000000, -7.228014483236700500E-016 ) ) ;
#3620 = ADVANCED_FACE ( 'NONE', ( #5327 ), #8538, .F. ) ;
#3621 = ORIENTED_EDGE ( 'NONE', *, *, #4186, .F. ) ;
#3622 = FACE_OUTER_BOUND ( 'NONE', #6253, .T. ) ;
#3623 = EDGE_CURVE ( 'NONE', #2633, #5170, #2517, .T. ) ;
#3624 = ADVANCED_FACE ( 'NONE', ( #5433 ), #2834, .T. ) ;
#3625 = FACE_OUTER_BOUND ( 'NONE', #3966, .T. ) ;
#3626 = ORIENTED_EDGE ( 'NONE', *, *, #4482, .F. ) ;
#3627 = SURFACE_STYLE_USAGE ( .BOTH. , #8314 ) ;
#3628 = MECHANICAL_DESIGN_GEOMETRIC_PRESENTATION_REPRESENTATION (  '', ( #2760 ), #7188 ) ;
#3629 = CARTESIAN_POINT ( 'NONE',  ( 11.74272260875550000, 0.4099399711396734500, 11.74272260875550000 ) ) ;
#3630 = ORIENTED_EDGE ( 'NONE', *, *, #5812, .F. ) ;
#3632 = DIRECTION ( 'NONE',  ( 0.0000000000000000000, 0.0000000000000000000, 1.000000000000000000 ) ) ;
#3631 = DIRECTION ( 'NONE',  ( 0.0000000000000000000, 1.000000000000000000, 0.0000000000000000000 ) ) ;
#3633 = DIRECTION ( 'NONE',  ( 0.0000000000000000000, 0.0000000000000000000, -1.000000000000000000 ) ) ;
#3634 = DIRECTION ( 'NONE',  ( 1.000000000000000000, 0.0000000000000000000, 0.0000000000000000000 ) ) ;
#3635 = EDGE_LOOP ( 'NONE', ( #3920, #6359, #5174, #4655, #6717, #6217, #6585, #379, #2488, #797, #4199, #1131, #3819, #4140, #8050, #2962 ) ) ;
#3636 = ORIENTED_EDGE ( 'NONE', *, *, #5175, .T. ) ;
#3638 = CARTESIAN_POINT ( 'NONE',  ( 4.950000000000399900, 11.70000000000000100, -12.40000000000000000 ) ) ;
#3637 = CARTESIAN_POINT ( 'NONE',  ( 12.49959361958396000, 11.96502041546510100, -4.859999999999999400 ) ) ;
#3639 = ADVANCED_FACE ( 'NONE', ( #8281 ), #1156, .T. ) ;
#3640 = B_SPLINE_CURVE_WITH_KNOTS ( 'NONE', 3,
 ( #2710, #1431, #4002, #7375, #2798, #7415, #12, #3453, #8128, #94, #5472 ),
 .UNSPECIFIED., .F., .F.,
 ( 4, 1, 1, 1, 1, 1, 1, 1, 4 ),
 ( -1.570796326794899900, -1.178097245096176900, -0.7853981633974519400, -0.3926990816987279100, -3.108624468950438300E-015, 0.3926990816987214700, 0.7853981633974458400, 1.178097245096171300, 1.570796326794895000 ),
 .UNSPECIFIED. ) ;
#3641 = VECTOR ( 'NONE', #2653, 1000.000000000000000 ) ;
#3642 = VECTOR ( 'NONE', #3983, 1000.000000000000000 ) ;
#3643 = EDGE_CURVE ( 'NONE', #5263, #2103, #1792, .T. ) ;
#3644 = FACE_OUTER_BOUND ( 'NONE', #6803, .T. ) ;
#3645 = EDGE_CURVE ( 'NONE', #6051, #1683, #8075, .T. ) ;
#3646 = PRESENTATION_LAYER_ASSIGNMENT (  '', '', ( #2713 ) ) ;
#3647 = VERTEX_POINT ( 'NONE', #4517 ) ;
#3648 = AXIS2_PLACEMENT_3D ( 'NONE', #8293, #8320, #2862 ) ;
#3649 = CIRCLE ( 'NONE', #6767, 0.5000000000000004400 ) ;
#3650 = ORIENTED_EDGE ( 'NONE', *, *, #3006, .T. ) ;
#3651 = CARTESIAN_POINT ( 'NONE',  ( -11.59959361958396000, 0.06999999999989130200, -7.129999999999999900 ) ) ;
#3652 = CARTESIAN_POINT ( 'NONE',  ( 12.10312483381792400, -0.4300000000001086800, -7.129999999999999900 ) ) ;
#3653 = CARTESIAN_POINT ( 'NONE',  ( -12.40000000000000000, 11.70000000000000100, -4.850000000000000500 ) ) ;
#3654 = FACE_OUTER_BOUND ( 'NONE', #194, .T. ) ;
#3655 = PRESENTATION_LAYER_ASSIGNMENT (  '', '', ( #4416 ) ) ;
#3656 = EDGE_LOOP ( 'NONE', ( #7810, #6121, #3661, #1425 ) ) ;
#3657 = EDGE_CURVE ( 'NONE', #7172, #4960, #6179, .T. ) ;
#3658 =( NAMED_UNIT ( * ) PLANE_ANGLE_UNIT ( ) SI_UNIT ( $, .RADIAN. ) );
#3659 = ORIENTED_EDGE ( 'NONE', *, *, #232, .F. ) ;
#3660 = CARTESIAN_POINT ( 'NONE',  ( -10.16000000000000000, -6.299999999999999800, 10.66000000000000200 ) ) ;
#3661 = ORIENTED_EDGE ( 'NONE', *, *, #5914, .F. ) ;
#3662 = ORIENTED_EDGE ( 'NONE', *, *, #4007, .T. ) ;
#3663 = CARTESIAN_POINT ( 'NONE',  ( -1.000000000000000000, 11.70000000000000100, -4.850000000000000500 ) ) ;
#3664 = DIRECTION ( 'NONE',  ( 0.0000000000000000000, -0.01745240643728021600, -0.9998476951563912700 ) ) ;
#3665 = DIRECTION ( 'NONE',  ( 0.0000000000000000000, 0.0000000000000000000, 1.000000000000000000 ) ) ;
#3666 = ADVANCED_FACE ( 'NONE', ( #5848 ), #4479, .T. ) ;
#3667 = ORIENTED_EDGE ( 'NONE', *, *, #7340, .T. ) ;
#3668 = CARTESIAN_POINT ( 'NONE',  ( -12.40000000000000000, 21.69999999999999900, -7.849999999999999600 ) ) ;
#3669 = DIRECTION ( 'NONE',  ( 1.000000000000000000, 0.0000000000000000000, 0.0000000000000000000 ) ) ;
#3670 = DIRECTION ( 'NONE',  ( -1.000000000000000000, 0.0000000000000000000, 0.0000000000000000000 ) ) ;
#3671 = EDGE_CURVE ( 'NONE', #1217, #1697, #940, .T. ) ;
#3672 = CIRCLE ( 'NONE', #4109, 1.499999999999999600 ) ;
#3673 = CARTESIAN_POINT ( 'NONE',  ( -10.16000000000000000, -6.000000000000000000, 10.16000000000000000 ) ) ;
#3674 = STYLED_ITEM ( 'NONE', ( #3848 ), #3709 ) ;
#3675 = AXIS2_PLACEMENT_3D ( 'NONE', #6205, #7753, #537 ) ;
#3676 = DIRECTION ( 'NONE',  ( 1.000000000000000000, 3.809744271775434900E-016, 0.0000000000000000000 ) ) ;
#3677 = DIRECTION ( 'NONE',  ( 0.0000000000000000000, 0.0000000000000000000, 1.000000000000000000 ) ) ;
#3678 =( NAMED_UNIT ( * ) SI_UNIT ( $, .STERADIAN. ) SOLID_ANGLE_UNIT ( ) );
#3679 = FACE_OUTER_BOUND ( 'NONE', #4049, .T. ) ;
#3680 = VECTOR ( 'NONE', #6285, 1000.000000000000000 ) ;
#3681 = EDGE_CURVE ( 'NONE', #6766, #1739, #7970, .T. ) ;
#3682 = CARTESIAN_POINT ( 'NONE',  ( 12.90054722849359900, 0.07009548768149509400, 5.129999999999999900 ) ) ;
#3683 = VERTEX_POINT ( 'NONE', #4700 ) ;
#3684 = AXIS2_PLACEMENT_3D ( 'NONE', #1255, #2569, #4502 ) ;
#3685 = EDGE_LOOP ( 'NONE', ( #6266, #6348, #4760, #3498 ) ) ;
#3686 = CARTESIAN_POINT ( 'NONE',  ( 12.49958205907933400, 0.07480837547085372700, 5.129999999999999900 ) ) ;
#3687 = DIRECTION ( 'NONE',  ( 8.659560562354926700E-017, 0.7071067811865480200, -0.7071067811865470200 ) ) ;
#3688 = CARTESIAN_POINT ( 'NONE',  ( 0.9974411843539802100, 12.19744118435426100, -12.40000000000000000 ) ) ;
#3689 = ORIENTED_EDGE ( 'NONE', *, *, #8600, .F. ) ;
#3690 = VERTEX_POINT ( 'NONE', #4642 ) ;
#3691 = DIRECTION ( 'NONE',  ( 0.0000000000000000000, 0.0000000000000000000, -1.000000000000000000 ) ) ;
#3692 = DIRECTION ( 'NONE',  ( 0.0000000000000000000, 0.0000000000000000000, -1.000000000000000000 ) ) ;
#3693 = DIRECTION ( 'NONE',  ( 1.000000000000000000, 0.0000000000000000000, 7.228014483236700500E-016 ) ) ;
#3694 = EDGE_CURVE ( 'NONE', #8387, #679, #7536, .T. ) ;
#3695 = PLANE ( 'NONE',  #648 ) ;
#3696 = AXIS2_PLACEMENT_3D ( 'NONE', #3146, #8498, #5777 ) ;
#3697 = ORIENTED_EDGE ( 'NONE', *, *, #2195, .F. ) ;
#3698 = LINE ( 'NONE', #8712, #6643 ) ;
#3699 = AXIS2_PLACEMENT_3D ( 'NONE', #8606, #5882, #501 ) ;
#3700 = EDGE_LOOP ( 'NONE', ( #891, #7915, #6256, #5594, #6802 ) ) ;
#3701 = CARTESIAN_POINT ( 'NONE',  ( 6.949999999999999300, 12.20000000000000100, 4.850000000000000500 ) ) ;
#3702 = ORIENTED_EDGE ( 'NONE', *, *, #967, .T. ) ;
#3703 = CARTESIAN_POINT ( 'NONE',  ( 12.69999999999999900, -0.6999999999999999600, 4.500000000000000000 ) ) ;
#3704 = ORIENTED_EDGE ( 'NONE', *, *, #4338, .T. ) ;
#3705 = EDGE_CURVE ( 'NONE', #4757, #2149, #1368, .T. ) ;
#3706 = LINE ( 'NONE', #4721, #2158 ) ;
#3707 =( NAMED_UNIT ( * ) PLANE_ANGLE_UNIT ( ) SI_UNIT ( $, .RADIAN. ) );
#3708 = ORIENTED_EDGE ( 'NONE', *, *, #8326, .T. ) ;
#3709 = ADVANCED_FACE ( 'NONE', ( #6278 ), #6647, .T. ) ;
#3710 = VECTOR ( 'NONE', #5901, 1000.000000000000000 ) ;
#3711 = DIRECTION ( 'NONE',  ( 1.927470528863119800E-016, 0.0000000000000000000, 1.000000000000000000 ) ) ;
#3712 = VERTEX_POINT ( 'NONE', #668 ) ;
#3713 = EDGE_CURVE ( 'NONE', #1379, #4974, #301, .T. ) ;
#3714 = DIRECTION ( 'NONE',  ( 0.01744974916067939400, -0.9996954598818875700, 0.01744974916067939400 ) ) ;
#3715 = ORIENTED_EDGE ( 'NONE', *, *, #4305, .T. ) ;
#3716 = DIRECTION ( 'NONE',  ( -1.000000000000000000, 0.0000000000000000000, 0.0000000000000000000 ) ) ;
#3717 = CARTESIAN_POINT ( 'NONE',  ( -11.90000000000040200, 16.82000000000000000, -4.850000000000000500 ) ) ;
#3718 = CARTESIAN_POINT ( 'NONE',  ( -12.40000000000000000, 11.70000000000000100, -7.849999999999999600 ) ) ;
#3719 = CARTESIAN_POINT ( 'NONE',  ( -6.949999999999999300, 11.70000000000000100, -12.40000000000000000 ) ) ;
#3720 = AXIS2_PLACEMENT_3D ( 'NONE', #5350, #5978, #6004 ) ;
#3721 = AXIS2_PLACEMENT_3D ( 'NONE', #6370, #7070, #1143 ) ;
#3722 = VERTEX_POINT ( 'NONE', #611 ) ;
#3723 = COLOUR_RGB ( '',0.7490196078431372600, 0.7490196078431372600, 0.7490196078431372600 ) ;
#3724 = CARTESIAN_POINT ( 'NONE',  ( -3.000000000000000000, 11.70000000000000100, -7.400000000000000400 ) ) ;
#3725 = FACE_OUTER_BOUND ( 'NONE', #6388, .T. ) ;
#3726 = ORIENTED_EDGE ( 'NONE', *, *, #510, .F. ) ;
#3727 = ORIENTED_EDGE ( 'NONE', *, *, #6848, .F. ) ;
#3728 = AXIS2_PLACEMENT_3D ( 'NONE', #1813, #7126, #1079 ) ;
#3729 = VERTEX_POINT ( 'NONE', #7254 ) ;
#3730 = VERTEX_POINT ( 'NONE', #2015 ) ;
#3731 = SURFACE_STYLE_FILL_AREA ( #5180 ) ;
#3732 = VECTOR ( 'NONE', #5599, 1000.000000000000000 ) ;
#3733 = LINE ( 'NONE', #2534, #178 ) ;
#3734 = ORIENTED_EDGE ( 'NONE', *, *, #340, .F. ) ;
#3735 = VERTEX_POINT ( 'NONE', #7943 ) ;
#3736 = EDGE_CURVE ( 'NONE', #69, #1078, #2726, .T. ) ;
#3737 = ORIENTED_EDGE ( 'NONE', *, *, #1384, .F. ) ;
#3738 = DIRECTION ( 'NONE',  ( 0.0000000000000000000, 0.0000000000000000000, 1.000000000000000000 ) ) ;
#3739 = FACE_OUTER_BOUND ( 'NONE', #2783, .T. ) ;
#3740 = LINE ( 'NONE', #4393, #3538 ) ;
#3741 = CARTESIAN_POINT ( 'NONE',  ( -11.55390823631167900, 13.15614453969378100, -7.400000000000000400 ) ) ;
#3742 = DIRECTION ( 'NONE',  ( 0.01744974916067939400, -0.9996954598818875700, -0.01744974916067939400 ) ) ;
#3743 = CARTESIAN_POINT ( 'NONE',  ( 11.50000000000000000, -0.6999999999999999600, 4.500000000000000000 ) ) ;
#3744 = DIRECTION ( 'NONE',  ( 0.0000000000000000000, 1.000000000000000000, 0.0000000000000000000 ) ) ;
#3746 = CARTESIAN_POINT ( 'NONE',  ( 11.59959361958396000, 0.06999999999988960900, 7.129999999999999900 ) ) ;
#3745 = CARTESIAN_POINT ( 'NONE',  ( 11.55390823631220000, 13.15614453969008000, -4.859999999999999400 ) ) ;
#3747 = CARTESIAN_POINT ( 'NONE',  ( 12.49959361958396000, 0.07009548768149509400, 7.400000000000000400 ) ) ;
#3748 = EDGE_LOOP ( 'NONE', ( #6215, #6983, #2823, #6872 ) ) ;
#3749 = CIRCLE ( 'NONE', #5639, 0.5000000000000004400 ) ;
#3750 = ORIENTED_EDGE ( 'NONE', *, *, #8653, .T. ) ;
#3751 = ORIENTED_EDGE ( 'NONE', *, *, #2767, .T. ) ;
#3752 = FACE_OUTER_BOUND ( 'NONE', #6455, .T. ) ;
#3753 = EDGE_CURVE ( 'NONE', #3956, #8165, #3749, .T. ) ;
#3754 = LINE ( 'NONE', #8018, #2717 ) ;
#3755 = ADVANCED_FACE ( 'NONE', ( #2622 ), #7313, .T. ) ;
#3757 = CARTESIAN_POINT ( 'NONE',  ( -12.69999999999999900, 0.0000000000000000000, 7.400000000000000400 ) ) ;
#3756 = CARTESIAN_POINT ( 'NONE',  ( -2.975469372650804800, 12.10000000000000000, -4.859999999999999400 ) ) ;
#3758 = CARTESIAN_POINT ( 'NONE',  ( 11.60183876112578000, 12.75902544545034100, -7.400000000000000400 ) ) ;
#3759 = DIRECTION ( 'NONE',  ( 0.0000000000000000000, 0.0000000000000000000, -1.000000000000000000 ) ) ;
#3760 = ORIENTED_EDGE ( 'NONE', *, *, #2142, .T. ) ;
#3761 = ORIENTED_EDGE ( 'NONE', *, *, #7111, .T. ) ;
#3762 = AXIS2_PLACEMENT_3D ( 'NONE', #3076, #7006, #5629 ) ;
#3763 = EDGE_CURVE ( 'NONE', #1559, #4146, #2009, .T. ) ;
#3764 = DIRECTION ( 'NONE',  ( -3.388131789017135300E-016, 1.000000000000000000, 9.479793151792449500E-032 ) ) ;
#3765 = LINE ( 'NONE', #4835, #852 ) ;
#3766 = ORIENTED_EDGE ( 'NONE', *, *, #689, .T. ) ;
#3767 = CARTESIAN_POINT ( 'NONE',  ( -12.90054052399948000, 0.07009548768148289600, -7.400000000000000400 ) ) ;
#3768 = EDGE_LOOP ( 'NONE', ( #8389, #5326, #5813, #5641 ) ) ;
#3769 = CARTESIAN_POINT ( 'NONE',  ( -11.90000000000000000, 16.82000000000000000, -12.40000000000000000 ) ) ;
#3771 = CYLINDRICAL_SURFACE ( 'NONE', #1457, 0.5000000000000000000 ) ;
#3770 =( LENGTH_UNIT ( ) NAMED_UNIT ( * ) SI_UNIT ( .MILLI., .METRE. ) );
#3772 = CARTESIAN_POINT ( 'NONE',  ( -12.90054052399948000, 0.07009548768148118900, -7.130000000000000800 ) ) ;
#3773 = CARTESIAN_POINT ( 'NONE',  ( -12.90054052399946000, 0.07009548768148289600, 7.400000000000000400 ) ) ;
#3774 = CARTESIAN_POINT ( 'NONE',  ( 10.16000000000000000, -0.6999999999999999600, 2.040000000000000000 ) ) ;
#3775 = CYLINDRICAL_SURFACE ( 'NONE', #8024, 0.5000000000000004400 ) ;
#3777 = DIRECTION ( 'NONE',  ( -1.000000000000000000, -4.372213365170680100E-016, 0.0000000000000000000 ) ) ;
#3776 = DIRECTION ( 'NONE',  ( 8.659560562354866300E-017, 0.7071067811865531200, -0.7071067811865420200 ) ) ;
#3778 = EDGE_CURVE ( 'NONE', #5078, #6413, #203, .T. ) ;
#3779 = DIRECTION ( 'NONE',  ( 0.0000000000000000000, 0.0000000000000000000, -1.000000000000000000 ) ) ;
#3780 = VECTOR ( 'NONE', #6811, 1000.000000000000100 ) ;
#3781 = CARTESIAN_POINT ( 'NONE',  ( 12.90054052399948000, 0.07009548768148118900, -5.130000000000000800 ) ) ;
#3782 = LINE ( 'NONE', #8685, #7571 ) ;
#3783 = CARTESIAN_POINT ( 'NONE',  ( -11.50000000000000000, 9.199999999999999300, 11.50000000000000000 ) ) ;
#3784 = DIRECTION ( 'NONE',  ( 1.000000000000000000, 0.0000000000000000000, 0.0000000000000000000 ) ) ;
#3785 = LINE ( 'NONE', #8223, #2042 ) ;
#3786 =( BOUNDED_SURFACE ( )  B_SPLINE_SURFACE ( 3, 1, ( 
 ( #6506, #8334 ),
 ( #5587, #6271 ),
 ( #7173, #466 ),
 ( #6942, #4288 ) ),
 .UNSPECIFIED., .F., .F., .F. ) 
 B_SPLINE_SURFACE_WITH_KNOTS ( ( 4, 4 ),
 ( 2, 2 ),
 ( 0.0000000000000000000, 1.000000000000000000 ),
 ( 0.0000000000000000000, 1.000000000000000000 ),
 .UNSPECIFIED. ) 
 GEOMETRIC_REPRESENTATION_ITEM ( )  RATIONAL_B_SPLINE_SURFACE ( (
 ( 1.000000000000000000, 1.000000000000000000),
 ( 0.8024656882795150300, 0.8024656882795150300),
 ( 0.8024656882795150300, 0.8024656882795150300),
 ( 1.000000000000000000, 1.000000000000000000) ) ) 
 REPRESENTATION_ITEM ( '' )  SURFACE ( )  );
#3787 = ADVANCED_FACE ( 'NONE', ( #5972 ), #2632, .T. ) ;
#3788 = EDGE_CURVE ( 'NONE', #4217, #6334, #6491, .T. ) ;
#3789 = ORIENTED_EDGE ( 'NONE', *, *, #909, .T. ) ;
#3790 = CARTESIAN_POINT ( 'NONE',  ( 10.16000000000000000, -6.299999999999999800, 9.960000000000011500 ) ) ;
#3791 = ADVANCED_FACE ( 'NONE', ( #5113 ), #3341, .T. ) ;
#3792 = AXIS2_PLACEMENT_3D ( 'NONE', #3717, #4326, #309 ) ;
#3793 = SURFACE_STYLE_FILL_AREA ( #8016 ) ;
#3794 = ORIENTED_EDGE ( 'NONE', *, *, #1986, .F. ) ;
#3795 = ORIENTED_EDGE ( 'NONE', *, *, #7240, .F. ) ;
#3796 = LINE ( 'NONE', #8145, #5792 ) ;
#3797 = CARTESIAN_POINT ( 'NONE',  ( -11.70351619020334200, -0.4648426890406490200, -7.130000000000000800 ) ) ;
#3798 = EDGE_CURVE ( 'NONE', #4994, #3683, #1582, .T. ) ;
#3799 = CARTESIAN_POINT ( 'NONE',  ( -0.5000000000000000000, 16.82000000000000000, -4.850000000000000500 ) ) ;
#3800 = CARTESIAN_POINT ( 'NONE',  ( 11.86011120661946100, -0.7120816677289799600, 7.130000000000000800 ) ) ;
#3801 = EDGE_CURVE ( 'NONE', #69, #3532, #2420, .T. ) ;
#3802 = AXIS2_PLACEMENT_3D ( 'NONE', #7088, #1787, #7745 ) ;
#3803 = CARTESIAN_POINT ( 'NONE',  ( -12.39606240534999400, -0.4300000000001086800, 7.129999999999999900 ) ) ;
#3804 = VECTOR ( 'NONE', #5744, 1000.000000000000000 ) ;
#3805 = ORIENTED_EDGE ( 'NONE', *, *, #4376, .F. ) ;
#3806 = EDGE_LOOP ( 'NONE', ( #614, #4319, #7067, #2160 ) ) ;
#3807 = ORIENTED_EDGE ( 'NONE', *, *, #57, .T. ) ;
#3808 = VERTEX_POINT ( 'NONE', #4726 ) ;
#3809 = ORIENTED_EDGE ( 'NONE', *, *, #7703, .F. ) ;
#3810 = DIRECTION ( 'NONE',  ( -1.000000000000000000, 0.0000000000000000000, 0.0000000000000000000 ) ) ;
#3811 = CIRCLE ( 'NONE', #5155, 0.5000000000000004400 ) ;
#3812 = CARTESIAN_POINT ( 'NONE',  ( -5.950000000000000200, 16.82000000000000000, -12.40000000000000000 ) ) ;
#3813 = VECTOR ( 'NONE', #2940, 1000.000000000000000 ) ;
#3814 = CARTESIAN_POINT ( 'NONE',  ( -12.24959361958396000, -0.4300000000001086800, 7.129999999999999900 ) ) ;
#3815 = CARTESIAN_POINT ( 'NONE',  ( 12.49959361958396000, 11.96502041546510100, -7.400000000000000400 ) ) ;
#3816 = ORIENTED_EDGE ( 'NONE', *, *, #4202, .F. ) ;
#3817 = EDGE_CURVE ( 'NONE', #5205, #7227, #836, .T. ) ;
#3818 = CARTESIAN_POINT ( 'NONE',  ( 12.40000000000000000, 16.82000000000000000, 7.849999999999999600 ) ) ;
#3819 = ORIENTED_EDGE ( 'NONE', *, *, #1063, .T. ) ;
#3820 = CARTESIAN_POINT ( 'NONE',  ( -12.24959361958396000, -0.4300000000001086800, 5.129999999999999900 ) ) ;
#3821 = LINE ( 'NONE', #1685, #2695 ) ;
#3822 = CARTESIAN_POINT ( 'NONE',  ( 10.16000000000000000, -6.299999999999999800, 10.16000000000000000 ) ) ;
#3823 = CARTESIAN_POINT ( 'NONE',  ( -11.50000000000000000, -0.6999999999999999600, -7.400000000000000400 ) ) ;
#3824 = ORIENTED_EDGE ( 'NONE', *, *, #5352, .F. ) ;
#3825 = LINE ( 'NONE', #4571, #2900 ) ;
#3826 = ORIENTED_EDGE ( 'NONE', *, *, #2882, .T. ) ;
#3827 = EDGE_CURVE ( 'NONE', #7, #8086, #7738, .T. ) ;
#3828 = EDGE_LOOP ( 'NONE', ( #327, #2748, #6908, #2124, #3417 ) ) ;
#3829 = CARTESIAN_POINT ( 'NONE',  ( -11.59960032407806100, -0.02134362361127549800, 5.129999999999999900 ) ) ;
#3830 = CARTESIAN_POINT ( 'NONE',  ( 11.61683953726132000, -0.2054565999144494800, 7.130000000000000800 ) ) ;
#3831 = ORIENTED_EDGE ( 'NONE', *, *, #4896, .F. ) ;
#3833 = PLANE ( 'NONE',  #1523 ) ;
#3832 = CARTESIAN_POINT ( 'NONE',  ( -11.50000000000000000, -0.6999999999999999600, 4.500000000000000000 ) ) ;
#3834 = ORIENTED_EDGE ( 'NONE', *, *, #2479, .T. ) ;
#3835 = VECTOR ( 'NONE', #1163, 1000.000000000000000 ) ;
#3836 = VECTOR ( 'NONE', #4430, 1000.000000000000000 ) ;
#3837 = ORIENTED_EDGE ( 'NONE', *, *, #4554, .F. ) ;
#3838 = ADVANCED_FACE ( 'NONE', ( #3234 ), #1696, .T. ) ;
#3839 = CARTESIAN_POINT ( 'NONE',  ( 11.70351619020334200, -0.4648426890406490200, -7.130000000000000800 ) ) ;
#3840 = ORIENTED_EDGE ( 'NONE', *, *, #2212, .T. ) ;
#3842 = DIRECTION ( 'NONE',  ( 0.0000000000000000000, 1.000000000000000000, 0.0000000000000000000 ) ) ;
#3841 = DIRECTION ( 'NONE',  ( 0.0000000000000000000, 0.0000000000000000000, 1.000000000000000000 ) ) ;
#3843 = CARTESIAN_POINT ( 'NONE',  ( -10.90000000000000000, 11.19999999999999900, -12.40000000000000000 ) ) ;
#3844 = EDGE_CURVE ( 'NONE', #5381, #5509, #828, .T. ) ;
#3845 = CARTESIAN_POINT ( 'NONE',  ( -11.90000000000040200, 17.32000000000000000, -12.40000000000000000 ) ) ;
#3846 = VECTOR ( 'NONE', #3205, 1000.000000000000000 ) ;
#3847 = VERTEX_POINT ( 'NONE', #8397 ) ;
#3848 = PRESENTATION_STYLE_ASSIGNMENT (( #6712 ) ) ;
#3849 = EDGE_LOOP ( 'NONE', ( #5102, #2076, #2011, #3298 ) ) ;
#3850 = ADVANCED_FACE ( 'NONE', ( #2826 ), #8612, .F. ) ;
#3851 = VECTOR ( 'NONE', #5828, 1000.000000000000000 ) ;
#3852 = LINE ( 'NONE', #1753, #95 ) ;
#3853 = EDGE_CURVE ( 'NONE', #8341, #6237, #1343, .T. ) ;
#3854 = LINE ( 'NONE', #7277, #8178 ) ;
#3855 = DIRECTION ( 'NONE',  ( 1.000000000000000000, 0.0000000000000000000, 0.0000000000000000000 ) ) ;
#3856 = VERTEX_POINT ( 'NONE', #3724 ) ;
#3857 = CARTESIAN_POINT ( 'NONE',  ( -12.90054052399948000, 0.07009548768148118900, 7.130000000000000800 ) ) ;
#3858 = DIRECTION ( 'NONE',  ( 0.0000000000000000000, 0.0000000000000000000, 1.000000000000000000 ) ) ;
#3859 = CARTESIAN_POINT ( 'NONE',  ( -11.75012184387840000, 0.0000000000000000000, -12.55000000000000100 ) ) ;
#3861 = DIRECTION ( 'NONE',  ( -1.000000000000000000, 0.0000000000000000000, 1.365923996832131900E-016 ) ) ;
#3860 = DIRECTION ( 'NONE',  ( -1.000000000000000000, 0.0000000000000000000, 3.614007241618350000E-015 ) ) ;
#3862 = CARTESIAN_POINT ( 'NONE',  ( -10.16000000000000000, -0.6999999999999999600, 10.16000000000000000 ) ) ;
#3863 = ADVANCED_FACE ( 'NONE', ( #101 ), #4983, .T. ) ;
#3864 = AXIS2_PLACEMENT_3D ( 'NONE', #7655, #8373, #4321 ) ;
#3865 = PRESENTATION_STYLE_ASSIGNMENT (( #4732 ) ) ;
#3866 = EDGE_CURVE ( 'NONE', #5557, #6933, #4993, .T. ) ;
#3867 = DIRECTION ( 'NONE',  ( -1.000000000000000000, 0.0000000000000000000, 0.0000000000000000000 ) ) ;
#3868 = ORIENTED_EDGE ( 'NONE', *, *, #7537, .T. ) ;
#3869 = ORIENTED_EDGE ( 'NONE', *, *, #898, .F. ) ;
#3870 = CARTESIAN_POINT ( 'NONE',  ( 6.450000000000000200, 12.20000000000000100, -12.40000000000000000 ) ) ;
#3871 = FILL_AREA_STYLE_COLOUR ( '', #7990 ) ;
#3872 = CARTESIAN_POINT ( 'NONE',  ( 11.69959361958395900, 11.96502041546134100, 4.859999999999999400 ) ) ;
#3874 = DIRECTION ( 'NONE',  ( -2.098455817713879800E-016, -0.0000000000000000000, -1.000000000000000000 ) ) ;
#3873 = CARTESIAN_POINT ( 'NONE',  ( -5.950000000000000200, 17.32000000000000000, 4.850000000000000500 ) ) ;
#3875 = FACE_OUTER_BOUND ( 'NONE', #2381, .T. ) ;
#3876 = LINE ( 'NONE', #4658, #6296 ) ;
#3877 = DIRECTION ( 'NONE',  ( -2.797941090285175100E-016, 0.0000000000000000000, -1.000000000000000000 ) ) ;
#3878 = DIRECTION ( 'NONE',  ( 0.0000000000000000000, 0.0000000000000000000, 1.000000000000000000 ) ) ;
#3879 = LINE ( 'NONE', #5596, #8103 ) ;
#3880 = ORIENTED_EDGE ( 'NONE', *, *, #5267, .F. ) ;
#3881 = LINE ( 'NONE', #3719, #1082 ) ;
#3882 = PRESENTATION_LAYER_ASSIGNMENT (  '', '', ( #2735 ) ) ;
#3883 = AXIS2_PLACEMENT_3D ( 'NONE', #5678, #5022, #3711 ) ;
#3884 = CARTESIAN_POINT ( 'NONE',  ( 12.49958205907933400, 0.07480837547085372700, -7.129999999999999900 ) ) ;
#3885 = DIRECTION ( 'NONE',  ( -3.273063162220390300E-016, 0.0000000000000000000, 1.000000000000000000 ) ) ;
#3886 =( NAMED_UNIT ( * ) PLANE_ANGLE_UNIT ( ) SI_UNIT ( $, .RADIAN. ) );
#3887 = CARTESIAN_POINT ( 'NONE',  ( -11.70351619020334200, -0.4648426890406490200, 5.129999999999999900 ) ) ;
#3888 = CARTESIAN_POINT ( 'NONE',  ( 5.450000000000399900, 12.20000000000000100, 4.850000000000000500 ) ) ;
#3889 = CARTESIAN_POINT ( 'NONE',  ( 12.79669646790869900, -0.4647624511386099800, 7.130000000000000800 ) ) ;
#3890 =( NAMED_UNIT ( * ) SI_UNIT ( $, .STERADIAN. ) SOLID_ANGLE_UNIT ( ) );
#3891 = ORIENTED_EDGE ( 'NONE', *, *, #7498, .T. ) ;
#3892 = ADVANCED_FACE ( 'NONE', ( #743 ), #4306, .T. ) ;
#3893 = LINE ( 'NONE', #1309, #4304 ) ;
#3894 = EDGE_CURVE ( 'NONE', #3532, #8087, #5217, .T. ) ;
#3895 = ORIENTED_EDGE ( 'NONE', *, *, #6270, .T. ) ;
#3896 = PLANE ( 'NONE',  #4581 ) ;
#3898 = CARTESIAN_POINT ( 'NONE',  ( 0.9974411843539802100, 12.19744118435426100, -4.850000000000000500 ) ) ;
#3897 = CARTESIAN_POINT ( 'NONE',  ( 11.74272260875548000, 0.4239018962894360300, -12.54260076487707900 ) ) ;
#3899 = CARTESIAN_POINT ( 'NONE',  ( 12.55000000000001300, 0.0000000000000000000, 12.21870917212954700 ) ) ;
#3900 = CARTESIAN_POINT ( 'NONE',  ( -12.41342400751739900, 7.824433369012191400, 11.61354585139582000 ) ) ;
#3901 = ORIENTED_EDGE ( 'NONE', *, *, #6503, .T. ) ;
#3903 = CARTESIAN_POINT ( 'NONE',  ( -0.5000000000000000000, 12.20000000000000100, -12.40000000000000000 ) ) ;
#3902 = CARTESIAN_POINT ( 'NONE',  ( -12.40000000000000000, 11.70000000000000100, -7.849999999999999600 ) ) ;
#3904 = VECTOR ( 'NONE', #2282, 1000.000000000000000 ) ;
#3905 = AXIS2_PLACEMENT_3D ( 'NONE', #8684, #4633, #1321 ) ;
#3906 = EDGE_CURVE ( 'NONE', #6312, #2822, #8392, .T. ) ;
#3907 = ORIENTED_EDGE ( 'NONE', *, *, #291, .F. ) ;
#3908 = ORIENTED_EDGE ( 'NONE', *, *, #6189, .T. ) ;
#3909 = CARTESIAN_POINT ( 'NONE',  ( -10.16000000000000000, -6.299999999999999800, 10.16000000000000000 ) ) ;
#3910 = VECTOR ( 'NONE', #2776, 1000.000000000000000 ) ;
#3911 = VERTEX_POINT ( 'NONE', #5904 ) ;
#3912 = DIRECTION ( 'NONE',  ( -6.994852725712929000E-017, 0.0000000000000000000, -1.000000000000000000 ) ) ;
#3913 = CARTESIAN_POINT ( 'NONE',  ( 12.64013774716952000, -0.7120244148728569500, 5.129999999999999900 ) ) ;
#3914 = ORIENTED_EDGE ( 'NONE', *, *, #7129, .T. ) ;
#3915 = DIRECTION ( 'NONE',  ( 1.000000000000000000, 0.0000000000000000000, 0.0000000000000000000 ) ) ;
#3916 = DIRECTION ( 'NONE',  ( -1.000000000000000000, 0.0000000000000000000, 0.0000000000000000000 ) ) ;
#3917 = FACE_OUTER_BOUND ( 'NONE', #6916, .T. ) ;
#3918 = EDGE_CURVE ( 'NONE', #1749, #5381, #5006, .T. ) ;
#3919 = DIRECTION ( 'NONE',  ( 0.0000000000000000000, 0.0000000000000000000, -1.000000000000000000 ) ) ;
#3920 = ORIENTED_EDGE ( 'NONE', *, *, #8628, .F. ) ;
#3921 = AXIS2_PLACEMENT_3D ( 'NONE', #7969, #8716, #1323 ) ;
#3922 = CONICAL_SURFACE ( 'NONE', #6108, 0.1999999999999883800, 0.7853981633974476100 ) ;
#3923 = CARTESIAN_POINT ( 'NONE',  ( -0.5000000000000000000, 12.20000000000000100, 12.40000000000000000 ) ) ;
#3924 = CARTESIAN_POINT ( 'NONE',  ( 11.50000000000000000, 9.700000000000001100, 11.50000000000000000 ) ) ;
#3925 = CARTESIAN_POINT ( 'NONE',  ( -11.40000000000040200, 16.82000000000000000, 12.40000000000000000 ) ) ;
#3926 = DIRECTION ( 'NONE',  ( 1.000000000000000000, 0.0000000000000000000, 0.0000000000000000000 ) ) ;
#3927 = EDGE_CURVE ( 'NONE', #5082, #4549, #4584, .T. ) ;
#3928 = DIRECTION ( 'NONE',  ( 0.0000000000000000000, 0.0000000000000000000, 1.000000000000000000 ) ) ;
#3929 = ORIENTED_EDGE ( 'NONE', *, *, #6799, .T. ) ;
#3930 = ORIENTED_EDGE ( 'NONE', *, *, #4029, .F. ) ;
#3931 = LINE ( 'NONE', #6617, #6878 ) ;
#3932 = ADVANCED_FACE ( 'NONE', ( #1041 ), #7671, .F. ) ;
#3933 = AXIS2_PLACEMENT_3D ( 'NONE', #18, #6059, #7477 ) ;
#3934 = LINE ( 'NONE', #8663, #2186 ) ;
#3935 = VERTEX_POINT ( 'NONE', #2581 ) ;
#3936 = CARTESIAN_POINT ( 'NONE',  ( 11.40000000000040200, 12.20000000000000100, -7.849999999999999600 ) ) ;
#3937 = VERTEX_POINT ( 'NONE', #3818 ) ;
#3938 = ORIENTED_EDGE ( 'NONE', *, *, #8014, .T. ) ;
#3939 = LINE ( 'NONE', #2250, #3732 ) ;
#3940 = EDGE_CURVE ( 'NONE', #7908, #5579, #5858, .T. ) ;
#3941 = DIRECTION ( 'NONE',  ( 0.0000000000000000000, 0.0000000000000000000, 1.000000000000000000 ) ) ;
#3942 = CARTESIAN_POINT ( 'NONE',  ( -12.69999999999999900, -0.6999999999999999600, -7.400000000000000400 ) ) ;
#3943 = FACE_OUTER_BOUND ( 'NONE', #4429, .T. ) ;
#3944 = PLANE ( 'NONE',  #2084 ) ;
#3945 = ORIENTED_EDGE ( 'NONE', *, *, #2979, .F. ) ;
#3946 = DIRECTION ( 'NONE',  ( 1.000000000000000000, 0.0000000000000000000, 0.0000000000000000000 ) ) ;
#3947 = VERTEX_POINT ( 'NONE', #3179 ) ;
#3948 = CARTESIAN_POINT ( 'NONE',  ( -11.55390823631167900, 13.15614453969378100, -7.400000000000000400 ) ) ;
#3949 = ORIENTED_EDGE ( 'NONE', *, *, #3378, .F. ) ;
#3950 = AXIS2_PLACEMENT_3D ( 'NONE', #1626, #8299, #2354 ) ;
#3951 = VERTEX_POINT ( 'NONE', #7224 ) ;
#3952 = LINE ( 'NONE', #1706, #934 ) ;
#3953 = VECTOR ( 'NONE', #8702, 1000.000000000000000 ) ;
#3954 = AXIS2_PLACEMENT_3D ( 'NONE', #8295, #6844, #2844 ) ;
#3955 = CARTESIAN_POINT ( 'NONE',  ( -10.90000000000000000, 11.19999999999999900, 12.40000000000000000 ) ) ;
#3956 = VERTEX_POINT ( 'NONE', #4576 ) ;
#3958 = DIRECTION ( 'NONE',  ( -1.000000000000000000, 0.0000000000000000000, 0.0000000000000000000 ) ) ;
#3957 = CARTESIAN_POINT ( 'NONE',  ( -11.61354585139580000, 7.810471443862431000, 11.61354585139582000 ) ) ;
#3959 = DIRECTION ( 'NONE',  ( -1.000000000000000000, 0.0000000000000000000, 0.0000000000000000000 ) ) ;
#3960 = EDGE_CURVE ( 'NONE', #5531, #189, #2113, .T. ) ;
#3961 = VECTOR ( 'NONE', #5817, 1000.000000000000000 ) ;
#3962 = ORIENTED_EDGE ( 'NONE', *, *, #739, .F. ) ;
#3964 = DIRECTION ( 'NONE',  ( 0.0000000000000000000, 0.0000000000000000000, 1.000000000000000000 ) ) ;
#3963 = CARTESIAN_POINT ( 'NONE',  ( 12.90054722849359900, -0.8306078065220959800, -5.129999999999999900 ) ) ;
#3965 = CYLINDRICAL_SURFACE ( 'NONE', #5804, 0.5000000000000004400 ) ;
#3966 = EDGE_LOOP ( 'NONE', ( #3524, #886, #1565, #661 ) ) ;
#3967 = LINE ( 'NONE', #5000, #5222 ) ;
#3968 = DIRECTION ( 'NONE',  ( -1.000000000000000000, -9.109505398131430300E-018, 0.0000000000000000000 ) ) ;
#3969 = SURFACE_STYLE_FILL_AREA ( #856 ) ;
#3970 = ORIENTED_EDGE ( 'NONE', *, *, #86, .T. ) ;
#3971 = ORIENTED_EDGE ( 'NONE', *, *, #5981, .F. ) ;
#3972 = ORIENTED_EDGE ( 'NONE', *, *, #2142, .F. ) ;
#3973 = EDGE_CURVE ( 'NONE', #917, #5980, #7959, .T. ) ;
#3975 = VECTOR ( 'NONE', #2692, 1000.000000000000000 ) ;
#3974 = SURFACE_SIDE_STYLE ('',( #3793 ) ) ;
#3976 = DIRECTION ( 'NONE',  ( 0.0000000000000000000, 0.0000000000000000000, 1.000000000000000000 ) ) ;
#3977 = DIRECTION ( 'NONE',  ( 0.0000000000000000000, 0.0000000000000000000, 1.000000000000000000 ) ) ;
#3978 = ORIENTED_EDGE ( 'NONE', *, *, #4736, .F. ) ;
#3979 = ORIENTED_EDGE ( 'NONE', *, *, #8422, .T. ) ;
#3980 = CARTESIAN_POINT ( 'NONE',  ( -12.69999999999999900, 0.0000000000000000000, 12.69999999999999900 ) ) ;
#3981 = AXIS2_PLACEMENT_3D ( 'NONE', #2559, #7314, #8632 ) ;
#3982 = EDGE_CURVE ( 'NONE', #5318, #3947, #519, .T. ) ;
#3983 = DIRECTION ( 'NONE',  ( 1.000000000000000000, 0.0000000000000000000, -6.994852725712929000E-017 ) ) ;
#3984 = DIRECTION ( 'NONE',  ( 0.0000000000000000000, 0.0000000000000000000, 1.000000000000000000 ) ) ;
#3985 = FACE_OUTER_BOUND ( 'NONE', #6832, .T. ) ;
#3986 = SURFACE_SIDE_STYLE ('',( #1763 ) ) ;
#3987 = DIRECTION ( 'NONE',  ( -0.9925062874861873000, 0.1221935730731606400, 0.0000000000000000000 ) ) ;
#3988 = DIRECTION ( 'NONE',  ( 0.0000000000000000000, -0.9998476951563912700, 0.01745240643728020500 ) ) ;
#3989 = ADVANCED_FACE ( 'NONE', ( #4070 ), #3248, .F. ) ;
#3990 = LINE ( 'NONE', #7757, #5147 ) ;
#3991 = ORIENTED_EDGE ( 'NONE', *, *, #3817, .T. ) ;
#3992 = FACE_OUTER_BOUND ( 'NONE', #3828, .T. ) ;
#3993 = SURFACE_SIDE_STYLE ('',( #4453 ) ) ;
#3994 = EDGE_CURVE ( 'NONE', #1426, #8437, #4799, .T. ) ;
#3995 =( BOUNDED_CURVE ( )  B_SPLINE_CURVE ( 3, ( #2997, #2377, #1052, #1731 ),
 .UNSPECIFIED., .F., .F. ) 
 B_SPLINE_CURVE_WITH_KNOTS ( ( 4, 4 ),
 ( 0.0000000000000000000, 1.570987302159265500 ),
 .UNSPECIFIED. ) 
 CURVE ( )  GEOMETRIC_REPRESENTATION_ITEM ( )  RATIONAL_B_SPLINE_CURVE ( ( 1.000000000000000000, 0.8046928386502627500, 0.8046928386502627500, 1.000000000000000000 ) ) 
 REPRESENTATION_ITEM ( '' )  );
#3996 = VERTEX_POINT ( 'NONE', #6523 ) ;
#3997 = ORIENTED_EDGE ( 'NONE', *, *, #6858, .F. ) ;
#3998 = AXIS2_PLACEMENT_3D ( 'NONE', #127, #2985, #3563 ) ;
#3999 = VECTOR ( 'NONE', #6781, 1000.000000000000000 ) ;
#4000 = CARTESIAN_POINT ( 'NONE',  ( -11.50000000000000000, -0.6999999999999999600, 7.400000000000000400 ) ) ;
#4001 = DIRECTION ( 'NONE',  ( -1.000000000000000000, -4.372213365170680100E-016, 0.0000000000000000000 ) ) ;
#4003 =( NAMED_UNIT ( * ) PLANE_ANGLE_UNIT ( ) SI_UNIT ( $, .RADIAN. ) );
#4002 = CARTESIAN_POINT ( 'NONE',  ( -11.61683953726132000, -0.2054565999144494800, 7.129999999999999900 ) ) ;
#4004 = DIRECTION ( 'NONE',  ( 0.0000000000000000000, -1.000000000000000000, 0.0000000000000000000 ) ) ;
#4005 = VECTOR ( 'NONE', #4001, 1000.000000000000000 ) ;
#4006 = EDGE_LOOP ( 'NONE', ( #1370, #486, #7637, #6341 ) ) ;
#4007 = EDGE_CURVE ( 'NONE', #1126, #1574, #6387, .T. ) ;
#4008 = ORIENTED_EDGE ( 'NONE', *, *, #7537, .F. ) ;
#4009 = CONICAL_SURFACE ( 'NONE', #8666, 0.1999999999999883800, 0.7853981633974476100 ) ;
#4010 = DIRECTION ( 'NONE',  ( -1.000000000000000000, 0.0000000000000000000, 0.0000000000000000000 ) ) ;
#4011 = AXIS2_PLACEMENT_3D ( 'NONE', #1252, #7988, #5917 ) ;
#4012 = LINE ( 'NONE', #5860, #8339 ) ;
#4013 = FILL_AREA_STYLE ('',( #7354 ) ) ;
#4014 = DIRECTION ( 'NONE',  ( 0.0000000000000000000, 1.000000000000000000, 0.0000000000000000000 ) ) ;
#4015 = CARTESIAN_POINT ( 'NONE',  ( -6.450000000000000200, 12.20000000000000100, -12.40000000000000000 ) ) ;
#4017 = CARTESIAN_POINT ( 'NONE',  ( 0.0000000000000000000, 0.0000000000000000000, 0.0000000000000000000 ) ) ;
#4016 = PLANE ( 'NONE',  #2676 ) ;
#4018 = VERTEX_POINT ( 'NONE', #3873 ) ;
#4019 = ORIENTED_EDGE ( 'NONE', *, *, #1096, .F. ) ;
#4020 = VECTOR ( 'NONE', #6575, 1000.000000000000000 ) ;
#4021 = EDGE_CURVE ( 'NONE', #3435, #7975, #6605, .T. ) ;
#4022 = LINE ( 'NONE', #2056, #2378 ) ;
#4023 = DIRECTION ( 'NONE',  ( 0.0000000000000000000, 0.0000000000000000000, 1.000000000000000000 ) ) ;
#4024 = CARTESIAN_POINT ( 'NONE',  ( 11.59959361958396000, 0.06999999999988960900, -7.129999999999999900 ) ) ;
#4025 = EDGE_LOOP ( 'NONE', ( #4111, #3997, #4115 ) ) ;
#4026 = LINE ( 'NONE', #7074, #2279 ) ;
#4027 = ORIENTED_EDGE ( 'NONE', *, *, #7562, .T. ) ;
#4028 = PLANE ( 'NONE',  #120 ) ;
#4029 = EDGE_CURVE ( 'NONE', #6244, #5218, #6171, .T. ) ;
#4030 = CARTESIAN_POINT ( 'NONE',  ( 12.90054052399948000, 0.07009548768148289600, -7.400000000000000400 ) ) ;
#4031 = ORIENTED_EDGE ( 'NONE', *, *, #187, .F. ) ;
#4032 = DIRECTION ( 'NONE',  ( 0.0000000000000000000, 0.0000000000000000000, 1.000000000000000000 ) ) ;
#4033 = CIRCLE ( 'NONE', #5586, 0.5000000000000004400 ) ;
#4034 = CARTESIAN_POINT ( 'NONE',  ( 12.69999999999999900, -0.6999999999999999600, -7.400000000000000400 ) ) ;
#4035 = CARTESIAN_POINT ( 'NONE',  ( 11.50000000000000000, -0.6999999999999999600, -4.500000000000000000 ) ) ;
#4036 = CIRCLE ( 'NONE', #7881, 0.1999999999999883800 ) ;
#4037 = VERTEX_POINT ( 'NONE', #6558 ) ;
#4038 = PRESENTATION_LAYER_ASSIGNMENT (  '', '', ( #4200 ) ) ;
#4039 = DIRECTION ( 'NONE',  ( 0.0000000000000000000, 0.0000000000000000000, 1.000000000000000000 ) ) ;
#4040 = CLOSED_SHELL ( 'NONE', ( #4905, #877, #7054, #4078, #1635, #5400, #741, #6818, #4476, #5835, #5576, #760, #3932, #7401, #1402, #1186, #2556, #5559, #3344, #1482, #916, #8686, #2537, #1806, #7713, #2067, #523, #535, #5554, #5446, #1589, #4775 ) ) ;
#4041 = CARTESIAN_POINT ( 'NONE',  ( 12.38748595551268700, 8.119524294624222100, 12.38748595551268700 ) ) ;
#4042 = DIRECTION ( 'NONE',  ( 0.9925062874861873000, -0.1221935730731606400, 0.0000000000000000000 ) ) ;
#4043 = CARTESIAN_POINT ( 'NONE',  ( 11.40000000000040200, 12.20000000000000100, 12.40000000000000000 ) ) ;
#4044 = CIRCLE ( 'NONE', #3950, 0.5000000000000004400 ) ;
#4046 = CARTESIAN_POINT ( 'NONE',  ( -12.14317860656275100, 8.677184872610970600, -12.14317860656275400 ) ) ;
#4045 = CARTESIAN_POINT ( 'NONE',  ( 11.90000000000040200, 17.32000000000000000, -12.40000000000000000 ) ) ;
#4047 = LINE ( 'NONE', #3546, #7412 ) ;
#4048 = LINE ( 'NONE', #8218, #1666 ) ;
#4049 = EDGE_LOOP ( 'NONE', ( #4462, #4580, #3314, #3233, #4059, #1144 ) ) ;
#4050 = ORIENTED_EDGE ( 'NONE', *, *, #7820, .F. ) ;
#4051 = ORIENTED_EDGE ( 'NONE', *, *, #8101, .F. ) ;
#4052 = PRESENTATION_STYLE_ASSIGNMENT (( #388 ) ) ;
#4053 =( GEOMETRIC_REPRESENTATION_CONTEXT ( 3 ) GLOBAL_UNCERTAINTY_ASSIGNED_CONTEXT ( ( #1721 ) ) GLOBAL_UNIT_ASSIGNED_CONTEXT ( ( #6562, #3185, #1802 ) ) REPRESENTATION_CONTEXT ( 'NONE', 'WORKASPACE' ) );
#4054 = ADVANCED_FACE ( 'NONE', ( #8190 ), #4788, .F. ) ;
#4055 = PRESENTATION_LAYER_ASSIGNMENT (  '', '', ( #8460 ) ) ;
#4057 = FACE_OUTER_BOUND ( 'NONE', #2410, .T. ) ;
#4056 = CARTESIAN_POINT ( 'NONE',  ( 12.88333504276538100, -0.2053636409173125200, -7.129999999999999900 ) ) ;
#4058 = EDGE_LOOP ( 'NONE', ( #4213, #2294, #4709, #8368 ) ) ;
#4059 = ORIENTED_EDGE ( 'NONE', *, *, #850, .F. ) ;
#4060 = ORIENTED_EDGE ( 'NONE', *, *, #4603, .T. ) ;
#4061 = EDGE_CURVE ( 'NONE', #8462, #4547, #1271, .T. ) ;
#4062 = CARTESIAN_POINT ( 'NONE',  ( -11.90000000000040200, 16.82000000000000000, -12.40000000000000000 ) ) ;
#4063 = CARTESIAN_POINT ( 'NONE',  ( -11.50000000000000000, 9.199999999999999300, 11.50000000000000000 ) ) ;
#4064 = PLANE ( 'NONE',  #935 ) ;
#4065 = LINE ( 'NONE', #3031, #4170 ) ;
#4066 = LINE ( 'NONE', #1212, #7112 ) ;
#4067 = CARTESIAN_POINT ( 'NONE',  ( -11.69959361958395900, 11.96502041546510100, -7.400000000000000400 ) ) ;
#4068 = CARTESIAN_POINT ( 'NONE',  ( 12.55000000000000100, 0.0000000000000000000, -7.400000000000000400 ) ) ;
#4069 = EDGE_LOOP ( 'NONE', ( #869, #1897, #1324, #7380 ) ) ;
#4070 = FACE_OUTER_BOUND ( 'NONE', #3656, .T. ) ;
#4071 = VERTEX_POINT ( 'NONE', #5255 ) ;
#4072 = CARTESIAN_POINT ( 'NONE',  ( -0.5000000000000000000, 12.20000000000000100, -4.850000000000000500 ) ) ;
#4073 = CARTESIAN_POINT ( 'NONE',  ( -11.55390823631167900, 13.15614453969378100, -7.400000000000000400 ) ) ;
#4074 = CARTESIAN_POINT ( 'NONE',  ( 5.450000000000399900, 16.82000000000000000, -12.40000000000000000 ) ) ;
#4075 = CARTESIAN_POINT ( 'NONE',  ( -5.450000000000399900, 12.20000000000000100, -12.40000000000000000 ) ) ;
#4076 = EDGE_CURVE ( 'NONE', #8136, #5961, #3022, .T. ) ;
#4077 = CARTESIAN_POINT ( 'NONE',  ( -11.58024126974192000, 8.269388219921030000, -12.33571331699212200 ) ) ;
#4078 = ADVANCED_FACE ( 'NONE', ( #2323 ), #1153, .F. ) ;
#4079 = ORIENTED_EDGE ( 'NONE', *, *, #5474, .F. ) ;
#4080 = CARTESIAN_POINT ( 'NONE',  ( -12.38748595551268200, 8.119524294624183000, 12.38748595551273400 ) ) ;
#4081 = DIRECTION ( 'NONE',  ( 1.000000000000000000, 9.109505398131430300E-018, 0.0000000000000000000 ) ) ;
#4082 = LINE ( 'NONE', #4971, #7453 ) ;
#4083 = EDGE_CURVE ( 'NONE', #4549, #3647, #3854, .T. ) ;
#4084 = VECTOR ( 'NONE', #3176, 1000.000000000000000 ) ;
#4085 = DIRECTION ( 'NONE',  ( 1.000000000000000000, 0.0000000000000000000, 0.0000000000000000000 ) ) ;
#4086 = DIRECTION ( 'NONE',  ( -1.000000000000000000, 0.0000000000000000000, 0.0000000000000000000 ) ) ;
#4088 = CARTESIAN_POINT ( 'NONE',  ( 6.450000000000000200, 16.82000000000000000, -12.40000000000000000 ) ) ;
#4087 = CARTESIAN_POINT ( 'NONE',  ( 5.450000000000399900, 12.20000000000000100, -7.849999999999999600 ) ) ;
#4089 = DIRECTION ( 'NONE',  ( -0.9925062874861873000, 0.1221935730731606400, 0.0000000000000000000 ) ) ;
#4090 = VECTOR ( 'NONE', #7575, 1000.000000000000000 ) ;
#4091 =( GEOMETRIC_REPRESENTATION_CONTEXT ( 3 ) GLOBAL_UNCERTAINTY_ASSIGNED_CONTEXT ( ( #4158 ) ) GLOBAL_UNIT_ASSIGNED_CONTEXT ( ( #371, #4924, #2355 ) ) REPRESENTATION_CONTEXT ( 'NONE', 'WORKASPACE' ) );
#4092 = LINE ( 'NONE', #5717, #437 ) ;
#4093 = EDGE_CURVE ( 'NONE', #8271, #8179, #5648, .T. ) ;
#4095 = CARTESIAN_POINT ( 'NONE',  ( 11.37601578601658400, 9.164376660937346500, 11.16894232789284700 ) ) ;
#4094 =( NAMED_UNIT ( * ) SI_UNIT ( $, .STERADIAN. ) SOLID_ANGLE_UNIT ( ) );
#4096 = VERTEX_POINT ( 'NONE', #3125 ) ;
#4098 = CARTESIAN_POINT ( 'NONE',  ( -11.31271048152957100, 9.027136750311882500, -11.71147481116704400 ) ) ;
#4097 = CARTESIAN_POINT ( 'NONE',  ( -12.49959361958396000, 0.06999999999989130200, -7.400000000000000400 ) ) ;
#4099 = VECTOR ( 'NONE', #7986, 1000.000000000000000 ) ;
#4100 = ORIENTED_EDGE ( 'NONE', *, *, #2433, .F. ) ;
#4101 = EDGE_LOOP ( 'NONE', ( #4883, #1393, #676, #999 ) ) ;
#4102 = CARTESIAN_POINT ( 'NONE',  ( -11.53077889234444900, 8.515662474953389300, 12.22030110306540300 ) ) ;
#4103 = ORIENTED_EDGE ( 'NONE', *, *, #5445, .T. ) ;
#4104 = CARTESIAN_POINT ( 'NONE',  ( 12.90054722849359900, 0.07009548768149509400, -4.859999999999999400 ) ) ;
#4105 = LINE ( 'NONE', #4147, #2454 ) ;
#4106 = EDGE_CURVE ( 'NONE', #5831, #6854, #1902, .T. ) ;
#4107 = ORIENTED_EDGE ( 'NONE', *, *, #8653, .F. ) ;
#4108 = STYLED_ITEM ( 'NONE', ( #5231 ), #3863 ) ;
#4109 = AXIS2_PLACEMENT_3D ( 'NONE', #2877, #1602, #7466 ) ;
#4110 = ADVANCED_FACE ( 'NONE', ( #2732 ), #6648, .T. ) ;
#4111 = ORIENTED_EDGE ( 'NONE', *, *, #1571, .T. ) ;
#4112 = CARTESIAN_POINT ( 'NONE',  ( -11.60183876112544100, 12.75902544545406100, 7.400000000000000400 ) ) ;
#4113 = ORIENTED_EDGE ( 'NONE', *, *, #2533, .T. ) ;
#4114 = CARTESIAN_POINT ( 'NONE',  ( 0.4999999999996029800, 12.19744118435426100, -12.40000000000000000 ) ) ;
#4115 = ORIENTED_EDGE ( 'NONE', *, *, #253, .F. ) ;
#4116 = EDGE_CURVE ( 'NONE', #2878, #7693, #5544, .T. ) ;
#4117 = DIRECTION ( 'NONE',  ( -1.000000000000000000, 0.0000000000000000000, 0.0000000000000000000 ) ) ;
#4118 = ORIENTED_EDGE ( 'NONE', *, *, #2162, .T. ) ;
#4119 = AXIS2_PLACEMENT_3D ( 'NONE', #6435, #4979, #8419 ) ;
#4120 = CARTESIAN_POINT ( 'NONE',  ( 11.69959361958395900, 11.96502041546134100, 4.859999999999999400 ) ) ;
#4121 = CARTESIAN_POINT ( 'NONE',  ( 10.16000000000000000, -6.299999999999999800, -2.340000000000011800 ) ) ;
#4122 = CARTESIAN_POINT ( 'NONE',  ( 10.90000000000040000, 11.70000000000000100, -4.850000000000000500 ) ) ;
#4123 = FILL_AREA_STYLE ('',( #3409 ) ) ;
#4125 = CARTESIAN_POINT ( 'NONE',  ( -11.71147481116696600, 9.027136750311914400, -11.31271048152957100 ) ) ;
#4124 = DIRECTION ( 'NONE',  ( 0.0000000000000000000, 0.0000000000000000000, 1.000000000000000000 ) ) ;
#4126 = LINE ( 'NONE', #4772, #2172 ) ;
#4127 = ORIENTED_EDGE ( 'NONE', *, *, #5193, .T. ) ;
#4128 = EDGE_CURVE ( 'NONE', #1697, #1217, #4481, .T. ) ;
#4129 = CARTESIAN_POINT ( 'NONE',  ( -11.27563736157504300, 9.184826591062867300, 11.27563736157507900 ) ) ;
#4130 = CIRCLE ( 'NONE', #5452, 0.8000000000000003800 ) ;
#4131 = CARTESIAN_POINT ( 'NONE',  ( 11.40000000000040200, 12.20000000000000100, -7.849999999999999600 ) ) ;
#4132 = CARTESIAN_POINT ( 'NONE',  ( 12.05953900380486100, 8.735040084441907400, -11.46188084980383700 ) ) ;
#4133 = EDGE_LOOP ( 'NONE', ( #3895, #2359, #1213, #3419 ) ) ;
#4134 = AXIS2_PLACEMENT_3D ( 'NONE', #8421, #6989, #5612 ) ;
#4135 = PRESENTATION_STYLE_ASSIGNMENT (( #2780 ) ) ;
#4136 = FACE_OUTER_BOUND ( 'NONE', #5438, .T. ) ;
#4137 = EDGE_CURVE ( 'NONE', #5531, #300, #1159, .T. ) ;
#4138 = FACE_OUTER_BOUND ( 'NONE', #3000, .T. ) ;
#4139 = CARTESIAN_POINT ( 'NONE',  ( -5.950000000000000200, 17.32000000000000000, -12.40000000000000000 ) ) ;
#4140 = ORIENTED_EDGE ( 'NONE', *, *, #1923, .T. ) ;
#4141 = ORIENTED_EDGE ( 'NONE', *, *, #5734, .F. ) ;
#4142 = ORIENTED_EDGE ( 'NONE', *, *, #672, .F. ) ;
#4143 = VECTOR ( 'NONE', #2541, 1000.000000000000000 ) ;
#4144 = LINE ( 'NONE', #7543, #7524 ) ;
#4145 =( BOUNDED_CURVE ( )  B_SPLINE_CURVE ( 3, ( #3078, #3030, #5661, #6302 ),
 .UNSPECIFIED., .F., .T. ) 
 B_SPLINE_CURVE_WITH_KNOTS ( ( 4, 4 ),
 ( 4.712198005020339600, 6.283185307179586200 ),
 .UNSPECIFIED. ) 
 CURVE ( )  GEOMETRIC_REPRESENTATION_ITEM ( )  RATIONAL_B_SPLINE_CURVE ( ( 1.000000000000000000, 0.8046928386502671900, 0.8046928386502671900, 1.000000000000000000 ) ) 
 REPRESENTATION_ITEM ( '' )  );
#4146 = VERTEX_POINT ( 'NONE', #3385 ) ;
#4147 = CARTESIAN_POINT ( 'NONE',  ( 11.40000000000040200, 12.20000000000000100, 12.40000000000000000 ) ) ;
#4148 = ORIENTED_EDGE ( 'NONE', *, *, #7927, .T. ) ;
#4150 = DIRECTION ( 'NONE',  ( 0.0000000000000000000, 1.000000000000000000, 0.0000000000000000000 ) ) ;
#4149 = CARTESIAN_POINT ( 'NONE',  ( 12.55000000000000100, 0.0000000000000000000, -11.75012184387840000 ) ) ;
#4151 = DIRECTION ( 'NONE',  ( -1.000000000000000000, 0.0000000000000000000, 0.0000000000000000000 ) ) ;
#4152 = ORIENTED_EDGE ( 'NONE', *, *, #1542, .T. ) ;
#4154 = CARTESIAN_POINT ( 'NONE',  ( 0.0000000000000000000, 9.199999999999999300, -11.01363723429845900 ) ) ;
#4153 = DIRECTION ( 'NONE',  ( 0.0000000000000000000, 1.000000000000000000, 0.0000000000000000000 ) ) ;
#4155 = ADVANCED_FACE ( 'NONE', ( #8078 ), #6710, .T. ) ;
#4156 = FACE_OUTER_BOUND ( 'NONE', #2719, .T. ) ;
#4157 = DIRECTION ( 'NONE',  ( -1.000000000000000000, 0.0000000000000000000, 2.098455817713879800E-016 ) ) ;
#4158 = UNCERTAINTY_MEASURE_WITH_UNIT (LENGTH_MEASURE( 1.000000000000000100E-005 ), #371, 'distance_accuracy_value', 'NONE');
#4159 = FACE_BOUND ( 'NONE', #2906, .T. ) ;
#4160 = EDGE_CURVE ( 'NONE', #7153, #2503, #6076, .T. ) ;
#4161 = ORIENTED_EDGE ( 'NONE', *, *, #1342, .F. ) ;
#4162 = CARTESIAN_POINT ( 'NONE',  ( -11.31271048152955300, 9.027136750311882500, 11.71147481116704400 ) ) ;
#4163 = AXIS2_PLACEMENT_3D ( 'NONE', #3366, #2066, #6680 ) ;
#4164 = LINE ( 'NONE', #1158, #3961 ) ;
#4165 = ORIENTED_EDGE ( 'NONE', *, *, #4575, .F. ) ;
#4166 = STYLED_ITEM ( 'NONE', ( #2029 ), #2741 ) ;
#4167 = DIRECTION ( 'NONE',  ( 0.0000000000000000000, 0.0000000000000000000, 1.000000000000000000 ) ) ;
#4168 = B_SPLINE_SURFACE_WITH_KNOTS ( 'NONE', 3, 1, ( 
 ( #4556, #1223 ),
 ( #6537, #5861 ),
 ( #7208, #6608 ),
 ( #3797, #3261 ),
 ( #3229, #5150 ),
 ( #7918, #7236 ),
 ( #8494, #1165 ),
 ( #2566, #1842 ),
 ( #8519, #4470 ),
 ( #8546, #2510 ),
 ( #3772, #5123 ) ),
 .UNSPECIFIED., .F., .F., .F.,
 ( 4, 1, 1, 1, 1, 1, 1, 1, 4 ),
 ( 2, 2 ),
 ( 0.0000000000000000000, 0.3926990816987230300, 0.7853981633974480600, 1.178097245096172000, 1.570796326794896800, 1.963495408493621600, 2.356194490192345700, 2.748893571891071200, 3.141592653589794900 ),
 ( 0.0000000000000000000, 1.000000000000000000 ),
 .UNSPECIFIED. ) ;
#4169 = CARTESIAN_POINT ( 'NONE',  ( 11.67520736133023200, 9.066591395139592900, -11.67520736133023000 ) ) ;
#4170 = VECTOR ( 'NONE', #6398, 1000.000000000000000 ) ;
#4171 = EDGE_CURVE ( 'NONE', #6353, #6423, #3133, .T. ) ;
#4172 = CARTESIAN_POINT ( 'NONE',  ( 5.950000000000000200, 16.82000000000000000, -12.40000000000000000 ) ) ;
#4173 = FACE_OUTER_BOUND ( 'NONE', #73, .T. ) ;
#4174 = ORIENTED_EDGE ( 'NONE', *, *, #1863, .F. ) ;
#4175 = DIRECTION ( 'NONE',  ( 0.0000000000000000000, -1.000000000000000000, 0.0000000000000000000 ) ) ;
#4176 = VERTEX_POINT ( 'NONE', #662 ) ;
#4177 = ADVANCED_FACE ( 'NONE', ( #3752 ), #4016, .F. ) ;
#4178 = AXIS2_PLACEMENT_3D ( 'NONE', #5125, #1136, #5797 ) ;
#4179 = DIRECTION ( 'NONE',  ( 0.0000000000000000000, 1.000000000000000000, 0.0000000000000000000 ) ) ;
#4180 = VECTOR ( 'NONE', #5045, 1000.000000000000000 ) ;
#4181 = STYLED_ITEM ( 'NONE', ( #1709 ), #617 ) ;
#4182 = DIRECTION ( 'NONE',  ( 0.0000000000000000000, 0.0000000000000000000, 1.000000000000000000 ) ) ;
#4183 = ORIENTED_EDGE ( 'NONE', *, *, #5637, .T. ) ;
#4184 =( LENGTH_UNIT ( ) NAMED_UNIT ( * ) SI_UNIT ( .MILLI., .METRE. ) );
#4185 = CARTESIAN_POINT ( 'NONE',  ( -10.16000000000000000, -6.299999999999999800, -0.5000000000000000000 ) ) ;
#4186 = EDGE_CURVE ( 'NONE', #5290, #2292, #514, .T. ) ;
#4188 = CARTESIAN_POINT ( 'NONE',  ( 12.54260076487707900, 0.4239018962894360300, 11.74272260875548000 ) ) ;
#4187 =( NAMED_UNIT ( * ) SI_UNIT ( $, .STERADIAN. ) SOLID_ANGLE_UNIT ( ) );
#4189 = COLOUR_RGB ( '',0.7490196078431372600, 0.7490196078431372600, 0.7490196078431372600 ) ;
#4190 = ORIENTED_EDGE ( 'NONE', *, *, #2575, .T. ) ;
#4191 = CYLINDRICAL_SURFACE ( 'NONE', #1289, 0.5000000000000004400 ) ;
#4192 = CARTESIAN_POINT ( 'NONE',  ( -11.60749637330256000, 8.633106893985990700, 12.39930855863326000 ) ) ;
#4193 = EDGE_CURVE ( 'NONE', #8152, #5376, #943, .T. ) ;
#4194 = FILL_AREA_STYLE_COLOUR ( '', #1071 ) ;
#4195 = CYLINDRICAL_SURFACE ( 'NONE', #6891, 1.199999999999999700 ) ;
#4196 = ADVANCED_FACE ( 'NONE', ( #8287 ), #7393, .T. ) ;
#4197 = CARTESIAN_POINT ( 'NONE',  ( -12.49959361958396000, 11.96502041546510100, -7.400000000000000400 ) ) ;
#4198 = CARTESIAN_POINT ( 'NONE',  ( -12.40000000000000000, 11.70000000000000100, 7.849999999999999600 ) ) ;
#4199 = ORIENTED_EDGE ( 'NONE', *, *, #2270, .T. ) ;
#4200 = STYLED_ITEM ( 'NONE', ( #6542 ), #8596 ) ;
#4201 = ORIENTED_EDGE ( 'NONE', *, *, #1876, .T. ) ;
#4202 = EDGE_CURVE ( 'NONE', #5381, #1406, #2929, .T. ) ;
#4203 = VECTOR ( 'NONE', #6635, 1000.000000000000000 ) ;
#4204 = DIRECTION ( 'NONE',  ( 0.0000000000000000000, 0.0000000000000000000, -1.000000000000000000 ) ) ;
#4205 = COLOUR_RGB ( '',0.6470588235294118000, 0.6196078431372549200, 0.5843137254901961100 ) ;
#4206 = ORIENTED_EDGE ( 'NONE', *, *, #4248, .F. ) ;
#4208 = CARTESIAN_POINT ( 'NONE',  ( 11.99960518008858700, 0.07480837547085315800, 5.129999999999999900 ) ) ;
#4207 = PLANE ( 'NONE',  #7504 ) ;
#4209 = CARTESIAN_POINT ( 'NONE',  ( 0.0000000000000000000, 9.199999999999999300, 0.0000000000000000000 ) ) ;
#4210 = DIRECTION ( 'NONE',  ( 1.000000000000000000, 0.0000000000000000000, 0.0000000000000000000 ) ) ;
#4212 = DIRECTION ( 'NONE',  ( 0.0000000000000000000, 0.0000000000000000000, -1.000000000000000000 ) ) ;
#4211 = DIRECTION ( 'NONE',  ( 1.000000000000000000, 0.0000000000000000000, 0.0000000000000000000 ) ) ;
#4213 = ORIENTED_EDGE ( 'NONE', *, *, #5663, .T. ) ;
#4214 = CARTESIAN_POINT ( 'NONE',  ( 10.90000000000000000, 9.700000000000001100, -12.40000000000000000 ) ) ;
#4215 = VERTEX_POINT ( 'NONE', #4723 ) ;
#4216 = ORIENTED_EDGE ( 'NONE', *, *, #7046, .T. ) ;
#4217 = VERTEX_POINT ( 'NONE', #813 ) ;
#4218 = ORIENTED_EDGE ( 'NONE', *, *, #8422, .F. ) ;
#4219 = VERTEX_POINT ( 'NONE', #2785 ) ;
#4220 = CARTESIAN_POINT ( 'NONE',  ( 12.24959361958396000, -0.4300000000001086800, 7.129999999999999900 ) ) ;
#4221 = EDGE_CURVE ( 'NONE', #1973, #8073, #7862, .T. ) ;
#4222 = VERTEX_POINT ( 'NONE', #2758 ) ;
#4223 = CARTESIAN_POINT ( 'NONE',  ( 11.87544918631632400, 8.940526314999800700, -11.87544918631632200 ) ) ;
#4224 = LINE ( 'NONE', #4501, #7487 ) ;
#4225 = AXIS2_PLACEMENT_3D ( 'NONE', #1846, #8618, #559 ) ;
#4226 = ORIENTED_EDGE ( 'NONE', *, *, #168, .T. ) ;
#4227 = CARTESIAN_POINT ( 'NONE',  ( 12.55000000000000100, 0.0000000000000000000, 4.500000000000000000 ) ) ;
#4228 = CARTESIAN_POINT ( 'NONE',  ( -11.40000000000040200, 12.20000000000000100, -4.850000000000000500 ) ) ;
#4229 = ORIENTED_EDGE ( 'NONE', *, *, #7875, .T. ) ;
#4230 = FACE_OUTER_BOUND ( 'NONE', #3422, .T. ) ;
#4231 = ADVANCED_FACE ( 'NONE', ( #2624 ), #3965, .T. ) ;
#4232 = EDGE_CURVE ( 'NONE', #7966, #5579, #2217, .T. ) ;
#4233 = CYLINDRICAL_SURFACE ( 'NONE', #8333, 0.5000000000000004400 ) ;
#4234 = DIRECTION ( 'NONE',  ( 0.0000000000000000000, 0.0000000000000000000, 1.000000000000000000 ) ) ;
#4235 = VERTEX_POINT ( 'NONE', #6173 ) ;
#4236 = VERTEX_POINT ( 'NONE', #867 ) ;
#4237 = CARTESIAN_POINT ( 'NONE',  ( -6.450000000000000200, 12.20000000000000100, -4.850000000000000500 ) ) ;
#4238 = AXIS2_PLACEMENT_3D ( 'NONE', #3701, #5009, #8391 ) ;
#4239 = ORIENTED_EDGE ( 'NONE', *, *, #868, .F. ) ;
#4240 = CARTESIAN_POINT ( 'NONE',  ( 12.69999999999999900, 0.0000000000000000000, 7.400000000000000400 ) ) ;
#4241 = CARTESIAN_POINT ( 'NONE',  ( -10.16000000000000000, -6.299999999999999800, -10.16000000000000000 ) ) ;
#4242 = CARTESIAN_POINT ( 'NONE',  ( 6.450000000000000200, 12.20000000000000100, -12.40000000000000000 ) ) ;
#4243 = LINE ( 'NONE', #656, #3099 ) ;
#4244 = CARTESIAN_POINT ( 'NONE',  ( 11.55390823631220000, 13.15614453969008000, 4.859999999999999400 ) ) ;
#4245 = ADVANCED_FACE ( 'NONE', ( #7643 ), #78, .T. ) ;
#4246 = ORIENTED_EDGE ( 'NONE', *, *, #7251, .F. ) ;
#4247 = ORIENTED_EDGE ( 'NONE', *, *, #3041, .T. ) ;
#4248 = EDGE_CURVE ( 'NONE', #762, #640, #7217, .T. ) ;
#4249 = ORIENTED_EDGE ( 'NONE', *, *, #2932, .T. ) ;
#4250 = VECTOR ( 'NONE', #5012, 1000.000000000000000 ) ;
#4251 = DIRECTION ( 'NONE',  ( 0.0000000000000000000, 0.0000000000000000000, 1.000000000000000000 ) ) ;
#4253 = CIRCLE ( 'NONE', #3420, 0.5000000000000000000 ) ;
#4252 = CARTESIAN_POINT ( 'NONE',  ( -11.55390823631167900, 13.15614453969378100, 7.400000000000000400 ) ) ;
#4254 = CARTESIAN_POINT ( 'NONE',  ( 11.01363723429845500, 9.199999999999999300, -11.01363723429845700 ) ) ;
#4255 = SURFACE_STYLE_FILL_AREA ( #296 ) ;
#4256 = ORIENTED_EDGE ( 'NONE', *, *, #3536, .F. ) ;
#4257 = AXIS2_PLACEMENT_3D ( 'NONE', #6069, #7403, #8097 ) ;
#4258 = VERTEX_POINT ( 'NONE', #2122 ) ;
#4259 = CYLINDRICAL_SURFACE ( 'NONE', #4225, 0.5000000000000000000 ) ;
#4260 = CARTESIAN_POINT ( 'NONE',  ( -10.16000000000000000, -6.299999999999999800, -9.960000000000011500 ) ) ;
#4261 = EDGE_CURVE ( 'NONE', #2503, #2214, #7540, .T. ) ;
#4262 = DIRECTION ( 'NONE',  ( 0.0000000000000000000, 0.0000000000000000000, 1.000000000000000000 ) ) ;
#4263 = LINE ( 'NONE', #7447, #2506 ) ;
#4264 =( BOUNDED_CURVE ( )  B_SPLINE_CURVE ( 3, ( #8162, #6830, #3537, #1462 ),
 .UNSPECIFIED., .F., .F. ) 
 B_SPLINE_CURVE_WITH_KNOTS ( ( 4, 4 ),
 ( 0.0000000000000000000, 1.570987302159263500 ),
 .UNSPECIFIED. ) 
 CURVE ( )  GEOMETRIC_REPRESENTATION_ITEM ( )  RATIONAL_B_SPLINE_CURVE ( ( 1.000000000000000000, 0.8046928386502632000, 0.8046928386502632000, 1.000000000000000000 ) ) 
 REPRESENTATION_ITEM ( '' )  );
#4265 = ORIENTED_EDGE ( 'NONE', *, *, #7240, .T. ) ;
#4266 = ORIENTED_EDGE ( 'NONE', *, *, #4137, .T. ) ;
#4267 = SURFACE_STYLE_FILL_AREA ( #1444 ) ;
#4268 = VECTOR ( 'NONE', #4474, 1000.000000000000000 ) ;
#4269 = CARTESIAN_POINT ( 'NONE',  ( 6.450000000000000200, 12.20000000000000100, -12.40000000000000000 ) ) ;
#4270 = DIRECTION ( 'NONE',  ( 0.0000000000000000000, 1.000000000000000000, 0.0000000000000000000 ) ) ;
#4271 = PLANE ( 'NONE',  #2584 ) ;
#4272 =( NAMED_UNIT ( * ) PLANE_ANGLE_UNIT ( ) SI_UNIT ( $, .RADIAN. ) );
#4274 = DIRECTION ( 'NONE',  ( 1.000000000000000000, -3.388131789017129900E-016, 0.0000000000000000000 ) ) ;
#4273 = CARTESIAN_POINT ( 'NONE',  ( 12.90054722849359900, 0.07009548768149509400, -7.129999999999999900 ) ) ;
#4275 = VERTEX_POINT ( 'NONE', #6787 ) ;
#4276 = EDGE_CURVE ( 'NONE', #8479, #7106, #5321, .T. ) ;
#4277 = ORIENTED_EDGE ( 'NONE', *, *, #1494, .F. ) ;
#4278 = ADVANCED_FACE ( 'NONE', ( #3739 ), #8490, .T. ) ;
#4279 = AXIS2_PLACEMENT_3D ( 'NONE', #8561, #8509, #8533 ) ;
#4280 = AXIS2_PLACEMENT_3D ( 'NONE', #2967, #8379, #5686 ) ;
#4281 = DIRECTION ( 'NONE',  ( 0.0000000000000000000, 0.0000000000000000000, -1.000000000000000000 ) ) ;
#4282 = SURFACE_SIDE_STYLE ('',( #2999 ) ) ;
#4283 = LINE ( 'NONE', #4214, #4602 ) ;
#4284 = ORIENTED_EDGE ( 'NONE', *, *, #4338, .F. ) ;
#4285 = ORIENTED_EDGE ( 'NONE', *, *, #517, .T. ) ;
#4286 = ADVANCED_FACE ( 'NONE', ( #6804 ), #7547, .T. ) ;
#4287 = EDGE_CURVE ( 'NONE', #1388, #1623, #8068, .T. ) ;
#4288 = CARTESIAN_POINT ( 'NONE',  ( 12.24959361958396000, -0.4300000000001086800, -5.129999999999999900 ) ) ;
#4289 = CARTESIAN_POINT ( 'NONE',  ( 12.49959361741222000, 0.07004548768146930100, -5.129999999999999900 ) ) ;
#4290 = LINE ( 'NONE', #6404, #5564 ) ;
#4291 = PRESENTATION_LAYER_ASSIGNMENT (  '', '', ( #1520 ) ) ;
#4292 =( LENGTH_UNIT ( ) NAMED_UNIT ( * ) SI_UNIT ( .MILLI., .METRE. ) );
#4293 = VECTOR ( 'NONE', #952, 1000.000000000000000 ) ;
#4294 = CARTESIAN_POINT ( 'NONE',  ( 11.40000000000040200, 12.20000000000000100, -12.40000000000000000 ) ) ;
#4296 = DIRECTION ( 'NONE',  ( 1.000000000000000000, 0.0000000000000000000, 0.0000000000000000000 ) ) ;
#4295 = CARTESIAN_POINT ( 'NONE',  ( -10.90000000000040000, 11.70000000000000100, -12.40000000000000000 ) ) ;
#4297 = PLANE ( 'NONE',  #8008 ) ;
#4298 = EDGE_CURVE ( 'NONE', #1344, #3690, #6699, .T. ) ;
#4299 = LINE ( 'NONE', #1168, #2548 ) ;
#4301 = CARTESIAN_POINT ( 'NONE',  ( -6.949999999999999300, 11.70000000000000100, 4.850000000000000500 ) ) ;
#4300 = DIRECTION ( 'NONE',  ( 1.000000000000000000, 0.0000000000000000000, 0.0000000000000000000 ) ) ;
#4302 = VERTEX_POINT ( 'NONE', #4244 ) ;
#4303 =( LENGTH_UNIT ( ) NAMED_UNIT ( * ) SI_UNIT ( .MILLI., .METRE. ) );
#4304 = VECTOR ( 'NONE', #1280, 1000.000000000000000 ) ;
#4305 = EDGE_CURVE ( 'NONE', #7106, #4353, #8604, .T. ) ;
#4306 = PLANE ( 'NONE',  #1791 ) ;
#4307 = ORIENTED_EDGE ( 'NONE', *, *, #3255, .T. ) ;
#4308 = VERTEX_POINT ( 'NONE', #3637 ) ;
#4309 = ORIENTED_EDGE ( 'NONE', *, *, #7125, .F. ) ;
#4310 = CARTESIAN_POINT ( 'NONE',  ( -12.49959361958396000, 0.07009548768148470000, 7.400000000000000400 ) ) ;
#4311 = LINE ( 'NONE', #5684, #5788 ) ;
#4312 = ADVANCED_FACE ( 'NONE', ( #6269 ), #1483, .T. ) ;
#4313 = ADVANCED_FACE ( 'NONE', ( #5963 ), #6903, .T. ) ;
#4314 = EDGE_LOOP ( 'NONE', ( #5296, #2019, #2094, #7526, #781 ) ) ;
#4315 = EDGE_LOOP ( 'NONE', ( #2587, #4458, #1288, #6249 ) ) ;
#4316 = VERTEX_POINT ( 'NONE', #1024 ) ;
#4317 = ORIENTED_EDGE ( 'NONE', *, *, #978, .F. ) ;
#4318 = CARTESIAN_POINT ( 'NONE',  ( 0.0000000000000000000, 0.0000000000000000000, 0.0000000000000000000 ) ) ;
#4319 = ORIENTED_EDGE ( 'NONE', *, *, #1373, .T. ) ;
#4320 = FACE_OUTER_BOUND ( 'NONE', #3685, .T. ) ;
#4321 = DIRECTION ( 'NONE',  ( 0.0000000000000000000, 0.0000000000000000000, 1.000000000000000000 ) ) ;
#4322 = CARTESIAN_POINT ( 'NONE',  ( 0.9974411843539829900, 11.70000000000000100, 12.40000000000000000 ) ) ;
#4323 = CARTESIAN_POINT ( 'NONE',  ( 12.24959361958396000, -0.4300000000001086800, -7.400000000000000400 ) ) ;
#4324 = DIRECTION ( 'NONE',  ( 0.0000000000000000000, 1.000000000000000000, 0.0000000000000000000 ) ) ;
#4325 = DIRECTION ( 'NONE',  ( 0.0000000000000000000, 0.0000000000000000000, 1.000000000000000000 ) ) ;
#4326 = DIRECTION ( 'NONE',  ( 6.994852725712929000E-017, -0.0000000000000000000, 1.000000000000000000 ) ) ;
#4328 = DIRECTION ( 'NONE',  ( 3.388131789017129900E-016, 1.000000000000000000, 0.0000000000000000000 ) ) ;
#4327 = DIRECTION ( 'NONE',  ( -3.388131789017129900E-016, 1.000000000000000000, 7.109844863844329700E-032 ) ) ;
#4329 = DIRECTION ( 'NONE',  ( -2.098455817713879800E-016, -0.0000000000000000000, -1.000000000000000000 ) ) ;
#4330 = FACE_OUTER_BOUND ( 'NONE', #2721, .T. ) ;
#4331 = ORIENTED_EDGE ( 'NONE', *, *, #4248, .T. ) ;
#4332 = ORIENTED_EDGE ( 'NONE', *, *, #1485, .F. ) ;
#4333 = ORIENTED_EDGE ( 'NONE', *, *, #1063, .F. ) ;
#4334 = VECTOR ( 'NONE', #6814, 1000.000000000000000 ) ;
#4335 = CARTESIAN_POINT ( 'NONE',  ( 6.450000000000000200, 12.20000000000000100, -4.850000000000000500 ) ) ;
#4336 = FACE_OUTER_BOUND ( 'NONE', #2054, .T. ) ;
#4337 = DIRECTION ( 'NONE',  ( -1.000000000000000000, 0.0000000000000000000, 2.797941090285175100E-016 ) ) ;
#4338 = EDGE_CURVE ( 'NONE', #496, #7729, #2828, .T. ) ;
#4339 = SURFACE_SIDE_STYLE ('',( #7226 ) ) ;
#4340 = ORIENTED_EDGE ( 'NONE', *, *, #3586, .F. ) ;
#4341 = AXIS2_PLACEMENT_3D ( 'NONE', #1167, #8576, #8673 ) ;
#4343 = CARTESIAN_POINT ( 'NONE',  ( -12.40000000000000000, 11.70000000000000100, 4.850000000000000500 ) ) ;
#4342 = CARTESIAN_POINT ( 'NONE',  ( 12.39606240534999600, -0.4300000000001086800, -5.130000000000000800 ) ) ;
#4344 = EDGE_LOOP ( 'NONE', ( #4852, #5731, #6037, #8599 ) ) ;
#4345 = CYLINDRICAL_SURFACE ( 'NONE', #6212, 0.4999999999999995600 ) ;
#4346 = EDGE_CURVE ( 'NONE', #7416, #7170, #4466, .T. ) ;
#4347 = CARTESIAN_POINT ( 'NONE',  ( 12.24959361958396000, -0.4300000000001086800, 5.129999999999999900 ) ) ;
#4348 = CIRCLE ( 'NONE', #4478, 0.5000000000000004400 ) ;
#4349 = VECTOR ( 'NONE', #8514, 1000.000000000000000 ) ;
#4350 = ORIENTED_EDGE ( 'NONE', *, *, #7677, .F. ) ;
#4351 = CARTESIAN_POINT ( 'NONE',  ( 0.4999999999996029800, 12.19744118435426100, -12.40000000000000000 ) ) ;
#4352 = CARTESIAN_POINT ( 'NONE',  ( 12.69999999999999900, -0.6999999999999999600, 7.400000000000000400 ) ) ;
#4353 = VERTEX_POINT ( 'NONE', #2968 ) ;
#4354 = CARTESIAN_POINT ( 'NONE',  ( -12.90054722849357900, -0.02124813592968395300, 5.129999999999999900 ) ) ;
#4355 = CARTESIAN_POINT ( 'NONE',  ( -0.5000000000000000000, 12.20000000000000100, 12.40000000000000000 ) ) ;
#4356 = CARTESIAN_POINT ( 'NONE',  ( 10.90000000000000000, 9.700000000000001100, 12.40000000000000000 ) ) ;
#4357 = ORIENTED_EDGE ( 'NONE', *, *, #3306, .F. ) ;
#4359 = DIRECTION ( 'NONE',  ( 0.0000000000000000000, 0.0000000000000000000, 1.000000000000000000 ) ) ;
#4358 = DIRECTION ( 'NONE',  ( 1.000000000000000000, 0.0000000000000000000, 0.0000000000000000000 ) ) ;
#4360 = COLOUR_RGB ( '',0.7490196078431372600, 0.7490196078431372600, 0.7490196078431372600 ) ;
#4361 = CIRCLE ( 'NONE', #1748, 0.1999999999999883800 ) ;
#4362 = EDGE_CURVE ( 'NONE', #7471, #1224, #2918, .T. ) ;
#4363 = DIRECTION ( 'NONE',  ( 1.000000000000000000, 0.0000000000000000000, 0.0000000000000000000 ) ) ;
#4364 = EDGE_CURVE ( 'NONE', #2620, #6704, #3336, .T. ) ;
#4365 = ADVANCED_FACE ( 'NONE', ( #1363 ), #5665, .F. ) ;
#4366 = ORIENTED_EDGE ( 'NONE', *, *, #3927, .T. ) ;
#4367 = DIRECTION ( 'NONE',  ( 1.000000000000000000, 0.0000000000000000000, 0.0000000000000000000 ) ) ;
#4368 = VECTOR ( 'NONE', #5073, 1000.000000000000000 ) ;
#4369 = EDGE_LOOP ( 'NONE', ( #7163, #4604, #7593, #3807, #766, #5945 ) ) ;
#4370 = DIRECTION ( 'NONE',  ( -1.000000000000000000, 0.0000000000000000000, 0.0000000000000000000 ) ) ;
#4371 = DIRECTION ( 'NONE',  ( -6.994852725712929000E-017, 0.0000000000000000000, -1.000000000000000000 ) ) ;
#4372 = FACE_OUTER_BOUND ( 'NONE', #4768, .T. ) ;
#4373 = MECHANICAL_DESIGN_GEOMETRIC_PRESENTATION_REPRESENTATION (  '', ( #1830 ), #4823 ) ;
#4374 = ORIENTED_EDGE ( 'NONE', *, *, #2742, .F. ) ;
#4375 = VECTOR ( 'NONE', #6598, 1000.000000000000000 ) ;
#4376 = EDGE_CURVE ( 'NONE', #5509, #2388, #3237, .T. ) ;
#4377 = ORIENTED_EDGE ( 'NONE', *, *, #2801, .F. ) ;
#4378 = DIRECTION ( 'NONE',  ( -1.000000000000000000, -4.372213365170680100E-016, 0.0000000000000000000 ) ) ;
#4379 = VECTOR ( 'NONE', #6843, 1000.000000000000000 ) ;
#4380 = ORIENTED_EDGE ( 'NONE', *, *, #5889, .T. ) ;
#4381 = LINE ( 'NONE', #1091, #1064 ) ;
#4382 = DIRECTION ( 'NONE',  ( -0.0000000000000000000, -0.0000000000000000000, -1.000000000000000000 ) ) ;
#4383 = DIRECTION ( 'NONE',  ( -0.0000000000000000000, 1.000000000000000000, -0.0000000000000000000 ) ) ;
#4384 = VERTEX_POINT ( 'NONE', #226 ) ;
#4385 = CARTESIAN_POINT ( 'NONE',  ( -11.61683953726132000, -0.2054565999144494800, -7.129999999999999900 ) ) ;
#4386 = CARTESIAN_POINT ( 'NONE',  ( -11.61354585139582000, 7.810471443862431000, -11.61354585139582000 ) ) ;
#4387 = DIRECTION ( 'NONE',  ( -1.000000000000000000, 0.0000000000000000000, 0.0000000000000000000 ) ) ;
#4388 = CARTESIAN_POINT ( 'NONE',  ( 12.90054722849357900, -0.02124813592968395300, 7.129999999999999900 ) ) ;
#4389 = EDGE_CURVE ( 'NONE', #1274, #1428, #7962, .T. ) ;
#4390 = LINE ( 'NONE', #5845, #2432 ) ;
#4391 = DIRECTION ( 'NONE',  ( 6.994852725712929000E-017, -0.0000000000000000000, 1.000000000000000000 ) ) ;
#4392 = LINE ( 'NONE', #5929, #4718 ) ;
#4393 = CARTESIAN_POINT ( 'NONE',  ( 6.450000000000000200, 12.20000000000000100, -12.40000000000000000 ) ) ;
#4394 = AXIS2_PLACEMENT_3D ( 'NONE', #7600, #988, #281 ) ;
#4395 = DIRECTION ( 'NONE',  ( 0.0000000000000000000, 0.0000000000000000000, 1.000000000000000000 ) ) ;
#4396 = CARTESIAN_POINT ( 'NONE',  ( 12.24959361958396000, -0.4300000000001086800, -5.129999999999999900 ) ) ;
#4397 = LINE ( 'NONE', #2319, #7666 ) ;
#4398 = FACE_OUTER_BOUND ( 'NONE', #4897, .T. ) ;
#4399 = EDGE_CURVE ( 'NONE', #1021, #8588, #7529, .T. ) ;
#4400 = ADVANCED_FACE ( 'NONE', ( #8275 ), #6928, .T. ) ;
#4401 = ORIENTED_EDGE ( 'NONE', *, *, #2775, .F. ) ;
#4402 = CIRCLE ( 'NONE', #143, 0.8000000000000003800 ) ;
#4403 = DIRECTION ( 'NONE',  ( 1.000000000000000000, 0.0000000000000000000, 0.0000000000000000000 ) ) ;
#4404 = DIRECTION ( 'NONE',  ( -0.0000000000000000000, -0.0000000000000000000, -1.000000000000000000 ) ) ;
#4405 = DIRECTION ( 'NONE',  ( 0.0000000000000000000, 0.0000000000000000000, -1.000000000000000000 ) ) ;
#4406 = ORIENTED_EDGE ( 'NONE', *, *, #2237, .F. ) ;
#4407 = CARTESIAN_POINT ( 'NONE',  ( -12.79669646790869900, -0.4647624511386099800, -7.129999999999999900 ) ) ;
#4408 = CARTESIAN_POINT ( 'NONE',  ( 5.950000000000399900, 17.32000000000000000, -12.40000000000000000 ) ) ;
#4409 = EDGE_CURVE ( 'NONE', #1574, #1219, #1577, .T. ) ;
#4410 = PLANE ( 'NONE',  #5490 ) ;
#4411 = PLANE ( 'NONE',  #5356 ) ;
#4412 = ORIENTED_EDGE ( 'NONE', *, *, #4221, .F. ) ;
#4413 = FACE_OUTER_BOUND ( 'NONE', #5762, .T. ) ;
#4414 = CIRCLE ( 'NONE', #8064, 0.5000000000000004400 ) ;
#4415 = ORIENTED_EDGE ( 'NONE', *, *, #2897, .F. ) ;
#4416 = STYLED_ITEM ( 'NONE', ( #4552 ), #7592 ) ;
#4418 =( LENGTH_UNIT ( ) NAMED_UNIT ( * ) SI_UNIT ( .MILLI., .METRE. ) );
#4417 = DIRECTION ( 'NONE',  ( 0.0000000000000000000, 1.000000000000000000, 0.0000000000000000000 ) ) ;
#4419 = CARTESIAN_POINT ( 'NONE',  ( -10.90000000000000000, 11.19999999999999900, 12.40000000000000000 ) ) ;
#4420 =( BOUNDED_CURVE ( )  B_SPLINE_CURVE ( 3, ( #6813, #4886, #1526, #2284 ),
 .UNSPECIFIED., .F., .F. ) 
 B_SPLINE_CURVE_WITH_KNOTS ( ( 4, 4 ),
 ( 0.0000000000000000000, 1.570987302159265500 ),
 .UNSPECIFIED. ) 
 CURVE ( )  GEOMETRIC_REPRESENTATION_ITEM ( )  RATIONAL_B_SPLINE_CURVE ( ( 1.000000000000000000, 0.8046928386502627500, 0.8046928386502627500, 1.000000000000000000 ) ) 
 REPRESENTATION_ITEM ( '' )  );
#4421 = VERTEX_POINT ( 'NONE', #5156 ) ;
#4422 = EDGE_CURVE ( 'NONE', #4862, #6312, #5107, .T. ) ;
#4423 = DIRECTION ( 'NONE',  ( -0.0000000000000000000, -0.0000000000000000000, -1.000000000000000000 ) ) ;
#4424 = CARTESIAN_POINT ( 'NONE',  ( -11.70054052399948000, 11.96513699471034000, 7.400000000000000400 ) ) ;
#4425 = CIRCLE ( 'NONE', #8121, 0.5000000000000004400 ) ;
#4426 = LINE ( 'NONE', #8461, #2675 ) ;
#4427 = ORIENTED_EDGE ( 'NONE', *, *, #1188, .F. ) ;
#4428 = CARTESIAN_POINT ( 'NONE',  ( 12.24959361958396000, -0.4300000000001086800, -7.129999999999999900 ) ) ;
#4429 = EDGE_LOOP ( 'NONE', ( #5498, #3840, #4965, #2046 ) ) ;
#4430 = DIRECTION ( 'NONE',  ( 0.0000000000000000000, 0.0000000000000000000, 1.000000000000000000 ) ) ;
#4431 = PRESENTATION_STYLE_ASSIGNMENT (( #6610 ) ) ;
#4432 = EDGE_CURVE ( 'NONE', #7754, #6526, #4587, .T. ) ;
#4433 = PLANE ( 'NONE',  #2115 ) ;
#4434 = CARTESIAN_POINT ( 'NONE',  ( -12.40000000000000000, 21.69999999999999900, 4.850000000000000500 ) ) ;
#4435 = VERTEX_POINT ( 'NONE', #7062 ) ;
#4436 = CARTESIAN_POINT ( 'NONE',  ( -11.86011120661946100, -0.7120816677289799600, -7.129999999999999900 ) ) ;
#4437 = CARTESIAN_POINT ( 'NONE',  ( -2.975469372650804800, 12.10000000000000000, 7.400000000000000400 ) ) ;
#4438 = DIRECTION ( 'NONE',  ( 0.0000000000000000000, 1.000000000000000000, 0.0000000000000000000 ) ) ;
#4440 = DIRECTION ( 'NONE',  ( 1.000000000000000000, 0.0000000000000000000, 0.0000000000000000000 ) ) ;
#4439 = CARTESIAN_POINT ( 'NONE',  ( 12.69999999999999900, -0.6999999999999999600, 4.500000000000000000 ) ) ;
#4441 = DIRECTION ( 'NONE',  ( 1.000000000000000000, 0.0000000000000000000, 0.0000000000000000000 ) ) ;
#4442 = AXIS2_PLACEMENT_3D ( 'NONE', #1065, #4371, #1689 ) ;
#4443 = AXIS2_PLACEMENT_3D ( 'NONE', #1803, #8512, #8424 ) ;
#4444 = FACE_OUTER_BOUND ( 'NONE', #5469, .T. ) ;
#4445 = VERTEX_POINT ( 'NONE', #1050 ) ;
#4446 = DIRECTION ( 'NONE',  ( 0.0000000000000000000, 0.0000000000000000000, 1.000000000000000000 ) ) ;
#4447 = ORIENTED_EDGE ( 'NONE', *, *, #5782, .T. ) ;
#4448 = LINE ( 'NONE', #5898, #2490 ) ;
#4450 = DIRECTION ( 'NONE',  ( 1.000000000000000000, 0.0000000000000000000, 0.0000000000000000000 ) ) ;
#4449 = DIRECTION ( 'NONE',  ( 1.000000000000000000, -2.834515483622235100E-016, 0.0000000000000000000 ) ) ;
#4451 = CARTESIAN_POINT ( 'NONE',  ( 4.950000000000399900, 11.70000000000000100, -12.40000000000000000 ) ) ;
#4452 = EDGE_CURVE ( 'NONE', #699, #3328, #3952, .T. ) ;
#4453 = SURFACE_STYLE_FILL_AREA ( #1391 ) ;
#4454 = ORIENTED_EDGE ( 'NONE', *, *, #3210, .F. ) ;
#4455 = ORIENTED_EDGE ( 'NONE', *, *, #3763, .T. ) ;
#4456 = AXIS2_PLACEMENT_3D ( 'NONE', #2370, #3691, #6300 ) ;
#4457 = EDGE_LOOP ( 'NONE', ( #2597, #8265, #1303, #1512 ) ) ;
#4458 = ORIENTED_EDGE ( 'NONE', *, *, #4603, .F. ) ;
#4459 = VECTOR ( 'NONE', #8266, 1000.000000000000000 ) ;
#4460 = ORIENTED_EDGE ( 'NONE', *, *, #6419, .T. ) ;
#4461 = FACE_OUTER_BOUND ( 'NONE', #4567, .T. ) ;
#4462 = ORIENTED_EDGE ( 'NONE', *, *, #6798, .T. ) ;
#4463 = ORIENTED_EDGE ( 'NONE', *, *, #1267, .F. ) ;
#4464 = EDGE_CURVE ( 'NONE', #8222, #6923, #2210, .T. ) ;
#4465 = ORIENTED_EDGE ( 'NONE', *, *, #3681, .T. ) ;
#4466 = LINE ( 'NONE', #5574, #1781 ) ;
#4467 = VECTOR ( 'NONE', #6517, 1000.000000000000000 ) ;
#4468 = DIRECTION ( 'NONE',  ( -1.000000000000000000, 0.0000000000000000000, 0.0000000000000000000 ) ) ;
#4469 = CARTESIAN_POINT ( 'NONE',  ( -12.69999999999999900, -0.6999999999999999600, 7.400000000000000400 ) ) ;
#4470 = CARTESIAN_POINT ( 'NONE',  ( -12.88333504276538100, -0.2053636409173125200, -5.129999999999999900 ) ) ;
#4471 = DIRECTION ( 'NONE',  ( 0.9998476951563912700, 0.01745240643728020500, -6.910196291590019700E-017 ) ) ;
#4472 = CARTESIAN_POINT ( 'NONE',  ( -11.59960032407806100, -0.02134362361127549800, -7.129999999999999900 ) ) ;
#4473 = CARTESIAN_POINT ( 'NONE',  ( 12.21870917212955700, 0.0000000000000000000, -12.55000000000001300 ) ) ;
#4474 = DIRECTION ( 'NONE',  ( -0.01744974916067939400, -0.9996954598818875700, 0.01744974916067939400 ) ) ;
#4475 = DIRECTION ( 'NONE',  ( 0.0000000000000000000, 0.0000000000000000000, 1.000000000000000000 ) ) ;
#4476 = ADVANCED_FACE ( 'NONE', ( #4683 ), #3695, .F. ) ;
#4477 = EDGE_LOOP ( 'NONE', ( #6792, #5328, #3432, #5391, #5790 ) ) ;
#4478 = AXIS2_PLACEMENT_3D ( 'NONE', #5764, #6452, #7828 ) ;
#4479 = CYLINDRICAL_SURFACE ( 'NONE', #4163, 0.5000000000000004400 ) ;
#4480 = ORIENTED_EDGE ( 'NONE', *, *, #8035, .F. ) ;
#4481 = CIRCLE ( 'NONE', #2240, 0.5000000000000004400 ) ;
#4482 = EDGE_CURVE ( 'NONE', #3559, #2191, #3025, .T. ) ;
#4483 = CARTESIAN_POINT ( 'NONE',  ( -6.450000000000000200, 16.82000000000000000, 7.849999999999999600 ) ) ;
#4484 = CIRCLE ( 'NONE', #2954, 0.5000000000000004400 ) ;
#4485 = DIRECTION ( 'NONE',  ( 1.000000000000000000, 0.0000000000000000000, 0.0000000000000000000 ) ) ;
#4487 = PLANE ( 'NONE',  #3019 ) ;
#4486 = CARTESIAN_POINT ( 'NONE',  ( -12.39715936418299900, -0.4300000000001087400, 5.129999999999999900 ) ) ;
#4488 = CARTESIAN_POINT ( 'NONE',  ( -11.99959362185762000, 0.07004762192026201000, -7.129999999999999900 ) ) ;
#4489 = VECTOR ( 'NONE', #2982, 1000.000000000000000 ) ;
#4490 = ORIENTED_EDGE ( 'NONE', *, *, #2882, .F. ) ;
#4491 = DIRECTION ( 'NONE',  ( -1.000000000000000000, 0.0000000000000000000, 0.0000000000000000000 ) ) ;
#4492 = CARTESIAN_POINT ( 'NONE',  ( 11.50000000000000000, 0.0000000000000000000, 4.500000000000000000 ) ) ;
#4493 = ADVANCED_FACE ( 'NONE', ( #3438 ), #7093, .T. ) ;
#4494 = ORIENTED_EDGE ( 'NONE', *, *, #1276, .T. ) ;
#4495 = AXIS2_PLACEMENT_3D ( 'NONE', #948, #7530, #914 ) ;
#4496 = DIRECTION ( 'NONE',  ( 0.0000000000000000000, 0.0000000000000000000, 1.000000000000000000 ) ) ;
#4498 = LINE ( 'NONE', #5591, #6293 ) ;
#4497 = DIRECTION ( 'NONE',  ( 0.0000000000000000000, 0.0000000000000000000, -1.000000000000000000 ) ) ;
#4499 = CARTESIAN_POINT ( 'NONE',  ( 4.950000000000399900, 11.70000000000000100, -12.40000000000000000 ) ) ;
#4500 = CARTESIAN_POINT ( 'NONE',  ( 12.90054052399948000, 0.07009548768148118900, -7.400000000000000400 ) ) ;
#4501 = CARTESIAN_POINT ( 'NONE',  ( -12.40000000000000000, 11.70000000000000100, 7.849999999999999600 ) ) ;
#4502 = DIRECTION ( 'NONE',  ( 1.000000000000000000, 0.0000000000000000000, 0.0000000000000000000 ) ) ;
#4503 = VECTOR ( 'NONE', #2572, 1000.000000000000000 ) ;
#4505 = CARTESIAN_POINT ( 'NONE',  ( 12.55000000000000100, 0.0000000000000000000, 11.75012184387840000 ) ) ;
#4504 = CARTESIAN_POINT ( 'NONE',  ( -4.950000000000399900, 11.70000000000000100, -4.850000000000000500 ) ) ;
#4506 = ADVANCED_FACE ( 'NONE', ( #6599 ), #612, .T. ) ;
#4507 = EDGE_CURVE ( 'NONE', #3559, #5302, #4790, .T. ) ;
#4508 = VECTOR ( 'NONE', #2858, 1000.000000000000000 ) ;
#4509 = ORIENTED_EDGE ( 'NONE', *, *, #48, .T. ) ;
#4510 = FACE_OUTER_BOUND ( 'NONE', #5565, .T. ) ;
#4511 = CARTESIAN_POINT ( 'NONE',  ( -12.55000000000000100, 0.0000000000000000000, 7.400000000000000400 ) ) ;
#4512 = CARTESIAN_POINT ( 'NONE',  ( 10.90000000000040000, 11.70000000000000100, -12.40000000000000000 ) ) ;
#4513 = ADVANCED_FACE ( 'NONE', ( #4156 ), #1466, .T. ) ;
#4514 = CARTESIAN_POINT ( 'NONE',  ( -12.39606240534999100, -0.4300000000001086800, 5.129999999999999900 ) ) ;
#4515 = EDGE_CURVE ( 'NONE', #1224, #8222, #6994, .T. ) ;
#4516 = VERTEX_POINT ( 'NONE', #6428 ) ;
#4517 = CARTESIAN_POINT ( 'NONE',  ( -4.950000000000399900, 11.70000000000000100, 4.850000000000000500 ) ) ;
#4518 = VECTOR ( 'NONE', #7892, 1000.000000000000000 ) ;
#4519 = DIRECTION ( 'NONE',  ( -0.0000000000000000000, -0.0000000000000000000, -1.000000000000000000 ) ) ;
#4520 = ORIENTED_EDGE ( 'NONE', *, *, #1734, .T. ) ;
#4521 = LINE ( 'NONE', #4803, #3071 ) ;
#4522 = CARTESIAN_POINT ( 'NONE',  ( -12.39930855863326000, 8.633106893985990700, -11.60749637330257400 ) ) ;
#4523 = UNCERTAINTY_MEASURE_WITH_UNIT (LENGTH_MEASURE( 1.000000000000000100E-005 ), #2187, 'distance_accuracy_value', 'NONE');
#4524 = CARTESIAN_POINT ( 'NONE',  ( 11.59959361958396000, 0.06999999999988960900, 5.129999999999999900 ) ) ;
#4525 = CARTESIAN_POINT ( 'NONE',  ( -12.90054722849357900, -0.02124813592968395300, 7.130000000000000800 ) ) ;
#4526 = DIRECTION ( 'NONE',  ( -0.0000000000000000000, 1.000000000000000000, -0.0000000000000000000 ) ) ;
#4527 = CARTESIAN_POINT ( 'NONE',  ( -10.90000000000000000, 9.700000000000001100, -12.40000000000000000 ) ) ;
#4528 = SURFACE_STYLE_FILL_AREA ( #7122 ) ;
#4529 = ORIENTED_EDGE ( 'NONE', *, *, #3312, .T. ) ;
#4530 = VERTEX_POINT ( 'NONE', #3745 ) ;
#4531 = ORIENTED_EDGE ( 'NONE', *, *, #3906, .T. ) ;
#4532 = UNCERTAINTY_MEASURE_WITH_UNIT (LENGTH_MEASURE( 1.000000000000000100E-005 ), #7646, 'distance_accuracy_value', 'NONE');
#4533 = ORIENTED_EDGE ( 'NONE', *, *, #3561, .T. ) ;
#4534 = CIRCLE ( 'NONE', #7288, 0.5000000000000004400 ) ;
#4535 = MECHANICAL_DESIGN_GEOMETRIC_PRESENTATION_REPRESENTATION (  '', ( #7584 ), #1887 ) ;
#4536 = LINE ( 'NONE', #1437, #3910 ) ;
#4537 = ORIENTED_EDGE ( 'NONE', *, *, #4507, .F. ) ;
#4538 = DIRECTION ( 'NONE',  ( 0.0000000000000000000, 0.0000000000000000000, -1.000000000000000000 ) ) ;
#4539 = CARTESIAN_POINT ( 'NONE',  ( 11.55390823631220000, 13.15614453969005900, -7.400000000000000400 ) ) ;
#4540 = ORIENTED_EDGE ( 'NONE', *, *, #2045, .T. ) ;
#4541 = EDGE_CURVE ( 'NONE', #5302, #5768, #7825, .T. ) ;
#4542 = DIRECTION ( 'NONE',  ( 3.388131789017129900E-016, -1.000000000000000000, -2.369948287948109900E-032 ) ) ;
#4543 = ORIENTED_EDGE ( 'NONE', *, *, #4093, .F. ) ;
#4544 = LINE ( 'NONE', #4828, #2794 ) ;
#4545 = CIRCLE ( 'NONE', #6188, 0.5000000000000004400 ) ;
#4546 = CARTESIAN_POINT ( 'NONE',  ( -12.69999999999999900, -0.6999999999999999600, -4.500000000000000000 ) ) ;
#4547 = VERTEX_POINT ( 'NONE', #7837 ) ;
#4548 = CARTESIAN_POINT ( 'NONE',  ( -12.49959361958396000, 0.07002387192026059100, -5.129999999999999900 ) ) ;
#4549 = VERTEX_POINT ( 'NONE', #4504 ) ;
#4550 = COLOUR_RGB ( '',0.7490196078431372600, 0.7490196078431372600, 0.7490196078431372600 ) ;
#4551 = CARTESIAN_POINT ( 'NONE',  ( -6.450000000000000200, 16.82000000000000000, -12.40000000000000000 ) ) ;
#4552 = PRESENTATION_STYLE_ASSIGNMENT (( #2178 ) ) ;
#4553 = ORIENTED_EDGE ( 'NONE', *, *, #8257, .T. ) ;
#4554 = EDGE_CURVE ( 'NONE', #5365, #6422, #721, .T. ) ;
#4555 = DIRECTION ( 'NONE',  ( 0.0000000000000000000, 0.0000000000000000000, 1.000000000000000000 ) ) ;
#4556 = CARTESIAN_POINT ( 'NONE',  ( -11.59959361958396000, 0.06999999999988960900, -7.130000000000000800 ) ) ;
#4557 = DIRECTION ( 'NONE',  ( -1.000000000000000000, 0.0000000000000000000, 0.0000000000000000000 ) ) ;
#4558 = CARTESIAN_POINT ( 'NONE',  ( 12.90054052399948000, 0.07009548768148118900, 5.130000000000000800 ) ) ;
#4559 = ORIENTED_EDGE ( 'NONE', *, *, #7670, .T. ) ;
#4561 = FILL_AREA_STYLE ('',( #8043 ) ) ;
#4560 = DIRECTION ( 'NONE',  ( 0.0000000000000000000, -1.000000000000000000, 0.0000000000000000000 ) ) ;
#4562 = ADVANCED_FACE ( 'NONE', ( #2820 ), #624, .T. ) ;
#4563 = LINE ( 'NONE', #3206, #1353 ) ;
#4564 = STYLED_ITEM ( 'NONE', ( #7235 ), #3159 ) ;
#4565 = FACE_OUTER_BOUND ( 'NONE', #5038, .T. ) ;
#4566 = COLOUR_RGB ( '',0.7490196078431372600, 0.7490196078431372600, 0.7490196078431372600 ) ;
#4567 = EDGE_LOOP ( 'NONE', ( #7014, #6851, #2614, #8305 ) ) ;
#4568 = DIRECTION ( 'NONE',  ( 1.000000000000000000, 0.0000000000000000000, -2.797941090285175100E-016 ) ) ;
#4569 = PLANE ( 'NONE',  #27 ) ;
#4570 = VERTEX_POINT ( 'NONE', #7776 ) ;
#4572 =( LENGTH_UNIT ( ) NAMED_UNIT ( * ) SI_UNIT ( .MILLI., .METRE. ) );
#4571 = CARTESIAN_POINT ( 'NONE',  ( -4.950000000000391000, 11.70000000000000100, 12.40000000000000000 ) ) ;
#4573 = DIRECTION ( 'NONE',  ( 0.0000000000000000000, 0.0000000000000000000, -1.000000000000000000 ) ) ;
#4574 = VECTOR ( 'NONE', #3145, 1000.000000000000000 ) ;
#4575 = EDGE_CURVE ( 'NONE', #5353, #7351, #8384, .T. ) ;
#4576 = CARTESIAN_POINT ( 'NONE',  ( -10.16000000000000000, -6.000000000000000000, -10.66000000000000200 ) ) ;
#4577 = VECTOR ( 'NONE', #6107, 1000.000000000000000 ) ;
#4578 = LINE ( 'NONE', #10, #3017 ) ;
#4579 = ORIENTED_EDGE ( 'NONE', *, *, #4615, .T. ) ;
#4580 = ORIENTED_EDGE ( 'NONE', *, *, #3866, .F. ) ;
#4581 = AXIS2_PLACEMENT_3D ( 'NONE', #3870, #4485, #2491 ) ;
#4582 = EDGE_LOOP ( 'NONE', ( #6863, #1651, #2181, #2975 ) ) ;
#4583 = CARTESIAN_POINT ( 'NONE',  ( 10.16000000000000000, -6.000000000000000000, 9.660000000000000100 ) ) ;
#4584 = LINE ( 'NONE', #1860, #8403 ) ;
#4585 = ORIENTED_EDGE ( 'NONE', *, *, #207, .T. ) ;
#4586 = CARTESIAN_POINT ( 'NONE',  ( -10.16000000000000000, -6.000000000000000000, -10.16000000000000000 ) ) ;
#4587 = LINE ( 'NONE', #4439, #2715 ) ;
#4589 = LINE ( 'NONE', #1823, #4467 ) ;
#4588 = DIRECTION ( 'NONE',  ( 0.0000000000000000000, -1.000000000000000000, 0.0000000000000000000 ) ) ;
#4590 = CARTESIAN_POINT ( 'NONE',  ( 11.58024126974195800, 8.269388219920983800, -12.33571331699214300 ) ) ;
#4591 = EDGE_CURVE ( 'NONE', #8134, #7416, #5421, .T. ) ;
#4592 = AXIS2_PLACEMENT_3D ( 'NONE', #5368, #4806, #3434 ) ;
#4593 = ORIENTED_EDGE ( 'NONE', *, *, #7562, .F. ) ;
#4594 = AXIS2_PLACEMENT_3D ( 'NONE', #307, #3572, #4296 ) ;
#4595 = PRESENTATION_STYLE_ASSIGNMENT (( #3042 ) ) ;
#4596 = ORIENTED_EDGE ( 'NONE', *, *, #7010, .F. ) ;
#4597 = ORIENTED_EDGE ( 'NONE', *, *, #5267, .T. ) ;
#4598 = CARTESIAN_POINT ( 'NONE',  ( -11.60183876112544100, 12.75902544545406100, -7.400000000000000400 ) ) ;
#4599 = DIRECTION ( 'NONE',  ( 1.000000000000000000, 0.0000000000000000000, -7.228014483236700500E-016 ) ) ;
#4600 = CARTESIAN_POINT ( 'NONE',  ( 12.90054052399948000, 0.07009548768148289600, -4.859999999999999400 ) ) ;
#4601 = CARTESIAN_POINT ( 'NONE',  ( -5.450000000000399900, 12.20000000000000100, -4.850000000000000500 ) ) ;
#4602 = VECTOR ( 'NONE', #5291, 1000.000000000000000 ) ;
#4603 = EDGE_CURVE ( 'NONE', #1973, #7339, #821, .T. ) ;
#4604 = ORIENTED_EDGE ( 'NONE', *, *, #7345, .F. ) ;
#4605 = CARTESIAN_POINT ( 'NONE',  ( -11.50000000000000000, -0.6999999999999999600, -4.500000000000000000 ) ) ;
#4606 = CARTESIAN_POINT ( 'NONE',  ( 11.50000000000000000, 9.700000000000001100, 11.50000000000000000 ) ) ;
#4607 = CARTESIAN_POINT ( 'NONE',  ( 0.4999999999996029800, 12.19744118435426100, -7.849999999999999600 ) ) ;
#4608 = DIRECTION ( 'NONE',  ( 0.0000000000000000000, 0.0000000000000000000, -1.000000000000000000 ) ) ;
#4609 = DIRECTION ( 'NONE',  ( 3.388131789017129900E-016, -1.000000000000000000, -9.479793151792439600E-032 ) ) ;
#4611 = CARTESIAN_POINT ( 'NONE',  ( 2.975469372650890100, 12.10000000000000000, -7.400000000000000400 ) ) ;
#4610 = CARTESIAN_POINT ( 'NONE',  ( -12.24959361958396000, -0.4300000000001086800, -7.129999999999999900 ) ) ;
#4612 = CYLINDRICAL_SURFACE ( 'NONE', #3236, 0.5000000000000004400 ) ;
#4613 =( GEOMETRIC_REPRESENTATION_CONTEXT ( 3 ) GLOBAL_UNCERTAINTY_ASSIGNED_CONTEXT ( ( #8639 ) ) GLOBAL_UNIT_ASSIGNED_CONTEXT ( ( #1964, #8080, #620 ) ) REPRESENTATION_CONTEXT ( 'NONE', 'WORKASPACE' ) );
#4614 = CARTESIAN_POINT ( 'NONE',  ( -12.40000000000000000, 11.70000000000000100, 4.850000000000000500 ) ) ;
#4615 = EDGE_CURVE ( 'NONE', #5654, #7471, #6160, .T. ) ;
#4616 = CIRCLE ( 'NONE', #1170, 0.5000000000000004400 ) ;
#4617 = ORIENTED_EDGE ( 'NONE', *, *, #2638, .T. ) ;
#4618 = LINE ( 'NONE', #6364, #7343 ) ;
#4619 = AXIS2_PLACEMENT_3D ( 'NONE', #8005, #7590, #3867 ) ;
#4620 = PRESENTATION_LAYER_ASSIGNMENT (  '', '', ( #4166 ) ) ;
#4621 = DIRECTION ( 'NONE',  ( 0.9925062874861873000, -0.1221935730731606400, 0.0000000000000000000 ) ) ;
#4622 = CARTESIAN_POINT ( 'NONE',  ( 12.79669646790869900, -0.4647624511386099800, 5.129999999999999900 ) ) ;
#4623 = CARTESIAN_POINT ( 'NONE',  ( -11.61683953726132000, -0.2054565999144494800, 7.130000000000000800 ) ) ;
#4624 = DIRECTION ( 'NONE',  ( 1.000000000000000000, 0.0000000000000000000, -7.228014483236700500E-016 ) ) ;
#4625 = FACE_OUTER_BOUND ( 'NONE', #2254, .T. ) ;
#4626 = FACE_OUTER_BOUND ( 'NONE', #8308, .T. ) ;
#4627 = EDGE_CURVE ( 'NONE', #2478, #8216, #6590, .T. ) ;
#4628 = ORIENTED_EDGE ( 'NONE', *, *, #1717, .F. ) ;
#4629 = ORIENTED_EDGE ( 'NONE', *, *, #6833, .T. ) ;
#4630 = DIRECTION ( 'NONE',  ( 0.0000000000000000000, -1.000000000000000000, 0.0000000000000000000 ) ) ;
#4631 = DIRECTION ( 'NONE',  ( -0.1221935730727325700, 0.9925062874862399200, 0.0000000000000000000 ) ) ;
#4633 = DIRECTION ( 'NONE',  ( 0.0000000000000000000, 1.000000000000000000, 0.0000000000000000000 ) ) ;
#4632 = DIRECTION ( 'NONE',  ( 0.0000000000000000000, -1.000000000000000000, 0.0000000000000000000 ) ) ;
#4634 = PLANE ( 'NONE',  #3199 ) ;
#4635 = B_SPLINE_SURFACE_WITH_KNOTS ( 'NONE', 3, 1, ( 
 ( #3857, #5886 ),
 ( #4525, #7346 ),
 ( #2630, #1994 ),
 ( #7291, #3288 ),
 ( #1967, #5210 ),
 ( #7263, #5331 ),
 ( #7324, #531 ),
 ( #1913, #3887 ),
 ( #4623, #557 ),
 ( #3348, #3262 ),
 ( #1225, #646 ) ),
 .UNSPECIFIED., .F., .F., .F.,
 ( 4, 1, 1, 1, 1, 1, 1, 1, 4 ),
 ( 2, 2 ),
 ( -1.570796326794899900, -1.178097245096176000, -0.7853981633974509400, -0.3926990816987265300, -1.776356839400250100E-015, 0.3926990816987230300, 0.7853981633974469500, 1.178097245096172000, 1.570796326794895000 ),
 ( 0.0000000000000000000, 1.000000000000000000 ),
 .UNSPECIFIED. ) ;
#4636 = ORIENTED_EDGE ( 'NONE', *, *, #7875, .F. ) ;
#4637 = CARTESIAN_POINT ( 'NONE',  ( 12.90054052399948000, 0.07009548768148118900, -7.400000000000000400 ) ) ;
#4638 = LINE ( 'NONE', #927, #7360 ) ;
#4639 = PRESENTATION_LAYER_ASSIGNMENT (  '', '', ( #4181 ) ) ;
#4640 = ORIENTED_EDGE ( 'NONE', *, *, #2468, .F. ) ;
#4641 = EDGE_CURVE ( 'NONE', #6395, #5623, #7853, .T. ) ;
#4642 = CARTESIAN_POINT ( 'NONE',  ( -12.55000000000000100, 0.0000000000000000000, -11.75012184387840000 ) ) ;
#4643 = ORIENTED_EDGE ( 'NONE', *, *, #8496, .T. ) ;
#4644 = CARTESIAN_POINT ( 'NONE',  ( -5.450000000000399900, 16.82000000000000000, -4.850000000000000500 ) ) ;
#4645 = ORIENTED_EDGE ( 'NONE', *, *, #6474, .F. ) ;
#4646 = ADVANCED_FACE ( 'NONE', ( #7422 ), #3200, .T. ) ;
#4647 =( NAMED_UNIT ( * ) PLANE_ANGLE_UNIT ( ) SI_UNIT ( $, .RADIAN. ) );
#4648 = VERTEX_POINT ( 'NONE', #589 ) ;
#4649 = EDGE_CURVE ( 'NONE', #2701, #2851, #2406, .T. ) ;
#4650 = CARTESIAN_POINT ( 'NONE',  ( 11.90000000000040200, 16.82000000000000000, -4.850000000000000500 ) ) ;
#4651 = VECTOR ( 'NONE', #7833, 1000.000000000000000 ) ;
#4652 = CARTESIAN_POINT ( 'NONE',  ( -12.90054052399948000, 0.07009548768148289600, -7.400000000000000400 ) ) ;
#4653 = VECTOR ( 'NONE', #6707, 1000.000000000000100 ) ;
#4654 = ORIENTED_EDGE ( 'NONE', *, *, #7927, .F. ) ;
#4655 = ORIENTED_EDGE ( 'NONE', *, *, #6567, .T. ) ;
#4656 = VECTOR ( 'NONE', #7429, 1000.000000000000000 ) ;
#4657 = DIRECTION ( 'NONE',  ( 0.0000000000000000000, 0.0000000000000000000, 1.000000000000000000 ) ) ;
#4658 = CARTESIAN_POINT ( 'NONE',  ( -12.90054052399948000, 11.96513699471034000, -7.400000000000000400 ) ) ;
#4659 = CARTESIAN_POINT ( 'NONE',  ( 10.16000000000000000, -0.6999999999999999600, -10.66000000000000200 ) ) ;
#4660 = PLANE ( 'NONE',  #802 ) ;
#4661 = EDGE_CURVE ( 'NONE', #5303, #4037, #8166, .T. ) ;
#4662 = EDGE_LOOP ( 'NONE', ( #2156, #4247, #3466, #3253 ) ) ;
#4663 = VERTEX_POINT ( 'NONE', #1285 ) ;
#4664 = VECTOR ( 'NONE', #7996, 1000.000000000000000 ) ;
#4665 = ORIENTED_EDGE ( 'NONE', *, *, #8690, .T. ) ;
#4666 = ADVANCED_FACE ( 'NONE', ( #602 ), #4259, .T. ) ;
#4667 = AXIS2_PLACEMENT_3D ( 'NONE', #7060, #4999, #8412 ) ;
#4668 = FACE_OUTER_BOUND ( 'NONE', #8332, .T. ) ;
#4669 = ORIENTED_EDGE ( 'NONE', *, *, #6686, .F. ) ;
#4670 = SURFACE_STYLE_USAGE ( .BOTH. , #3993 ) ;
#4671 = EDGE_LOOP ( 'NONE', ( #345, #7841, #7856, #3727 ) ) ;
#4672 = CARTESIAN_POINT ( 'NONE',  ( 12.26417654002169600, 8.435894577954954300, -11.54958265104011500 ) ) ;
#4673 = EDGE_LOOP ( 'NONE', ( #2310, #1990, #2290, #6462 ) ) ;
#4674 = VERTEX_POINT ( 'NONE', #2598 ) ;
#4675 = EDGE_CURVE ( 'NONE', #8134, #6060, #2609, .T. ) ;
#4676 = DIRECTION ( 'NONE',  ( 0.0000000000000000000, 1.000000000000000000, 0.0000000000000000000 ) ) ;
#4677 = DIRECTION ( 'NONE',  ( 0.0000000000000000000, 0.0000000000000000000, 1.000000000000000000 ) ) ;
#4678 = VECTOR ( 'NONE', #8276, 1000.000000000000000 ) ;
#4679 = CARTESIAN_POINT ( 'NONE',  ( -11.61354585139582000, 7.824433369012191400, -12.41342400751739900 ) ) ;
#4680 = ORIENTED_EDGE ( 'NONE', *, *, #4076, .T. ) ;
#4681 = AXIS2_PLACEMENT_3D ( 'NONE', #569, #5253, #3241 ) ;
#4682 = VERTEX_POINT ( 'NONE', #7294 ) ;
#4683 = FACE_OUTER_BOUND ( 'NONE', #6577, .T. ) ;
#4684 = DIRECTION ( 'NONE',  ( 0.0000000000000000000, 0.0000000000000000000, 1.000000000000000000 ) ) ;
#4685 = CARTESIAN_POINT ( 'NONE',  ( 5.450000000000399900, 12.20000000000000100, 7.849999999999999600 ) ) ;
#4686 = LINE ( 'NONE', #7347, #7854 ) ;
#4687 =( BOUNDED_CURVE ( )  B_SPLINE_CURVE ( 3, ( #1870, #2477, #8518, #530 ),
 .UNSPECIFIED., .F., .F. ) 
 B_SPLINE_CURVE_WITH_KNOTS ( ( 4, 4 ),
 ( 0.01745329251993935100, 1.570796326794896600 ),
 .UNSPECIFIED. ) 
 CURVE ( )  GEOMETRIC_REPRESENTATION_ITEM ( )  RATIONAL_B_SPLINE_CURVE ( ( 1.000000000000000000, 0.8088336327694534100, 0.8088336327694534100, 1.000000000000000000 ) ) 
 REPRESENTATION_ITEM ( '' )  );
#4688 = EDGE_LOOP ( 'NONE', ( #8119, #6445, #4543, #8253 ) ) ;
#4689 = CARTESIAN_POINT ( 'NONE',  ( 10.16000000000000000, -6.299999999999999800, -10.16000000000000000 ) ) ;
#4690 = EDGE_LOOP ( 'NONE', ( #8298, #4141, #6900, #4265, #3726 ) ) ;
#4691 = PLANE ( 'NONE',  #1073 ) ;
#4692 =( LENGTH_UNIT ( ) NAMED_UNIT ( * ) SI_UNIT ( .MILLI., .METRE. ) );
#4693 = CARTESIAN_POINT ( 'NONE',  ( 0.9974411843539829900, 11.70000000000000100, 7.849999999999999600 ) ) ;
#4694 = EDGE_CURVE ( 'NONE', #5622, #4960, #6365, .T. ) ;
#4695 = VECTOR ( 'NONE', #4023, 1000.000000000000000 ) ;
#4696 = ORIENTED_EDGE ( 'NONE', *, *, #1199, .T. ) ;
#4698 = CARTESIAN_POINT ( 'NONE',  ( -12.11798117816914900, 8.665236917774628000, -11.48692749596010500 ) ) ;
#4697 = DIRECTION ( 'NONE',  ( 0.0000000000000000000, 0.0000000000000000000, 1.000000000000000000 ) ) ;
#4699 = CIRCLE ( 'NONE', #4011, 0.4974411843543769500 ) ;
#4700 = CARTESIAN_POINT ( 'NONE',  ( -12.90054052399948000, 11.96513699471034000, 7.400000000000000400 ) ) ;
#4701 = UNCERTAINTY_MEASURE_WITH_UNIT (LENGTH_MEASURE( 1.000000000000000100E-005 ), #6839, 'distance_accuracy_value', 'NONE');
#4702 = CARTESIAN_POINT ( 'NONE',  ( 11.50000000000000000, -0.6999999999999999600, -4.500000000000000000 ) ) ;
#4703 = ORIENTED_EDGE ( 'NONE', *, *, #4705, .T. ) ;
#4704 = ORIENTED_EDGE ( 'NONE', *, *, #1766, .F. ) ;
#4705 = EDGE_CURVE ( 'NONE', #5315, #3490, #7096, .T. ) ;
#4706 = MECHANICAL_DESIGN_GEOMETRIC_PRESENTATION_REPRESENTATION (  '', ( #2713 ), #394 ) ;
#4707 = DIRECTION ( 'NONE',  ( 3.388131789017135300E-016, -1.000000000000000000, 0.0000000000000000000 ) ) ;
#4708 = DIRECTION ( 'NONE',  ( 0.0000000000000000000, 0.0000000000000000000, 1.000000000000000000 ) ) ;
#4709 = ORIENTED_EDGE ( 'NONE', *, *, #6411, .F. ) ;
#4710 = PLANE ( 'NONE',  #1057 ) ;
#4711 = AXIS2_PLACEMENT_3D ( 'NONE', #2951, #947, #3590 ) ;
#4712 = EDGE_CURVE ( 'NONE', #3956, #5434, #1991, .T. ) ;
#4713 = CARTESIAN_POINT ( 'NONE',  ( -6.450000000000000200, 12.20000000000000100, -12.40000000000000000 ) ) ;
#4714 = FACE_OUTER_BOUND ( 'NONE', #6881, .T. ) ;
#4715 = ORIENTED_EDGE ( 'NONE', *, *, #3021, .T. ) ;
#4716 = CARTESIAN_POINT ( 'NONE',  ( -10.90000000000040000, 11.70000000000000100, -7.849999999999999600 ) ) ;
#4717 = CARTESIAN_POINT ( 'NONE',  ( 5.950000000000399900, 16.82000000000000000, -12.40000000000000000 ) ) ;
#4718 = VECTOR ( 'NONE', #3242, 1000.000000000000000 ) ;
#4720 = CARTESIAN_POINT ( 'NONE',  ( 11.01363723429845700, 9.199999999999999300, 11.01363723429845500 ) ) ;
#4719 = CARTESIAN_POINT ( 'NONE',  ( 12.90054722849359900, 0.07009548768149509400, 7.129999999999999900 ) ) ;
#4721 = CARTESIAN_POINT ( 'NONE',  ( 0.4999999999996029800, 12.19744118435426100, 12.40000000000000000 ) ) ;
#4722 =( LENGTH_UNIT ( ) NAMED_UNIT ( * ) SI_UNIT ( .MILLI., .METRE. ) );
#4723 = CARTESIAN_POINT ( 'NONE',  ( -11.50000000000000000, 0.0000000000000000000, 7.400000000000000400 ) ) ;
#4724 = LINE ( 'NONE', #6568, #6831 ) ;
#4725 = EDGE_LOOP ( 'NONE', ( #2923, #4747, #90, #5270 ) ) ;
#4726 = CARTESIAN_POINT ( 'NONE',  ( 0.4999999999996029800, 12.19744118435426100, 7.849999999999999600 ) ) ;
#4727 = EDGE_CURVE ( 'NONE', #7755, #1612, #1893, .T. ) ;
#4728 = AXIS2_PLACEMENT_3D ( 'NONE', #3301, #5284, #6029 ) ;
#4729 = ORIENTED_EDGE ( 'NONE', *, *, #2830, .F. ) ;
#4730 = AXIS2_PLACEMENT_3D ( 'NONE', #5091, #5774, #7804 ) ;
#4731 = CIRCLE ( 'NONE', #1562, 0.5000000000000004400 ) ;
#4732 = SURFACE_STYLE_USAGE ( .BOTH. , #63 ) ;
#4733 = CARTESIAN_POINT ( 'NONE',  ( 10.90000000000000000, 11.19999999999999900, -12.40000000000000000 ) ) ;
#4734 = CARTESIAN_POINT ( 'NONE',  ( -5.950000000000399900, 16.82000000000000000, -12.40000000000000000 ) ) ;
#4735 = DIRECTION ( 'NONE',  ( -6.546126324440770800E-016, 0.0000000000000000000, -1.000000000000000000 ) ) ;
#4736 = EDGE_CURVE ( 'NONE', #1683, #1973, #5309, .T. ) ;
#4737 = ORIENTED_EDGE ( 'NONE', *, *, #6233, .F. ) ;
#4738 = DIRECTION ( 'NONE',  ( 1.000000000000000000, 0.0000000000000000000, 0.0000000000000000000 ) ) ;
#4739 = DIRECTION ( 'NONE',  ( 0.0000000000000000000, 0.0000000000000000000, -1.000000000000000000 ) ) ;
#4740 = DIRECTION ( 'NONE',  ( 0.0000000000000000000, 0.0000000000000000000, -1.000000000000000000 ) ) ;
#4741 = LINE ( 'NONE', #2535, #7367 ) ;
#4742 = CARTESIAN_POINT ( 'NONE',  ( 6.450000000000000200, 12.20000000000000100, 12.40000000000000000 ) ) ;
#4743 =( NAMED_UNIT ( * ) SI_UNIT ( $, .STERADIAN. ) SOLID_ANGLE_UNIT ( ) );
#4744 = ORIENTED_EDGE ( 'NONE', *, *, #463, .T. ) ;
#4745 = CARTESIAN_POINT ( 'NONE',  ( -11.09131776628595900, 9.199999999999999300, -11.19489180893468800 ) ) ;
#4746 = ORIENTED_EDGE ( 'NONE', *, *, #4432, .T. ) ;
#4747 = ORIENTED_EDGE ( 'NONE', *, *, #4298, .F. ) ;
#4748 = CIRCLE ( 'NONE', #5325, 0.5000000000000004400 ) ;
#4749 = EDGE_CURVE ( 'NONE', #1829, #3996, #5200, .T. ) ;
#4750 = FACE_OUTER_BOUND ( 'NONE', #2912, .T. ) ;
#4751 = CARTESIAN_POINT ( 'NONE',  ( -12.40143812445129300, 8.005473010438194600, 11.60840904436745900 ) ) ;
#4752 = ORIENTED_EDGE ( 'NONE', *, *, #2, .F. ) ;
#4753 = ADVANCED_FACE ( 'NONE', ( #7942 ), #5333, .T. ) ;
#4754 = CARTESIAN_POINT ( 'NONE',  ( -12.90054052399946000, 0.07009548768148289600, -5.129999999999999900 ) ) ;
#4755 = EDGE_LOOP ( 'NONE', ( #8495, #2006, #5189, #7198 ) ) ;
#4756 = CIRCLE ( 'NONE', #7699, 0.5000000000000000000 ) ;
#4757 = VERTEX_POINT ( 'NONE', #1340 ) ;
#4758 = DIRECTION ( 'NONE',  ( -0.9925062874861873000, 0.1221935730731606400, 0.0000000000000000000 ) ) ;
#4759 = EDGE_CURVE ( 'NONE', #1995, #8152, #287, .T. ) ;
#4760 = ORIENTED_EDGE ( 'NONE', *, *, #4232, .F. ) ;
#4761 = VECTOR ( 'NONE', #276, 1000.000000000000000 ) ;
#4762 = FILL_AREA_STYLE_COLOUR ( '', #6333 ) ;
#4763 = FILL_AREA_STYLE ('',( #6161 ) ) ;
#4764 = ORIENTED_EDGE ( 'NONE', *, *, #2585, .F. ) ;
#4765 = PRODUCT_DEFINITION ( 'UNKNOWN', '', #1954, #5440 ) ;
#4766 = CARTESIAN_POINT ( 'NONE',  ( 11.59960032407808100, -0.02134362361127549800, -5.129999999999999900 ) ) ;
#4767 = CARTESIAN_POINT ( 'NONE',  ( 11.40000000000040200, 16.82000000000000000, -4.850000000000000500 ) ) ;
#4768 = EDGE_LOOP ( 'NONE', ( #6752, #3184, #6557, #2324 ) ) ;
#4770 = DIRECTION ( 'NONE',  ( 1.000000000000000000, 0.0000000000000000000, 0.0000000000000000000 ) ) ;
#4769 = CARTESIAN_POINT ( 'NONE',  ( -12.55000000000000100, 0.0000000000000000000, 12.55000000000000100 ) ) ;
#4771 = DIRECTION ( 'NONE',  ( -3.809744271775434900E-016, 1.000000000000000000, 0.0000000000000000000 ) ) ;
#4772 = CARTESIAN_POINT ( 'NONE',  ( -12.69999999999999900, 0.0000000000000000000, 7.400000000000000400 ) ) ;
#4773 = SURFACE_STYLE_FILL_AREA ( #5071 ) ;
#4774 = CARTESIAN_POINT ( 'NONE',  ( 10.90000000000040000, 12.20000000000000100, -4.850000000000000500 ) ) ;
#4775 = ADVANCED_FACE ( 'NONE', ( #77 ), #5611, .F. ) ;
#4776 = LINE ( 'NONE', #8493, #5412 ) ;
#4777 = COLOUR_RGB ( '',0.7490196078431372600, 0.7490196078431372600, 0.7490196078431372600 ) ;
#4778 = ORIENTED_EDGE ( 'NONE', *, *, #5114, .T. ) ;
#4779 = ORIENTED_EDGE ( 'NONE', *, *, #3918, .T. ) ;
#4780 = ORIENTED_EDGE ( 'NONE', *, *, #3960, .T. ) ;
#4781 = CARTESIAN_POINT ( 'NONE',  ( -11.46188084980382600, 8.735040084441887800, 12.05953900380488100 ) ) ;
#4782 = VECTOR ( 'NONE', #6539, 1000.000000000000000 ) ;
#4783 = MECHANICAL_DESIGN_GEOMETRIC_PRESENTATION_REPRESENTATION (  '', ( #5577 ), #6308 ) ;
#4784 = VECTOR ( 'NONE', #5425, 1000.000000000000000 ) ;
#4785 = CARTESIAN_POINT ( 'NONE',  ( 11.54958265104011500, 8.435894577954954300, -12.26417654002169600 ) ) ;
#4786 = CIRCLE ( 'NONE', #3265, 0.1999999999999883800 ) ;
#4787 = EDGE_LOOP ( 'NONE', ( #7973, #7448, #4628, #7113 ) ) ;
#4788 = CYLINDRICAL_SURFACE ( 'NONE', #8695, 0.5000000000000004400 ) ;
#4789 = EDGE_LOOP ( 'NONE', ( #606, #4654, #5529, #7519, #547, #6335, #6150 ) ) ;
#4790 = LINE ( 'NONE', #5801, #6379 ) ;
#4791 = EDGE_CURVE ( 'NONE', #5218, #6268, #2090, .T. ) ;
#4792 = FILL_AREA_STYLE_COLOUR ( '', #4777 ) ;
#4793 = CARTESIAN_POINT ( 'NONE',  ( -12.49959361958396000, 0.06999999999989130200, 7.400000000000000400 ) ) ;
#4794 = FACE_OUTER_BOUND ( 'NONE', #6336, .T. ) ;
#4795 = VERTEX_POINT ( 'NONE', #3004 ) ;
#4796 = FACE_OUTER_BOUND ( 'NONE', #1772, .T. ) ;
#4797 = ORIENTED_EDGE ( 'NONE', *, *, #3798, .F. ) ;
#4798 = CARTESIAN_POINT ( 'NONE',  ( -11.90000000000000000, 16.82000000000000000, -12.40000000000000000 ) ) ;
#4799 = LINE ( 'NONE', #1827, #3035 ) ;
#4800 =( BOUNDED_CURVE ( )  B_SPLINE_CURVE ( 3, ( #3820, #4514, #6471, #2500 ),
 .UNSPECIFIED., .F., .T. ) 
 B_SPLINE_CURVE_WITH_KNOTS ( ( 4, 4 ),
 ( 0.0000000000000000000, 1.570987302159244000 ),
 .UNSPECIFIED. ) 
 CURVE ( )  GEOMETRIC_REPRESENTATION_ITEM ( )  RATIONAL_B_SPLINE_CURVE ( ( 1.000000000000000000, 0.8046928386502678600, 0.8046928386502678600, 1.000000000000000000 ) ) 
 REPRESENTATION_ITEM ( '' )  );
#4801 = PRESENTATION_LAYER_ASSIGNMENT (  '', '', ( #1759 ) ) ;
#4802 = CARTESIAN_POINT ( 'NONE',  ( 0.4999999999996029800, 12.19744118435426100, -4.850000000000000500 ) ) ;
#4803 = CARTESIAN_POINT ( 'NONE',  ( 12.24959361958396000, -0.4300000000001086800, 7.400000000000000400 ) ) ;
#4805 = DIRECTION ( 'NONE',  ( 0.0000000000000000000, 0.0000000000000000000, -1.000000000000000000 ) ) ;
#4804 = CARTESIAN_POINT ( 'NONE',  ( -6.949999999999999300, 12.20000000000000100, -12.40000000000000000 ) ) ;
#4806 = DIRECTION ( 'NONE',  ( 0.0000000000000000000, 0.0000000000000000000, 1.000000000000000000 ) ) ;
#4807 = DIRECTION ( 'NONE',  ( 2.797941090285175100E-016, -0.0000000000000000000, 1.000000000000000000 ) ) ;
#4808 = EDGE_CURVE ( 'NONE', #686, #2773, #2706, .T. ) ;
#4810 = CARTESIAN_POINT ( 'NONE',  ( -11.01363723429845900, 9.199999999999999300, -11.01363723429845900 ) ) ;
#4809 = DIRECTION ( 'NONE',  ( 1.000000000000000000, 0.0000000000000000000, 0.0000000000000000000 ) ) ;
#4811 = CARTESIAN_POINT ( 'NONE',  ( 0.0000000000000000000, 16.82000000000000000, 4.850000000000000500 ) ) ;
#4812 =( BOUNDED_CURVE ( )  B_SPLINE_CURVE ( 3, ( #260, #6239, #2241, #6959 ),
 .UNSPECIFIED., .F., .F. ) 
 B_SPLINE_CURVE_WITH_KNOTS ( ( 4, 4 ),
 ( 5.497939437029701900, 7.068431177329470600 ),
 .UNSPECIFIED. ) 
 CURVE ( )  GEOMETRIC_REPRESENTATION_ITEM ( )  RATIONAL_B_SPLINE_CURVE ( ( 1.000000000000000000, 0.8048096403827775800, 0.8048096403827775800, 1.000000000000000000 ) ) 
 REPRESENTATION_ITEM ( '' )  );
#4813 = VECTOR ( 'NONE', #3396, 1000.000000000000000 ) ;
#4814 = EDGE_LOOP ( 'NONE', ( #269, #251, #7301, #1254, #1166, #8272, #1327 ) ) ;
#4815 = CIRCLE ( 'NONE', #5011, 0.5000000000000000000 ) ;
#4816 = EDGE_CURVE ( 'NONE', #2388, #2292, #4044, .T. ) ;
#4817 = ORIENTED_EDGE ( 'NONE', *, *, #2278, .T. ) ;
#4818 = EDGE_CURVE ( 'NONE', #6704, #80, #3112, .T. ) ;
#4819 = CARTESIAN_POINT ( 'NONE',  ( 12.69999999999999900, -0.6999999999999999600, -7.400000000000000400 ) ) ;
#4820 = CARTESIAN_POINT ( 'NONE',  ( -10.16000000000000000, -6.299999999999999800, -9.960000000000011500 ) ) ;
#4821 = LINE ( 'NONE', #330, #1077 ) ;
#4822 = EDGE_LOOP ( 'NONE', ( #5850, #2461, #8535, #3387 ) ) ;
#4823 =( GEOMETRIC_REPRESENTATION_CONTEXT ( 3 ) GLOBAL_UNCERTAINTY_ASSIGNED_CONTEXT ( ( #6416 ) ) GLOBAL_UNIT_ASSIGNED_CONTEXT ( ( #2318, #4830, #2965 ) ) REPRESENTATION_CONTEXT ( 'NONE', 'WORKASPACE' ) );
#4824 = FACE_OUTER_BOUND ( 'NONE', #1181, .T. ) ;
#4825 = EDGE_CURVE ( 'NONE', #4258, #6413, #4812, .T. ) ;
#4826 = CARTESIAN_POINT ( 'NONE',  ( -10.16000000000000000, -6.299999999999999800, 0.0000000000000000000 ) ) ;
#4828 = CARTESIAN_POINT ( 'NONE',  ( -5.450000000000399900, 16.82000000000000000, -12.40000000000000000 ) ) ;
#4827 = DIRECTION ( 'NONE',  ( 0.0000000000000000000, 0.0000000000000000000, 1.000000000000000000 ) ) ;
#4829 = DIRECTION ( 'NONE',  ( 0.0000000000000000000, 0.0000000000000000000, 1.000000000000000000 ) ) ;
#4830 =( NAMED_UNIT ( * ) PLANE_ANGLE_UNIT ( ) SI_UNIT ( $, .RADIAN. ) );
#4831 = LINE ( 'NONE', #4793, #5573 ) ;
#4833 = DIRECTION ( 'NONE',  ( -1.000000000000000000, 0.0000000000000000000, 0.0000000000000000000 ) ) ;
#4832 = DIRECTION ( 'NONE',  ( 0.0000000000000000000, 1.000000000000000000, 0.0000000000000000000 ) ) ;
#4834 = LINE ( 'NONE', #4294, #5159 ) ;
#4835 = CARTESIAN_POINT ( 'NONE',  ( -11.40000000000040200, 12.20000000000000100, 7.849999999999999600 ) ) ;
#4836 = ORIENTED_EDGE ( 'NONE', *, *, #2349, .T. ) ;
#4837 = CARTESIAN_POINT ( 'NONE',  ( -11.58024126974190100, 8.269388219921030000, 12.33571331699212200 ) ) ;
#4838 = ORIENTED_EDGE ( 'NONE', *, *, #2246, .T. ) ;
#4839 = CARTESIAN_POINT ( 'NONE',  ( -12.69999999999999900, 0.0000000000000000000, -4.500000000000000000 ) ) ;
#4840 = LINE ( 'NONE', #5630, #2151 ) ;
#4841 = EDGE_CURVE ( 'NONE', #5677, #8063, #5096, .T. ) ;
#4842 = EDGE_LOOP ( 'NONE', ( #8528, #8362, #2498, #7103 ) ) ;
#4843 = ORIENTED_EDGE ( 'NONE', *, *, #1945, .T. ) ;
#4844 = AXIS2_PLACEMENT_3D ( 'NONE', #5986, #5671, #4337 ) ;
#4845 = B_SPLINE_SURFACE_WITH_KNOTS ( 'NONE', 3, 1, ( 
 ( #7874, #1914 ),
 ( #7834, #2480 ),
 ( #3830, #8548 ),
 ( #7152, #5888 ),
 ( #3800, #8523 ),
 ( #6576, #509 ),
 ( #5182, #5866 ),
 ( #3889, #6538 ),
 ( #2540, #7209 ),
 ( #8577, #3231 ),
 ( #7920, #4558 ) ),
 .UNSPECIFIED., .F., .F., .F.,
 ( 4, 1, 1, 1, 1, 1, 1, 1, 4 ),
 ( 2, 2 ),
 ( -1.570796326794899900, -1.178097245096176000, -0.7853981633974509400, -0.3926990816987265300, -1.776356839400250100E-015, 0.3926990816987230300, 0.7853981633974469500, 1.178097245096172000, 1.570796326794895000 ),
 ( 0.0000000000000000000, 1.000000000000000000 ),
 .UNSPECIFIED. ) ;
#4846 = ORIENTED_EDGE ( 'NONE', *, *, #5607, .F. ) ;
#4847 = CARTESIAN_POINT ( 'NONE',  ( 12.90054722849359900, 0.07009548768149509400, 7.129999999999999900 ) ) ;
#4848 = FACE_OUTER_BOUND ( 'NONE', #6821, .T. ) ;
#4849 = FACE_OUTER_BOUND ( 'NONE', #7914, .T. ) ;
#4850 = ORIENTED_EDGE ( 'NONE', *, *, #5042, .T. ) ;
#4851 = EDGE_CURVE ( 'NONE', #3384, #6026, #3002, .T. ) ;
#4852 = ORIENTED_EDGE ( 'NONE', *, *, #951, .F. ) ;
#4853 = FACE_OUTER_BOUND ( 'NONE', #7919, .T. ) ;
#4854 = CARTESIAN_POINT ( 'NONE',  ( 10.90000000000040000, 12.20000000000000100, -12.40000000000000000 ) ) ;
#4855 = DIRECTION ( 'NONE',  ( -0.0000000000000000000, -1.000000000000000000, -0.0000000000000000000 ) ) ;
#4857 = CARTESIAN_POINT ( 'NONE',  ( -11.59959361958396000, 0.06999999999989130200, -5.129999999999999900 ) ) ;
#4856 = DIRECTION ( 'NONE',  ( 2.073374672482239900E-016, 0.0000000000000000000, 1.000000000000000000 ) ) ;
#4859 = CARTESIAN_POINT ( 'NONE',  ( -0.5000000000000000000, 12.20000000000000100, -7.849999999999999600 ) ) ;
#4858 = SURFACE_SIDE_STYLE ('',( #1686 ) ) ;
#4860 = LINE ( 'NONE', #5344, #4653 ) ;
#4861 = ADVANCED_FACE ( 'NONE', ( #8057 ), #7579, .T. ) ;
#4862 = VERTEX_POINT ( 'NONE', #1000 ) ;
#4863 = EDGE_CURVE ( 'NONE', #6582, #7253, #7619, .T. ) ;
#4864 = AXIS2_PLACEMENT_3D ( 'NONE', #7273, #1921, #3208 ) ;
#4865 = MECHANICAL_DESIGN_GEOMETRIC_PRESENTATION_REPRESENTATION (  '', ( #5947 ), #397 ) ;
#4866 = PRESENTATION_STYLE_ASSIGNMENT (( #7669 ) ) ;
#4867 = VERTEX_POINT ( 'NONE', #7019 ) ;
#4868 = PRESENTATION_LAYER_ASSIGNMENT (  '', '', ( #6080 ) ) ;
#4869 = EDGE_LOOP ( 'NONE', ( #3560, #7896 ) ) ;
#4870 = CARTESIAN_POINT ( 'NONE',  ( 0.0000000000000000000, 9.199999999999999300, 11.01363723429845900 ) ) ;
#4871 = CARTESIAN_POINT ( 'NONE',  ( 12.69999999999999900, 0.0000000000000000000, -7.400000000000000400 ) ) ;
#4872 = EDGE_CURVE ( 'NONE', #3011, #888, #6579, .T. ) ;
#4873 = CYLINDRICAL_SURFACE ( 'NONE', #3088, 0.5000000000000004400 ) ;
#4875 = DIRECTION ( 'NONE',  ( 0.0000000000000000000, 0.0000000000000000000, -1.000000000000000000 ) ) ;
#4874 = PLANE ( 'NONE',  #5238 ) ;
#4876 = VERTEX_POINT ( 'NONE', #6340 ) ;
#4877 =( NAMED_UNIT ( * ) SI_UNIT ( $, .STERADIAN. ) SOLID_ANGLE_UNIT ( ) );
#4878 = ADVANCED_FACE ( 'NONE', ( #2293 ), #3216, .T. ) ;
#4879 = ORIENTED_EDGE ( 'NONE', *, *, #6965, .F. ) ;
#4880 = VECTOR ( 'NONE', #2458, 1000.000000000000000 ) ;
#4881 = ORIENTED_EDGE ( 'NONE', *, *, #8208, .F. ) ;
#4882 = LINE ( 'NONE', #2626, #3835 ) ;
#4883 = ORIENTED_EDGE ( 'NONE', *, *, #7889, .F. ) ;
#4884 = VERTEX_POINT ( 'NONE', #3583 ) ;
#4885 = CARTESIAN_POINT ( 'NONE',  ( 0.4999999999996019900, 16.82000000000000000, 7.849999999999999600 ) ) ;
#4887 = DIRECTION ( 'NONE',  ( -1.000000000000000000, 0.0000000000000000000, 0.0000000000000000000 ) ) ;
#4886 = CARTESIAN_POINT ( 'NONE',  ( 12.39606240534999400, -0.4300000000001086800, -7.129999999999999900 ) ) ;
#4888 = DIRECTION ( 'NONE',  ( 1.000000000000000000, 0.0000000000000000000, 0.0000000000000000000 ) ) ;
#4889 = DIRECTION ( 'NONE',  ( 0.0000000000000000000, 0.0000000000000000000, -1.000000000000000000 ) ) ;
#4890 = ORIENTED_EDGE ( 'NONE', *, *, #5489, .F. ) ;
#4891 = CARTESIAN_POINT ( 'NONE',  ( 12.41342400751740600, 7.824433369012192300, -11.61354585139581600 ) ) ;
#4893 = PLANE ( 'NONE',  #493 ) ;
#4892 = DIRECTION ( 'NONE',  ( -1.000000000000000000, -4.372213365170680100E-016, 0.0000000000000000000 ) ) ;
#4894 = VECTOR ( 'NONE', #3605, 1000.000000000000000 ) ;
#4895 = FACE_OUTER_BOUND ( 'NONE', #222, .T. ) ;
#4896 = EDGE_CURVE ( 'NONE', #588, #7754, #8483, .T. ) ;
#4897 = EDGE_LOOP ( 'NONE', ( #2835, #3169, #5451, #5380 ) ) ;
#4898 = ORIENTED_EDGE ( 'NONE', *, *, #7577, .F. ) ;
#4899 = MECHANICAL_DESIGN_GEOMETRIC_PRESENTATION_REPRESENTATION (  '', ( #3114 ), #7442 ) ;
#4900 = COLOUR_RGB ( '',0.7490196078431372600, 0.7490196078431372600, 0.7490196078431372600 ) ;
#4901 = ORIENTED_EDGE ( 'NONE', *, *, #4298, .T. ) ;
#4902 = ADVANCED_FACE ( 'NONE', ( #497 ), #2928, .T. ) ;
#4903 = CARTESIAN_POINT ( 'NONE',  ( 11.16894232789284700, 9.164376660937380200, -11.37601578601650600 ) ) ;
#4904 = VECTOR ( 'NONE', #6013, 1000.000000000000000 ) ;
#4905 = ADVANCED_FACE ( 'NONE', ( #5624 ), #7944, .F. ) ;
#4906 = EDGE_CURVE ( 'NONE', #3246, #5985, #3421, .T. ) ;
#4907 = CARTESIAN_POINT ( 'NONE',  ( -4.950000000000399900, 12.20000000000000100, -12.40000000000000000 ) ) ;
#4908 = DIRECTION ( 'NONE',  ( 0.0000000000000000000, 0.0000000000000000000, -1.000000000000000000 ) ) ;
#4909 = ORIENTED_EDGE ( 'NONE', *, *, #6218, .F. ) ;
#4910 = AXIS2_PLACEMENT_3D ( 'NONE', #1671, #8375, #8410 ) ;
#4911 = DIRECTION ( 'NONE',  ( -0.0000000000000000000, -0.0000000000000000000, 1.000000000000000000 ) ) ;
#4912 = LINE ( 'NONE', #5142, #3148 ) ;
#4913 = CARTESIAN_POINT ( 'NONE',  ( -11.60183876112544100, 12.75902544545406100, 7.400000000000000400 ) ) ;
#4914 = DIRECTION ( 'NONE',  ( 0.0000000000000000000, 0.0000000000000000000, 1.000000000000000000 ) ) ;
#4915 = CARTESIAN_POINT ( 'NONE',  ( 0.9974411843539802100, 11.70000000000000100, -4.850000000000000500 ) ) ;
#4916 = ORIENTED_EDGE ( 'NONE', *, *, #8283, .F. ) ;
#4917 = DIRECTION ( 'NONE',  ( -0.0000000000000000000, 1.000000000000000000, -0.0000000000000000000 ) ) ;
#4918 = EDGE_CURVE ( 'NONE', #1211, #7225, #1239, .T. ) ;
#4920 = CARTESIAN_POINT ( 'NONE',  ( -11.61354585139582000, 7.824433369012191400, -12.41342400751739900 ) ) ;
#4919 = DIRECTION ( 'NONE',  ( 1.000000000000000000, 0.0000000000000000000, 0.0000000000000000000 ) ) ;
#4921 = LINE ( 'NONE', #3747, #966 ) ;
#4922 = ORIENTED_EDGE ( 'NONE', *, *, #6686, .T. ) ;
#4923 = AXIS2_PLACEMENT_3D ( 'NONE', #8670, #3912, #584 ) ;
#4924 =( NAMED_UNIT ( * ) PLANE_ANGLE_UNIT ( ) SI_UNIT ( $, .RADIAN. ) );
#4925 = EDGE_CURVE ( 'NONE', #3947, #3172, #1882, .T. ) ;
#4926 = CYLINDRICAL_SURFACE ( 'NONE', #1333, 0.5000000000000004400 ) ;
#4928 = ORIENTED_EDGE ( 'NONE', *, *, #8583, .F. ) ;
#4927 = ADVANCED_FACE ( 'NONE', ( #3622 ), #4345, .T. ) ;
#4929 = LINE ( 'NONE', #6642, #5258 ) ;
#4930 = CARTESIAN_POINT ( 'NONE',  ( 2.975469372650890100, 12.10000000000000000, -4.859999999999999400 ) ) ;
#4931 = VERTEX_POINT ( 'NONE', #2384 ) ;
#4932 = PRESENTATION_LAYER_ASSIGNMENT (  '', '', ( #1830 ) ) ;
#4933 = ADVANCED_FACE ( 'NONE', ( #2810 ), #6151, .T. ) ;
#4934 = ORIENTED_EDGE ( 'NONE', *, *, #114, .T. ) ;
#4935 = CARTESIAN_POINT ( 'NONE',  ( 12.10312483381792600, -0.4300000000001087400, -5.129999999999999000 ) ) ;
#4936 = DIRECTION ( 'NONE',  ( -0.0000000000000000000, -0.0000000000000000000, -1.000000000000000000 ) ) ;
#4937 = CARTESIAN_POINT ( 'NONE',  ( 12.49959361958396000, 11.96502041546510100, 7.400000000000000400 ) ) ;
#4938 = CARTESIAN_POINT ( 'NONE',  ( 0.4999999999996019900, 16.82000000000000000, -4.850000000000000500 ) ) ;
#4939 = ORIENTED_EDGE ( 'NONE', *, *, #2442, .T. ) ;
#4941 = SURFACE_STYLE_USAGE ( .BOTH. , #5601 ) ;
#4940 = DIRECTION ( 'NONE',  ( -1.000000000000000000, 0.0000000000000000000, 0.0000000000000000000 ) ) ;
#4942 = CARTESIAN_POINT ( 'NONE',  ( -11.40000000000040200, 12.20000000000000100, -7.849999999999999600 ) ) ;
#4943 = SURFACE_SIDE_STYLE ('',( #7912 ) ) ;
#4944 = AXIS2_PLACEMENT_3D ( 'NONE', #2108, #4708, #6722 ) ;
#4945 = ORIENTED_EDGE ( 'NONE', *, *, #7786, .F. ) ;
#4946 = LINE ( 'NONE', #1645, #3180 ) ;
#4947 = ADVANCED_BREP_SHAPE_REPRESENTATION ( 'THN 20UIR', ( #792, #3368, #2099, #3258, #8596, #5977 ), #4613 ) ;
#4948 = CYLINDRICAL_SURFACE ( 'NONE', #16, 1.499999999999999600 ) ;
#4949 = ORIENTED_EDGE ( 'NONE', *, *, #7055, .F. ) ;
#4950 = ORIENTED_EDGE ( 'NONE', *, *, #4808, .F. ) ;
#4951 = CARTESIAN_POINT ( 'NONE',  ( 12.24959361958396000, -0.4300000000001086800, -7.129999999999999900 ) ) ;
#4952 = EDGE_CURVE ( 'NONE', #3690, #1067, #2599, .T. ) ;
#4953 = ORIENTED_EDGE ( 'NONE', *, *, #2830, .T. ) ;
#4954 = AXIS2_PLACEMENT_3D ( 'NONE', #289, #2976, #942 ) ;
#4955 = LINE ( 'NONE', #3604, #1005 ) ;
#4956 = ORIENTED_EDGE ( 'NONE', *, *, #2246, .F. ) ;
#4957 = DIRECTION ( 'NONE',  ( 0.0000000000000000000, 1.000000000000000000, 0.0000000000000000000 ) ) ;
#4958 = ORIENTED_EDGE ( 'NONE', *, *, #6103, .F. ) ;
#4959 = DIRECTION ( 'NONE',  ( 0.0000000000000000000, 0.0000000000000000000, 1.000000000000000000 ) ) ;
#4960 = VERTEX_POINT ( 'NONE', #3756 ) ;
#4961 = VECTOR ( 'NONE', #1948, 1000.000000000000000 ) ;
#4962 = EDGE_CURVE ( 'NONE', #7227, #1093, #1567, .T. ) ;
#4963 = AXIS2_PLACEMENT_3D ( 'NONE', #2797, #2854, #211 ) ;
#4964 = CARTESIAN_POINT ( 'NONE',  ( -1.000000000000000000, 11.70000000000000100, 7.849999999999999600 ) ) ;
#4965 = ORIENTED_EDGE ( 'NONE', *, *, #4906, .T. ) ;
#4967 = CARTESIAN_POINT ( 'NONE',  ( -11.50000000000000000, 0.0000000000000000000, -4.500000000000000000 ) ) ;
#4966 = DIRECTION ( 'NONE',  ( 0.0000000000000000000, 0.0000000000000000000, 1.000000000000000000 ) ) ;
#4968 = CARTESIAN_POINT ( 'NONE',  ( 5.950000000000000200, 16.82000000000000000, -4.850000000000000500 ) ) ;
#4969 = DIRECTION ( 'NONE',  ( 1.000000000000000000, 0.0000000000000000000, 0.0000000000000000000 ) ) ;
#4970 = ORIENTED_EDGE ( 'NONE', *, *, #231, .T. ) ;
#4971 = CARTESIAN_POINT ( 'NONE',  ( 3.000000000000000000, 11.70000000000000100, 7.400000000000000400 ) ) ;
#4973 = CARTESIAN_POINT ( 'NONE',  ( 12.90054722849359900, -0.8306078065220959800, -7.129999999999999900 ) ) ;
#4972 = DIRECTION ( 'NONE',  ( 0.0000000000000000000, -1.000000000000000000, 0.0000000000000000000 ) ) ;
#4974 = VERTEX_POINT ( 'NONE', #7107 ) ;
#4975 = EDGE_CURVE ( 'NONE', #4353, #2633, #7410, .T. ) ;
#4976 = ADVANCED_FACE ( 'NONE', ( #2501 ), #7783, .T. ) ;
#4977 = ADVANCED_FACE ( 'NONE', ( #1664 ), #6977, .T. ) ;
#4978 = ORIENTED_EDGE ( 'NONE', *, *, #4925, .T. ) ;
#4979 = DIRECTION ( 'NONE',  ( -6.994852725712929000E-017, 0.0000000000000000000, -1.000000000000000000 ) ) ;
#4980 = CARTESIAN_POINT ( 'NONE',  ( -11.50000000000000000, 0.0000000000000000000, -4.500000000000000000 ) ) ;
#4982 = LINE ( 'NONE', #4913, #3115 ) ;
#4981 = DIRECTION ( 'NONE',  ( 1.000000000000000000, 0.0000000000000000000, -6.994852725712929000E-017 ) ) ;
#4983 = PLANE ( 'NONE',  #8238 ) ;
#4984 = ORIENTED_EDGE ( 'NONE', *, *, #2523, .F. ) ;
#4985 = ORIENTED_EDGE ( 'NONE', *, *, #7811, .F. ) ;
#4986 = VECTOR ( 'NONE', #7186, 1000.000000000000000 ) ;
#4987 = EDGE_CURVE ( 'NONE', #4682, #5205, #4563, .T. ) ;
#4988 = DIRECTION ( 'NONE',  ( 0.0000000000000000000, 0.0000000000000000000, 1.000000000000000000 ) ) ;
#4989 = LINE ( 'NONE', #5873, #1678 ) ;
#4990 = CARTESIAN_POINT ( 'NONE',  ( -0.5000000000000000000, 16.82000000000000000, -12.40000000000000000 ) ) ;
#4991 = EDGE_LOOP ( 'NONE', ( #6117, #8693, #6594, #1872, #4780, #6027 ) ) ;
#4992 = ORIENTED_EDGE ( 'NONE', *, *, #835, .T. ) ;
#4993 = LINE ( 'NONE', #5755, #1478 ) ;
#4994 = VERTEX_POINT ( 'NONE', #1978 ) ;
#4995 = ORIENTED_EDGE ( 'NONE', *, *, #2585, .T. ) ;
#4996 = DIRECTION ( 'NONE',  ( 0.0000000000000000000, 0.0000000000000000000, -1.000000000000000000 ) ) ;
#4997 = FACE_BOUND ( 'NONE', #7847, .T. ) ;
#4998 = DIRECTION ( 'NONE',  ( 0.0000000000000000000, 0.0000000000000000000, 1.000000000000000000 ) ) ;
#4999 = DIRECTION ( 'NONE',  ( -0.0000000000000000000, -1.000000000000000000, -0.0000000000000000000 ) ) ;
#5000 = CARTESIAN_POINT ( 'NONE',  ( 12.69999999999999900, 0.0000000000000000000, 4.500000000000000000 ) ) ;
#5001 = CARTESIAN_POINT ( 'NONE',  ( -12.41342400751739900, 7.824433369012191400, 11.61354585139582000 ) ) ;
#5002 = DIRECTION ( 'NONE',  ( 0.0000000000000000000, 0.0000000000000000000, 1.000000000000000000 ) ) ;
#5003 = ORIENTED_EDGE ( 'NONE', *, *, #5772, .F. ) ;
#5004 = LINE ( 'NONE', #7557, #1488 ) ;
#5005 = ORIENTED_EDGE ( 'NONE', *, *, #2596, .F. ) ;
#5006 = LINE ( 'NONE', #3007, #7649 ) ;
#5007 = ORIENTED_EDGE ( 'NONE', *, *, #8301, .F. ) ;
#5008 = EDGE_CURVE ( 'NONE', #7971, #3729, #7399, .T. ) ;
#5009 = DIRECTION ( 'NONE',  ( 2.098455817713879800E-016, 0.0000000000000000000, 1.000000000000000000 ) ) ;
#5010 = AXIS2_PLACEMENT_3D ( 'NONE', #1951, #545, #1924 ) ;
#5011 = AXIS2_PLACEMENT_3D ( 'NONE', #8313, #4936, #2957 ) ;
#5012 = DIRECTION ( 'NONE',  ( 0.0000000000000000000, 0.0000000000000000000, 1.000000000000000000 ) ) ;
#5013 = COLOUR_RGB ( '',1.000000000000000000, 1.000000000000000000, 1.000000000000000000 ) ;
#5014 = DIRECTION ( 'NONE',  ( 1.000000000000000000, 0.0000000000000000000, 0.0000000000000000000 ) ) ;
#5015 = ORIENTED_EDGE ( 'NONE', *, *, #3681, .F. ) ;
#5016 = ORIENTED_EDGE ( 'NONE', *, *, #3244, .F. ) ;
#5017 = ORIENTED_EDGE ( 'NONE', *, *, #2479, .F. ) ;
#5018 = EDGE_CURVE ( 'NONE', #6704, #5082, #5821, .T. ) ;
#5019 = CARTESIAN_POINT ( 'NONE',  ( 11.60749637330257400, 8.633106893985990700, 12.39930855863326000 ) ) ;
#5020 = ADVANCED_FACE ( 'NONE', ( #5514 ), #7967, .T. ) ;
#5021 = FACE_OUTER_BOUND ( 'NONE', #595, .T. ) ;
#5022 = DIRECTION ( 'NONE',  ( -1.000000000000000000, 0.0000000000000000000, 1.927470528863119800E-016 ) ) ;
#5023 = CARTESIAN_POINT ( 'NONE',  ( -4.950000000000399900, 12.20000000000000100, -12.40000000000000000 ) ) ;
#5025 = FACE_OUTER_BOUND ( 'NONE', #5215, .T. ) ;
#5024 = DIRECTION ( 'NONE',  ( 0.0000000000000000000, 0.0000000000000000000, -1.000000000000000000 ) ) ;
#5026 = DIRECTION ( 'NONE',  ( 0.0000000000000000000, 1.000000000000000000, 0.0000000000000000000 ) ) ;
#5027 = DIRECTION ( 'NONE',  ( 0.01744974916067984100, 0.9996954598818875700, 0.01744974916067984100 ) ) ;
#5028 = DIRECTION ( 'NONE',  ( 0.0000000000000000000, -1.000000000000000000, 0.0000000000000000000 ) ) ;
#5029 = EDGE_CURVE ( 'NONE', #1637, #5087, #6775, .T. ) ;
#5030 = VECTOR ( 'NONE', #6403, 1000.000000000000000 ) ;
#5031 = AXIS2_PLACEMENT_3D ( 'NONE', #46, #732, #6706 ) ;
#5033 = DIRECTION ( 'NONE',  ( 1.000000000000000000, 0.0000000000000000000, 0.0000000000000000000 ) ) ;
#5032 = CARTESIAN_POINT ( 'NONE',  ( -10.90000000000040000, 12.20000000000000100, 7.849999999999999600 ) ) ;
#5034 = DIRECTION ( 'NONE',  ( 0.0000000000000000000, 0.0000000000000000000, 1.000000000000000000 ) ) ;
#5035 = CARTESIAN_POINT ( 'NONE',  ( -12.90054052399948000, 0.07009548768148289600, 7.400000000000000400 ) ) ;
#5036 = VERTEX_POINT ( 'NONE', #516 ) ;
#5037 = AXIS2_PLACEMENT_3D ( 'NONE', #1330, #8155, #6007 ) ;
#5038 = EDGE_LOOP ( 'NONE', ( #3097, #1140, #8335, #4406, #6258, #6067, #2740 ) ) ;
#5039 = DIRECTION ( 'NONE',  ( 0.0000000000000000000, 0.0000000000000000000, 1.000000000000000000 ) ) ;
#5040 = DIRECTION ( 'NONE',  ( 0.0000000000000000000, 1.000000000000000000, 0.0000000000000000000 ) ) ;
#5041 = CYLINDRICAL_SURFACE ( 'NONE', #2617, 0.7999999999964764200 ) ;
#5042 = EDGE_CURVE ( 'NONE', #3808, #6677, #3931, .T. ) ;
#5043 = CARTESIAN_POINT ( 'NONE',  ( -10.16000000000000000, -6.299999999999999800, 10.16000000000000000 ) ) ;
#5044 = ORIENTED_EDGE ( 'NONE', *, *, #2162, .F. ) ;
#5045 = DIRECTION ( 'NONE',  ( 0.0000000000000000000, 0.0000000000000000000, -1.000000000000000000 ) ) ;
#5046 = VERTEX_POINT ( 'NONE', #4607 ) ;
#5047 = CARTESIAN_POINT ( 'NONE',  ( 11.69959361958395900, 11.96502041546134100, 7.400000000000000400 ) ) ;
#5048 = CIRCLE ( 'NONE', #6309, 0.4999999999999995600 ) ;
#5049 = CYLINDRICAL_SURFACE ( 'NONE', #6136, 0.5000000000000004400 ) ;
#5050 = ORIENTED_EDGE ( 'NONE', *, *, #510, .T. ) ;
#5051 = EDGE_LOOP ( 'NONE', ( #5199, #2589, #6570, #2790, #3452, #6633 ) ) ;
#5052 = VECTOR ( 'NONE', #7630, 1000.000000000000000 ) ;
#5053 = EDGE_CURVE ( 'NONE', #3393, #7153, #3518, .T. ) ;
#5054 = CARTESIAN_POINT ( 'NONE',  ( -12.90054052399946000, 0.07009548768148289600, -4.859999999999999400 ) ) ;
#5055 = CARTESIAN_POINT ( 'NONE',  ( -3.985527186056714800E-013, 16.82000000000000000, 7.849999999999999600 ) ) ;
#5056 = DIRECTION ( 'NONE',  ( -1.000000000000000000, 0.0000000000000000000, 0.0000000000000000000 ) ) ;
#5057 = DIRECTION ( 'NONE',  ( 1.000000000000000000, 0.0000000000000000000, 0.0000000000000000000 ) ) ;
#5058 = DIRECTION ( 'NONE',  ( 0.0000000000000000000, 0.0000000000000000000, -1.000000000000000000 ) ) ;
#5059 = CARTESIAN_POINT ( 'NONE',  ( -11.90000000000040200, 17.32000000000000000, 7.849999999999999600 ) ) ;
#5060 = CARTESIAN_POINT ( 'NONE',  ( 12.25013752952505900, -0.8898851874046199700, 7.129999999999999900 ) ) ;
#5061 = CARTESIAN_POINT ( 'NONE',  ( -5.450000000000399900, 12.20000000000000100, -12.40000000000000000 ) ) ;
#5062 = ORIENTED_EDGE ( 'NONE', *, *, #4918, .F. ) ;
#5063 = ORIENTED_EDGE ( 'NONE', *, *, #769, .T. ) ;
#5064 = ORIENTED_EDGE ( 'NONE', *, *, #363, .T. ) ;
#5065 = AXIS2_PLACEMENT_3D ( 'NONE', #8382, #4329, #4441 ) ;
#5066 = UNCERTAINTY_MEASURE_WITH_UNIT (LENGTH_MEASURE( 1.000000000000000100E-005 ), #6316, 'distance_accuracy_value', 'NONE');
#5067 = ORIENTED_EDGE ( 'NONE', *, *, #8617, .T. ) ;
#5068 = CIRCLE ( 'NONE', #4594, 0.5000000000000004400 ) ;
#5069 = DIRECTION ( 'NONE',  ( 0.0000000000000000000, -1.000000000000000000, 0.0000000000000000000 ) ) ;
#5070 = LINE ( 'NONE', #4075, #3502 ) ;
#5071 = FILL_AREA_STYLE ('',( #7160 ) ) ;
#5072 = EDGE_CURVE ( 'NONE', #4663, #4096, #4448, .T. ) ;
#5073 = DIRECTION ( 'NONE',  ( 1.000000000000000000, 0.0000000000000000000, 0.0000000000000000000 ) ) ;
#5074 = ORIENTED_EDGE ( 'NONE', *, *, #2742, .T. ) ;
#5075 = LINE ( 'NONE', #2232, #2894 ) ;
#5076 = MECHANICAL_DESIGN_GEOMETRIC_PRESENTATION_REPRESENTATION (  '', ( #1520 ), #7617 ) ;
#5077 = EDGE_LOOP ( 'NONE', ( #3868, #857, #1412, #785 ) ) ;
#5078 = VERTEX_POINT ( 'NONE', #4511 ) ;
#5079 = AXIS2_PLACEMENT_3D ( 'NONE', #1195, #2542, #7212 ) ;
#5080 = VERTEX_POINT ( 'NONE', #7248 ) ;
#5081 = LINE ( 'NONE', #19, #5402 ) ;
#5082 = VERTEX_POINT ( 'NONE', #6552 ) ;
#5083 = EDGE_CURVE ( 'NONE', #5303, #4217, #1558, .T. ) ;
#5084 = VECTOR ( 'NONE', #6149, 1000.000000000000000 ) ;
#5085 = ORIENTED_EDGE ( 'NONE', *, *, #8431, .F. ) ;
#5086 = CARTESIAN_POINT ( 'NONE',  ( -12.40000000000000000, 11.70000000000000100, 7.849999999999999600 ) ) ;
#5087 = VERTEX_POINT ( 'NONE', #5277 ) ;
#5088 =( LENGTH_UNIT ( ) NAMED_UNIT ( * ) SI_UNIT ( .MILLI., .METRE. ) );
#5089 = CARTESIAN_POINT ( 'NONE',  ( 12.49959361741222000, 0.07004548768146930100, 7.129999999999999900 ) ) ;
#5090 = CARTESIAN_POINT ( 'NONE',  ( -11.50000000000000000, 9.700000000000001100, -11.50000000000000000 ) ) ;
#5091 = CARTESIAN_POINT ( 'NONE',  ( -5.950000000000000200, 16.82000000000000000, -4.850000000000000500 ) ) ;
#5092 = ORIENTED_EDGE ( 'NONE', *, *, #3036, .F. ) ;
#5094 = CARTESIAN_POINT ( 'NONE',  ( -12.49959361958396000, 0.07009548768148470000, -4.859999999999999400 ) ) ;
#5093 = DIRECTION ( 'NONE',  ( -2.797941090285175100E-016, 0.0000000000000000000, -1.000000000000000000 ) ) ;
#5095 = VERTEX_POINT ( 'NONE', #5225 ) ;
#5096 = LINE ( 'NONE', #2947, #6352 ) ;
#5097 = VERTEX_POINT ( 'NONE', #6636 ) ;
#5098 = LINE ( 'NONE', #4802, #5206 ) ;
#5099 = EDGE_CURVE ( 'NONE', #1629, #5104, #4033, .T. ) ;
#5100 = PLANE ( 'NONE',  #6147 ) ;
#5101 = VERTEX_POINT ( 'NONE', #7900 ) ;
#5102 = ORIENTED_EDGE ( 'NONE', *, *, #8336, .F. ) ;
#5103 = DIRECTION ( 'NONE',  ( 0.0000000000000000000, 0.0000000000000000000, -1.000000000000000000 ) ) ;
#5104 = VERTEX_POINT ( 'NONE', #8589 ) ;
#5105 = DIRECTION ( 'NONE',  ( 0.0000000000000000000, 1.000000000000000000, 0.0000000000000000000 ) ) ;
#5106 = DIRECTION ( 'NONE',  ( 0.0000000000000000000, 0.0000000000000000000, 1.000000000000000000 ) ) ;
#5107 = LINE ( 'NONE', #3577, #406 ) ;
#5108 = DIRECTION ( 'NONE',  ( 0.0000000000000000000, -1.000000000000000000, 0.0000000000000000000 ) ) ;
#5109 = VECTOR ( 'NONE', #7042, 1000.000000000000000 ) ;
#5110 = ADVANCED_FACE ( 'NONE', ( #8472 ), #2606, .F. ) ;
#5111 = AXIS2_PLACEMENT_3D ( 'NONE', #5280, #6638, #4573 ) ;
#5112 = ORIENTED_EDGE ( 'NONE', *, *, #6798, .F. ) ;
#5113 = FACE_OUTER_BOUND ( 'NONE', #4755, .T. ) ;
#5114 = EDGE_CURVE ( 'NONE', #1006, #2872, #590, .T. ) ;
#5115 = ORIENTED_EDGE ( 'NONE', *, *, #4818, .T. ) ;
#5116 = ORIENTED_EDGE ( 'NONE', *, *, #7440, .T. ) ;
#5117 = DIRECTION ( 'NONE',  ( -1.000000000000000000, 0.0000000000000000000, 0.0000000000000000000 ) ) ;
#5118 = DIRECTION ( 'NONE',  ( 1.000000000000000000, 0.0000000000000000000, 0.0000000000000000000 ) ) ;
#5119 = AXIS2_PLACEMENT_3D ( 'NONE', #2225, #242, #4262 ) ;
#5120 = AXIS2_PLACEMENT_3D ( 'NONE', #7657, #925, #5508 ) ;
#5121 = CARTESIAN_POINT ( 'NONE',  ( -12.90054052399948000, 11.96513699471034000, 4.859999999999999400 ) ) ;
#5122 = DIRECTION ( 'NONE',  ( 1.000000000000000000, 0.0000000000000000000, 0.0000000000000000000 ) ) ;
#5123 = CARTESIAN_POINT ( 'NONE',  ( -12.90054052399948000, 0.07009548768148118900, -5.129999999999999900 ) ) ;
#5124 = EDGE_LOOP ( 'NONE', ( #3598, #5493, #2352, #5913 ) ) ;
#5125 = CARTESIAN_POINT ( 'NONE',  ( 11.90000000000000000, 16.82000000000000000, 4.850000000000000500 ) ) ;
#5126 = CARTESIAN_POINT ( 'NONE',  ( -3.985527186056714800E-013, 16.82000000000000000, -12.40000000000000000 ) ) ;
#5127 = DIRECTION ( 'NONE',  ( 2.797941090285175100E-016, -0.0000000000000000000, 1.000000000000000000 ) ) ;
#5128 = DIRECTION ( 'NONE',  ( 1.927470528863119800E-016, 0.0000000000000000000, -1.000000000000000000 ) ) ;
#5129 = CARTESIAN_POINT ( 'NONE',  ( -11.40000000000040200, 12.20000000000000100, -4.850000000000000500 ) ) ;
#5130 = EDGE_CURVE ( 'NONE', #8585, #3354, #6464, .T. ) ;
#5131 = CONICAL_SURFACE ( 'NONE', #5187, 0.1999999999999883800, 0.7853981633974476100 ) ;
#5132 = DIRECTION ( 'NONE',  ( 0.0000000000000000000, 0.0000000000000000000, 1.000000000000000000 ) ) ;
#5133 = ORIENTED_EDGE ( 'NONE', *, *, #3643, .F. ) ;
#5134 = ORIENTED_EDGE ( 'NONE', *, *, #1516, .F. ) ;
#5135 = PLANE ( 'NONE',  #8201 ) ;
#5137 = CARTESIAN_POINT ( 'NONE',  ( 12.69999999999999900, -0.6999999999999999600, 7.400000000000000400 ) ) ;
#5136 = CARTESIAN_POINT ( 'NONE',  ( 12.90054722849359900, 0.07009548768149509400, 5.129999999999999900 ) ) ;
#5138 = DIRECTION ( 'NONE',  ( 1.000000000000000000, 0.0000000000000000000, 0.0000000000000000000 ) ) ;
#5139 = CARTESIAN_POINT ( 'NONE',  ( 11.75036540177432100, -0.01395342251198862000, 12.55024355789592000 ) ) ;
#5140 = LINE ( 'NONE', #2935, #5766 ) ;
#5141 = EDGE_LOOP ( 'NONE', ( #6555, #2174, #2666, #7369, #1971, #7566 ) ) ;
#5142 = CARTESIAN_POINT ( 'NONE',  ( 11.50000000000000000, -0.6999999999999999600, -7.400000000000000400 ) ) ;
#5143 = LINE ( 'NONE', #5137, #4084 ) ;
#5144 = EDGE_CURVE ( 'NONE', #7909, #375, #7296, .T. ) ;
#5145 = DIRECTION ( 'NONE',  ( 1.000000000000000000, 0.0000000000000000000, 0.0000000000000000000 ) ) ;
#5146 = CARTESIAN_POINT ( 'NONE',  ( -0.5000000000000000000, 16.82000000000000000, 7.849999999999999600 ) ) ;
#5147 = VECTOR ( 'NONE', #7243, 1000.000000000000000 ) ;
#5148 = ORIENTED_EDGE ( 'NONE', *, *, #3036, .T. ) ;
#5149 = CARTESIAN_POINT ( 'NONE',  ( -12.40000000000000000, 16.82000000000000000, -12.40000000000000000 ) ) ;
#5150 = CARTESIAN_POINT ( 'NONE',  ( -11.86011120661946100, -0.7120816677289799600, -5.129999999999999900 ) ) ;
#5151 = PLANE ( 'NONE',  #4341 ) ;
#5152 = DIRECTION ( 'NONE',  ( 0.0000000000000000000, 0.0000000000000000000, 1.000000000000000000 ) ) ;
#5153 = EDGE_CURVE ( 'NONE', #1521, #4222, #3825, .T. ) ;
#5154 = ORIENTED_EDGE ( 'NONE', *, *, #8028, .T. ) ;
#5155 = AXIS2_PLACEMENT_3D ( 'NONE', #5887, #4526, #5770 ) ;
#5157 = CARTESIAN_POINT ( 'NONE',  ( -12.69999999999999900, 0.0000000000000000000, -7.400000000000000400 ) ) ;
#5156 = CARTESIAN_POINT ( 'NONE',  ( -1.000000000000000000, 11.70000000000000100, 4.850000000000000500 ) ) ;
#5158 = EDGE_LOOP ( 'NONE', ( #469, #6230, #7133, #5849 ) ) ;
#5159 = VECTOR ( 'NONE', #2343, 1000.000000000000000 ) ;
#5160 = ADVANCED_FACE ( 'NONE', ( #5298 ), #5394, .T. ) ;
#5161 = AXIS2_PLACEMENT_3D ( 'NONE', #1903, #3878, #2588 ) ;
#5162 = DIRECTION ( 'NONE',  ( 0.0000000000000000000, 0.0000000000000000000, 1.000000000000000000 ) ) ;
#5164 = CARTESIAN_POINT ( 'NONE',  ( 11.99959362072370100, 0.07002387192029180300, -7.129999999999999900 ) ) ;
#5163 = DIRECTION ( 'NONE',  ( -3.809744271775434900E-016, 1.000000000000000000, 1.065944004147906000E-031 ) ) ;
#5165 = VERTEX_POINT ( 'NONE', #630 ) ;
#5166 = EDGE_CURVE ( 'NONE', #5690, #7731, #485, .T. ) ;
#5167 = DIRECTION ( 'NONE',  ( 0.0000000000000000000, 0.0000000000000000000, 1.000000000000000000 ) ) ;
#5168 = CIRCLE ( 'NONE', #3491, 0.7999999999964764200 ) ;
#5169 = ORIENTED_EDGE ( 'NONE', *, *, #703, .T. ) ;
#5170 = VERTEX_POINT ( 'NONE', #1382 ) ;
#5171 = CARTESIAN_POINT ( 'NONE',  ( -11.50000000000000000, 9.700000000000001100, -11.50000000000000000 ) ) ;
#5172 = ORIENTED_EDGE ( 'NONE', *, *, #5283, .F. ) ;
#5173 = CARTESIAN_POINT ( 'NONE',  ( -12.40000000000000000, 11.70000000000000100, -7.849999999999999600 ) ) ;
#5174 = ORIENTED_EDGE ( 'NONE', *, *, #3291, .T. ) ;
#5175 = EDGE_CURVE ( 'NONE', #1021, #4867, #5081, .T. ) ;
#5176 = CARTESIAN_POINT ( 'NONE',  ( -11.40000000000040200, 12.20000000000000100, 7.849999999999999600 ) ) ;
#5177 = DIRECTION ( 'NONE',  ( 0.0000000000000000000, 0.0000000000000000000, 1.000000000000000000 ) ) ;
#5178 = CARTESIAN_POINT ( 'NONE',  ( 4.950000000000399900, 12.20000000000000100, 12.40000000000000000 ) ) ;
#5179 = EDGE_LOOP ( 'NONE', ( #325, #1695, #3715, #2421 ) ) ;
#5180 = FILL_AREA_STYLE ('',( #2511 ) ) ;
#5181 = DIRECTION ( 'NONE',  ( 1.000000000000000000, 0.0000000000000000000, 0.0000000000000000000 ) ) ;
#5182 = CARTESIAN_POINT ( 'NONE',  ( 12.64013774716952000, -0.7120244148728569500, 7.130000000000000800 ) ) ;
#5183 = LINE ( 'NONE', #2285, #8456 ) ;
#5184 = DIRECTION ( 'NONE',  ( -0.0000000000000000000, -0.0000000000000000000, -1.000000000000000000 ) ) ;
#5185 = SURFACE_SIDE_STYLE ('',( #428 ) ) ;
#5186 = AXIS2_PLACEMENT_3D ( 'NONE', #8115, #6200, #2208 ) ;
#5187 = AXIS2_PLACEMENT_3D ( 'NONE', #5521, #8185, #5989 ) ;
#5188 = LINE ( 'NONE', #5254, #61 ) ;
#5189 = ORIENTED_EDGE ( 'NONE', *, *, #4749, .F. ) ;
#5190 = CARTESIAN_POINT ( 'NONE',  ( 11.55390823631220000, 13.15614453969008000, 7.400000000000000400 ) ) ;
#5192 = CARTESIAN_POINT ( 'NONE',  ( 11.50000000000000000, 0.0000000000000000000, -4.500000000000000000 ) ) ;
#5191 = DIRECTION ( 'NONE',  ( -1.000000000000000000, 0.0000000000000000000, 0.0000000000000000000 ) ) ;
#5193 = EDGE_CURVE ( 'NONE', #6334, #3282, #1130, .T. ) ;
#5195 = CARTESIAN_POINT ( 'NONE',  ( 0.0000000000000000000, 0.0000000000000000000, 0.0000000000000000000 ) ) ;
#5194 = DIRECTION ( 'NONE',  ( 1.000000000000000000, 0.0000000000000000000, 0.0000000000000000000 ) ) ;
#5196 = AXIS2_PLACEMENT_3D ( 'NONE', #4114, #3676, #1825 ) ;
#5197 = VERTEX_POINT ( 'NONE', #6733 ) ;
#5198 = CARTESIAN_POINT ( 'NONE',  ( -12.40000000000000000, 21.69999999999999900, 4.850000000000000500 ) ) ;
#5199 = ORIENTED_EDGE ( 'NONE', *, *, #1687, .F. ) ;
#5200 = LINE ( 'NONE', #3315, #1141 ) ;
#5201 = DIRECTION ( 'NONE',  ( 0.9925062874861873000, -0.1221935730731606400, 0.0000000000000000000 ) ) ;
#5202 = VECTOR ( 'NONE', #924, 1000.000000000000000 ) ;
#5203 = ORIENTED_EDGE ( 'NONE', *, *, #1783, .F. ) ;
#5204 = EDGE_CURVE ( 'NONE', #5281, #5036, #6678, .T. ) ;
#5205 = VERTEX_POINT ( 'NONE', #4719 ) ;
#5206 = VECTOR ( 'NONE', #1524, 1000.000000000000000 ) ;
#5207 = DIRECTION ( 'NONE',  ( 3.388131789017135300E-016, -1.000000000000000000, 0.0000000000000000000 ) ) ;
#5208 = DIRECTION ( 'NONE',  ( 0.0000000000000000000, 0.0000000000000000000, -1.000000000000000000 ) ) ;
#5209 = LINE ( 'NONE', #2222, #6694 ) ;
#5210 = CARTESIAN_POINT ( 'NONE',  ( -12.64013774716952000, -0.7120244148728569500, 5.129999999999999900 ) ) ;
#5211 = CARTESIAN_POINT ( 'NONE',  ( -11.90000000000040200, 17.32000000000000000, 12.40000000000000000 ) ) ;
#5212 = ORIENTED_EDGE ( 'NONE', *, *, #2270, .F. ) ;
#5213 = DIRECTION ( 'NONE',  ( -3.388131789017135300E-016, 1.000000000000000000, 2.369948287948115100E-032 ) ) ;
#5214 = DIRECTION ( 'NONE',  ( -0.0000000000000000000, -1.000000000000000000, -0.0000000000000000000 ) ) ;
#5215 = EDGE_LOOP ( 'NONE', ( #4764, #6615, #1032, #5203 ) ) ;
#5216 = PRESENTATION_LAYER_ASSIGNMENT (  '', '', ( #2543 ) ) ;
#5217 = LINE ( 'NONE', #3653, #6801 ) ;
#5218 = VERTEX_POINT ( 'NONE', #6086 ) ;
#5219 = EDGE_LOOP ( 'NONE', ( #2380, #8123, #4729 ) ) ;
#5220 = VECTOR ( 'NONE', #4972, 1000.000000000000000 ) ;
#5221 = EDGE_CURVE ( 'NONE', #5281, #6247, #4243, .T. ) ;
#5222 = VECTOR ( 'NONE', #3693, 1000.000000000000000 ) ;
#5223 = CARTESIAN_POINT ( 'NONE',  ( 11.59959361958396000, 0.06999999999988960900, -5.130000000000000800 ) ) ;
#5224 = ORIENTED_EDGE ( 'NONE', *, *, #1152, .F. ) ;
#5226 = SURFACE_STYLE_USAGE ( .BOTH. , #7194 ) ;
#5225 = CARTESIAN_POINT ( 'NONE',  ( 11.50000000000000000, 0.0000000000000000000, 7.400000000000000400 ) ) ;
#5227 = VECTOR ( 'NONE', #8428, 1000.000000000000000 ) ;
#5228 = ORIENTED_EDGE ( 'NONE', *, *, #3059, .F. ) ;
#5230 = DIRECTION ( 'NONE',  ( 0.0000000000000000000, 0.0000000000000000000, 1.000000000000000000 ) ) ;
#5229 = DIRECTION ( 'NONE',  ( 0.0000000000000000000, 0.0000000000000000000, 1.000000000000000000 ) ) ;
#5231 = PRESENTATION_STYLE_ASSIGNMENT (( #6412 ) ) ;
#5232 = ORIENTED_EDGE ( 'NONE', *, *, #6233, .T. ) ;
#5233 = ORIENTED_EDGE ( 'NONE', *, *, #2943, .F. ) ;
#5234 = ADVANCED_FACE ( 'NONE', ( #8045 ), #1121, .T. ) ;
#5235 = CYLINDRICAL_SURFACE ( 'NONE', #4495, 0.7999999999964764200 ) ;
#5236 = DIRECTION ( 'NONE',  ( 2.098455817713879800E-016, 0.0000000000000000000, 1.000000000000000000 ) ) ;
#5237 = ORIENTED_EDGE ( 'NONE', *, *, #439, .T. ) ;
#5238 = AXIS2_PLACEMENT_3D ( 'NONE', #2247, #6943, #8245 ) ;
#5239 = AXIS2_PLACEMENT_3D ( 'NONE', #3948, #6751, #7419 ) ;
#5241 = LINE ( 'NONE', #6522, #3975 ) ;
#5240 = CARTESIAN_POINT ( 'NONE',  ( -10.16000000000000000, -0.6999999999999999600, -10.16000000000000000 ) ) ;
#5242 = CARTESIAN_POINT ( 'NONE',  ( 11.61683953726132000, -0.2054565999144494800, 5.129999999999999900 ) ) ;
#5243 = SURFACE_SIDE_STYLE ('',( #5598 ) ) ;
#5244 = FACE_OUTER_BOUND ( 'NONE', #5604, .T. ) ;
#5245 = DIRECTION ( 'NONE',  ( 0.0000000000000000000, 0.0000000000000000000, 1.000000000000000000 ) ) ;
#5246 = EDGE_CURVE ( 'NONE', #3490, #5078, #5814, .T. ) ;
#5247 = ADVANCED_FACE ( 'NONE', ( #8247 ), #3922, .T. ) ;
#5248 = CARTESIAN_POINT ( 'NONE',  ( -12.24959361958396000, -0.4300000000001086800, -7.129999999999999900 ) ) ;
#5249 = CYLINDRICAL_SURFACE ( 'NONE', #5805, 0.5000000000000004400 ) ;
#5250 = ORIENTED_EDGE ( 'NONE', *, *, #5706, .T. ) ;
#5251 = DIRECTION ( 'NONE',  ( -1.000000000000000000, 0.0000000000000000000, 0.0000000000000000000 ) ) ;
#5252 = FACE_OUTER_BOUND ( 'NONE', #7880, .T. ) ;
#5253 = DIRECTION ( 'NONE',  ( -6.994852725712929000E-017, 0.0000000000000000000, -1.000000000000000000 ) ) ;
#5254 = CARTESIAN_POINT ( 'NONE',  ( 11.40000000000040200, 12.20000000000000100, 7.849999999999999600 ) ) ;
#5255 = CARTESIAN_POINT ( 'NONE',  ( 12.69999999999999900, -0.6999999999999999600, -12.69999999999999900 ) ) ;
#5256 = MECHANICAL_DESIGN_GEOMETRIC_PRESENTATION_REPRESENTATION (  '', ( #1759 ), #5778 ) ;
#5257 = EDGE_CURVE ( 'NONE', #7606, #3490, #8464, .T. ) ;
#5258 = VECTOR ( 'NONE', #574, 1000.000000000000100 ) ;
#5259 = LINE ( 'NONE', #5711, #8434 ) ;
#5260 = PLANE ( 'NONE',  #5779 ) ;
#5261 = ORIENTED_EDGE ( 'NONE', *, *, #4422, .T. ) ;
#5262 = EDGE_LOOP ( 'NONE', ( #995, #7110, #1320, #2466, #1877, #7092, #157, #4284, #172, #8003, #7114, #1263, #3596, #14, #3553, #451 ) ) ;
#5263 = VERTEX_POINT ( 'NONE', #6139 ) ;
#5264 = VECTOR ( 'NONE', #3380, 1000.000000000000000 ) ;
#5265 = CARTESIAN_POINT ( 'NONE',  ( 11.59959361958396000, 0.06999999999988960900, -7.129999999999999900 ) ) ;
#5266 = EDGE_CURVE ( 'NONE', #189, #8499, #5503, .T. ) ;
#5267 = EDGE_CURVE ( 'NONE', #5613, #4757, #581, .T. ) ;
#5268 = CARTESIAN_POINT ( 'NONE',  ( -10.16000000000000000, -6.299999999999999800, -10.66000000000000200 ) ) ;
#5269 = LINE ( 'NONE', #8613, #876 ) ;
#5270 = ORIENTED_EDGE ( 'NONE', *, *, #5193, .F. ) ;
#5271 = ORIENTED_EDGE ( 'NONE', *, *, #4116, .F. ) ;
#5272 = FACE_OUTER_BOUND ( 'NONE', #1204, .T. ) ;
#5273 = AXIS2_PLACEMENT_3D ( 'NONE', #2034, #7934, #600 ) ;
#5274 = CARTESIAN_POINT ( 'NONE',  ( -5.450000000000399900, 12.20000000000000100, -12.40000000000000000 ) ) ;
#5275 = CYLINDRICAL_SURFACE ( 'NONE', #3593, 0.7999999999964764200 ) ;
#5276 = ORIENTED_EDGE ( 'NONE', *, *, #1894, .T. ) ;
#5278 = DIRECTION ( 'NONE',  ( -0.0000000000000000000, 1.000000000000000000, -0.0000000000000000000 ) ) ;
#5277 = CARTESIAN_POINT ( 'NONE',  ( -5.450000000000399900, 12.20000000000000100, -7.849999999999999600 ) ) ;
#5279 = CARTESIAN_POINT ( 'NONE',  ( -11.90000000000040200, 16.82000000000000000, -12.40000000000000000 ) ) ;
#5280 = CARTESIAN_POINT ( 'NONE',  ( 6.938893903907230000E-015, 9.700000000000001100, -5.204170427930419700E-015 ) ) ;
#5281 = VERTEX_POINT ( 'NONE', #4121 ) ;
#5282 = ORIENTED_EDGE ( 'NONE', *, *, #4962, .T. ) ;
#5283 = EDGE_CURVE ( 'NONE', #6854, #3729, #5075, .T. ) ;
#5284 = DIRECTION ( 'NONE',  ( 0.0000000000000000000, 0.0000000000000000000, 1.000000000000000000 ) ) ;
#5285 = ORIENTED_EDGE ( 'NONE', *, *, #4863, .T. ) ;
#5286 = FACE_OUTER_BOUND ( 'NONE', #1497, .T. ) ;
#5287 = SURFACE_STYLE_FILL_AREA ( #4123 ) ;
#5288 = CARTESIAN_POINT ( 'NONE',  ( 0.0000000000000000000, 0.0000000000000000000, 0.0000000000000000000 ) ) ;
#5289 = AXIS2_PLACEMENT_3D ( 'NONE', #5178, #5208, #1911 ) ;
#5290 = VERTEX_POINT ( 'NONE', #810 ) ;
#5291 = DIRECTION ( 'NONE',  ( 0.0000000000000000000, 0.0000000000000000000, 1.000000000000000000 ) ) ;
#5292 = EDGE_CURVE ( 'NONE', #422, #1850, #6245, .T. ) ;
#5293 =( LENGTH_UNIT ( ) NAMED_UNIT ( * ) SI_UNIT ( .MILLI., .METRE. ) );
#5294 = CARTESIAN_POINT ( 'NONE',  ( 12.88333504276538100, -0.2053636409173125200, 5.129999999999999900 ) ) ;
#5295 = CARTESIAN_POINT ( 'NONE',  ( 12.90054052399948000, 0.07009548768148289600, 7.400000000000000400 ) ) ;
#5296 = ORIENTED_EDGE ( 'NONE', *, *, #8269, .F. ) ;
#5297 = DIRECTION ( 'NONE',  ( -0.0000000000000000000, -0.0000000000000000000, -1.000000000000000000 ) ) ;
#5298 = FACE_OUTER_BOUND ( 'NONE', #2793, .T. ) ;
#5299 = AXIS2_PLACEMENT_3D ( 'NONE', #971, #7694, #6263 ) ;
#5300 = ADVANCED_FACE ( 'NONE', ( #803 ), #4207, .T. ) ;
#5301 = FACE_OUTER_BOUND ( 'NONE', #6180, .T. ) ;
#5302 = VERTEX_POINT ( 'NONE', #8202 ) ;
#5303 = VERTEX_POINT ( 'NONE', #5510 ) ;
#5304 = EDGE_LOOP ( 'NONE', ( #3129, #5839, #2114, #352 ) ) ;
#5306 = CARTESIAN_POINT ( 'NONE',  ( 12.40000000000000000, 11.19999999999999900, -12.40000000000000000 ) ) ;
#5305 = FILL_AREA_STYLE_COLOUR ( '', #3723 ) ;
#5307 = DIRECTION ( 'NONE',  ( -0.0000000000000000000, -0.0000000000000000000, -1.000000000000000000 ) ) ;
#5308 = DIRECTION ( 'NONE',  ( 0.0000000000000000000, 0.0000000000000000000, 1.000000000000000000 ) ) ;
#5309 = LINE ( 'NONE', #2682, #3641 ) ;
#5310 = EDGE_CURVE ( 'NONE', #3722, #2878, #904, .T. ) ;
#5311 = ADVANCED_FACE ( 'NONE', ( #7929 ), #2913, .T. ) ;
#5312 = FACE_OUTER_BOUND ( 'NONE', #7616, .T. ) ;
#5313 = FACE_OUTER_BOUND ( 'NONE', #2824, .T. ) ;
#5314 = ORIENTED_EDGE ( 'NONE', *, *, #6270, .F. ) ;
#5315 = VERTEX_POINT ( 'NONE', #778 ) ;
#5316 = AXIS2_PLACEMENT_3D ( 'NONE', #104, #839, #2083 ) ;
#5317 = ORIENTED_EDGE ( 'NONE', *, *, #1241, .F. ) ;
#5318 = VERTEX_POINT ( 'NONE', #2839 ) ;
#5319 = ORIENTED_EDGE ( 'NONE', *, *, #1152, .T. ) ;
#5320 = DIRECTION ( 'NONE',  ( 0.0000000000000000000, -1.000000000000000000, 0.0000000000000000000 ) ) ;
#5321 = LINE ( 'NONE', #4097, #1260 ) ;
#5322 = CARTESIAN_POINT ( 'NONE',  ( 12.90054722849357900, -0.02124813592968395300, -7.129999999999999900 ) ) ;
#5323 = VERTEX_POINT ( 'NONE', #4149 ) ;
#5324 = EDGE_CURVE ( 'NONE', #1473, #716, #2688, .T. ) ;
#5325 = AXIS2_PLACEMENT_3D ( 'NONE', #5279, #5307, #5900 ) ;
#5326 = ORIENTED_EDGE ( 'NONE', *, *, #7911, .T. ) ;
#5327 = FACE_OUTER_BOUND ( 'NONE', #5530, .T. ) ;
#5328 = ORIENTED_EDGE ( 'NONE', *, *, #7450, .T. ) ;
#5329 = ORIENTED_EDGE ( 'NONE', *, *, #2897, .T. ) ;
#5330 =( NAMED_UNIT ( * ) PLANE_ANGLE_UNIT ( ) SI_UNIT ( $, .RADIAN. ) );
#5331 = CARTESIAN_POINT ( 'NONE',  ( -12.25013752952505900, -0.8898851874046199700, 5.129999999999999900 ) ) ;
#5332 = CYLINDRICAL_SURFACE ( 'NONE', #1587, 0.5000000000000004400 ) ;
#5333 = PLANE ( 'NONE',  #4844 ) ;
#5334 = AXIS2_PLACEMENT_3D ( 'NONE', #2329, #1657, #6960 ) ;
#5335 = ADVANCED_FACE ( 'NONE', ( #7819 ), #2590, .F. ) ;
#5336 = EDGE_CURVE ( 'NONE', #3609, #3935, #4420, .T. ) ;
#5337 = ORIENTED_EDGE ( 'NONE', *, *, #4575, .T. ) ;
#5338 = DIRECTION ( 'NONE',  ( -1.000000000000000000, 0.0000000000000000000, 0.0000000000000000000 ) ) ;
#5339 = ORIENTED_EDGE ( 'NONE', *, *, #6474, .T. ) ;
#5340 = CARTESIAN_POINT ( 'NONE',  ( -12.40000000000000000, 21.69999999999999900, 4.850000000000000500 ) ) ;
#5342 = CARTESIAN_POINT ( 'NONE',  ( 12.49959361958396000, 0.06999999999989130200, 7.400000000000000400 ) ) ;
#5341 = FILL_AREA_STYLE_COLOUR ( '', #3310 ) ;
#5343 = FILL_AREA_STYLE ('',( #8177 ) ) ;
#5344 = CARTESIAN_POINT ( 'NONE',  ( 11.60183876112578000, 12.75902544545034100, 4.859999999999999400 ) ) ;
#5346 = CARTESIAN_POINT ( 'NONE',  ( -11.19489180893468100, 9.200000000000001100, -11.09131776628583500 ) ) ;
#5345 = DIRECTION ( 'NONE',  ( 0.0000000000000000000, 0.0000000000000000000, 1.000000000000000000 ) ) ;
#5347 = VECTOR ( 'NONE', #38, 1000.000000000000000 ) ;
#5348 = ORIENTED_EDGE ( 'NONE', *, *, #2325, .T. ) ;
#5349 = ORIENTED_EDGE ( 'NONE', *, *, #7162, .F. ) ;
#5350 = CARTESIAN_POINT ( 'NONE',  ( 5.950000000000399900, 16.82000000000000000, 12.40000000000000000 ) ) ;
#5351 =( BOUNDED_SURFACE ( )  B_SPLINE_SURFACE ( 3, 1, ( 
 ( #7029, #3686 ),
 ( #3027, #7121 ),
 ( #5679, #7710 ),
 ( #8407, #1045 ) ),
 .UNSPECIFIED., .F., .F., .F. ) 
 B_SPLINE_SURFACE_WITH_KNOTS ( ( 4, 4 ),
 ( 2, 2 ),
 ( 0.0000000000000000000, 1.000000000000000000 ),
 ( 0.0000000000000000000, 1.000000000000000000 ),
 .UNSPECIFIED. ) 
 GEOMETRIC_REPRESENTATION_ITEM ( )  RATIONAL_B_SPLINE_SURFACE ( (
 ( 1.000000000000000000, 1.000000000000000000),
 ( 0.8024656882795149200, 0.8024656882795149200),
 ( 0.8024656882795149200, 0.8024656882795149200),
 ( 1.000000000000000000, 1.000000000000000000) ) ) 
 REPRESENTATION_ITEM ( '' )  SURFACE ( )  );
#5352 = EDGE_CURVE ( 'NONE', #7754, #8197, #1448, .T. ) ;
#5353 = VERTEX_POINT ( 'NONE', #8254 ) ;
#5354 = CIRCLE ( 'NONE', #8647, 0.5000000000000000000 ) ;
#5355 = STYLED_ITEM ( 'NONE', ( #6910 ), #4245 ) ;
#5356 = AXIS2_PLACEMENT_3D ( 'NONE', #5061, #1086, #7095 ) ;
#5357 = DIRECTION ( 'NONE',  ( 0.0000000000000000000, 0.0000000000000000000, -1.000000000000000000 ) ) ;
#5358 = CARTESIAN_POINT ( 'NONE',  ( -12.10312483381792400, -0.4300000000001086800, 7.129999999999999900 ) ) ;
#5359 = CIRCLE ( 'NONE', #3283, 0.5000000000000004400 ) ;
#5360 = DIRECTION ( 'NONE',  ( 1.000000000000000000, 0.0000000000000000000, -6.546126324440770800E-016 ) ) ;
#5361 = EDGE_CURVE ( 'NONE', #2283, #1539, #7718, .T. ) ;
#5362 = DIRECTION ( 'NONE',  ( 0.0000000000000000000, 0.0000000000000000000, -1.000000000000000000 ) ) ;
#5363 = AXIS2_PLACEMENT_3D ( 'NONE', #1889, #5191, #3841 ) ;
#5364 = CARTESIAN_POINT ( 'NONE',  ( -5.950000000000000200, 16.82000000000000000, 12.40000000000000000 ) ) ;
#5365 = VERTEX_POINT ( 'NONE', #4295 ) ;
#5366 = ORIENTED_EDGE ( 'NONE', *, *, #8234, .F. ) ;
#5367 =( NAMED_UNIT ( * ) PLANE_ANGLE_UNIT ( ) SI_UNIT ( $, .RADIAN. ) );
#5368 = CARTESIAN_POINT ( 'NONE',  ( -11.90000000000040200, 16.82000000000000000, -12.40000000000000000 ) ) ;
#5369 = DIRECTION ( 'NONE',  ( -1.000000000000000000, 0.0000000000000000000, 0.0000000000000000000 ) ) ;
#5370 = EDGE_LOOP ( 'NONE', ( #4246, #1132, #7791, #3303 ) ) ;
#5371 = DIRECTION ( 'NONE',  ( 0.0000000000000000000, 0.0000000000000000000, -1.000000000000000000 ) ) ;
#5372 = VECTOR ( 'NONE', #2369, 1000.000000000000000 ) ;
#5373 = VERTEX_POINT ( 'NONE', #5683 ) ;
#5374 = ORIENTED_EDGE ( 'NONE', *, *, #1396, .F. ) ;
#5375 = EDGE_CURVE ( 'NONE', #7428, #8679, #2994, .T. ) ;
#5376 = VERTEX_POINT ( 'NONE', #4240 ) ;
#5377 = ADVANCED_FACE ( 'NONE', ( #5714 ), #6396, .F. ) ;
#5378 = FILL_AREA_STYLE_COLOUR ( '', #6056 ) ;
#5379 = AXIS2_PLACEMENT_3D ( 'NONE', #1190, #6692, #1371 ) ;
#5380 = ORIENTED_EDGE ( 'NONE', *, *, #8555, .T. ) ;
#5381 = VERTEX_POINT ( 'NONE', #7744 ) ;
#5382 = DIRECTION ( 'NONE',  ( 0.0000000000000000000, -1.000000000000000000, 0.0000000000000000000 ) ) ;
#5383 = ORIENTED_EDGE ( 'NONE', *, *, #1122, .T. ) ;
#5384 = EDGE_CURVE ( 'NONE', #5263, #8152, #7502, .T. ) ;
#5385 = CARTESIAN_POINT ( 'NONE',  ( -12.69999999999999900, -0.6999999999999999600, 12.69999999999999900 ) ) ;
#5386 = CARTESIAN_POINT ( 'NONE',  ( 11.50000000000000000, -0.6999999999999999600, 7.400000000000000400 ) ) ;
#5387 = CIRCLE ( 'NONE', #1423, 0.8000000000000003800 ) ;
#5388 = VECTOR ( 'NONE', #5513, 1000.000000000000000 ) ;
#5389 = ORIENTED_EDGE ( 'NONE', *, *, #8350, .F. ) ;
#5390 = CARTESIAN_POINT ( 'NONE',  ( 10.16000000000000000, -6.299999999999999800, 10.16000000000000000 ) ) ;
#5391 = ORIENTED_EDGE ( 'NONE', *, *, #3853, .T. ) ;
#5392 = AXIS2_PLACEMENT_3D ( 'NONE', #5390, #3429, #4914 ) ;
#5393 = DIRECTION ( 'NONE',  ( 1.000000000000000000, -3.388131789017129900E-016, 0.0000000000000000000 ) ) ;
#5394 = PLANE ( 'NONE',  #3406 ) ;
#5395 = PLANE ( 'NONE',  #6401 ) ;
#5396 = SURFACE_SIDE_STYLE ('',( #5287 ) ) ;
#5398 = PLANE ( 'NONE',  #7560 ) ;
#5397 = DIRECTION ( 'NONE',  ( -1.000000000000000000, -3.388131789017135300E-016, 0.0000000000000000000 ) ) ;
#5399 = CIRCLE ( 'NONE', #403, 0.4999999999999995600 ) ;
#5400 = ADVANCED_FACE ( 'NONE', ( #4230 ), #3500, .F. ) ;
#5401 = ORIENTED_EDGE ( 'NONE', *, *, #1717, .T. ) ;
#5402 = VECTOR ( 'NONE', #2118, 1000.000000000000000 ) ;
#5403 = DIRECTION ( 'NONE',  ( 2.073374672482239900E-016, 0.0000000000000000000, 1.000000000000000000 ) ) ;
#5404 = STYLED_ITEM ( 'NONE', ( #2223 ), #3402 ) ;
#5405 = AXIS2_PLACEMENT_3D ( 'NONE', #4689, #6731, #4740 ) ;
#5406 = CYLINDRICAL_SURFACE ( 'NONE', #5161, 0.5000000000000004400 ) ;
#5407 = ORIENTED_EDGE ( 'NONE', *, *, #7767, .T. ) ;
#5408 = CARTESIAN_POINT ( 'NONE',  ( -10.16000000000000000, -6.299999999999999800, -10.16000000000000000 ) ) ;
#5409 = ORIENTED_EDGE ( 'NONE', *, *, #3414, .T. ) ;
#5410 = VERTEX_POINT ( 'NONE', #1702 ) ;
#5411 = COLOUR_RGB ( '',0.7490196078431372600, 0.7490196078431372600, 0.7490196078431372600 ) ;
#5412 = VECTOR ( 'NONE', #1700, 1000.000000000000000 ) ;
#5413 = EDGE_CURVE ( 'NONE', #8554, #6800, #2175, .T. ) ;
#5414 = PLANE ( 'NONE',  #8551 ) ;
#5415 = DIRECTION ( 'NONE',  ( 3.388131789017135300E-016, -1.000000000000000000, -2.369948287948115100E-032 ) ) ;
#5416 = VERTEX_POINT ( 'NONE', #7628 ) ;
#5417 = CARTESIAN_POINT ( 'NONE',  ( -11.59959361958396000, 0.06999999999989130200, -5.129999999999999900 ) ) ;
#5418 = ORIENTED_EDGE ( 'NONE', *, *, #2699, .F. ) ;
#5419 = STYLED_ITEM ( 'NONE', ( #5948 ), #4513 ) ;
#5420 = ORIENTED_EDGE ( 'NONE', *, *, #4906, .F. ) ;
#5421 = LINE ( 'NONE', #4601, #1771 ) ;
#5422 = ADVANCED_FACE ( 'NONE', ( #7077 ), #7034, .T. ) ;
#5423 = FILL_AREA_STYLE ('',( #4762 ) ) ;
#5424 = CIRCLE ( 'NONE', #840, 0.2000000000000025100 ) ;
#5425 = DIRECTION ( 'NONE',  ( 0.0000000000000000000, 1.000000000000000000, 0.0000000000000000000 ) ) ;
#5426 = CARTESIAN_POINT ( 'NONE',  ( -12.40000000000000000, 11.19999999999999900, -12.40000000000000000 ) ) ;
#5427 = VERTEX_POINT ( 'NONE', #1613 ) ;
#5429 = CARTESIAN_POINT ( 'NONE',  ( 11.16894232789284700, 9.164376660937380200, 11.37601578601650600 ) ) ;
#5428 =( NAMED_UNIT ( * ) SI_UNIT ( $, .STERADIAN. ) SOLID_ANGLE_UNIT ( ) );
#5430 = DIRECTION ( 'NONE',  ( 2.797941090285175100E-016, -0.0000000000000000000, 1.000000000000000000 ) ) ;
#5431 = CARTESIAN_POINT ( 'NONE',  ( -10.16000000000000000, -6.299999999999999800, 10.16000000000000000 ) ) ;
#5432 = EDGE_CURVE ( 'NONE', #2103, #5376, #6327, .T. ) ;
#5433 = FACE_OUTER_BOUND ( 'NONE', #8020, .T. ) ;
#5434 = VERTEX_POINT ( 'NONE', #8345 ) ;
#5435 = FILL_AREA_STYLE_COLOUR ( '', #7321 ) ;
#5436 = VECTOR ( 'NONE', #2867, 1000.000000000000000 ) ;
#5437 = CYLINDRICAL_SURFACE ( 'NONE', #3728, 0.5000000000000004400 ) ;
#5438 = EDGE_LOOP ( 'NONE', ( #1197, #3751, #2194, #4617 ) ) ;
#5439 = CARTESIAN_POINT ( 'NONE',  ( -11.54958265104013100, 8.435894577954913500, 12.26417654002171400 ) ) ;
#5440 = PRODUCT_DEFINITION_CONTEXT ( 'detailed design', #2049, 'design' ) ;
#5441 = CARTESIAN_POINT ( 'NONE',  ( -12.90054722849357900, -0.02124813592968395300, -5.129999999999999900 ) ) ;
#5442 = VECTOR ( 'NONE', #7164, 1000.000000000000000 ) ;
#5443 = ORIENTED_EDGE ( 'NONE', *, *, #3092, .F. ) ;
#5444 = EDGE_CURVE ( 'NONE', #3996, #5694, #4638, .T. ) ;
#5445 = EDGE_CURVE ( 'NONE', #7763, #3395, #5259, .T. ) ;
#5446 = ADVANCED_FACE ( 'NONE', ( #3992 ), #7715, .F. ) ;
#5447 = DIRECTION ( 'NONE',  ( -0.9925062874861873000, 0.1221935730731606400, 0.0000000000000000000 ) ) ;
#5448 = CIRCLE ( 'NONE', #5119, 0.5000000000000004400 ) ;
#5449 = ORIENTED_EDGE ( 'NONE', *, *, #6152, .T. ) ;
#5450 = DIRECTION ( 'NONE',  ( 0.0000000000000000000, 1.000000000000000000, 0.0000000000000000000 ) ) ;
#5451 = ORIENTED_EDGE ( 'NONE', *, *, #2179, .F. ) ;
#5452 = AXIS2_PLACEMENT_3D ( 'NONE', #2296, #7695, #6378 ) ;
#5453 = EDGE_CURVE ( 'NONE', #5557, #6531, #7806, .T. ) ;
#5454 = DIRECTION ( 'NONE',  ( 0.0000000000000000000, 0.0000000000000000000, 1.000000000000000000 ) ) ;
#5455 =( BOUNDED_CURVE ( )  B_SPLINE_CURVE ( 3, ( #5001, #1755, #2402, #963 ),
 .UNSPECIFIED., .F., .T. ) 
 B_SPLINE_CURVE_WITH_KNOTS ( ( 4, 4 ),
 ( 3.159045946109732200, 4.712388980384689700 ),
 .UNSPECIFIED. ) 
 CURVE ( )  GEOMETRIC_REPRESENTATION_ITEM ( )  RATIONAL_B_SPLINE_CURVE ( ( 1.000000000000000000, 0.8088336327694533000, 0.8088336327694533000, 1.000000000000000000 ) ) 
 REPRESENTATION_ITEM ( '' )  );
#5456 = VECTOR ( 'NONE', #5783, 1000.000000000000000 ) ;
#5457 = DIRECTION ( 'NONE',  ( -0.0000000000000000000, -0.0000000000000000000, -1.000000000000000000 ) ) ;
#5458 = LINE ( 'NONE', #5192, #1928 ) ;
#5459 = CARTESIAN_POINT ( 'NONE',  ( 11.31271048152966300, 9.027136750311804300, 11.71147481116723400 ) ) ;
#5460 = CARTESIAN_POINT ( 'NONE',  ( 3.000000000000000000, 11.70000000000000100, -4.859999999999999400 ) ) ;
#5461 = CARTESIAN_POINT ( 'NONE',  ( 12.40000000000000000, 16.82000000000000000, -7.849999999999999600 ) ) ;
#5462 = UNCERTAINTY_MEASURE_WITH_UNIT (LENGTH_MEASURE( 1.000000000000000100E-005 ), #782, 'distance_accuracy_value', 'NONE');
#5463 = FACE_OUTER_BOUND ( 'NONE', #2069, .T. ) ;
#5464 = ORIENTED_EDGE ( 'NONE', *, *, #5144, .T. ) ;
#5465 = FACE_OUTER_BOUND ( 'NONE', #7797, .T. ) ;
#5466 = CARTESIAN_POINT ( 'NONE',  ( -12.55000000000000100, 0.0000000000000000000, -12.55000000000000100 ) ) ;
#5467 = EDGE_CURVE ( 'NONE', #4421, #4445, #1499, .T. ) ;
#5468 = AXIS2_PLACEMENT_3D ( 'NONE', #1390, #5320, #5939 ) ;
#5469 = EDGE_LOOP ( 'NONE', ( #2053, #8034, #3072, #435 ) ) ;
#5470 = FACE_OUTER_BOUND ( 'NONE', #1848, .T. ) ;
#5471 = CARTESIAN_POINT ( 'NONE',  ( 12.69999999999999900, 0.0000000000000000000, -4.500000000000000000 ) ) ;
#5472 = CARTESIAN_POINT ( 'NONE',  ( -12.90054052399946000, 0.07009548768148289600, 7.129999999999999900 ) ) ;
#5473 = ORIENTED_EDGE ( 'NONE', *, *, #2, .T. ) ;
#5474 = EDGE_CURVE ( 'NONE', #455, #8387, #2102, .T. ) ;
#5475 = EDGE_LOOP ( 'NONE', ( #5847, #56, #5925, #8654 ) ) ;
#5476 = CARTESIAN_POINT ( 'NONE',  ( 4.950000000000399900, 12.20000000000000100, 4.850000000000000500 ) ) ;
#5477 = LINE ( 'NONE', #5600, #5582 ) ;
#5478 = CARTESIAN_POINT ( 'NONE',  ( 12.90054722849357900, -0.02124813592968395300, -5.129999999999999900 ) ) ;
#5479 = CARTESIAN_POINT ( 'NONE',  ( 12.26091485687525700, 8.485498901988631100, 12.26091485687528900 ) ) ;
#5480 = CARTESIAN_POINT ( 'NONE',  ( -11.99818607707521800, -0.2203094662514494500, 7.130000000000000800 ) ) ;
#5481 = DIRECTION ( 'NONE',  ( -1.000000000000000000, 0.0000000000000000000, 0.0000000000000000000 ) ) ;
#5482 = VERTEX_POINT ( 'NONE', #3194 ) ;
#5484 = DIRECTION ( 'NONE',  ( 2.834515483622235100E-016, 1.000000000000000000, 0.0000000000000000000 ) ) ;
#5483 = SURFACE_STYLE_USAGE ( .BOTH. , #7434 ) ;
#5485 = ORIENTED_EDGE ( 'NONE', *, *, #1022, .F. ) ;
#5486 = CARTESIAN_POINT ( 'NONE',  ( -12.40000000000000000, 11.70000000000000100, 4.850000000000000500 ) ) ;
#5487 = ORIENTED_EDGE ( 'NONE', *, *, #6556, .T. ) ;
#5488 = VECTOR ( 'NONE', #2205, 1000.000000000000000 ) ;
#5489 = EDGE_CURVE ( 'NONE', #7227, #6846, #618, .T. ) ;
#5490 = AXIS2_PLACEMENT_3D ( 'NONE', #7131, #3111, #3777 ) ;
#5491 = DIRECTION ( 'NONE',  ( -1.000000000000000000, 0.0000000000000000000, 0.0000000000000000000 ) ) ;
#5492 = ORIENTED_EDGE ( 'NONE', *, *, #1646, .T. ) ;
#5493 = ORIENTED_EDGE ( 'NONE', *, *, #5567, .F. ) ;
#5494 = EDGE_LOOP ( 'NONE', ( #608, #6548, #4970, #7689 ) ) ;
#5495 = EDGE_LOOP ( 'NONE', ( #8566, #4559, #1900, #5007, #7231 ) ) ;
#5496 = AXIS2_PLACEMENT_3D ( 'NONE', #7760, #1062, #5726 ) ;
#5497 = VECTOR ( 'NONE', #405, 1000.000000000000000 ) ;
#5498 = ORIENTED_EDGE ( 'NONE', *, *, #7732, .T. ) ;
#5499 = EDGE_CURVE ( 'NONE', #2773, #1623, #5718, .T. ) ;
#5501 = CARTESIAN_POINT ( 'NONE',  ( 12.69999999999999900, -0.6999999999999999600, 7.400000000000000400 ) ) ;
#5500 = CARTESIAN_POINT ( 'NONE',  ( -11.55390823631167900, 13.15614453969378100, 4.859999999999999400 ) ) ;
#5502 = EDGE_LOOP ( 'NONE', ( #3448, #4593, #4412, #3978, #2086, #212, #6156, #5418, #3614, #7320, #8393, #4174, #1314, #3221, #7363, #3831, #5748, #8280, #5133, #3869 ) ) ;
#5503 = CIRCLE ( 'NONE', #7166, 1.199999999999999700 ) ;
#5504 = LINE ( 'NONE', #5556, #1550 ) ;
#5505 = SURFACE_STYLE_USAGE ( .BOTH. , #2136 ) ;
#5506 = AXIS2_PLACEMENT_3D ( 'NONE', #3191, #5177, #7891 ) ;
#5507 = DIRECTION ( 'NONE',  ( -3.809744271775434900E-016, 1.000000000000000000, 0.0000000000000000000 ) ) ;
#5508 = DIRECTION ( 'NONE',  ( 1.000000000000000000, 0.0000000000000000000, 0.0000000000000000000 ) ) ;
#5509 = VERTEX_POINT ( 'NONE', #8463 ) ;
#5511 = CARTESIAN_POINT ( 'NONE',  ( 11.94403686658061200, 8.887833471170658600, 11.94403686658061200 ) ) ;
#5510 = CARTESIAN_POINT ( 'NONE',  ( 11.61354585139582000, 7.824433369012191400, -12.41342400751739900 ) ) ;
#5512 = DIRECTION ( 'NONE',  ( -1.000000000000000000, -4.372213365170680100E-016, 0.0000000000000000000 ) ) ;
#5513 = DIRECTION ( 'NONE',  ( 0.0000000000000000000, 0.0000000000000000000, 1.000000000000000000 ) ) ;
#5514 = FACE_OUTER_BOUND ( 'NONE', #4315, .T. ) ;
#5515 = CARTESIAN_POINT ( 'NONE',  ( -11.36026439514193200, 9.199999999999999300, -11.82243394292847900 ) ) ;
#5516 = VECTOR ( 'NONE', #7499, 1000.000000000000000 ) ;
#5517 = VECTOR ( 'NONE', #3279, 1000.000000000000000 ) ;
#5518 = EDGE_CURVE ( 'NONE', #7611, #2143, #8568, .T. ) ;
#5519 = VERTEX_POINT ( 'NONE', #8438 ) ;
#5520 = ADVANCED_FACE ( 'NONE', ( #6690 ), #6660, .F. ) ;
#5521 = CARTESIAN_POINT ( 'NONE',  ( -10.16000000000000000, -6.299999999999999800, -10.16000000000000000 ) ) ;
#5522 = ORIENTED_EDGE ( 'NONE', *, *, #1176, .T. ) ;
#5523 = CARTESIAN_POINT ( 'NONE',  ( -11.37601578601662300, 9.164376660937316300, 11.16894232789293700 ) ) ;
#5524 = STYLED_ITEM ( 'NONE', ( #3865 ), #3258 ) ;
#5525 = STYLED_ITEM ( 'NONE', ( #651 ), #2291 ) ;
#5527 = FACE_OUTER_BOUND ( 'NONE', #7473, .T. ) ;
#5526 = DIRECTION ( 'NONE',  ( -3.388131789017129900E-016, 1.000000000000000000, 0.0000000000000000000 ) ) ;
#5528 = CARTESIAN_POINT ( 'NONE',  ( 11.71147481116715700, 9.027136750311834500, -11.31271048152966300 ) ) ;
#5529 = ORIENTED_EDGE ( 'NONE', *, *, #5637, .F. ) ;
#5530 = EDGE_LOOP ( 'NONE', ( #5560, #3794, #990, #3834 ) ) ;
#5531 = VERTEX_POINT ( 'NONE', #4500 ) ;
#5532 = ORIENTED_EDGE ( 'NONE', *, *, #4261, .T. ) ;
#5533 = ADVANCED_FACE ( 'NONE', ( #1231 ), #5437, .T. ) ;
#5534 = COLOUR_RGB ( '',0.7490196078431372600, 0.7490196078431372600, 0.7490196078431372600 ) ;
#5535 = EDGE_CURVE ( 'NONE', #2292, #1746, #738, .T. ) ;
#5536 = DIRECTION ( 'NONE',  ( -1.000000000000000000, 0.0000000000000000000, 3.614007241618350000E-015 ) ) ;
#5538 = CARTESIAN_POINT ( 'NONE',  ( 6.949999999999999300, 12.20000000000000100, -4.850000000000000500 ) ) ;
#5537 = SURFACE_SIDE_STYLE ('',( #3969 ) ) ;
#5539 = CIRCLE ( 'NONE', #7118, 0.1999999999999883800 ) ;
#5540 =( GEOMETRIC_REPRESENTATION_CONTEXT ( 3 ) GLOBAL_UNCERTAINTY_ASSIGNED_CONTEXT ( ( #2365 ) ) GLOBAL_UNIT_ASSIGNED_CONTEXT ( ( #8143, #6023, #3381 ) ) REPRESENTATION_CONTEXT ( 'NONE', 'WORKASPACE' ) );
#5541 = ORIENTED_EDGE ( 'NONE', *, *, #1162, .F. ) ;
#5542 = ORIENTED_EDGE ( 'NONE', *, *, #1604, .F. ) ;
#5543 = VERTEX_POINT ( 'NONE', #3142 ) ;
#5544 = LINE ( 'NONE', #694, #2105 ) ;
#5545 = CIRCLE ( 'NONE', #7397, 0.5000000000000004400 ) ;
#5546 = CARTESIAN_POINT ( 'NONE',  ( 11.70351619020334200, -0.4648426890406490200, -5.129999999999999900 ) ) ;
#5547 = CARTESIAN_POINT ( 'NONE',  ( 12.41342400751739900, 7.824433369012191400, 11.61354585139582000 ) ) ;
#5548 = CARTESIAN_POINT ( 'NONE',  ( 11.50000000000000000, -0.6999999999999999600, -4.500000000000000000 ) ) ;
#5549 = EDGE_CURVE ( 'NONE', #6033, #588, #5855, .T. ) ;
#5550 = SURFACE_STYLE_USAGE ( .BOTH. , #4858 ) ;
#5551 = LINE ( 'NONE', #181, #2936 ) ;
#5552 = EDGE_LOOP ( 'NONE', ( #3334, #4357, #8542, #3506 ) ) ;
#5553 = VERTEX_POINT ( 'NONE', #3773 ) ;
#5554 = ADVANCED_FACE ( 'NONE', ( #1 ), #5151, .F. ) ;
#5555 = DIRECTION ( 'NONE',  ( 1.000000000000000000, 0.0000000000000000000, 0.0000000000000000000 ) ) ;
#5556 = CARTESIAN_POINT ( 'NONE',  ( -3.000000000000000000, 11.70000000000000100, -7.400000000000000400 ) ) ;
#5557 = VERTEX_POINT ( 'NONE', #2594 ) ;
#5558 = EDGE_CURVE ( 'NONE', #5097, #5482, #2930, .T. ) ;
#5559 = ADVANCED_FACE ( 'NONE', ( #6079 ), #4635, .F. ) ;
#5560 = ORIENTED_EDGE ( 'NONE', *, *, #3982, .T. ) ;
#5561 = CARTESIAN_POINT ( 'NONE',  ( -12.49959361958396000, 11.96502041546510100, 7.400000000000000400 ) ) ;
#5562 = FILL_AREA_STYLE ('',( #3505 ) ) ;
#5563 = UNCERTAINTY_MEASURE_WITH_UNIT (LENGTH_MEASURE( 1.000000000000000100E-005 ), #6541, 'distance_accuracy_value', 'NONE');
#5564 = VECTOR ( 'NONE', #534, 1000.000000000000000 ) ;
#5565 = EDGE_LOOP ( 'NONE', ( #6129, #1039, #6470, #6182 ) ) ;
#5566 = FACE_OUTER_BOUND ( 'NONE', #8471, .T. ) ;
#5567 = EDGE_CURVE ( 'NONE', #185, #7172, #7325, .T. ) ;
#5568 = ADVANCED_FACE ( 'NONE', ( #5644 ), #6628, .T. ) ;
#5569 = CARTESIAN_POINT ( 'NONE',  ( 10.16000000000000000, -6.299999999999999800, -2.540000000000000000 ) ) ;
#5570 = VECTOR ( 'NONE', #5960, 1000.000000000000000 ) ;
#5571 = ORIENTED_EDGE ( 'NONE', *, *, #8000, .T. ) ;
#5572 = DIRECTION ( 'NONE',  ( 0.0000000000000000000, 0.0000000000000000000, 1.000000000000000000 ) ) ;
#5573 = VECTOR ( 'NONE', #7531, 1000.000000000000000 ) ;
#5575 = DIRECTION ( 'NONE',  ( -0.0000000000000000000, -0.0000000000000000000, -1.000000000000000000 ) ) ;
#5574 = CARTESIAN_POINT ( 'NONE',  ( -5.450000000000399900, 16.82000000000000000, -12.40000000000000000 ) ) ;
#5576 = ADVANCED_FACE ( 'NONE', ( #3654 ), #3944, .F. ) ;
#5577 = STYLED_ITEM ( 'NONE', ( #8405 ), #3368 ) ;
#5578 = EDGE_LOOP ( 'NONE', ( #8164, #1354, #6649, #2393 ) ) ;
#5579 = VERTEX_POINT ( 'NONE', #3230 ) ;
#5580 = DIRECTION ( 'NONE',  ( -1.000000000000000000, -4.372213365170680100E-016, 0.0000000000000000000 ) ) ;
#5581 = CARTESIAN_POINT ( 'NONE',  ( -11.36026439514191100, 9.199999999999999300, 11.82243394292847900 ) ) ;
#5582 = VECTOR ( 'NONE', #3547, 1000.000000000000000 ) ;
#5583 = EDGE_CURVE ( 'NONE', #5694, #2504, #4699, .T. ) ;
#5584 = VECTOR ( 'NONE', #4677, 1000.000000000000000 ) ;
#5585 = EDGE_LOOP ( 'NONE', ( #911, #2661, #6530, #1553, #3496, #5366 ) ) ;
#5586 = AXIS2_PLACEMENT_3D ( 'NONE', #598, #4538, #1920 ) ;
#5587 = CARTESIAN_POINT ( 'NONE',  ( 11.99818607707522100, -0.2203094662514446200, -7.129999999999999900 ) ) ;
#5588 = VERTEX_POINT ( 'NONE', #2024 ) ;
#5589 = FILL_AREA_STYLE_COLOUR ( '', #7548 ) ;
#5590 = FACE_OUTER_BOUND ( 'NONE', #1564, .T. ) ;
#5591 = CARTESIAN_POINT ( 'NONE',  ( -11.50000000000000000, 0.0000000000000000000, 4.500000000000000000 ) ) ;
#5592 = ORIENTED_EDGE ( 'NONE', *, *, #823, .F. ) ;
#5593 = EDGE_CURVE ( 'NONE', #5097, #2499, #6280, .T. ) ;
#5594 = ORIENTED_EDGE ( 'NONE', *, *, #7605, .F. ) ;
#5595 = ORIENTED_EDGE ( 'NONE', *, *, #7587, .F. ) ;
#5596 = CARTESIAN_POINT ( 'NONE',  ( -12.49959361958396000, 0.07009548768148470000, -7.400000000000000400 ) ) ;
#5597 = ORIENTED_EDGE ( 'NONE', *, *, #3918, .F. ) ;
#5598 = SURFACE_STYLE_FILL_AREA ( #7802 ) ;
#5599 = DIRECTION ( 'NONE',  ( 3.388131789017129900E-016, -1.000000000000000000, 0.0000000000000000000 ) ) ;
#5600 = CARTESIAN_POINT ( 'NONE',  ( -11.50000000000000000, 9.199999999999999300, 11.50000000000000000 ) ) ;
#5601 = SURFACE_SIDE_STYLE ('',( #476 ) ) ;
#5602 = DIRECTION ( 'NONE',  ( -0.0000000000000000000, -0.0000000000000000000, -1.000000000000000000 ) ) ;
#5603 = ORIENTED_EDGE ( 'NONE', *, *, #6724, .F. ) ;
#5604 = EDGE_LOOP ( 'NONE', ( #690, #8513, #5937, #6565 ) ) ;
#5605 = EDGE_CURVE ( 'NONE', #820, #7755, #1376, .T. ) ;
#5606 =( BOUNDED_CURVE ( )  B_SPLINE_CURVE ( 3, ( #2287, #6976, #7546, #6283 ),
 .UNSPECIFIED., .F., .F. ) 
 B_SPLINE_CURVE_WITH_KNOTS ( ( 4, 4 ),
 ( 4.712388980384689700, 6.265732014659646700 ),
 .UNSPECIFIED. ) 
 CURVE ( )  GEOMETRIC_REPRESENTATION_ITEM ( )  RATIONAL_B_SPLINE_CURVE ( ( 1.000000000000000000, 0.8088336327694534100, 0.8088336327694534100, 1.000000000000000000 ) ) 
 REPRESENTATION_ITEM ( '' )  );
#5607 = EDGE_CURVE ( 'NONE', #8437, #455, #4484, .T. ) ;
#5608 = ADVANCED_FACE ( 'NONE', ( #945 ), #1938, .T. ) ;
#5609 = ADVANCED_FACE ( 'NONE', ( #3350 ), #5954, .F. ) ;
#5610 = ORIENTED_EDGE ( 'NONE', *, *, #4661, .T. ) ;
#5611 = PLANE ( 'NONE',  #1856 ) ;
#5612 = DIRECTION ( 'NONE',  ( 1.000000000000000000, 0.0000000000000000000, -2.098455817713879800E-016 ) ) ;
#5613 = VERTEX_POINT ( 'NONE', #7061 ) ;
#5614 =( GEOMETRIC_REPRESENTATION_CONTEXT ( 3 ) GLOBAL_UNCERTAINTY_ASSIGNED_CONTEXT ( ( #1621 ) ) GLOBAL_UNIT_ASSIGNED_CONTEXT ( ( #7863, #7116, #2931 ) ) REPRESENTATION_CONTEXT ( 'NONE', 'WORKASPACE' ) );
#5615 = VECTOR ( 'NONE', #7353, 1000.000000000000000 ) ;
#5616 = ORIENTED_EDGE ( 'NONE', *, *, #5721, .T. ) ;
#5617 = ADVANCED_FACE ( 'NONE', ( #6912 ), #5332, .T. ) ;
#5618 = DIRECTION ( 'NONE',  ( 1.000000000000000000, 0.0000000000000000000, 0.0000000000000000000 ) ) ;
#5619 =( BOUNDED_CURVE ( )  B_SPLINE_CURVE ( 3, ( #5942, #7980, #6529, #4548 ),
 .UNSPECIFIED., .F., .F. ) 
 B_SPLINE_CURVE_WITH_KNOTS ( ( 4, 4 ),
 ( 0.0000000000000000000, 1.570987302159244000 ),
 .UNSPECIFIED. ) 
 CURVE ( )  GEOMETRIC_REPRESENTATION_ITEM ( )  RATIONAL_B_SPLINE_CURVE ( ( 1.000000000000000000, 0.8046928386502678600, 0.8046928386502678600, 1.000000000000000000 ) ) 
 REPRESENTATION_ITEM ( '' )  );
#5620 = EDGE_CURVE ( 'NONE', #3735, #7048, #5976, .T. ) ;
#5621 = CARTESIAN_POINT ( 'NONE',  ( 12.40000000000000000, 11.70000000000000100, 4.850000000000000500 ) ) ;
#5622 = VERTEX_POINT ( 'NONE', #8413 ) ;
#5623 = VERTEX_POINT ( 'NONE', #4355 ) ;
#5624 = FACE_OUTER_BOUND ( 'NONE', #2582, .T. ) ;
#5625 = LINE ( 'NONE', #1809, #500 ) ;
#5626 = LINE ( 'NONE', #121, #1244 ) ;
#5627 = ORIENTED_EDGE ( 'NONE', *, *, #3171, .T. ) ;
#5628 = DIRECTION ( 'NONE',  ( 0.0000000000000000000, -1.000000000000000000, 0.0000000000000000000 ) ) ;
#5629 = DIRECTION ( 'NONE',  ( 0.0000000000000000000, 0.0000000000000000000, -1.000000000000000000 ) ) ;
#5630 = CARTESIAN_POINT ( 'NONE',  ( -12.55000000000000100, 7.824433369012191400, -12.41342400751739900 ) ) ;
#5631 = CARTESIAN_POINT ( 'NONE',  ( 12.69999999999999900, -0.6999999999999999600, 4.500000000000000000 ) ) ;
#5632 = CARTESIAN_POINT ( 'NONE',  ( -6.450000000000000200, 12.20000000000000100, -7.849999999999999600 ) ) ;
#5633 = DIRECTION ( 'NONE',  ( 0.0000000000000000000, 0.0000000000000000000, 1.000000000000000000 ) ) ;
#5634 = VERTEX_POINT ( 'NONE', #2451 ) ;
#5635 = VECTOR ( 'NONE', #4624, 1000.000000000000000 ) ;
#5636 = LINE ( 'NONE', #7899, #8594 ) ;
#5637 = EDGE_CURVE ( 'NONE', #7200, #6395, #5752, .T. ) ;
#5638 = ORIENTED_EDGE ( 'NONE', *, *, #4021, .F. ) ;
#5639 = AXIS2_PLACEMENT_3D ( 'NONE', #4586, #1272, #7281 ) ;
#5640 = ORIENTED_EDGE ( 'NONE', *, *, #6672, .F. ) ;
#5641 = ORIENTED_EDGE ( 'NONE', *, *, #1832, .F. ) ;
#5642 = AXIS2_PLACEMENT_3D ( 'NONE', #4034, #5360, #4735 ) ;
#5643 = CARTESIAN_POINT ( 'NONE',  ( -12.55000000000000100, 0.0000000000000000000, -4.500000000000000000 ) ) ;
#5644 = FACE_OUTER_BOUND ( 'NONE', #7312, .T. ) ;
#5645 = EDGE_CURVE ( 'NONE', #6065, #1274, #1586, .T. ) ;
#5646 = CYLINDRICAL_SURFACE ( 'NONE', #3164, 1.400000000000000100 ) ;
#5647 = CARTESIAN_POINT ( 'NONE',  ( 12.49962158695457300, -0.2228420785086275600, -5.130000000000000800 ) ) ;
#5648 = LINE ( 'NONE', #8719, #317 ) ;
#5649 = ORIENTED_EDGE ( 'NONE', *, *, #57, .F. ) ;
#5650 = ORIENTED_EDGE ( 'NONE', *, *, #3927, .F. ) ;
#5651 = PRESENTATION_LAYER_ASSIGNMENT (  '', '', ( #271 ) ) ;
#5652 = ADVANCED_FACE ( 'NONE', ( #7645 ), #1705, .T. ) ;
#5653 = SURFACE_STYLE_FILL_AREA ( #2074 ) ;
#5654 = VERTEX_POINT ( 'NONE', #7128 ) ;
#5655 = CARTESIAN_POINT ( 'NONE',  ( 6.949999999999999300, 12.20000000000000100, 12.40000000000000000 ) ) ;
#5656 = CARTESIAN_POINT ( 'NONE',  ( -12.49959361958396000, 0.07009548768148470000, -7.400000000000000400 ) ) ;
#5657 = CARTESIAN_POINT ( 'NONE',  ( 12.90054722849359900, -0.8306078065220959800, 5.129999999999999900 ) ) ;
#5658 = VERTEX_POINT ( 'NONE', #7660 ) ;
#5660 = CARTESIAN_POINT ( 'NONE',  ( 11.99818607707522100, -0.2203094662514446200, 5.130000000000000800 ) ) ;
#5659 = CARTESIAN_POINT ( 'NONE',  ( -12.88333504276538100, -0.2053636409173125200, 5.129999999999999900 ) ) ;
#5661 = CARTESIAN_POINT ( 'NONE',  ( -12.10312483381792600, -0.4300000000001086300, 5.130000000000000800 ) ) ;
#5662 = CARTESIAN_POINT ( 'NONE',  ( 6.450000000000000200, 12.20000000000000100, 4.850000000000000500 ) ) ;
#5663 = EDGE_CURVE ( 'NONE', #6026, #2969, #2733, .T. ) ;
#5664 = DIRECTION ( 'NONE',  ( 0.0000000000000000000, 0.0000000000000000000, 1.000000000000000000 ) ) ;
#5666 = CARTESIAN_POINT ( 'NONE',  ( -12.69999999999999900, 0.0000000000000000000, -7.400000000000000400 ) ) ;
#5665 = PLANE ( 'NONE',  #3174 ) ;
#5667 = ADVANCED_FACE ( 'NONE', ( #208 ), #8439, .T. ) ;
#5668 = VECTOR ( 'NONE', #4086, 1000.000000000000000 ) ;
#5669 = LINE ( 'NONE', #2607, #3264 ) ;
#5670 = CARTESIAN_POINT ( 'NONE',  ( 10.16000000000000000, -6.000000000000000000, -2.540000000000000000 ) ) ;
#5671 = DIRECTION ( 'NONE',  ( -2.797941090285175100E-016, 0.0000000000000000000, -1.000000000000000000 ) ) ;
#5672 = PLANE ( 'NONE',  #5334 ) ;
#5673 = EDGE_CURVE ( 'NONE', #903, #2143, #3135, .T. ) ;
#5674 = CIRCLE ( 'NONE', #8696, 0.5000000000000000000 ) ;
#5675 = FACE_OUTER_BOUND ( 'NONE', #5494, .T. ) ;
#5676 = CARTESIAN_POINT ( 'NONE',  ( -12.69999999999999900, -0.6999999999999999600, -4.500000000000000000 ) ) ;
#5677 = VERTEX_POINT ( 'NONE', #1674 ) ;
#5678 = CARTESIAN_POINT ( 'NONE',  ( -12.69999999999999900, -0.6999999999999999600, -4.500000000000000000 ) ) ;
#5679 = CARTESIAN_POINT ( 'NONE',  ( 12.39715936418300000, -0.4300000000001086800, 7.129999999999999900 ) ) ;
#5680 = CARTESIAN_POINT ( 'NONE',  ( 0.0000000000000000000, 17.32000000000000000, 12.40000000000000000 ) ) ;
#5681 = CARTESIAN_POINT ( 'NONE',  ( 10.16000000000000000, -6.000000000000000000, -10.16000000000000000 ) ) ;
#5682 = ORIENTED_EDGE ( 'NONE', *, *, #8157, .F. ) ;
#5683 = CARTESIAN_POINT ( 'NONE',  ( 10.16000000000000000, -6.299999999999999800, 2.340000000000011800 ) ) ;
#5684 = CARTESIAN_POINT ( 'NONE',  ( 10.16000000000000000, -6.299999999999999800, -9.660000000000000100 ) ) ;
#5685 = CARTESIAN_POINT ( 'NONE',  ( -11.90000000000000000, 16.82000000000000000, -12.40000000000000000 ) ) ;
#5686 = DIRECTION ( 'NONE',  ( -1.000000000000000000, 0.0000000000000000000, 0.0000000000000000000 ) ) ;
#5688 = DIRECTION ( 'NONE',  ( 1.000000000000000000, 0.0000000000000000000, 0.0000000000000000000 ) ) ;
#5687 = DIRECTION ( 'NONE',  ( -3.273063162220390300E-016, 0.0000000000000000000, 1.000000000000000000 ) ) ;
#5689 = AXIS2_PLACEMENT_3D ( 'NONE', #2746, #8081, #681 ) ;
#5690 = VERTEX_POINT ( 'NONE', #5713 ) ;
#5691 = AXIS2_PLACEMENT_3D ( 'NONE', #5920, #7957, #7838 ) ;
#5692 = VECTOR ( 'NONE', #1588, 1000.000000000000100 ) ;
#5693 = LINE ( 'NONE', #4598, #147 ) ;
#5694 = VERTEX_POINT ( 'NONE', #2371 ) ;
#5695 = DIRECTION ( 'NONE',  ( 0.0000000000000000000, 0.0000000000000000000, 1.000000000000000000 ) ) ;
#5696 = ORIENTED_EDGE ( 'NONE', *, *, #3330, .F. ) ;
#5697 = DIRECTION ( 'NONE',  ( 0.0000000000000000000, 0.0000000000000000000, 1.000000000000000000 ) ) ;
#5698 = EDGE_CURVE ( 'NONE', #4570, #5634, #304, .T. ) ;
#5699 = ORIENTED_EDGE ( 'NONE', *, *, #3470, .F. ) ;
#5700 = CARTESIAN_POINT ( 'NONE',  ( -1.000000000000000000, 12.20000000000000100, -12.40000000000000000 ) ) ;
#5701 = LINE ( 'NONE', #6921, #8349 ) ;
#5702 = ORIENTED_EDGE ( 'NONE', *, *, #4160, .T. ) ;
#5703 = CARTESIAN_POINT ( 'NONE',  ( 10.16000000000000000, -6.299999999999999800, 2.540000000000000000 ) ) ;
#5704 = ORIENTED_EDGE ( 'NONE', *, *, #7189, .F. ) ;
#5705 = AXIS2_PLACEMENT_3D ( 'NONE', #5781, #6587, #1796 ) ;
#5706 = EDGE_CURVE ( 'NONE', #3024, #7102, #3852, .T. ) ;
#5707 = LINE ( 'NONE', #8092, #1655 ) ;
#5708 = DIRECTION ( 'NONE',  ( 0.0000000000000000000, 0.0000000000000000000, -1.000000000000000000 ) ) ;
#5709 = CARTESIAN_POINT ( 'NONE',  ( 12.90054052399948000, 11.96513699471034000, 7.400000000000000400 ) ) ;
#5710 = ORIENTED_EDGE ( 'NONE', *, *, #7977, .T. ) ;
#5711 = CARTESIAN_POINT ( 'NONE',  ( -5.450000000000399900, 12.20000000000000100, 12.40000000000000000 ) ) ;
#5712 = CARTESIAN_POINT ( 'NONE',  ( 11.90000000000040200, 17.32000000000000000, 12.40000000000000000 ) ) ;
#5713 = CARTESIAN_POINT ( 'NONE',  ( 6.450000000000000200, 12.20000000000000100, 12.40000000000000000 ) ) ;
#5714 = FACE_OUTER_BOUND ( 'NONE', #6689, .T. ) ;
#5715 = CARTESIAN_POINT ( 'NONE',  ( -11.74272260875550000, 0.4099399711396734500, -11.74272260875550000 ) ) ;
#5717 = CARTESIAN_POINT ( 'NONE',  ( -3.000000000000000000, 11.70000000000000100, 4.859999999999999400 ) ) ;
#5716 = DIRECTION ( 'NONE',  ( 0.0000000000000000000, 1.000000000000000000, 0.0000000000000000000 ) ) ;
#5718 = B_SPLINE_CURVE_WITH_KNOTS ( 'NONE', 3,
 ( #3167, #4472, #4385, #1104, #4436, #8547, #5769, #4407, #3077, #7773, #6456 ),
 .UNSPECIFIED., .F., .F.,
 ( 4, 1, 1, 1, 1, 1, 1, 1, 4 ),
 ( -1.570796326794899900, -1.178097245096176900, -0.7853981633974519400, -0.3926990816987279100, -3.108624468950438300E-015, 0.3926990816987214700, 0.7853981633974458400, 1.178097245096171300, 1.570796326794895000 ),
 .UNSPECIFIED. ) ;
#5719 = VECTOR ( 'NONE', #5811, 1000.000000000000000 ) ;
#5720 =( BOUNDED_CURVE ( )  B_SPLINE_CURVE ( 3, ( #3143, #4473, #5798, #1814 ),
 .UNSPECIFIED., .F., .T. ) 
 B_SPLINE_CURVE_WITH_KNOTS ( ( 4, 4 ),
 ( 5.497939437029701900, 7.068431177329470600 ),
 .UNSPECIFIED. ) 
 CURVE ( )  GEOMETRIC_REPRESENTATION_ITEM ( )  RATIONAL_B_SPLINE_CURVE ( ( 1.000000000000000000, 0.8048096403827775800, 0.8048096403827775800, 1.000000000000000000 ) ) 
 REPRESENTATION_ITEM ( '' )  );
#5721 = EDGE_CURVE ( 'NONE', #8221, #2503, #1904, .T. ) ;
#5722 = EDGE_CURVE ( 'NONE', #7015, #3730, #7864, .T. ) ;
#5723 = EDGE_LOOP ( 'NONE', ( #8575, #1362, #1679, #8718, #1912, #6958, #2163 ) ) ;
#5724 = VECTOR ( 'NONE', #5998, 1000.000000000000000 ) ;
#5725 = CARTESIAN_POINT ( 'NONE',  ( -12.39715936418299900, -0.4300000000001087400, 7.129999999999999900 ) ) ;
#5727 = LINE ( 'NONE', #4000, #6163 ) ;
#5726 = DIRECTION ( 'NONE',  ( -1.000000000000000000, 0.0000000000000000000, 2.797941090285175100E-016 ) ) ;
#5728 = UNCERTAINTY_MEASURE_WITH_UNIT (LENGTH_MEASURE( 1.000000000000000100E-005 ), #3093, 'distance_accuracy_value', 'NONE');
#5729 = DIRECTION ( 'NONE',  ( 0.0000000000000000000, 0.0000000000000000000, 1.000000000000000000 ) ) ;
#5730 = VECTOR ( 'NONE', #5819, 1000.000000000000000 ) ;
#5731 = ORIENTED_EDGE ( 'NONE', *, *, #5324, .T. ) ;
#5732 = ORIENTED_EDGE ( 'NONE', *, *, #2625, .T. ) ;
#5733 = ORIENTED_EDGE ( 'NONE', *, *, #7613, .T. ) ;
#5734 = EDGE_CURVE ( 'NONE', #3222, #7467, #4065, .T. ) ;
#5735 = DIRECTION ( 'NONE',  ( -0.0000000000000000000, -1.000000000000000000, -0.0000000000000000000 ) ) ;
#5736 = LINE ( 'NONE', #3511, #7309 ) ;
#5737 = ADVANCED_FACE ( 'NONE', ( #2314 ), #1105, .T. ) ;
#5738 = EDGE_LOOP ( 'NONE', ( #2231, #801, #980, #2670, #1138 ) ) ;
#5739 = EDGE_LOOP ( 'NONE', ( #7591, #4838, #7650, #2904 ) ) ;
#5740 = CARTESIAN_POINT ( 'NONE',  ( -4.950000000000399900, 12.20000000000000100, -12.40000000000000000 ) ) ;
#5741 = VECTOR ( 'NONE', #6331, 1000.000000000000000 ) ;
#5742 = FACE_OUTER_BOUND ( 'NONE', #5502, .T. ) ;
#5743 = DIRECTION ( 'NONE',  ( 0.0000000000000000000, 0.0000000000000000000, 1.000000000000000000 ) ) ;
#5744 = DIRECTION ( 'NONE',  ( 3.809744271775434900E-016, -1.000000000000000000, 0.0000000000000000000 ) ) ;
#5745 = CARTESIAN_POINT ( 'NONE',  ( -4.950000000000391000, 11.70000000000000100, -12.40000000000000000 ) ) ;
#5746 = CARTESIAN_POINT ( 'NONE',  ( -12.90054052399946000, 0.07009548768148289600, -7.400000000000000400 ) ) ;
#5747 = ORIENTED_EDGE ( 'NONE', *, *, #4515, .T. ) ;
#5748 = ORIENTED_EDGE ( 'NONE', *, *, #5549, .F. ) ;
#5749 = VECTOR ( 'NONE', #49, 1000.000000000000000 ) ;
#5750 = ORIENTED_EDGE ( 'NONE', *, *, #8516, .F. ) ;
#5751 = EDGE_CURVE ( 'NONE', #7153, #8197, #3967, .T. ) ;
#5752 = LINE ( 'NONE', #391, #2110 ) ;
#5753 = MECHANICAL_DESIGN_GEOMETRIC_PRESENTATION_REPRESENTATION (  '', ( #2750 ), #2901 ) ;
#5754 = CARTESIAN_POINT ( 'NONE',  ( -11.60183876112544100, 12.75902544545406100, -7.400000000000000400 ) ) ;
#5755 = CARTESIAN_POINT ( 'NONE',  ( -12.90054052399946000, 0.07009548768148289600, 4.859999999999999400 ) ) ;
#5756 = ORIENTED_EDGE ( 'NONE', *, *, #7275, .F. ) ;
#5757 = EDGE_CURVE ( 'NONE', #2605, #5894, #2014, .T. ) ;
#5758 = CARTESIAN_POINT ( 'NONE',  ( 11.61354585139582000, 7.824433369012191400, 12.41342400751739900 ) ) ;
#5759 = CIRCLE ( 'NONE', #3675, 0.5000000000000004400 ) ;
#5760 = CARTESIAN_POINT ( 'NONE',  ( -5.450000000000399900, 16.82000000000000000, 4.850000000000000500 ) ) ;
#5761 = AXIS2_PLACEMENT_3D ( 'NONE', #4269, #1667, #4204 ) ;
#5762 = EDGE_LOOP ( 'NONE', ( #5571, #411, #597, #5329 ) ) ;
#5763 = CARTESIAN_POINT ( 'NONE',  ( -3.985527186056714800E-013, 16.82000000000000000, 12.40000000000000000 ) ) ;
#5764 = CARTESIAN_POINT ( 'NONE',  ( 11.90000000000040200, 16.82000000000000000, -12.40000000000000000 ) ) ;
#5766 = VECTOR ( 'NONE', #2953, 1000.000000000000000 ) ;
#5765 = CARTESIAN_POINT ( 'NONE',  ( -12.69999999999999900, -0.6999999999999999600, -12.69999999999999900 ) ) ;
#5767 = CARTESIAN_POINT ( 'NONE',  ( -10.16000000000000000, -0.6999999999999999600, -9.660000000000000100 ) ) ;
#5768 = VERTEX_POINT ( 'NONE', #2993 ) ;
#5769 = CARTESIAN_POINT ( 'NONE',  ( -12.64013774716952000, -0.7120244148728569500, -7.129999999999999900 ) ) ;
#5770 = DIRECTION ( 'NONE',  ( 0.0000000000000000000, 0.0000000000000000000, -1.000000000000000000 ) ) ;
#5771 = CARTESIAN_POINT ( 'NONE',  ( -0.5000000000000000000, 12.20000000000000100, -12.40000000000000000 ) ) ;
#5772 = EDGE_CURVE ( 'NONE', #5170, #8063, #6495, .T. ) ;
#5773 = VECTOR ( 'NONE', #3081, 1000.000000000000000 ) ;
#5774 = DIRECTION ( 'NONE',  ( 6.994852725712929000E-017, -0.0000000000000000000, 1.000000000000000000 ) ) ;
#5775 = AXIS2_PLACEMENT_3D ( 'NONE', #2724, #5430, #1476 ) ;
#5777 = DIRECTION ( 'NONE',  ( 1.000000000000000000, 0.0000000000000000000, 0.0000000000000000000 ) ) ;
#5776 = CARTESIAN_POINT ( 'NONE',  ( -10.90000000000040000, 11.70000000000000100, -12.40000000000000000 ) ) ;
#5778 =( GEOMETRIC_REPRESENTATION_CONTEXT ( 3 ) GLOBAL_UNCERTAINTY_ASSIGNED_CONTEXT ( ( #7278 ) ) GLOBAL_UNIT_ASSIGNED_CONTEXT ( ( #4184, #6925, #2914 ) ) REPRESENTATION_CONTEXT ( 'NONE', 'WORKASPACE' ) );
#5779 = AXIS2_PLACEMENT_3D ( 'NONE', #1959, #6040, #4081 ) ;
#5780 = VECTOR ( 'NONE', #7446, 1000.000000000000000 ) ;
#5781 = CARTESIAN_POINT ( 'NONE',  ( -5.950000000000399900, 16.82000000000000000, -12.40000000000000000 ) ) ;
#5782 = EDGE_CURVE ( 'NONE', #7610, #4384, #7117, .T. ) ;
#5783 = DIRECTION ( 'NONE',  ( 0.0000000000000000000, 0.0000000000000000000, 1.000000000000000000 ) ) ;
#5784 = DIRECTION ( 'NONE',  ( 1.000000000000000000, 0.0000000000000000000, 0.0000000000000000000 ) ) ;
#5785 = ORIENTED_EDGE ( 'NONE', *, *, #7078, .T. ) ;
#5786 = VERTEX_POINT ( 'NONE', #1815 ) ;
#5787 = CARTESIAN_POINT ( 'NONE',  ( -12.55000000000000100, 0.0000000000000000000, 12.55000000000000100 ) ) ;
#5788 = VECTOR ( 'NONE', #2345, 1000.000000000000000 ) ;
#5789 = PRESENTATION_LAYER_ASSIGNMENT (  '', '', ( #2392 ) ) ;
#5790 = ORIENTED_EDGE ( 'NONE', *, *, #7328, .T. ) ;
#5791 = ORIENTED_EDGE ( 'NONE', *, *, #5130, .F. ) ;
#5792 = VECTOR ( 'NONE', #6140, 1000.000000000000000 ) ;
#5793 = EDGE_CURVE ( 'NONE', #3729, #4258, #1690, .T. ) ;
#5794 = CARTESIAN_POINT ( 'NONE',  ( 10.16000000000000000, -6.299999999999999800, -2.739999999999988700 ) ) ;
#5795 = CARTESIAN_POINT ( 'NONE',  ( -10.90000000000000000, 11.19999999999999900, -12.40000000000000000 ) ) ;
#5796 = DIRECTION ( 'NONE',  ( 2.098455817713879800E-016, 0.0000000000000000000, 1.000000000000000000 ) ) ;
#5797 = DIRECTION ( 'NONE',  ( 1.000000000000000000, 0.0000000000000000000, 0.0000000000000000000 ) ) ;
#5798 = CARTESIAN_POINT ( 'NONE',  ( 12.55000000000001300, 0.0000000000000000000, -12.21870917212955700 ) ) ;
#5799 = CARTESIAN_POINT ( 'NONE',  ( -12.39606240534999400, -0.4300000000001086800, -7.129999999999999900 ) ) ;
#5800 = DIRECTION ( 'NONE',  ( -1.000000000000000000, 0.0000000000000000000, 0.0000000000000000000 ) ) ;
#5801 = CARTESIAN_POINT ( 'NONE',  ( -12.49959361958396000, 0.07009548768148470000, 7.400000000000000400 ) ) ;
#5802 = FACE_OUTER_BOUND ( 'NONE', #4787, .T. ) ;
#5803 = ORIENTED_EDGE ( 'NONE', *, *, #439, .F. ) ;
#5804 = AXIS2_PLACEMENT_3D ( 'NONE', #1560, #4153, #1532 ) ;
#5805 = AXIS2_PLACEMENT_3D ( 'NONE', #5740, #3100, #8569 ) ;
#5806 = ORIENTED_EDGE ( 'NONE', *, *, #3424, .T. ) ;
#5807 = ORIENTED_EDGE ( 'NONE', *, *, #7287, .F. ) ;
#5808 = LINE ( 'NONE', #2512, #263 ) ;
#5809 = LINE ( 'NONE', #8113, #2788 ) ;
#5810 = DIRECTION ( 'NONE',  ( 0.0000000000000000000, 0.0000000000000000000, 1.000000000000000000 ) ) ;
#5811 = DIRECTION ( 'NONE',  ( -0.0000000000000000000, -0.0000000000000000000, -1.000000000000000000 ) ) ;
#5812 = EDGE_CURVE ( 'NONE', #1388, #1496, #2891, .T. ) ;
#5813 = ORIENTED_EDGE ( 'NONE', *, *, #1993, .T. ) ;
#5814 = LINE ( 'NONE', #2754, #4656 ) ;
#5815 = STYLED_ITEM ( 'NONE', ( #6458 ), #5247 ) ;
#5816 = CYLINDRICAL_SURFACE ( 'NONE', #684, 0.5000000000000004400 ) ;
#5817 = DIRECTION ( 'NONE',  ( -1.000000000000000000, -9.109505398131430300E-018, 0.0000000000000000000 ) ) ;
#5818 = EDGE_LOOP ( 'NONE', ( #2190, #7764, #6967, #6479 ) ) ;
#5819 = DIRECTION ( 'NONE',  ( 0.0000000000000000000, 0.0000000000000000000, 1.000000000000000000 ) ) ;
#5820 = ORIENTED_EDGE ( 'NONE', *, *, #6324, .F. ) ;
#5821 = CIRCLE ( 'NONE', #4681, 0.5000000000000004400 ) ;
#5822 = EDGE_CURVE ( 'NONE', #3690, #6334, #8491, .T. ) ;
#5823 = LINE ( 'NONE', #8689, #3101 ) ;
#5824 = DIRECTION ( 'NONE',  ( -1.000000000000000000, -3.388131789017135300E-016, 0.0000000000000000000 ) ) ;
#5825 =( BOUNDED_SURFACE ( )  B_SPLINE_SURFACE ( 3, 1, ( 
 ( #250, #929 ),
 ( #5480, #2863 ),
 ( #1591, #6951 ),
 ( #7545, #6198 ) ),
 .UNSPECIFIED., .F., .F., .F. ) 
 B_SPLINE_SURFACE_WITH_KNOTS ( ( 4, 4 ),
 ( 2, 2 ),
 ( 0.0000000000000000000, 1.000000000000000000 ),
 ( 0.0000000000000000000, 1.000000000000000000 ),
 .UNSPECIFIED. ) 
 GEOMETRIC_REPRESENTATION_ITEM ( )  RATIONAL_B_SPLINE_SURFACE ( (
 ( 1.000000000000000000, 1.000000000000000000),
 ( 0.8024656882795194700, 0.8024656882795194700),
 ( 0.8024656882795194700, 0.8024656882795194700),
 ( 1.000000000000000000, 1.000000000000000000) ) ) 
 REPRESENTATION_ITEM ( '' )  SURFACE ( )  );
#5826 = DIRECTION ( 'NONE',  ( 0.0000000000000000000, 0.0000000000000000000, 1.000000000000000000 ) ) ;
#5827 = ORIENTED_EDGE ( 'NONE', *, *, #1028, .F. ) ;
#5828 = DIRECTION ( 'NONE',  ( 0.0000000000000000000, 0.0000000000000000000, -1.000000000000000000 ) ) ;
#5829 = DIRECTION ( 'NONE',  ( 1.000000000000000000, 0.0000000000000000000, 0.0000000000000000000 ) ) ;
#5830 = CARTESIAN_POINT ( 'NONE',  ( -12.49959361958396000, 0.07002387192026059100, -7.129999999999999900 ) ) ;
#5831 = VERTEX_POINT ( 'NONE', #1875 ) ;
#5832 = DIRECTION ( 'NONE',  ( -1.000000000000000000, 0.0000000000000000000, 0.0000000000000000000 ) ) ;
#5833 = AXIS2_PLACEMENT_3D ( 'NONE', #4062, #3394, #2678 ) ;
#5834 = PRESENTATION_STYLE_ASSIGNMENT (( #1116 ) ) ;
#5835 = ADVANCED_FACE ( 'NONE', ( #838 ), #4845, .F. ) ;
#5836 = VECTOR ( 'NONE', #357, 1000.000000000000000 ) ;
#5837 = EDGE_CURVE ( 'NONE', #7013, #4302, #8504, .T. ) ;
#5838 = ORIENTED_EDGE ( 'NONE', *, *, #8516, .T. ) ;
#5839 = ORIENTED_EDGE ( 'NONE', *, *, #8048, .T. ) ;
#5840 = CARTESIAN_POINT ( 'NONE',  ( 12.25013752952505900, -0.8898851874046199700, -5.130000000000000800 ) ) ;
#5841 = ORIENTED_EDGE ( 'NONE', *, *, #8378, .T. ) ;
#5842 = CARTESIAN_POINT ( 'NONE',  ( 12.55000000000000100, 0.0000000000000000000, -12.55000000000000100 ) ) ;
#5843 = CARTESIAN_POINT ( 'NONE',  ( -5.950000000000000200, 17.32000000000000000, -12.40000000000000000 ) ) ;
#5844 = LINE ( 'NONE', #5994, #1036 ) ;
#5845 = CARTESIAN_POINT ( 'NONE',  ( 10.90000000000040000, 11.70000000000000100, -12.40000000000000000 ) ) ;
#5846 = AXIS2_PLACEMENT_3D ( 'NONE', #1668, #956, #8374 ) ;
#5847 = ORIENTED_EDGE ( 'NONE', *, *, #2766, .T. ) ;
#5848 = FACE_OUTER_BOUND ( 'NONE', #3806, .T. ) ;
#5849 = ORIENTED_EDGE ( 'NONE', *, *, #6345, .F. ) ;
#5850 = ORIENTED_EDGE ( 'NONE', *, *, #7514, .F. ) ;
#5851 = CARTESIAN_POINT ( 'NONE',  ( -12.69999999999999900, -0.6999999999999999600, -7.400000000000000400 ) ) ;
#5852 = SURFACE_STYLE_FILL_AREA ( #2843 ) ;
#5853 = ORIENTED_EDGE ( 'NONE', *, *, #4591, .T. ) ;
#5855 = LINE ( 'NONE', #3743, #7758 ) ;
#5854 = CARTESIAN_POINT ( 'NONE',  ( -10.16000000000000000, -6.299999999999999800, 0.2000000000000025100 ) ) ;
#5856 = CIRCLE ( 'NONE', #7826, 0.5000000000000004400 ) ;
#5857 = AXIS2_PLACEMENT_3D ( 'NONE', #163, #2200, #223 ) ;
#5858 = CIRCLE ( 'NONE', #4279, 0.5000000000000000000 ) ;
#5859 = EDGE_LOOP ( 'NONE', ( #5638, #953, #4640, #871 ) ) ;
#5860 = CARTESIAN_POINT ( 'NONE',  ( 11.55390823631220000, 13.15614453969008000, 7.400000000000000400 ) ) ;
#5861 = CARTESIAN_POINT ( 'NONE',  ( -11.59960032407806100, -0.02134362361127549800, -5.129999999999999900 ) ) ;
#5862 = ORIENTED_EDGE ( 'NONE', *, *, #7987, .F. ) ;
#5863 = CARTESIAN_POINT ( 'NONE',  ( -11.40000000000040200, 12.20000000000000100, 4.850000000000000500 ) ) ;
#5864 =( NAMED_UNIT ( * ) PLANE_ANGLE_UNIT ( ) SI_UNIT ( $, .RADIAN. ) );
#5865 = CARTESIAN_POINT ( 'NONE',  ( -11.69959361958395900, 11.96502041546510100, -4.859999999999999400 ) ) ;
#5866 = CARTESIAN_POINT ( 'NONE',  ( 12.64013774716952000, -0.7120244148728569500, 5.130000000000000800 ) ) ;
#5868 = CARTESIAN_POINT ( 'NONE',  ( 11.50000000000000000, -0.6999999999999999600, 4.500000000000000000 ) ) ;
#5867 =( NAMED_UNIT ( * ) PLANE_ANGLE_UNIT ( ) SI_UNIT ( $, .RADIAN. ) );
#5869 = CARTESIAN_POINT ( 'NONE',  ( -11.90000000000040200, 17.32000000000000000, -12.40000000000000000 ) ) ;
#5870 = EDGE_CURVE ( 'NONE', #5373, #2478, #6711, .T. ) ;
#5871 = ORIENTED_EDGE ( 'NONE', *, *, #544, .T. ) ;
#5872 = EDGE_LOOP ( 'NONE', ( #6166, #5542 ) ) ;
#5873 = CARTESIAN_POINT ( 'NONE',  ( -12.40000000000000000, 11.70000000000000100, 7.849999999999999600 ) ) ;
#5875 = CARTESIAN_POINT ( 'NONE',  ( 10.16000000000000000, -6.299999999999999800, 3.040000000000000000 ) ) ;
#5874 = DIRECTION ( 'NONE',  ( 0.0000000000000000000, -1.000000000000000000, 0.0000000000000000000 ) ) ;
#5876 = PLANE ( 'NONE',  #2768 ) ;
#5877 = CARTESIAN_POINT ( 'NONE',  ( -12.10312483381792400, -0.4300000000001086800, -7.129999999999999900 ) ) ;
#5878 = DIRECTION ( 'NONE',  ( 0.0000000000000000000, 0.0000000000000000000, 1.000000000000000000 ) ) ;
#5879 = CIRCLE ( 'NONE', #4280, 0.5000000000000000000 ) ;
#5880 =( BOUNDED_CURVE ( )  B_SPLINE_CURVE ( 3, ( #6199, #6868, #6226, #2864 ),
 .UNSPECIFIED., .F., .F. ) 
 B_SPLINE_CURVE_WITH_KNOTS ( ( 4, 4 ),
 ( 4.712198005020320900, 6.283185307179586200 ),
 .UNSPECIFIED. ) 
 CURVE ( )  GEOMETRIC_REPRESENTATION_ITEM ( )  RATIONAL_B_SPLINE_CURVE ( ( 1.000000000000000000, 0.8046928386502628600, 0.8046928386502628600, 1.000000000000000000 ) ) 
 REPRESENTATION_ITEM ( '' )  );
#5881 = EDGE_CURVE ( 'NONE', #80, #6547, #7436, .T. ) ;
#5882 = DIRECTION ( 'NONE',  ( 0.0000000000000000000, 0.0000000000000000000, 1.000000000000000000 ) ) ;
#5883 = VECTOR ( 'NONE', #8635, 1000.000000000000000 ) ;
#5884 = VECTOR ( 'NONE', #170, 1000.000000000000000 ) ;
#5885 = DIRECTION ( 'NONE',  ( -1.000000000000000000, 0.0000000000000000000, 0.0000000000000000000 ) ) ;
#5886 = CARTESIAN_POINT ( 'NONE',  ( -12.90054052399948000, 0.07009548768148118900, 5.129999999999999900 ) ) ;
#5887 = CARTESIAN_POINT ( 'NONE',  ( -10.16000000000000000, -6.000000000000000000, 10.16000000000000000 ) ) ;
#5888 = CARTESIAN_POINT ( 'NONE',  ( 11.70351619020334200, -0.4648426890406490200, 5.130000000000000800 ) ) ;
#5889 = EDGE_CURVE ( 'NONE', #5290, #1749, #5545, .T. ) ;
#5891 = DIRECTION ( 'NONE',  ( 1.000000000000000000, 0.0000000000000000000, 0.0000000000000000000 ) ) ;
#5890 = FILL_AREA_STYLE ('',( #8549 ) ) ;
#5892 = ORIENTED_EDGE ( 'NONE', *, *, #5903, .F. ) ;
#5893 = LINE ( 'NONE', #3287, #4099 ) ;
#5894 = VERTEX_POINT ( 'NONE', #6050 ) ;
#5895 = AXIS2_PLACEMENT_3D ( 'NONE', #4419, #5106, #5138 ) ;
#5896 = EDGE_LOOP ( 'NONE', ( #5237, #4415, #4333, #784 ) ) ;
#5897 = CARTESIAN_POINT ( 'NONE',  ( 12.88333504276538100, -0.2053636409173125200, -7.130000000000000800 ) ) ;
#5899 = CARTESIAN_POINT ( 'NONE',  ( -10.90000000000040000, 12.20000000000000100, 12.40000000000000000 ) ) ;
#5898 = CARTESIAN_POINT ( 'NONE',  ( 12.40000000000000000, 21.69999999999999900, -4.850000000000000500 ) ) ;
#5900 = DIRECTION ( 'NONE',  ( 1.000000000000000000, 0.0000000000000000000, 0.0000000000000000000 ) ) ;
#5901 = DIRECTION ( 'NONE',  ( -1.000000000000000000, 0.0000000000000000000, 0.0000000000000000000 ) ) ;
#5902 = EDGE_LOOP ( 'NONE', ( #1652, #7913, #8065, #5710 ) ) ;
#5903 = EDGE_CURVE ( 'NONE', #8107, #8462, #3754, .T. ) ;
#5905 = CARTESIAN_POINT ( 'NONE',  ( -11.61354585139581600, 7.824433369012192300, -12.41342400751740600 ) ) ;
#5904 = CARTESIAN_POINT ( 'NONE',  ( 4.950000000000399900, 11.70000000000000100, 12.40000000000000000 ) ) ;
#5906 = FACE_OUTER_BOUND ( 'NONE', #5916, .T. ) ;
#5907 = SHAPE_DEFINITION_REPRESENTATION ( #6146, #4947 ) ;
#5908 = ORIENTED_EDGE ( 'NONE', *, *, #3068, .T. ) ;
#5909 = ORIENTED_EDGE ( 'NONE', *, *, #4515, .F. ) ;
#5910 = ORIENTED_EDGE ( 'NONE', *, *, #5558, .F. ) ;
#5911 = VECTOR ( 'NONE', #7335, 1000.000000000000000 ) ;
#5912 = LINE ( 'NONE', #4242, #7379 ) ;
#5913 = ORIENTED_EDGE ( 'NONE', *, *, #4694, .T. ) ;
#5914 = EDGE_CURVE ( 'NONE', #8087, #5410, #7109, .T. ) ;
#5915 = DIRECTION ( 'NONE',  ( -1.000000000000000000, 0.0000000000000000000, 0.0000000000000000000 ) ) ;
#5916 = EDGE_LOOP ( 'NONE', ( #4939, #5017, #2705, #915 ) ) ;
#5917 = DIRECTION ( 'NONE',  ( 1.000000000000000000, 0.0000000000000000000, 0.0000000000000000000 ) ) ;
#5918 = DIRECTION ( 'NONE',  ( 0.0000000000000000000, 0.0000000000000000000, 1.000000000000000000 ) ) ;
#5919 = COLOUR_RGB ( '',0.7490196078431372600, 0.7490196078431372600, 0.7490196078431372600 ) ;
#5920 = CARTESIAN_POINT ( 'NONE',  ( 10.16000000000000000, -0.6999999999999999600, -2.540000000000000000 ) ) ;
#5921 = AXIS2_PLACEMENT_3D ( 'NONE', #174, #116, #764 ) ;
#5922 = ADVANCED_FACE ( 'NONE', ( #4895 ), #2832, .F. ) ;
#5923 = MECHANICAL_DESIGN_GEOMETRIC_PRESENTATION_REPRESENTATION (  '', ( #4564 ), #3392 ) ;
#5924 = ORIENTED_EDGE ( 'NONE', *, *, #4649, .F. ) ;
#5925 = ORIENTED_EDGE ( 'NONE', *, *, #5361, .F. ) ;
#5926 = ORIENTED_EDGE ( 'NONE', *, *, #3158, .F. ) ;
#5927 = CARTESIAN_POINT ( 'NONE',  ( 12.25013752952505900, -0.8898851874046199700, -7.130000000000000800 ) ) ;
#5929 = CARTESIAN_POINT ( 'NONE',  ( 12.40000000000000000, 11.70000000000000100, -7.849999999999999600 ) ) ;
#5928 = DIRECTION ( 'NONE',  ( 0.0000000000000000000, 0.0000000000000000000, -1.000000000000000000 ) ) ;
#5930 = DIRECTION ( 'NONE',  ( 0.0000000000000000000, 0.0000000000000000000, 1.000000000000000000 ) ) ;
#5931 = DIRECTION ( 'NONE',  ( 0.0000000000000000000, 0.0000000000000000000, 1.000000000000000000 ) ) ;
#5932 = EDGE_CURVE ( 'NONE', #6026, #5588, #1044, .T. ) ;
#5934 = CARTESIAN_POINT ( 'NONE',  ( -12.41318044962148700, 7.838386791524181200, -12.41318044962148700 ) ) ;
#5933 = DIRECTION ( 'NONE',  ( -1.000000000000000000, 0.0000000000000000000, 0.0000000000000000000 ) ) ;
#5935 = CYLINDRICAL_SURFACE ( 'NONE', #7420, 0.5000000000000004400 ) ;
#5936 = AXIS2_PLACEMENT_3D ( 'NONE', #3089, #1114, #7668 ) ;
#5937 = ORIENTED_EDGE ( 'NONE', *, *, #4346, .F. ) ;
#5938 = VECTOR ( 'NONE', #8625, 1000.000000000000000 ) ;
#5939 = DIRECTION ( 'NONE',  ( 0.0000000000000000000, 0.0000000000000000000, -1.000000000000000000 ) ) ;
#5940 = SURFACE_STYLE_FILL_AREA ( #3566 ) ;
#5941 = VERTEX_POINT ( 'NONE', #682 ) ;
#5942 = CARTESIAN_POINT ( 'NONE',  ( -12.24959361958396000, -0.4300000000001086800, -5.129999999999999900 ) ) ;
#5943 = ORIENTED_EDGE ( 'NONE', *, *, #823, .T. ) ;
#5944 = EDGE_CURVE ( 'NONE', #4258, #5831, #3026, .T. ) ;
#5945 = ORIENTED_EDGE ( 'NONE', *, *, #909, .F. ) ;
#5946 = PRESENTATION_LAYER_ASSIGNMENT (  '', '', ( #6235 ) ) ;
#5947 = STYLED_ITEM ( 'NONE', ( #754 ), #688 ) ;
#5948 = PRESENTATION_STYLE_ASSIGNMENT (( #1789 ) ) ;
#5949 = LINE ( 'NONE', #487, #2308 ) ;
#5950 = CARTESIAN_POINT ( 'NONE',  ( 0.9974411843539802100, 12.19744118435426100, 7.849999999999999600 ) ) ;
#5951 = DIRECTION ( 'NONE',  ( 1.000000000000000000, 0.0000000000000000000, 0.0000000000000000000 ) ) ;
#5952 = CARTESIAN_POINT ( 'NONE',  ( 6.949999999999999300, 11.70000000000000100, 7.849999999999999600 ) ) ;
#5953 = SURFACE_STYLE_FILL_AREA ( #3311 ) ;
#5955 =( LENGTH_UNIT ( ) NAMED_UNIT ( * ) SI_UNIT ( .MILLI., .METRE. ) );
#5954 = PLANE ( 'NONE',  #2474 ) ;
#5957 = ORIENTED_EDGE ( 'NONE', *, *, #2932, .F. ) ;
#5956 = CARTESIAN_POINT ( 'NONE',  ( 12.55024355789592000, -0.01395342251198862000, -11.75036540177432100 ) ) ;
#5958 = DIRECTION ( 'NONE',  ( 1.000000000000000000, 0.0000000000000000000, 0.0000000000000000000 ) ) ;
#5959 = EDGE_LOOP ( 'NONE', ( #5349, #926, #2207, #1997 ) ) ;
#5960 = DIRECTION ( 'NONE',  ( -1.000000000000000000, 1.097926250618119900E-016, 0.0000000000000000000 ) ) ;
#5961 = VERTEX_POINT ( 'NONE', #2681 ) ;
#5962 = EDGE_LOOP ( 'NONE', ( #4533, #2786, #8668, #1918 ) ) ;
#5963 = FACE_OUTER_BOUND ( 'NONE', #2660, .T. ) ;
#5964 = EDGE_CURVE ( 'NONE', #5768, #1021, #40, .T. ) ;
#5965 = VECTOR ( 'NONE', #6630, 1000.000000000000000 ) ;
#5966 = DIRECTION ( 'NONE',  ( -0.0000000000000000000, -0.0000000000000000000, -1.000000000000000000 ) ) ;
#5967 = EDGE_LOOP ( 'NONE', ( #1501, #2063, #7271, #7012 ) ) ;
#5969 = DIRECTION ( 'NONE',  ( 1.000000000000000000, 0.0000000000000000000, 0.0000000000000000000 ) ) ;
#5968 = CARTESIAN_POINT ( 'NONE',  ( 11.01363723429845900, 9.199999999999999300, -7.611798831167259300E-016 ) ) ;
#5970 = DIRECTION ( 'NONE',  ( 0.0000000000000000000, 0.0000000000000000000, -1.000000000000000000 ) ) ;
#5971 = CARTESIAN_POINT ( 'NONE',  ( 11.01363723429845900, 9.199999999999999300, 11.01363723429845900 ) ) ;
#5972 = FACE_OUTER_BOUND ( 'NONE', #5219, .T. ) ;
#5973 = ORIENTED_EDGE ( 'NONE', *, *, #7111, .F. ) ;
#5974 = PLANE ( 'NONE',  #2712 ) ;
#5975 = EDGE_LOOP ( 'NONE', ( #4985, #8560, #5957, #266, #1776, #5803, #4161, #1109, #6022, #6407, #5112, #7678, #6961, #7286, #8135, #464 ) ) ;
#5976 = CIRCLE ( 'NONE', #3792, 0.5000000000000004400 ) ;
#5977 = AXIS2_PLACEMENT_3D ( 'NONE', #7323, #6011, #3347 ) ;
#5978 = DIRECTION ( 'NONE',  ( 0.0000000000000000000, 0.0000000000000000000, 1.000000000000000000 ) ) ;
#5979 = DIRECTION ( 'NONE',  ( 0.0000000000000000000, 0.0000000000000000000, -1.000000000000000000 ) ) ;
#5980 = VERTEX_POINT ( 'NONE', #7989 ) ;
#5981 = EDGE_CURVE ( 'NONE', #4516, #2934, #3339, .T. ) ;
#5982 = EDGE_LOOP ( 'NONE', ( #8010, #1778, #6158, #4949, #8331, #481, #4645 ) ) ;
#5983 = VECTOR ( 'NONE', #8046, 1000.000000000000000 ) ;
#5984 = CARTESIAN_POINT ( 'NONE',  ( 10.16000000000000000, -6.000000000000000000, 10.16000000000000000 ) ) ;
#5985 = VERTEX_POINT ( 'NONE', #3375 ) ;
#5986 = CARTESIAN_POINT ( 'NONE',  ( -12.40000000000000000, 21.69999999999999900, 7.849999999999999600 ) ) ;
#5987 = CARTESIAN_POINT ( 'NONE',  ( 11.59959361958396000, 0.06999999999989130200, -7.400000000000000400 ) ) ;
#5988 = EDGE_CURVE ( 'NONE', #4648, #1850, #2211, .T. ) ;
#5989 = DIRECTION ( 'NONE',  ( 0.0000000000000000000, 0.0000000000000000000, 1.000000000000000000 ) ) ;
#5990 = DIRECTION ( 'NONE',  ( 0.0000000000000000000, 0.0000000000000000000, 1.000000000000000000 ) ) ;
#5991 = CARTESIAN_POINT ( 'NONE',  ( 3.000000000000000000, 11.70000000000000100, 7.400000000000000400 ) ) ;
#5992 = VECTOR ( 'NONE', #1313, 1000.000000000000000 ) ;
#5993 = EDGE_LOOP ( 'NONE', ( #7490, #3131, #5172, #113 ) ) ;
#5994 = CARTESIAN_POINT ( 'NONE',  ( 10.16000000000000000, -6.299999999999999800, -2.040000000000000000 ) ) ;
#5995 =( GEOMETRIC_REPRESENTATION_CONTEXT ( 3 ) GLOBAL_UNCERTAINTY_ASSIGNED_CONTEXT ( ( #6006 ) ) GLOBAL_UNIT_ASSIGNED_CONTEXT ( ( #7455, #3433, #4094 ) ) REPRESENTATION_CONTEXT ( 'NONE', 'WORKASPACE' ) );
#5996 = CARTESIAN_POINT ( 'NONE',  ( 12.55000000000000100, 0.0000000000000000000, -12.55000000000000100 ) ) ;
#5997 = LINE ( 'NONE', #4188, #6102 ) ;
#5999 = DIRECTION ( 'NONE',  ( -4.372213365170680100E-016, 1.000000000000000000, 0.0000000000000000000 ) ) ;
#5998 = DIRECTION ( 'NONE',  ( 0.0000000000000000000, 1.000000000000000000, 0.0000000000000000000 ) ) ;
#6000 = CARTESIAN_POINT ( 'NONE',  ( 12.49959361958396000, 11.96502041546510100, 7.400000000000000400 ) ) ;
#6001 = DIRECTION ( 'NONE',  ( -0.0000000000000000000, -0.0000000000000000000, -1.000000000000000000 ) ) ;
#6002 = EDGE_CURVE ( 'NONE', #8437, #3317, #7315, .T. ) ;
#6003 = FACE_OUTER_BOUND ( 'NONE', #4025, .T. ) ;
#6004 = DIRECTION ( 'NONE',  ( 1.000000000000000000, 0.0000000000000000000, 0.0000000000000000000 ) ) ;
#6005 = COLOUR_RGB ( '',0.7490196078431372600, 0.7490196078431372600, 0.7490196078431372600 ) ;
#6006 = UNCERTAINTY_MEASURE_WITH_UNIT (LENGTH_MEASURE( 1.000000000000000100E-005 ), #7455, 'distance_accuracy_value', 'NONE');
#6007 = DIRECTION ( 'NONE',  ( 1.000000000000000000, 0.0000000000000000000, 0.0000000000000000000 ) ) ;
#6008 = ORIENTED_EDGE ( 'NONE', *, *, #5870, .F. ) ;
#6009 = ORIENTED_EDGE ( 'NONE', *, *, #6984, .F. ) ;
#6010 = FACE_OUTER_BOUND ( 'NONE', #2525, .T. ) ;
#6011 = DIRECTION ( 'NONE',  ( 0.0000000000000000000, 0.0000000000000000000, 1.000000000000000000 ) ) ;
#6012 = EDGE_CURVE ( 'NONE', #2560, #3044, #4686, .T. ) ;
#6013 = DIRECTION ( 'NONE',  ( 0.0000000000000000000, 1.000000000000000000, 0.0000000000000000000 ) ) ;
#6014 = DIRECTION ( 'NONE',  ( 0.0000000000000000000, 0.0000000000000000000, 1.000000000000000000 ) ) ;
#6015 = EDGE_LOOP ( 'NONE', ( #1268, #1245, #5806, #1417 ) ) ;
#6016 = CARTESIAN_POINT ( 'NONE',  ( -12.55024355789589800, -0.01395342251198862000, 11.75036540177432100 ) ) ;
#6017 = ORIENTED_EDGE ( 'NONE', *, *, #5221, .T. ) ;
#6018 = AXIS2_PLACEMENT_3D ( 'NONE', #320, #1817, #6055 ) ;
#6019 = CARTESIAN_POINT ( 'NONE',  ( 12.49959361958396000, 0.07009548768149509400, -7.400000000000000400 ) ) ;
#6020 = CARTESIAN_POINT ( 'NONE',  ( -12.69999999999999900, -0.6999999999999999600, 4.500000000000000000 ) ) ;
#6021 = LINE ( 'NONE', #4469, #2465 ) ;
#6022 = ORIENTED_EDGE ( 'NONE', *, *, #609, .F. ) ;
#6024 = DIRECTION ( 'NONE',  ( 0.0000000000000000000, 0.0000000000000000000, 1.000000000000000000 ) ) ;
#6023 =( NAMED_UNIT ( * ) PLANE_ANGLE_UNIT ( ) SI_UNIT ( $, .RADIAN. ) );
#6025 = CARTESIAN_POINT ( 'NONE',  ( 0.9974411843539829900, 11.70000000000000100, 12.40000000000000000 ) ) ;
#6026 = VERTEX_POINT ( 'NONE', #2652 ) ;
#6027 = ORIENTED_EDGE ( 'NONE', *, *, #1008, .T. ) ;
#6028 = EDGE_CURVE ( 'NONE', #1683, #5315, #613, .T. ) ;
#6030 = CARTESIAN_POINT ( 'NONE',  ( -11.94403686658058400, 8.887833471170653300, -11.94403686658051100 ) ) ;
#6029 = DIRECTION ( 'NONE',  ( 1.000000000000000000, 0.0000000000000000000, 0.0000000000000000000 ) ) ;
#6031 = ADVANCED_FACE ( 'NONE', ( #6274 ), #587, .F. ) ;
#6032 = ORIENTED_EDGE ( 'NONE', *, *, #2349, .F. ) ;
#6033 = VERTEX_POINT ( 'NONE', #5386 ) ;
#6034 = LINE ( 'NONE', #7127, #892 ) ;
#6035 = CIRCLE ( 'NONE', #2440, 0.5000000000000004400 ) ;
#6036 = SURFACE_SIDE_STYLE ('',( #7318 ) ) ;
#6037 = ORIENTED_EDGE ( 'NONE', *, *, #6771, .F. ) ;
#6038 = PRESENTATION_LAYER_ASSIGNMENT (  '', '', ( #5577 ) ) ;
#6039 = AXIS2_PLACEMENT_3D ( 'NONE', #192, #2860, #6922 ) ;
#6040 = DIRECTION ( 'NONE',  ( 9.109505398131430300E-018, -1.000000000000000000, 0.0000000000000000000 ) ) ;
#6041 = ORIENTED_EDGE ( 'NONE', *, *, #97, .F. ) ;
#6042 = CARTESIAN_POINT ( 'NONE',  ( 11.53077889234442700, 8.515662474953456900, -12.22030110306535500 ) ) ;
#6043 = VECTOR ( 'NONE', #3483, 1000.000000000000000 ) ;
#6044 = VECTOR ( 'NONE', #1569, 1000.000000000000000 ) ;
#6045 = EDGE_CURVE ( 'NONE', #8510, #1539, #6904, .T. ) ;
#6046 = FILL_AREA_STYLE ('',( #2106 ) ) ;
#6047 = DIRECTION ( 'NONE',  ( -6.546126324440770800E-016, 0.0000000000000000000, -1.000000000000000000 ) ) ;
#6049 =( NAMED_UNIT ( * ) SI_UNIT ( $, .STERADIAN. ) SOLID_ANGLE_UNIT ( ) );
#6048 = DIRECTION ( 'NONE',  ( -1.000000000000000000, 0.0000000000000000000, 2.797941090285175100E-016 ) ) ;
#6050 = CARTESIAN_POINT ( 'NONE',  ( -6.450000000000000200, 12.20000000000000100, 7.849999999999999600 ) ) ;
#6051 = VERTEX_POINT ( 'NONE', #7265 ) ;
#6052 = CARTESIAN_POINT ( 'NONE',  ( 11.59209544063360800, 8.182653497362451800, -12.36337304907254300 ) ) ;
#6053 = VECTOR ( 'NONE', #3299, 1000.000000000000000 ) ;
#6054 = ADVANCED_FACE ( 'NONE', ( #4372 ), #6701, .T. ) ;
#6055 = DIRECTION ( 'NONE',  ( 3.388131789017129900E-016, -1.000000000000000000, 0.0000000000000000000 ) ) ;
#6056 = COLOUR_RGB ( '',0.7490196078431372600, 0.7490196078431372600, 0.7490196078431372600 ) ;
#6057 = CARTESIAN_POINT ( 'NONE',  ( -6.949999999999999300, 12.20000000000000100, 4.850000000000000500 ) ) ;
#6058 = ORIENTED_EDGE ( 'NONE', *, *, #1087, .T. ) ;
#6059 = DIRECTION ( 'NONE',  ( -0.0000000000000000000, -1.000000000000000000, -0.0000000000000000000 ) ) ;
#6060 = VERTEX_POINT ( 'NONE', #3427 ) ;
#6061 = DIRECTION ( 'NONE',  ( 1.000000000000000000, 0.0000000000000000000, -2.797941090285175100E-016 ) ) ;
#6062 = VECTOR ( 'NONE', #3064, 1000.000000000000000 ) ;
#6063 = EDGE_CURVE ( 'NONE', #8127, #762, #7740, .T. ) ;
#6064 = LINE ( 'NONE', #8161, #2299 ) ;
#6065 = VERTEX_POINT ( 'NONE', #6773 ) ;
#6066 = AXIS2_PLACEMENT_3D ( 'NONE', #3055, #3634, #5058 ) ;
#6067 = ORIENTED_EDGE ( 'NONE', *, *, #6521, .F. ) ;
#6068 = CARTESIAN_POINT ( 'NONE',  ( -10.16000000000000000, -0.6999999999999999600, 0.0000000000000000000 ) ) ;
#6070 = CIRCLE ( 'NONE', #4238, 0.5000000000000004400 ) ;
#6069 = CARTESIAN_POINT ( 'NONE',  ( -10.16000000000000000, -6.299999999999999800, 0.0000000000000000000 ) ) ;
#6071 = EDGE_CURVE ( 'NONE', #5786, #8216, #2417, .T. ) ;
#6072 = EDGE_CURVE ( 'NONE', #1859, #4994, #4263, .T. ) ;
#6073 = VERTEX_POINT ( 'NONE', #5417 ) ;
#6074 = ORIENTED_EDGE ( 'NONE', *, *, #7514, .T. ) ;
#6075 = ADVANCED_FACE ( 'NONE', ( #5742, #937, #6601, #4159, #724, #8711, #3126, #4997 ), #2350, .F. ) ;
#6076 = LINE ( 'NONE', #1295, #7974 ) ;
#6077 = PLANE ( 'NONE',  #5689 ) ;
#6078 = CARTESIAN_POINT ( 'NONE',  ( 0.0000000000000000000, 16.82000000000000000, -12.40000000000000000 ) ) ;
#6079 = FACE_OUTER_BOUND ( 'NONE', #3269, .T. ) ;
#6080 = STYLED_ITEM ( 'NONE', ( #3416 ), #7468 ) ;
#6081 = LINE ( 'NONE', #7025, #4489 ) ;
#6082 = EDGE_CURVE ( 'NONE', #3052, #1217, #409, .T. ) ;
#6083 = EDGE_LOOP ( 'NONE', ( #2096, #1489, #6646, #4537 ) ) ;
#6084 = ORIENTED_EDGE ( 'NONE', *, *, #609, .T. ) ;
#6085 = DIRECTION ( 'NONE',  ( 1.000000000000000000, 0.0000000000000000000, -6.994852725712929000E-017 ) ) ;
#6087 = CARTESIAN_POINT ( 'NONE',  ( 11.19489180893477900, 9.199999999999999300, 11.09131776628599800 ) ) ;
#6086 = CARTESIAN_POINT ( 'NONE',  ( -6.450000000000000200, 12.20000000000000100, 12.40000000000000000 ) ) ;
#6088 = CARTESIAN_POINT ( 'NONE',  ( -11.90000000000040200, 16.82000000000000000, -7.849999999999999600 ) ) ;
#6089 = DIRECTION ( 'NONE',  ( 0.0000000000000000000, 0.0000000000000000000, 1.000000000000000000 ) ) ;
#6090 = CARTESIAN_POINT ( 'NONE',  ( -11.48692749596010500, 8.665236917774644000, -12.11798117816913800 ) ) ;
#6091 = COLOUR_RGB ( '',0.6470588235294118000, 0.6196078431372549200, 0.5843137254901961100 ) ;
#6092 = ORIENTED_EDGE ( 'NONE', *, *, #5083, .F. ) ;
#6093 = ORIENTED_EDGE ( 'NONE', *, *, #3713, .F. ) ;
#6094 = CARTESIAN_POINT ( 'NONE',  ( -11.48692749596008500, 8.665236917774644000, 12.11798117816913800 ) ) ;
#6095 = EDGE_CURVE ( 'NONE', #2143, #5410, #6070, .T. ) ;
#6096 = VECTOR ( 'NONE', #5034, 1000.000000000000000 ) ;
#6097 = LINE ( 'NONE', #5875, #8099 ) ;
#6098 = DIRECTION ( 'NONE',  ( 0.0000000000000000000, -1.000000000000000000, 0.0000000000000000000 ) ) ;
#6099 = DIRECTION ( 'NONE',  ( 0.0000000000000000000, 0.0000000000000000000, 1.000000000000000000 ) ) ;
#6100 = DIRECTION ( 'NONE',  ( 1.000000000000000000, 0.0000000000000000000, 0.0000000000000000000 ) ) ;
#6101 = LINE ( 'NONE', #333, #1932 ) ;
#6102 = VECTOR ( 'NONE', #7601, 1000.000000000000000 ) ;
#6103 = EDGE_CURVE ( 'NONE', #4549, #8134, #201, .T. ) ;
#6104 = CARTESIAN_POINT ( 'NONE',  ( -10.90000000000040000, 12.20000000000000100, -7.849999999999999600 ) ) ;
#6105 = DIRECTION ( 'NONE',  ( 0.0000000000000000000, 0.0000000000000000000, 1.000000000000000000 ) ) ;
#6106 = UNCERTAINTY_MEASURE_WITH_UNIT (LENGTH_MEASURE( 1.000000000000000100E-005 ), #5955, 'distance_accuracy_value', 'NONE');
#6107 = DIRECTION ( 'NONE',  ( 0.0000000000000000000, 0.0000000000000000000, 1.000000000000000000 ) ) ;
#6108 = AXIS2_PLACEMENT_3D ( 'NONE', #1441, #1349, #1504 ) ;
#6109 = DIRECTION ( 'NONE',  ( 0.0000000000000000000, 0.0000000000000000000, -1.000000000000000000 ) ) ;
#6110 =( NAMED_UNIT ( * ) PLANE_ANGLE_UNIT ( ) SI_UNIT ( $, .RADIAN. ) );
#6111 = ORIENTED_EDGE ( 'NONE', *, *, #8431, .T. ) ;
#6113 = CARTESIAN_POINT ( 'NONE',  ( 12.69999999999999900, -0.6999999999999999600, -12.69999999999999900 ) ) ;
#6112 = DIRECTION ( 'NONE',  ( 0.0000000000000000000, 0.0000000000000000000, 1.000000000000000000 ) ) ;
#6114 = ADVANCED_FACE ( 'NONE', ( #7532 ), #8398, .F. ) ;
#6115 = FACE_OUTER_BOUND ( 'NONE', #5051, .T. ) ;
#6116 = UNCERTAINTY_MEASURE_WITH_UNIT (LENGTH_MEASURE( 1.000000000000000100E-005 ), #1364, 'distance_accuracy_value', 'NONE');
#6117 = ORIENTED_EDGE ( 'NONE', *, *, #5932, .F. ) ;
#6118 = ORIENTED_EDGE ( 'NONE', *, *, #7406, .T. ) ;
#6119 = EDGE_CURVE ( 'NONE', #5046, #679, #8278, .T. ) ;
#6120 = CARTESIAN_POINT ( 'NONE',  ( -12.14317860656273000, 8.677184872610901300, 12.14317860656268500 ) ) ;
#6121 = ORIENTED_EDGE ( 'NONE', *, *, #6095, .T. ) ;
#6122 = CARTESIAN_POINT ( 'NONE',  ( -12.88333504276538100, -0.2053636409173125200, -5.129999999999999900 ) ) ;
#6123 = FACE_OUTER_BOUND ( 'NONE', #6318, .T. ) ;
#6124 = CARTESIAN_POINT ( 'NONE',  ( 12.14317860656268500, 8.677184872611002600, -12.14317860656268500 ) ) ;
#6125 = PRESENTATION_LAYER_ASSIGNMENT (  '', '', ( #905 ) ) ;
#6126 = ORIENTED_EDGE ( 'NONE', *, *, #3705, .F. ) ;
#6127 = ORIENTED_EDGE ( 'NONE', *, *, #6072, .F. ) ;
#6128 = DIRECTION ( 'NONE',  ( -1.000000000000000000, 0.0000000000000000000, 0.0000000000000000000 ) ) ;
#6129 = ORIENTED_EDGE ( 'NONE', *, *, #5246, .F. ) ;
#6130 = EDGE_CURVE ( 'NONE', #7171, #2499, #1484, .T. ) ;
#6131 = PLANE ( 'NONE',  #8296 ) ;
#6132 = VECTOR ( 'NONE', #3858, 1000.000000000000000 ) ;
#6133 = EDGE_LOOP ( 'NONE', ( #6543, #4401 ) ) ;
#6134 = CARTESIAN_POINT ( 'NONE',  ( 4.950000000000399900, 11.70000000000000100, -12.40000000000000000 ) ) ;
#6135 = ORIENTED_EDGE ( 'NONE', *, *, #4872, .F. ) ;
#6136 = AXIS2_PLACEMENT_3D ( 'NONE', #6656, #678, #5951 ) ;
#6137 = VECTOR ( 'NONE', #4150, 1000.000000000000000 ) ;
#6138 = CARTESIAN_POINT ( 'NONE',  ( 11.86011120661946100, -0.7120816677289799600, -5.129999999999999900 ) ) ;
#6139 = CARTESIAN_POINT ( 'NONE',  ( 12.69999999999999900, -0.6999999999999999600, 12.69999999999999900 ) ) ;
#6140 = DIRECTION ( 'NONE',  ( 0.0000000000000000000, 0.0000000000000000000, 1.000000000000000000 ) ) ;
#6142 = CARTESIAN_POINT ( 'NONE',  ( 11.69959361958395900, 11.96502041546134100, -4.859999999999999400 ) ) ;
#6141 = FILL_AREA_STYLE_COLOUR ( '', #2520 ) ;
#6143 = CIRCLE ( 'NONE', #5895, 1.499999999999999600 ) ;
#6144 = ORIENTED_EDGE ( 'NONE', *, *, #5413, .F. ) ;
#6145 = CARTESIAN_POINT ( 'NONE',  ( -12.55000000000000100, 0.0000000000000000000, 12.55000000000000100 ) ) ;
#6146 = PRODUCT_DEFINITION_SHAPE ( 'NONE', 'NONE',  #4765 ) ;
#6147 = AXIS2_PLACEMENT_3D ( 'NONE', #5035, #1060, #3779 ) ;
#6148 = LINE ( 'NONE', #206, #6044 ) ;
#6149 = DIRECTION ( 'NONE',  ( -1.000000000000000000, 0.0000000000000000000, -3.614007241618350000E-015 ) ) ;
#6150 = ORIENTED_EDGE ( 'NONE', *, *, #6911, .F. ) ;
#6151 = CYLINDRICAL_SURFACE ( 'NONE', #7105, 0.5000000000000004400 ) ;
#6152 = EDGE_CURVE ( 'NONE', #2503, #4176, #1365, .T. ) ;
#6153 = CARTESIAN_POINT ( 'NONE',  ( -11.70054052399948000, 11.96513699471034000, -7.400000000000000400 ) ) ;
#6155 = DIRECTION ( 'NONE',  ( 0.0000000000000000000, 0.0000000000000000000, 1.000000000000000000 ) ) ;
#6154 = DIRECTION ( 'NONE',  ( 2.797941090285175100E-016, -0.0000000000000000000, 1.000000000000000000 ) ) ;
#6156 = ORIENTED_EDGE ( 'NONE', *, *, #4171, .F. ) ;
#6157 = AXIS2_PLACEMENT_3D ( 'NONE', #4804, #4827, #1554 ) ;
#6158 = ORIENTED_EDGE ( 'NONE', *, *, #5757, .F. ) ;
#6159 = ORIENTED_EDGE ( 'NONE', *, *, #3068, .F. ) ;
#6160 = LINE ( 'NONE', #7956, #2193 ) ;
#6161 = FILL_AREA_STYLE_COLOUR ( '', #6005 ) ;
#6162 = VECTOR ( 'NONE', #3294, 1000.000000000000000 ) ;
#6163 = VECTOR ( 'NONE', #4676, 1000.000000000000000 ) ;
#6164 = ORIENTED_EDGE ( 'NONE', *, *, #175, .T. ) ;
#6165 = CARTESIAN_POINT ( 'NONE',  ( 10.90000000000040000, 11.70000000000000100, -7.849999999999999600 ) ) ;
#6166 = ORIENTED_EDGE ( 'NONE', *, *, #1331, .F. ) ;
#6168 = CARTESIAN_POINT ( 'NONE',  ( 11.37878667903484200, 8.925571717563745000, 11.86565260534502600 ) ) ;
#6167 = CARTESIAN_POINT ( 'NONE',  ( 5.950000000000399900, 17.32000000000000000, -12.40000000000000000 ) ) ;
#6169 = CARTESIAN_POINT ( 'NONE',  ( -10.90000000000040000, 11.70000000000000100, -4.850000000000000500 ) ) ;
#6170 = EDGE_CURVE ( 'NONE', #7428, #6247, #2002, .T. ) ;
#6171 = LINE ( 'NONE', #2524, #8601 ) ;
#6172 = ORIENTED_EDGE ( 'NONE', *, *, #7703, .T. ) ;
#6174 = DIRECTION ( 'NONE',  ( -3.388131789017135300E-016, 1.000000000000000000, 0.0000000000000000000 ) ) ;
#6173 = CARTESIAN_POINT ( 'NONE',  ( 10.16000000000000000, -6.299999999999999800, -9.960000000000011500 ) ) ;
#6175 = FACE_OUTER_BOUND ( 'NONE', #1155, .T. ) ;
#6176 = DIRECTION ( 'NONE',  ( 1.000000000000000000, 0.0000000000000000000, -2.098455817713879800E-016 ) ) ;
#6177 = VERTEX_POINT ( 'NONE', #1088 ) ;
#6178 = CARTESIAN_POINT ( 'NONE',  ( -12.07809654921159200, 8.756705158317615200, 12.07809654921165400 ) ) ;
#6179 = LINE ( 'NONE', #1833, #3541 ) ;
#6180 = EDGE_LOOP ( 'NONE', ( #5233, #1790, #4332, #5756 ) ) ;
#6181 = FILL_AREA_STYLE_COLOUR ( '', #805 ) ;
#6182 = ORIENTED_EDGE ( 'NONE', *, *, #8096, .T. ) ;
#6183 = EDGE_CURVE ( 'NONE', #1002, #7958, #6805, .T. ) ;
#6184 = EDGE_CURVE ( 'NONE', #8621, #8086, #1261, .T. ) ;
#6185 = CARTESIAN_POINT ( 'NONE',  ( -10.16000000000000000, -6.299999999999999800, -10.35999999999998900 ) ) ;
#6186 = VERTEX_POINT ( 'NONE', #8449 ) ;
#6187 = EDGE_LOOP ( 'NONE', ( #4778, #2669, #2082, #6431 ) ) ;
#6188 = AXIS2_PLACEMENT_3D ( 'NONE', #2121, #47, #2725 ) ;
#6189 = EDGE_CURVE ( 'NONE', #2300, #7171, #5539, .T. ) ;
#6190 = CARTESIAN_POINT ( 'NONE',  ( 11.90000000000040200, 17.32000000000000000, 4.850000000000000500 ) ) ;
#6191 = CIRCLE ( 'NONE', #6828, 0.2000000000000025100 ) ;
#6192 = ORIENTED_EDGE ( 'NONE', *, *, #6512, .T. ) ;
#6193 = CARTESIAN_POINT ( 'NONE',  ( 12.25013752952505900, -0.8898851874046199700, -5.129999999999999900 ) ) ;
#6194 = DIRECTION ( 'NONE',  ( 0.0000000000000000000, 0.0000000000000000000, 1.000000000000000000 ) ) ;
#6195 = CIRCLE ( 'NONE', #7338, 0.4974411843543769500 ) ;
#6197 = CARTESIAN_POINT ( 'NONE',  ( -12.90054052399948000, 0.07009548768148289600, 7.400000000000000400 ) ) ;
#6196 = CARTESIAN_POINT ( 'NONE',  ( -12.40000000000000000, 21.69999999999999900, 7.849999999999999600 ) ) ;
#6198 = CARTESIAN_POINT ( 'NONE',  ( -12.24959361958396000, -0.4300000000001086800, 5.129999999999999900 ) ) ;
#6199 = CARTESIAN_POINT ( 'NONE',  ( 11.99959362072370100, 0.07002387192029180300, 7.129999999999999900 ) ) ;
#6201 = DIRECTION ( 'NONE',  ( -6.994852725712929000E-017, 0.0000000000000000000, -1.000000000000000000 ) ) ;
#6200 = DIRECTION ( 'NONE',  ( 0.0000000000000000000, -1.000000000000000000, 0.0000000000000000000 ) ) ;
#6202 = ADVANCED_FACE ( 'NONE', ( #4794 ), #7104, .F. ) ;
#6203 = AXIS2_PLACEMENT_3D ( 'NONE', #2428, #421, #2400 ) ;
#6204 = ORIENTED_EDGE ( 'NONE', *, *, #4816, .T. ) ;
#6205 = CARTESIAN_POINT ( 'NONE',  ( -11.90000000000000000, 16.82000000000000000, -4.850000000000000500 ) ) ;
#6206 = FACE_OUTER_BOUND ( 'NONE', #5495, .T. ) ;
#6207 = DIRECTION ( 'NONE',  ( 0.0000000000000000000, 0.0000000000000000000, 1.000000000000000000 ) ) ;
#6208 = DIRECTION ( 'NONE',  ( 0.0000000000000000000, 1.000000000000000000, 0.0000000000000000000 ) ) ;
#6209 = EDGE_CURVE ( 'NONE', #7611, #2154, #8184, .T. ) ;
#6210 = EDGE_LOOP ( 'NONE', ( #4377, #8552 ) ) ;
#6211 = CARTESIAN_POINT ( 'NONE',  ( 11.27563736157507900, 9.184826591062865500, -11.27563736157499000 ) ) ;
#6212 = AXIS2_PLACEMENT_3D ( 'NONE', #2436, #5039, #1710 ) ;
#6213 = EDGE_LOOP ( 'NONE', ( #6762, #8232, #901, #2100 ) ) ;
#6214 =( NAMED_UNIT ( * ) SI_UNIT ( $, .STERADIAN. ) SOLID_ANGLE_UNIT ( ) );
#6215 = ORIENTED_EDGE ( 'NONE', *, *, #8470, .F. ) ;
#6216 =( NAMED_UNIT ( * ) PLANE_ANGLE_UNIT ( ) SI_UNIT ( $, .RADIAN. ) );
#6217 = ORIENTED_EDGE ( 'NONE', *, *, #6072, .T. ) ;
#6218 = EDGE_CURVE ( 'NONE', #2283, #2714, #3740, .T. ) ;
#6219 = ORIENTED_EDGE ( 'NONE', *, *, #3006, .F. ) ;
#6220 = LINE ( 'NONE', #1381, #6853 ) ;
#6221 = CARTESIAN_POINT ( 'NONE',  ( 0.9974411843539802100, 12.19744118435426100, -12.40000000000000000 ) ) ;
#6222 = ADVANCED_FACE ( 'NONE', ( #6175 ), #3896, .T. ) ;
#6223 = EDGE_LOOP ( 'NONE', ( #7418, #3929, #6317, #2769 ) ) ;
#6224 = CARTESIAN_POINT ( 'NONE',  ( 10.90000000000040000, 12.20000000000000100, 7.849999999999999600 ) ) ;
#6225 = PLANE ( 'NONE',  #6820 ) ;
#6226 = CARTESIAN_POINT ( 'NONE',  ( 12.10312483381792400, -0.4300000000001086800, 7.129999999999999900 ) ) ;
#6228 = DIRECTION ( 'NONE',  ( 0.0000000000000000000, 0.0000000000000000000, 1.000000000000000000 ) ) ;
#6227 = DIRECTION ( 'NONE',  ( 1.000000000000000000, 0.0000000000000000000, 0.0000000000000000000 ) ) ;
#6229 = B_SPLINE_CURVE_WITH_KNOTS ( 'NONE', 3,
 ( #4754, #5441, #6122, #742, #639, #2043, #702, #3418, #6715, #670, #3338 ),
 .UNSPECIFIED., .F., .F.,
 ( 4, 1, 1, 1, 1, 1, 1, 1, 4 ),
 ( -1.570796326794899900, -1.178097245096176000, -0.7853981633974509400, -0.3926990816987265800, -1.554312234475219200E-015, 0.3926990816987230300, 0.7853981633974467200, 1.178097245096171800, 1.570796326794895000 ),
 .UNSPECIFIED. ) ;
#6230 = ORIENTED_EDGE ( 'NONE', *, *, #5375, .T. ) ;
#6231 = VECTOR ( 'NONE', #8321, 1000.000000000000000 ) ;
#6232 = EDGE_CURVE ( 'NONE', #3937, #5101, #4589, .T. ) ;
#6233 = EDGE_CURVE ( 'NONE', #6770, #257, #5636, .T. ) ;
#6234 = CARTESIAN_POINT ( 'NONE',  ( 12.90054722849359900, 0.07009548768149509400, 4.859999999999999400 ) ) ;
#6235 = STYLED_ITEM ( 'NONE', ( #1960 ), #1427 ) ;
#6236 = VECTOR ( 'NONE', #3687, 1000.000000000000000 ) ;
#6237 = VERTEX_POINT ( 'NONE', #8505 ) ;
#6238 = VERTEX_POINT ( 'NONE', #5190 ) ;
#6239 = CARTESIAN_POINT ( 'NONE',  ( -12.21870917212955700, 0.0000000000000000000, 12.55000000000001300 ) ) ;
#6240 = DIRECTION ( 'NONE',  ( 1.000000000000000000, -3.388131789017129900E-016, 0.0000000000000000000 ) ) ;
#6241 = EDGE_LOOP ( 'NONE', ( #139, #1576, #5682, #7205 ) ) ;
#6242 = DIRECTION ( 'NONE',  ( 0.0000000000000000000, 0.0000000000000000000, 1.000000000000000000 ) ) ;
#6243 = EDGE_CURVE ( 'NONE', #8479, #1388, #5949, .T. ) ;
#6244 = VERTEX_POINT ( 'NONE', #3173 ) ;
#6245 = LINE ( 'NONE', #3548, #3507 ) ;
#6246 = COLOUR_RGB ( '',0.7490196078431372600, 0.7490196078431372600, 0.7490196078431372600 ) ;
#6247 = VERTEX_POINT ( 'NONE', #7882 ) ;
#6248 = DIRECTION ( 'NONE',  ( 0.0000000000000000000, 0.0000000000000000000, 1.000000000000000000 ) ) ;
#6249 = ORIENTED_EDGE ( 'NONE', *, *, #6956, .T. ) ;
#6250 = FILL_AREA_STYLE_COLOUR ( '', #5919 ) ;
#6251 = CARTESIAN_POINT ( 'NONE',  ( 10.16000000000000000, -6.000000000000000000, 10.16000000000000000 ) ) ;
#6252 = VECTOR ( 'NONE', #3175, 1000.000000000000000 ) ;
#6253 = EDGE_LOOP ( 'NONE', ( #6907, #4585, #4008, #1042 ) ) ;
#6254 = CARTESIAN_POINT ( 'NONE',  ( -11.60749637330257400, 8.633106893985990700, -12.39930855863326000 ) ) ;
#6255 = LINE ( 'NONE', #55, #2700 ) ;
#6256 = ORIENTED_EDGE ( 'NONE', *, *, #1596, .F. ) ;
#6257 = EDGE_CURVE ( 'NONE', #4445, #7279, #6382, .T. ) ;
#6258 = ORIENTED_EDGE ( 'NONE', *, *, #483, .F. ) ;
#6259 = ORIENTED_EDGE ( 'NONE', *, *, #3523, .F. ) ;
#6260 = VECTOR ( 'NONE', #1765, 1000.000000000000000 ) ;
#6261 = EDGE_LOOP ( 'NONE', ( #7981, #6728, #3485, #5276 ) ) ;
#6262 = PRESENTATION_LAYER_ASSIGNMENT (  '', '', ( #5355 ) ) ;
#6263 = DIRECTION ( 'NONE',  ( 0.0000000000000000000, 0.0000000000000000000, 1.000000000000000000 ) ) ;
#6264 = CARTESIAN_POINT ( 'NONE',  ( -11.40000000000040200, 12.20000000000000100, -12.40000000000000000 ) ) ;
#6265 = CYLINDRICAL_SURFACE ( 'NONE', #2972, 0.5000000000000000000 ) ;
#6266 = ORIENTED_EDGE ( 'NONE', *, *, #2658, .T. ) ;
#6267 = ADVANCED_FACE ( 'NONE', ( #7635 ), #2621, .T. ) ;
#6268 = VERTEX_POINT ( 'NONE', #8623 ) ;
#6269 = FACE_OUTER_BOUND ( 'NONE', #8610, .T. ) ;
#6270 = EDGE_CURVE ( 'NONE', #7907, #5694, #1774, .T. ) ;
#6271 = CARTESIAN_POINT ( 'NONE',  ( 11.99818607707522100, -0.2203094662514446200, -5.130000000000000800 ) ) ;
#6272 = UNCERTAINTY_MEASURE_WITH_UNIT (LENGTH_MEASURE( 1.000000000000000100E-005 ), #643, 'distance_accuracy_value', 'NONE');
#6273 = DIRECTION ( 'NONE',  ( 3.388131789017129900E-016, 1.000000000000000000, -2.369948287948109900E-032 ) ) ;
#6274 = FACE_OUTER_BOUND ( 'NONE', #4991, .T. ) ;
#6275 = PRESENTATION_LAYER_ASSIGNMENT (  '', '', ( #7050 ) ) ;
#6276 = ADVANCED_FACE ( 'NONE', ( #6797 ), #2197, .T. ) ;
#6277 = EDGE_LOOP ( 'NONE', ( #826, #1726, #8691, #5154 ) ) ;
#6278 = FACE_OUTER_BOUND ( 'NONE', #6985, .T. ) ;
#6279 = ORIENTED_EDGE ( 'NONE', *, *, #4641, .T. ) ;
#6280 = CIRCLE ( 'NONE', #2526, 0.5000000000000004400 ) ;
#6281 = CARTESIAN_POINT ( 'NONE',  ( -11.90000000000000000, 16.82000000000000000, -12.40000000000000000 ) ) ;
#6282 = DIRECTION ( 'NONE',  ( -0.0000000000000000000, -0.0000000000000000000, -1.000000000000000000 ) ) ;
#6283 = CARTESIAN_POINT ( 'NONE',  ( 12.41342400751739900, 7.824433369012191400, 11.61354585139582000 ) ) ;
#6284 = EDGE_CURVE ( 'NONE', #1126, #8585, #4989, .T. ) ;
#6285 = DIRECTION ( 'NONE',  ( 0.0000000000000000000, 1.000000000000000000, 0.0000000000000000000 ) ) ;
#6286 = ADVANCED_FACE ( 'NONE', ( #822 ), #5135, .T. ) ;
#6287 = ORIENTED_EDGE ( 'NONE', *, *, #1256, .T. ) ;
#6288 = MECHANICAL_DESIGN_GEOMETRIC_PRESENTATION_REPRESENTATION (  '', ( #7638 ), #1196 ) ;
#6289 = EDGE_CURVE ( 'NONE', #4235, #2916, #1470, .T. ) ;
#6290 = VERTEX_POINT ( 'NONE', #539 ) ;
#6291 =( NAMED_UNIT ( * ) SI_UNIT ( $, .STERADIAN. ) SOLID_ANGLE_UNIT ( ) );
#6292 = CARTESIAN_POINT ( 'NONE',  ( -5.950000000000000200, 17.32000000000000000, 7.849999999999999600 ) ) ;
#6293 = VECTOR ( 'NONE', #6998, 1000.000000000000000 ) ;
#6294 = VERTEX_POINT ( 'NONE', #2058 ) ;
#6295 =( GEOMETRIC_REPRESENTATION_CONTEXT ( 3 ) GLOBAL_UNCERTAINTY_ASSIGNED_CONTEXT ( ( #7706 ) ) GLOBAL_UNIT_ASSIGNED_CONTEXT ( ( #4722, #757, #4743 ) ) REPRESENTATION_CONTEXT ( 'NONE', 'WORKASPACE' ) );
#6296 = VECTOR ( 'NONE', #6024, 1000.000000000000000 ) ;
#6297 = DIRECTION ( 'NONE',  ( 0.0000000000000000000, 0.0000000000000000000, 1.000000000000000000 ) ) ;
#6298 = FACE_OUTER_BOUND ( 'NONE', #6321, .T. ) ;
#6299 = DIRECTION ( 'NONE',  ( 3.388131789017129900E-016, -1.000000000000000000, 0.0000000000000000000 ) ) ;
#6301 = DIRECTION ( 'NONE',  ( -1.000000000000000000, 0.0000000000000000000, 0.0000000000000000000 ) ) ;
#6300 = DIRECTION ( 'NONE',  ( -1.000000000000000000, 0.0000000000000000000, 0.0000000000000000000 ) ) ;
#6302 = CARTESIAN_POINT ( 'NONE',  ( -12.24959361958396000, -0.4300000000001086800, 5.129999999999999900 ) ) ;
#6303 = SURFACE_STYLE_USAGE ( .BOTH. , #4943 ) ;
#6304 = VECTOR ( 'NONE', #3964, 1000.000000000000000 ) ;
#6305 = DIRECTION ( 'NONE',  ( 1.000000000000000000, 0.0000000000000000000, 0.0000000000000000000 ) ) ;
#6307 = CARTESIAN_POINT ( 'NONE',  ( -11.99959361958396000, 0.06999999999989130200, -7.400000000000000400 ) ) ;
#6306 = DIRECTION ( 'NONE',  ( 0.0000000000000000000, 0.0000000000000000000, 1.000000000000000000 ) ) ;
#6308 =( GEOMETRIC_REPRESENTATION_CONTEXT ( 3 ) GLOBAL_UNCERTAINTY_ASSIGNED_CONTEXT ( ( #6484 ) ) GLOBAL_UNIT_ASSIGNED_CONTEXT ( ( #1605, #6859, #8195 ) ) REPRESENTATION_CONTEXT ( 'NONE', 'WORKASPACE' ) );
#6309 = AXIS2_PLACEMENT_3D ( 'NONE', #4717, #5457, #2838 ) ;
#6310 = ADVANCED_FACE ( 'NONE', ( #4057 ), #7331, .T. ) ;
#6311 = ORIENTED_EDGE ( 'NONE', *, *, #8532, .T. ) ;
#6312 = VERTEX_POINT ( 'NONE', #6583 ) ;
#6313 = CARTESIAN_POINT ( 'NONE',  ( -6.450000000000000200, 12.20000000000000100, -12.40000000000000000 ) ) ;
#6314 = LINE ( 'NONE', #3028, #4518 ) ;
#6315 = EDGE_CURVE ( 'NONE', #3937, #729, #2408, .T. ) ;
#6316 =( LENGTH_UNIT ( ) NAMED_UNIT ( * ) SI_UNIT ( .MILLI., .METRE. ) );
#6317 = ORIENTED_EDGE ( 'NONE', *, *, #7189, .T. ) ;
#6318 = EDGE_LOOP ( 'NONE', ( #7559, #4113, #4455, #7293, #6356, #1439, #7214, #8602, #1454, #7041, #667, #3137, #4229, #1237, #1658, #7930, #2485, #6533, #3826, #7946, #1999, #4103, #1988, #793, #6954, #1573, #3702, #3202, #1359, #6593, #6325, #503, #2180, #4531, #1799 ) ) ;
#6319 =( GEOMETRIC_REPRESENTATION_CONTEXT ( 3 ) GLOBAL_UNCERTAINTY_ASSIGNED_CONTEXT ( ( #152 ) ) GLOBAL_UNIT_ASSIGNED_CONTEXT ( ( #7130, #7154, #8440 ) ) REPRESENTATION_CONTEXT ( 'NONE', 'WORKASPACE' ) );
#6320 = ADVANCED_FACE ( 'NONE', ( #5527 ), #3355, .T. ) ;
#6321 = EDGE_LOOP ( 'NONE', ( #6563, #5339, #2192, #8687 ) ) ;
#6322 = CIRCLE ( 'NONE', #4667, 0.5000000000000000000 ) ;
#6323 = ORIENTED_EDGE ( 'NONE', *, *, #6833, .F. ) ;
#6324 = EDGE_CURVE ( 'NONE', #1406, #4096, #6366, .T. ) ;
#6325 = ORIENTED_EDGE ( 'NONE', *, *, #347, .T. ) ;
#6326 = ORIENTED_EDGE ( 'NONE', *, *, #4952, .T. ) ;
#6327 = LINE ( 'NONE', #6973, #7698 ) ;
#6328 = MECHANICAL_DESIGN_GEOMETRIC_PRESENTATION_REPRESENTATION (  '', ( #1867 ), #745 ) ;
#6329 = DIRECTION ( 'NONE',  ( 1.000000000000000000, 0.0000000000000000000, 0.0000000000000000000 ) ) ;
#6330 = CARTESIAN_POINT ( 'NONE',  ( 6.450000000000000200, 12.20000000000000100, -12.40000000000000000 ) ) ;
#6332 = CARTESIAN_POINT ( 'NONE',  ( -11.90000000000000000, 16.82000000000000000, 12.40000000000000000 ) ) ;
#6331 = DIRECTION ( 'NONE',  ( -0.01744974916067939400, -0.9996954598818875700, -0.01744974916067939400 ) ) ;
#6333 = COLOUR_RGB ( '',0.7490196078431372600, 0.7490196078431372600, 0.7490196078431372600 ) ;
#6334 = VERTEX_POINT ( 'NONE', #17 ) ;
#6335 = ORIENTED_EDGE ( 'NONE', *, *, #5042, .F. ) ;
#6336 = EDGE_LOOP ( 'NONE', ( #4744, #2873, #4031, #4950 ) ) ;
#6337 = EDGE_CURVE ( 'NONE', #3683, #6842, #188, .T. ) ;
#6338 = CARTESIAN_POINT ( 'NONE',  ( 5.450000000000399900, 16.82000000000000000, -12.40000000000000000 ) ) ;
#6339 = LINE ( 'NONE', #6025, #3710 ) ;
#6340 = CARTESIAN_POINT ( 'NONE',  ( 11.60183876112578000, 12.75902544545034100, 4.859999999999999400 ) ) ;
#6341 = ORIENTED_EDGE ( 'NONE', *, *, #855, .T. ) ;
#6342 = CARTESIAN_POINT ( 'NONE',  ( 11.40000000000040200, 12.20000000000000100, -12.40000000000000000 ) ) ;
#6343 = ORIENTED_EDGE ( 'NONE', *, *, #6103, .T. ) ;
#6344 = AXIS2_PLACEMENT_3D ( 'NONE', #2888, #865, #4889 ) ;
#6345 = EDGE_CURVE ( 'NONE', #6247, #7156, #5844, .T. ) ;
#6346 = VECTOR ( 'NONE', #1117, 1000.000000000000000 ) ;
#6347 = CARTESIAN_POINT ( 'NONE',  ( 12.24959361958396000, -0.4300000000001086800, -5.129999999999999900 ) ) ;
#6348 = ORIENTED_EDGE ( 'NONE', *, *, #3940, .T. ) ;
#6349 = DIRECTION ( 'NONE',  ( 3.614007241618350000E-015, 0.0000000000000000000, -1.000000000000000000 ) ) ;
#6350 = ADVANCED_FACE ( 'NONE', ( #8697 ), #3323, .T. ) ;
#6351 = ORIENTED_EDGE ( 'NONE', *, *, #3940, .F. ) ;
#6352 = VECTOR ( 'NONE', #4251, 1000.000000000000000 ) ;
#6353 = VERTEX_POINT ( 'NONE', #596 ) ;
#6354 = AXIS2_PLACEMENT_3D ( 'NONE', #3688, #358, #5056 ) ;
#6355 = CIRCLE ( 'NONE', #2052, 0.5000000000000004400 ) ;
#6356 = ORIENTED_EDGE ( 'NONE', *, *, #8219, .T. ) ;
#6357 = DIRECTION ( 'NONE',  ( -1.000000000000000000, 0.0000000000000000000, 0.0000000000000000000 ) ) ;
#6358 = CARTESIAN_POINT ( 'NONE',  ( -11.40000000000040200, 12.20000000000000100, -7.849999999999999600 ) ) ;
#6359 = ORIENTED_EDGE ( 'NONE', *, *, #7721, .T. ) ;
#6360 = DIRECTION ( 'NONE',  ( 0.0000000000000000000, 0.0000000000000000000, -1.000000000000000000 ) ) ;
#6361 = DIRECTION ( 'NONE',  ( -1.000000000000000000, -4.372213365170680100E-016, 0.0000000000000000000 ) ) ;
#6362 = DIRECTION ( 'NONE',  ( 0.0000000000000000000, 0.0000000000000000000, 1.000000000000000000 ) ) ;
#6363 = ORIENTED_EDGE ( 'NONE', *, *, #2757, .F. ) ;
#6364 = CARTESIAN_POINT ( 'NONE',  ( -12.90054052399948000, 0.07009548768148289600, -7.400000000000000400 ) ) ;
#6365 = LINE ( 'NONE', #3290, #186 ) ;
#6366 = LINE ( 'NONE', #726, #3642 ) ;
#6367 = EDGE_CURVE ( 'NONE', #8701, #4974, #504, .T. ) ;
#6368 = UNCERTAINTY_MEASURE_WITH_UNIT (LENGTH_MEASURE( 1.000000000000000100E-005 ), #4692, 'distance_accuracy_value', 'NONE');
#6369 = FACE_OUTER_BOUND ( 'NONE', #5370, .T. ) ;
#6370 = CARTESIAN_POINT ( 'NONE',  ( 5.950000000000399900, 16.82000000000000000, -12.40000000000000000 ) ) ;
#6371 = EDGE_LOOP ( 'NONE', ( #3945, #1447, #8567, #5407, #3034, #772 ) ) ;
#6372 = DIRECTION ( 'NONE',  ( 0.0000000000000000000, 0.0000000000000000000, -1.000000000000000000 ) ) ;
#6373 = AXIS2_PLACEMENT_3D ( 'NONE', #3441, #6207, #2734 ) ;
#6374 = VECTOR ( 'NONE', #5229, 1000.000000000000000 ) ;
#6375 = ORIENTED_EDGE ( 'NONE', *, *, #6183, .T. ) ;
#6376 = PRESENTATION_LAYER_ASSIGNMENT (  '', '', ( #4564 ) ) ;
#6377 = CARTESIAN_POINT ( 'NONE',  ( -12.50100116209270400, -0.2203094662514500100, 7.129999999999999900 ) ) ;
#6378 = DIRECTION ( 'NONE',  ( 1.000000000000000000, 0.0000000000000000000, 0.0000000000000000000 ) ) ;
#6379 = VECTOR ( 'NONE', #361, 1000.000000000000000 ) ;
#6380 =( BOUNDED_SURFACE ( )  B_SPLINE_SURFACE ( 3, 1, ( 
 ( #3257, #2564 ),
 ( #1277, #7233 ),
 ( #3227, #7917 ),
 ( #3884, #1963 ) ),
 .UNSPECIFIED., .F., .F., .F. ) 
 B_SPLINE_SURFACE_WITH_KNOTS ( ( 4, 4 ),
 ( 2, 2 ),
 ( 0.0000000000000000000, 1.000000000000000000 ),
 ( 0.0000000000000000000, 1.000000000000000000 ),
 .UNSPECIFIED. ) 
 GEOMETRIC_REPRESENTATION_ITEM ( )  RATIONAL_B_SPLINE_SURFACE ( (
 ( 1.000000000000000000, 1.000000000000000000),
 ( 0.8024656882795149200, 0.8024656882795149200),
 ( 0.8024656882795149200, 0.8024656882795149200),
 ( 1.000000000000000000, 1.000000000000000000) ) ) 
 REPRESENTATION_ITEM ( '' )  SURFACE ( )  );
#6381 = DIRECTION ( 'NONE',  ( 0.0000000000000000000, 0.0000000000000000000, -1.000000000000000000 ) ) ;
#6382 = LINE ( 'NONE', #1262, #3846 ) ;
#6383 = ORIENTED_EDGE ( 'NONE', *, *, #6535, .F. ) ;
#6384 = EDGE_CURVE ( 'NONE', #5980, #3996, #3016, .T. ) ;
#6385 = ORIENTED_EDGE ( 'NONE', *, *, #7069, .F. ) ;
#6386 = DIRECTION ( 'NONE',  ( 1.000000000000000000, 0.0000000000000000000, 0.0000000000000000000 ) ) ;
#6387 = LINE ( 'NONE', #4512, #1899 ) ;
#6388 = EDGE_LOOP ( 'NONE', ( #142, #1541, #5807, #2189 ) ) ;
#6389 = AXIS2_PLACEMENT_3D ( 'NONE', #8052, #2030, #6702 ) ;
#6390 = PLANE ( 'NONE',  #2848 ) ;
#6391 = FACE_OUTER_BOUND ( 'NONE', #6015, .T. ) ;
#6392 = ORIENTED_EDGE ( 'NONE', *, *, #3450, .F. ) ;
#6393 = CARTESIAN_POINT ( 'NONE',  ( 6.949999999999999300, 11.70000000000000100, -12.40000000000000000 ) ) ;
#6394 = DIRECTION ( 'NONE',  ( -3.388131789017129900E-016, -1.000000000000000000, 0.0000000000000000000 ) ) ;
#6395 = VERTEX_POINT ( 'NONE', #6616 ) ;
#6396 = PLANE ( 'NONE',  #1801 ) ;
#6397 = CARTESIAN_POINT ( 'NONE',  ( -4.950000000000391000, 11.70000000000000100, -12.40000000000000000 ) ) ;
#6398 = DIRECTION ( 'NONE',  ( 0.0000000000000000000, 1.000000000000000000, 0.0000000000000000000 ) ) ;
#6399 = EDGE_CURVE ( 'NONE', #6677, #3377, #399, .T. ) ;
#6400 = DIRECTION ( 'NONE',  ( -2.797941090285175100E-016, 0.0000000000000000000, -1.000000000000000000 ) ) ;
#6401 = AXIS2_PLACEMENT_3D ( 'NONE', #2088, #3408, #8112 ) ;
#6403 = DIRECTION ( 'NONE',  ( 1.000000000000000000, 0.0000000000000000000, 0.0000000000000000000 ) ) ;
#6402 = DIRECTION ( 'NONE',  ( 0.0000000000000000000, 0.0000000000000000000, 1.000000000000000000 ) ) ;
#6404 = CARTESIAN_POINT ( 'NONE',  ( 11.50000000000000000, -0.6999999999999999600, 4.500000000000000000 ) ) ;
#6405 = AXIS2_PLACEMENT_3D ( 'NONE', #6429, #7751, #7662 ) ;
#6406 = LINE ( 'NONE', #3399, #5983 ) ;
#6407 = ORIENTED_EDGE ( 'NONE', *, *, #7023, .T. ) ;
#6408 = ADVANCED_FACE ( 'NONE', ( #3225 ), #7425, .F. ) ;
#6409 = CARTESIAN_POINT ( 'NONE',  ( 10.16000000000000000, -6.299999999999999800, 10.16000000000000000 ) ) ;
#6410 = PLANE ( 'NONE',  #4134 ) ;
#6411 = EDGE_CURVE ( 'NONE', #3384, #8620, #3528, .T. ) ;
#6412 = SURFACE_STYLE_USAGE ( .BOTH. , #4339 ) ;
#6413 = VERTEX_POINT ( 'NONE', #654 ) ;
#6414 = CARTESIAN_POINT ( 'NONE',  ( 11.70054052399948000, 11.96513699470659900, -4.859999999999999400 ) ) ;
#6415 = CIRCLE ( 'NONE', #1579, 0.5000000000000004400 ) ;
#6416 = UNCERTAINTY_MEASURE_WITH_UNIT (LENGTH_MEASURE( 1.000000000000000100E-005 ), #2318, 'distance_accuracy_value', 'NONE');
#6417 = VECTOR ( 'NONE', #214, 1000.000000000000000 ) ;
#6418 = VECTOR ( 'NONE', #2057, 1000.000000000000000 ) ;
#6419 = EDGE_CURVE ( 'NONE', #3935, #2934, #7097, .T. ) ;
#6420 = DIRECTION ( 'NONE',  ( -3.809744271775434900E-016, 1.000000000000000000, 0.0000000000000000000 ) ) ;
#6421 = CARTESIAN_POINT ( 'NONE',  ( -12.69999999999999900, 0.0000000000000000000, 12.69999999999999900 ) ) ;
#6422 = VERTEX_POINT ( 'NONE', #4716 ) ;
#6423 = VERTEX_POINT ( 'NONE', #4605 ) ;
#6424 = CARTESIAN_POINT ( 'NONE',  ( -11.59959361958396000, 0.06999999999989130200, 5.129999999999999900 ) ) ;
#6425 = CARTESIAN_POINT ( 'NONE',  ( 11.40000000000040200, 12.20000000000000100, -12.40000000000000000 ) ) ;
#6426 = CARTESIAN_POINT ( 'NONE',  ( 12.90054722849359900, 0.07009548768149509400, -4.859999999999999400 ) ) ;
#6427 = PLANE ( 'NONE',  #998 ) ;
#6429 = CARTESIAN_POINT ( 'NONE',  ( -10.90000000000040000, 12.20000000000000100, -12.40000000000000000 ) ) ;
#6428 = CARTESIAN_POINT ( 'NONE',  ( 12.49959361958396000, 11.96502041546510100, -7.400000000000000400 ) ) ;
#6430 = AXIS2_PLACEMENT_3D ( 'NONE', #2831, #6099, #7500 ) ;
#6431 = ORIENTED_EDGE ( 'NONE', *, *, #347, .F. ) ;
#6432 = AXIS2_PLACEMENT_3D ( 'NONE', #5476, #3457, #8168 ) ;
#6433 = VECTOR ( 'NONE', #2085, 1000.000000000000000 ) ;
#6434 = ORIENTED_EDGE ( 'NONE', *, *, #3401, .F. ) ;
#6435 = CARTESIAN_POINT ( 'NONE',  ( -4.950000000000399900, 12.20000000000000100, -4.850000000000000500 ) ) ;
#6436 = VERTEX_POINT ( 'NONE', #1975 ) ;
#6437 = DIRECTION ( 'NONE',  ( 0.0000000000000000000, 0.0000000000000000000, 1.000000000000000000 ) ) ;
#6438 = EDGE_CURVE ( 'NONE', #3235, #4648, #7734, .T. ) ;
#6439 = ORIENTED_EDGE ( 'NONE', *, *, #6461, .T. ) ;
#6440 = FILL_AREA_STYLE_COLOUR ( '', #2615 ) ;
#6441 = CARTESIAN_POINT ( 'NONE',  ( 0.0000000000000000000, 0.0000000000000000000, 0.0000000000000000000 ) ) ;
#6442 =( GEOMETRIC_REPRESENTATION_CONTEXT ( 3 ) GLOBAL_UNCERTAINTY_ASSIGNED_CONTEXT ( ( #4701 ) ) GLOBAL_UNIT_ASSIGNED_CONTEXT ( ( #6839, #7511, #2140 ) ) REPRESENTATION_CONTEXT ( 'NONE', 'WORKASPACE' ) );
#6443 = VECTOR ( 'NONE', #7742, 1000.000000000000000 ) ;
#6444 = ORIENTED_EDGE ( 'NONE', *, *, #2646, .T. ) ;
#6445 = ORIENTED_EDGE ( 'NONE', *, *, #1494, .T. ) ;
#6446 = SURFACE_SIDE_STYLE ('',( #1030 ) ) ;
#6447 = CIRCLE ( 'NONE', #7408, 0.8000000000000003800 ) ;
#6448 = PRESENTATION_LAYER_ASSIGNMENT (  '', '', ( #3083 ) ) ;
#6449 = ADVANCED_FACE ( 'NONE', ( #1250 ), #6592, .F. ) ;
#6450 = EDGE_CURVE ( 'NONE', #2973, #429, #1895, .T. ) ;
#6451 = ORIENTED_EDGE ( 'NONE', *, *, #4925, .F. ) ;
#6452 = DIRECTION ( 'NONE',  ( -0.0000000000000000000, -0.0000000000000000000, -1.000000000000000000 ) ) ;
#6453 = DIRECTION ( 'NONE',  ( -1.000000000000000000, 0.0000000000000000000, 0.0000000000000000000 ) ) ;
#6454 = FILL_AREA_STYLE_COLOUR ( '', #2958 ) ;
#6455 = EDGE_LOOP ( 'NONE', ( #7384, #3388, #4836, #3650, #5487 ) ) ;
#6456 = CARTESIAN_POINT ( 'NONE',  ( -12.90054052399946000, 0.07009548768148289600, -7.129999999999999900 ) ) ;
#6457 = DIRECTION ( 'NONE',  ( 0.0000000000000000000, 0.0000000000000000000, -1.000000000000000000 ) ) ;
#6458 = PRESENTATION_STYLE_ASSIGNMENT (( #8110 ) ) ;
#6460 = DIRECTION ( 'NONE',  ( 1.000000000000000000, 0.0000000000000000000, 0.0000000000000000000 ) ) ;
#6459 = DIRECTION ( 'NONE',  ( 0.0000000000000000000, 1.000000000000000000, 0.0000000000000000000 ) ) ;
#6461 = EDGE_CURVE ( 'NONE', #3847, #8554, #6888, .T. ) ;
#6462 = ORIENTED_EDGE ( 'NONE', *, *, #6028, .T. ) ;
#6463 = AXIS2_PLACEMENT_3D ( 'NONE', #1703, #3054, #7685 ) ;
#6464 = LINE ( 'NONE', #1233, #7081 ) ;
#6465 = ORIENTED_EDGE ( 'NONE', *, *, #5445, .F. ) ;
#6466 = CARTESIAN_POINT ( 'NONE',  ( 11.86011120661946100, -0.7120816677289799600, -7.130000000000000800 ) ) ;
#6467 = VECTOR ( 'NONE', #7204, 1000.000000000000000 ) ;
#6468 = EDGE_LOOP ( 'NONE', ( #1283, #789, #5699, #1694 ) ) ;
#6469 = STYLED_ITEM ( 'NONE', ( #6870 ), #8060 ) ;
#6470 = ORIENTED_EDGE ( 'NONE', *, *, #2685, .T. ) ;
#6471 = CARTESIAN_POINT ( 'NONE',  ( -12.49962158695456800, -0.2228420785086335800, 5.129999999999999900 ) ) ;
#6472 = VECTOR ( 'NONE', #8450, 1000.000000000000000 ) ;
#6473 = EDGE_LOOP ( 'NONE', ( #5473, #5285, #6385, #1465 ) ) ;
#6474 = EDGE_CURVE ( 'NONE', #4884, #7683, #85, .T. ) ;
#6475 = CARTESIAN_POINT ( 'NONE',  ( 4.950000000000399900, 12.20000000000000100, 7.849999999999999600 ) ) ;
#6476 = FACE_OUTER_BOUND ( 'NONE', #5077, .T. ) ;
#6477 = ORIENTED_EDGE ( 'NONE', *, *, #7175, .T. ) ;
#6478 = DIRECTION ( 'NONE',  ( -0.0000000000000000000, -0.0000000000000000000, -1.000000000000000000 ) ) ;
#6479 = ORIENTED_EDGE ( 'NONE', *, *, #1396, .T. ) ;
#6480 = VECTOR ( 'NONE', #2320, 1000.000000000000000 ) ;
#6481 = AXIS2_PLACEMENT_3D ( 'NONE', #5364, #6837, #2117 ) ;
#6482 = VECTOR ( 'NONE', #2974, 1000.000000000000000 ) ;
#6483 = CARTESIAN_POINT ( 'NONE',  ( -11.01363723429845900, 9.199999999999999300, -11.01363723429845900 ) ) ;
#6484 = UNCERTAINTY_MEASURE_WITH_UNIT (LENGTH_MEASURE( 1.000000000000000100E-005 ), #1605, 'distance_accuracy_value', 'NONE');
#6485 = DIRECTION ( 'NONE',  ( 0.0000000000000000000, 0.0000000000000000000, 1.000000000000000000 ) ) ;
#6486 = DIRECTION ( 'NONE',  ( 0.0000000000000000000, 0.0000000000000000000, 1.000000000000000000 ) ) ;
#6487 = DIRECTION ( 'NONE',  ( 1.000000000000000000, 0.0000000000000000000, 0.0000000000000000000 ) ) ;
#6488 = CARTESIAN_POINT ( 'NONE',  ( 10.90000000000000000, 11.19999999999999900, -12.40000000000000000 ) ) ;
#6489 = CARTESIAN_POINT ( 'NONE',  ( 5.950000000000399900, 16.82000000000000000, -7.849999999999999600 ) ) ;
#6490 = ORIENTED_EDGE ( 'NONE', *, *, #4749, .T. ) ;
#6491 = LINE ( 'NONE', #5466, #2924 ) ;
#6492 = ORIENTED_EDGE ( 'NONE', *, *, #6824, .F. ) ;
#6493 = EDGE_CURVE ( 'NONE', #1027, #1093, #4144, .T. ) ;
#6494 = DIRECTION ( 'NONE',  ( 0.0000000000000000000, 0.0000000000000000000, 1.000000000000000000 ) ) ;
#6495 = LINE ( 'NONE', #7239, #3439 ) ;
#6496 = ADVANCED_FACE ( 'NONE', ( #5312 ), #3459, .T. ) ;
#6497 = CARTESIAN_POINT ( 'NONE',  ( 12.79669646790869900, -0.4647624511386099800, -5.130000000000000800 ) ) ;
#6498 = CARTESIAN_POINT ( 'NONE',  ( 5.450000000000399900, 12.20000000000000100, -12.40000000000000000 ) ) ;
#6499 = CARTESIAN_POINT ( 'NONE',  ( 12.90054052399948000, 0.07009548768148289600, 4.859999999999999400 ) ) ;
#6500 = DIRECTION ( 'NONE',  ( 0.0000000000000000000, 0.0000000000000000000, 1.000000000000000000 ) ) ;
#6501 = VERTEX_POINT ( 'NONE', #3431 ) ;
#6502 = EDGE_LOOP ( 'NONE', ( #5871, #4183, #6279, #2470 ) ) ;
#6503 = EDGE_CURVE ( 'NONE', #4071, #7507, #2098, .T. ) ;
#6504 = CARTESIAN_POINT ( 'NONE',  ( -11.50000000000000000, 9.700000000000001100, 11.50000000000000000 ) ) ;
#6505 = LINE ( 'NONE', #1688, #5456 ) ;
#6506 = CARTESIAN_POINT ( 'NONE',  ( 11.99960518008858700, 0.07480837547085315800, -7.129999999999999900 ) ) ;
#6507 = ORIENTED_EDGE ( 'NONE', *, *, #59, .F. ) ;
#6508 = DIRECTION ( 'NONE',  ( 0.0000000000000000000, 0.0000000000000000000, 1.000000000000000000 ) ) ;
#6509 = FACE_OUTER_BOUND ( 'NONE', #5723, .T. ) ;
#6510 = DIRECTION ( 'NONE',  ( 0.0000000000000000000, 0.0000000000000000000, 1.000000000000000000 ) ) ;
#6511 = DIRECTION ( 'NONE',  ( 0.0000000000000000000, -1.000000000000000000, 0.0000000000000000000 ) ) ;
#6512 = EDGE_CURVE ( 'NONE', #7066, #699, #5424, .T. ) ;
#6513 = CIRCLE ( 'NONE', #6849, 0.5000000000000004400 ) ;
#6514 = DIRECTION ( 'NONE',  ( -1.000000000000000000, 0.0000000000000000000, 2.098455817713879800E-016 ) ) ;
#6515 = FACE_OUTER_BOUND ( 'NONE', #1451, .T. ) ;
#6516 = MECHANICAL_DESIGN_GEOMETRIC_PRESENTATION_REPRESENTATION (  '', ( #4416 ), #4091 ) ;
#6517 = DIRECTION ( 'NONE',  ( 0.0000000000000000000, 0.0000000000000000000, 1.000000000000000000 ) ) ;
#6518 = ORIENTED_EDGE ( 'NONE', *, *, #2908, .T. ) ;
#6519 = CARTESIAN_POINT ( 'NONE',  ( 12.69999999999999900, -0.6999999999999999600, 4.500000000000000000 ) ) ;
#6520 = CARTESIAN_POINT ( 'NONE',  ( -12.90054052399948000, 11.96513699471034000, -7.400000000000000400 ) ) ;
#6521 = EDGE_CURVE ( 'NONE', #7907, #1829, #5098, .T. ) ;
#6522 = CARTESIAN_POINT ( 'NONE',  ( 12.49959361958396000, 0.06999999999989130200, 4.859999999999999400 ) ) ;
#6523 = CARTESIAN_POINT ( 'NONE',  ( 0.4999999999996019900, 16.82000000000000000, 4.850000000000000500 ) ) ;
#6524 = ORIENTED_EDGE ( 'NONE', *, *, #992, .F. ) ;
#6525 = ORIENTED_EDGE ( 'NONE', *, *, #795, .T. ) ;
#6526 = VERTEX_POINT ( 'NONE', #162 ) ;
#6527 = PLANE ( 'NONE',  #7663 ) ;
#6528 = VECTOR ( 'NONE', #7086, 1000.000000000000000 ) ;
#6529 = CARTESIAN_POINT ( 'NONE',  ( -12.49962158695456800, -0.2228420785086335800, -5.129999999999999900 ) ) ;
#6530 = ORIENTED_EDGE ( 'NONE', *, *, #8614, .F. ) ;
#6531 = VERTEX_POINT ( 'NONE', #2859 ) ;
#6532 = EDGE_LOOP ( 'NONE', ( #4463, #3474, #6311, #7494 ) ) ;
#6533 = ORIENTED_EDGE ( 'NONE', *, *, #1698, .T. ) ;
#6534 = VECTOR ( 'NONE', #5512, 1000.000000000000000 ) ;
#6535 = EDGE_CURVE ( 'NONE', #6800, #7132, #5736, .T. ) ;
#6536 = CARTESIAN_POINT ( 'NONE',  ( 5.450000000000399900, 12.20000000000000100, -12.40000000000000000 ) ) ;
#6537 = CARTESIAN_POINT ( 'NONE',  ( -11.59960032407806100, -0.02134362361127549800, -7.130000000000000800 ) ) ;
#6538 = CARTESIAN_POINT ( 'NONE',  ( 12.79669646790869900, -0.4647624511386099800, 5.130000000000000800 ) ) ;
#6540 = CARTESIAN_POINT ( 'NONE',  ( 12.69999999999999900, -0.6999999999999999600, -12.69999999999999900 ) ) ;
#6539 = DIRECTION ( 'NONE',  ( 0.0000000000000000000, 0.0000000000000000000, 1.000000000000000000 ) ) ;
#6541 =( LENGTH_UNIT ( ) NAMED_UNIT ( * ) SI_UNIT ( .MILLI., .METRE. ) );
#6542 = PRESENTATION_STYLE_ASSIGNMENT (( #8573 ) ) ;
#6543 = ORIENTED_EDGE ( 'NONE', *, *, #1110, .F. ) ;
#6544 = ORIENTED_EDGE ( 'NONE', *, *, #2179, .T. ) ;
#6545 = MECHANICAL_DESIGN_GEOMETRIC_PRESENTATION_REPRESENTATION (  '', ( #3674 ), #1915 ) ;
#6546 = AXIS2_PLACEMENT_3D ( 'NONE', #5715, #8465, #1647 ) ;
#6547 = VERTEX_POINT ( 'NONE', #8141 ) ;
#6548 = ORIENTED_EDGE ( 'NONE', *, *, #6503, .F. ) ;
#6549 = CIRCLE ( 'NONE', #1935, 0.5000000000000004400 ) ;
#6550 = CARTESIAN_POINT ( 'NONE',  ( 11.61683953726132000, -0.2054565999144494800, -5.130000000000000800 ) ) ;
#6551 = VECTOR ( 'NONE', #2910, 1000.000000000000000 ) ;
#6552 = CARTESIAN_POINT ( 'NONE',  ( -6.949999999999999300, 11.70000000000000100, -4.850000000000000500 ) ) ;
#6553 = DIRECTION ( 'NONE',  ( 1.000000000000000000, 0.0000000000000000000, 0.0000000000000000000 ) ) ;
#6554 = CARTESIAN_POINT ( 'NONE',  ( 12.69999999999999900, -0.6999999999999999600, 4.500000000000000000 ) ) ;
#6555 = ORIENTED_EDGE ( 'NONE', *, *, #4276, .T. ) ;
#6556 = EDGE_CURVE ( 'NONE', #8459, #3384, #1533, .T. ) ;
#6557 = ORIENTED_EDGE ( 'NONE', *, *, #2658, .F. ) ;
#6558 = CARTESIAN_POINT ( 'NONE',  ( 12.41342400751739900, 7.824433369012191400, -11.61354585139582000 ) ) ;
#6559 = ORIENTED_EDGE ( 'NONE', *, *, #241, .F. ) ;
#6560 = VECTOR ( 'NONE', #7629, 1000.000000000000000 ) ;
#6561 = VECTOR ( 'NONE', #5308, 1000.000000000000000 ) ;
#6562 =( LENGTH_UNIT ( ) NAMED_UNIT ( * ) SI_UNIT ( .MILLI., .METRE. ) );
#6563 = ORIENTED_EDGE ( 'NONE', *, *, #3509, .F. ) ;
#6564 = DIRECTION ( 'NONE',  ( 1.000000000000000000, 0.0000000000000000000, 0.0000000000000000000 ) ) ;
#6565 = ORIENTED_EDGE ( 'NONE', *, *, #2596, .T. ) ;
#6566 = EDGE_LOOP ( 'NONE', ( #4879, #7535, #2364, #1624 ) ) ;
#6567 = EDGE_CURVE ( 'NONE', #6238, #176, #8385, .T. ) ;
#6568 = CARTESIAN_POINT ( 'NONE',  ( 11.50000000000000000, 9.700000000000001100, -11.50000000000000000 ) ) ;
#6569 = VECTOR ( 'NONE', #1185, 999.9999999999998900 ) ;
#6570 = ORIENTED_EDGE ( 'NONE', *, *, #4727, .T. ) ;
#6571 = CARTESIAN_POINT ( 'NONE',  ( -10.90000000000040000, 11.70000000000000100, 7.849999999999999600 ) ) ;
#6572 = DIRECTION ( 'NONE',  ( 1.000000000000000000, 0.0000000000000000000, 0.0000000000000000000 ) ) ;
#6573 = PLANE ( 'NONE',  #7664 ) ;
#6574 = CARTESIAN_POINT ( 'NONE',  ( 10.16000000000000000, -6.299999999999999800, 10.66000000000000200 ) ) ;
#6575 = DIRECTION ( 'NONE',  ( 0.0000000000000000000, 0.0000000000000000000, 1.000000000000000000 ) ) ;
#6576 = CARTESIAN_POINT ( 'NONE',  ( 12.25013752952505900, -0.8898851874046199700, 7.130000000000000800 ) ) ;
#6577 = EDGE_LOOP ( 'NONE', ( #8404, #773, #7553, #4715 ) ) ;
#6578 = CARTESIAN_POINT ( 'NONE',  ( -12.49959361958396000, 0.06999999999989130200, 4.859999999999999400 ) ) ;
#6579 = LINE ( 'NONE', #4980, #3329 ) ;
#6580 = EDGE_CURVE ( 'NONE', #6664, #1886, #298, .T. ) ;
#6581 = CYLINDRICAL_SURFACE ( 'NONE', #286, 0.5000000000000004400 ) ;
#6582 = VERTEX_POINT ( 'NONE', #6165 ) ;
#6583 = CARTESIAN_POINT ( 'NONE',  ( -10.90000000000000000, 9.700000000000001100, 12.40000000000000000 ) ) ;
#6584 = ORIENTED_EDGE ( 'NONE', *, *, #8628, .T. ) ;
#6585 = ORIENTED_EDGE ( 'NONE', *, *, #3798, .T. ) ;
#6587 = DIRECTION ( 'NONE',  ( 0.0000000000000000000, 0.0000000000000000000, 1.000000000000000000 ) ) ;
#6586 = CARTESIAN_POINT ( 'NONE',  ( 12.90054722849359900, 0.07009548768149509400, -4.859999999999999400 ) ) ;
#6588 = DIRECTION ( 'NONE',  ( 1.000000000000000000, 0.0000000000000000000, 0.0000000000000000000 ) ) ;
#6589 = CARTESIAN_POINT ( 'NONE',  ( -11.55390823631167900, 13.15614453969378100, 4.859999999999999400 ) ) ;
#6590 = CIRCLE ( 'NONE', #7849, 0.5000000000000000000 ) ;
#6591 = CARTESIAN_POINT ( 'NONE',  ( 12.90054052399948000, 11.96513699471034000, -7.400000000000000400 ) ) ;
#6592 = CYLINDRICAL_SURFACE ( 'NONE', #1927, 0.5000000000000004400 ) ;
#6593 = ORIENTED_EDGE ( 'NONE', *, *, #2853, .T. ) ;
#6594 = ORIENTED_EDGE ( 'NONE', *, *, #6613, .F. ) ;
#6595 = VECTOR ( 'NONE', #7801, 1000.000000000000000 ) ;
#6596 = ORIENTED_EDGE ( 'NONE', *, *, #1453, .F. ) ;
#6597 = ORIENTED_EDGE ( 'NONE', *, *, #3994, .T. ) ;
#6598 = DIRECTION ( 'NONE',  ( 1.927470528863119800E-016, 0.0000000000000000000, 1.000000000000000000 ) ) ;
#6599 = FACE_OUTER_BOUND ( 'NONE', #5959, .T. ) ;
#6601 = FACE_BOUND ( 'NONE', #2926, .T. ) ;
#6600 = CARTESIAN_POINT ( 'NONE',  ( -11.01363723429843900, 9.199999999999999300, 11.01363723429845900 ) ) ;
#6602 = ORIENTED_EDGE ( 'NONE', *, *, #4376, .T. ) ;
#6603 = AXIS2_PLACEMENT_3D ( 'NONE', #5787, #7792, #3217 ) ;
#6604 = ORIENTED_EDGE ( 'NONE', *, *, #3866, .T. ) ;
#6605 = LINE ( 'NONE', #5843, #7439 ) ;
#6606 = CARTESIAN_POINT ( 'NONE',  ( -12.41342400751739900, 7.824433369012191400, -11.61354585139582000 ) ) ;
#6607 = CARTESIAN_POINT ( 'NONE',  ( -1.000000000000000000, 12.20000000000000100, -4.850000000000000500 ) ) ;
#6608 = CARTESIAN_POINT ( 'NONE',  ( -11.61683953726132000, -0.2054565999144494800, -5.129999999999999900 ) ) ;
#6610 = SURFACE_STYLE_USAGE ( .BOTH. , #5243 ) ;
#6609 = DIRECTION ( 'NONE',  ( -0.0000000000000000000, 1.000000000000000000, -0.0000000000000000000 ) ) ;
#6611 = CARTESIAN_POINT ( 'NONE',  ( -6.450000000000000200, 12.20000000000000100, 4.850000000000000500 ) ) ;
#6612 = SURFACE_STYLE_USAGE ( .BOTH. , #2571 ) ;
#6613 = EDGE_CURVE ( 'NONE', #300, #3384, #8485, .T. ) ;
#6614 = SURFACE_STYLE_FILL_AREA ( #5562 ) ;
#6615 = ORIENTED_EDGE ( 'NONE', *, *, #529, .T. ) ;
#6616 = CARTESIAN_POINT ( 'NONE',  ( -0.5000000000000000000, 12.20000000000000100, 7.849999999999999600 ) ) ;
#6617 = CARTESIAN_POINT ( 'NONE',  ( 0.4999999999996029800, 12.19744118435426100, 7.849999999999999600 ) ) ;
#6618 = CARTESIAN_POINT ( 'NONE',  ( -11.99818607707521800, -0.2203094662514494500, -5.130000000000000800 ) ) ;
#6619 = VECTOR ( 'NONE', #6047, 1000.000000000000000 ) ;
#6620 = AXIS2_PLACEMENT_3D ( 'NONE', #1730, #4359, #5033 ) ;
#6621 = CYLINDRICAL_SURFACE ( 'NONE', #7508, 0.5000000000000000000 ) ;
#6622 = EDGE_CURVE ( 'NONE', #5036, #5281, #4361, .T. ) ;
#6623 = CARTESIAN_POINT ( 'NONE',  ( -11.90000000000040200, 17.32000000000000000, -12.40000000000000000 ) ) ;
#6624 = FACE_OUTER_BOUND ( 'NONE', #2263, .T. ) ;
#6625 = EDGE_LOOP ( 'NONE', ( #1632, #4340, #2602, #3178, #7124, #2471, #6890 ) ) ;
#6626 = CYLINDRICAL_SURFACE ( 'NONE', #8481, 1.400000000000000100 ) ;
#6627 = CARTESIAN_POINT ( 'NONE',  ( 12.90054722849359900, 0.07009548768149509400, 5.129999999999999900 ) ) ;
#6628 = PLANE ( 'NONE',  #2690 ) ;
#6629 = DIRECTION ( 'NONE',  ( 7.228014483236700500E-016, 0.0000000000000000000, 1.000000000000000000 ) ) ;
#6630 = DIRECTION ( 'NONE',  ( 0.0000000000000000000, 0.0000000000000000000, 1.000000000000000000 ) ) ;
#6631 = EDGE_CURVE ( 'NONE', #2149, #5985, #3939, .T. ) ;
#6632 = CARTESIAN_POINT ( 'NONE',  ( -11.60183876112544100, 12.75902544545406100, -4.859999999999999400 ) ) ;
#6633 = ORIENTED_EDGE ( 'NONE', *, *, #6739, .T. ) ;
#6634 = DIRECTION ( 'NONE',  ( 1.000000000000000000, 0.0000000000000000000, 0.0000000000000000000 ) ) ;
#6635 = DIRECTION ( 'NONE',  ( -6.911248908274129400E-017, 0.0000000000000000000, -1.000000000000000000 ) ) ;
#6637 = DIRECTION ( 'NONE',  ( -6.994852725712929000E-017, 0.0000000000000000000, -1.000000000000000000 ) ) ;
#6636 = CARTESIAN_POINT ( 'NONE',  ( 10.16000000000000000, -6.000000000000000000, 10.66000000000000200 ) ) ;
#6638 = DIRECTION ( 'NONE',  ( 0.0000000000000000000, -1.000000000000000000, 0.0000000000000000000 ) ) ;
#6639 = ORIENTED_EDGE ( 'NONE', *, *, #2792, .T. ) ;
#6640 = EDGE_CURVE ( 'NONE', #1219, #5690, #7727, .T. ) ;
#6642 = CARTESIAN_POINT ( 'NONE',  ( 11.60183876112578000, 12.75902544545034100, -7.400000000000000400 ) ) ;
#6641 = DIRECTION ( 'NONE',  ( 0.0000000000000000000, 1.000000000000000000, 0.0000000000000000000 ) ) ;
#6643 = VECTOR ( 'NONE', #3356, 1000.000000000000000 ) ;
#6644 =( BOUNDED_CURVE ( )  B_SPLINE_CURVE ( 3, ( #1884, #1438, #220, #4347 ),
 .UNSPECIFIED., .F., .T. ) 
 B_SPLINE_CURVE_WITH_KNOTS ( ( 4, 4 ),
 ( 4.712198005020320000, 6.283185307179586200 ),
 .UNSPECIFIED. ) 
 CURVE ( )  GEOMETRIC_REPRESENTATION_ITEM ( )  RATIONAL_B_SPLINE_CURVE ( ( 1.000000000000000000, 0.8046928386502625300, 0.8046928386502625300, 1.000000000000000000 ) ) 
 REPRESENTATION_ITEM ( '' )  );
#6645 = ORIENTED_EDGE ( 'NONE', *, *, #7857, .T. ) ;
#6646 = ORIENTED_EDGE ( 'NONE', *, *, #22, .F. ) ;
#6647 = PLANE ( 'NONE',  #5468 ) ;
#6648 =( BOUNDED_SURFACE ( )  B_SPLINE_SURFACE ( 3, 1, ( 
 ( #4610, #2611 ),
 ( #2012, #3360 ),
 ( #6673, #6618 ),
 ( #7307, #3274 ) ),
 .UNSPECIFIED., .F., .F., .T. ) 
 B_SPLINE_SURFACE_WITH_KNOTS ( ( 4, 4 ),
 ( 2, 2 ),
 ( 0.0000000000000000000, 1.000000000000000000 ),
 ( 0.0000000000000000000, 1.000000000000000000 ),
 .UNSPECIFIED. ) 
 GEOMETRIC_REPRESENTATION_ITEM ( )  RATIONAL_B_SPLINE_SURFACE ( (
 ( 1.000000000000000000, 1.000000000000000000),
 ( 0.8024656882795194700, 0.8024656882795194700),
 ( 0.8024656882795194700, 0.8024656882795194700),
 ( 1.000000000000000000, 1.000000000000000000) ) ) 
 REPRESENTATION_ITEM ( '' )  SURFACE ( )  );
#6649 = ORIENTED_EDGE ( 'NONE', *, *, #2922, .T. ) ;
#6650 = AXIS2_PLACEMENT_3D ( 'NONE', #2286, #7569, #166 ) ;
#6651 = CIRCLE ( 'NONE', #5775, 0.5000000000000004400 ) ;
#6652 = LINE ( 'NONE', #3741, #1742 ) ;
#6653 = ORIENTED_EDGE ( 'NONE', *, *, #5324, .F. ) ;
#6654 = EDGE_CURVE ( 'NONE', #2807, #5543, #3005, .T. ) ;
#6655 = FILL_AREA_STYLE_COLOUR ( '', #1987 ) ;
#6656 = CARTESIAN_POINT ( 'NONE',  ( 4.950000000000399900, 12.20000000000000100, -12.40000000000000000 ) ) ;
#6657 = ORIENTED_EDGE ( 'NONE', *, *, #5018, .F. ) ;
#6658 = CARTESIAN_POINT ( 'NONE',  ( 2.975469372650890100, 12.10000000000000000, -7.400000000000000400 ) ) ;
#6659 = DIRECTION ( 'NONE',  ( 0.0000000000000000000, 0.0000000000000000000, 1.000000000000000000 ) ) ;
#6660 = CYLINDRICAL_SURFACE ( 'NONE', #727, 0.5000000000000000000 ) ;
#6661 = DIRECTION ( 'NONE',  ( 0.0000000000000000000, -1.000000000000000000, 0.0000000000000000000 ) ) ;
#6662 = STYLED_ITEM ( 'NONE', ( #5834 ), #4977 ) ;
#6663 = LINE ( 'NONE', #3815, #2071 ) ;
#6664 = VERTEX_POINT ( 'NONE', #3663 ) ;
#6665 = ORIENTED_EDGE ( 'NONE', *, *, #1596, .T. ) ;
#6666 = ADVANCED_FACE ( 'NONE', ( #2814 ), #954, .T. ) ;
#6667 = CARTESIAN_POINT ( 'NONE',  ( -12.24959361958396000, -0.4300000000001086800, -5.129999999999999900 ) ) ;
#6668 = ORIENTED_EDGE ( 'NONE', *, *, #1909, .F. ) ;
#6669 = PRESENTATION_STYLE_ASSIGNMENT (( #107 ) ) ;
#6670 = DIRECTION ( 'NONE',  ( -2.098455817713879800E-016, -0.0000000000000000000, -1.000000000000000000 ) ) ;
#6671 = PLANE ( 'NONE',  #5111 ) ;
#6672 = EDGE_CURVE ( 'NONE', #3951, #6294, #4982, .T. ) ;
#6673 = CARTESIAN_POINT ( 'NONE',  ( -11.99818607707521800, -0.2203094662514494500, -7.130000000000000800 ) ) ;
#6674 = VECTOR ( 'NONE', #2385, 1000.000000000000000 ) ;
#6675 = ORIENTED_EDGE ( 'NONE', *, *, #6700, .F. ) ;
#6676 = AXIS2_PLACEMENT_3D ( 'NONE', #2281, #273, #8251 ) ;
#6677 = VERTEX_POINT ( 'NONE', #4885 ) ;
#6678 = CIRCLE ( 'NONE', #6730, 0.1999999999999883800 ) ;
#6679 = ADVANCED_FACE ( 'NONE', ( #4565 ), #8343, .T. ) ;
#6680 = DIRECTION ( 'NONE',  ( 1.000000000000000000, 0.0000000000000000000, 0.0000000000000000000 ) ) ;
#6681 = LINE ( 'NONE', #5173, #6467 ) ;
#6682 = ORIENTED_EDGE ( 'NONE', *, *, #219, .T. ) ;
#6683 = PLANE ( 'NONE',  #8215 ) ;
#6684 = ORIENTED_EDGE ( 'NONE', *, *, #6257, .T. ) ;
#6685 = EDGE_LOOP ( 'NONE', ( #88, #4051, #986, #293, #4956, #561, #601 ) ) ;
#6686 = EDGE_CURVE ( 'NONE', #3317, #6177, #1357, .T. ) ;
#6687 = ORIENTED_EDGE ( 'NONE', *, *, #4362, .T. ) ;
#6688 = AXIS2_PLACEMENT_3D ( 'NONE', #3573, #5572, #4888 ) ;
#6689 = EDGE_LOOP ( 'NONE', ( #2938, #7043, #1811, #8051, #2280 ) ) ;
#6690 = FACE_OUTER_BOUND ( 'NONE', #7404, .T. ) ;
#6691 = ADVANCED_FACE ( 'NONE', ( #920 ), #6789, .T. ) ;
#6692 = DIRECTION ( 'NONE',  ( 1.000000000000000000, 3.388131789017135300E-016, 0.0000000000000000000 ) ) ;
#6693 = DIRECTION ( 'NONE',  ( 0.0000000000000000000, 0.0000000000000000000, -1.000000000000000000 ) ) ;
#6694 = VECTOR ( 'NONE', #1493, 1000.000000000000000 ) ;
#6695 = DIRECTION ( 'NONE',  ( 0.0000000000000000000, 0.0000000000000000000, -1.000000000000000000 ) ) ;
#6696 = CARTESIAN_POINT ( 'NONE',  ( 12.55000000000000100, 0.0000000000000000000, 12.55000000000000100 ) ) ;
#6697 = PLANE ( 'NONE',  #5642 ) ;
#6698 = ORIENTED_EDGE ( 'NONE', *, *, #7392, .F. ) ;
#6699 = LINE ( 'NONE', #899, #5741 ) ;
#6700 = EDGE_CURVE ( 'NONE', #6247, #7428, #3218, .T. ) ;
#6701 = CYLINDRICAL_SURFACE ( 'NONE', #7866, 0.5000000000000000000 ) ;
#6702 = DIRECTION ( 'NONE',  ( -1.000000000000000000, 0.0000000000000000000, 0.0000000000000000000 ) ) ;
#6703 = DIRECTION ( 'NONE',  ( -1.000000000000000000, 0.0000000000000000000, 0.0000000000000000000 ) ) ;
#6704 = VERTEX_POINT ( 'NONE', #4237 ) ;
#6705 = DIRECTION ( 'NONE',  ( -1.000000000000000000, 0.0000000000000000000, 0.0000000000000000000 ) ) ;
#6706 = DIRECTION ( 'NONE',  ( 1.000000000000000000, 0.0000000000000000000, 0.0000000000000000000 ) ) ;
#6707 = DIRECTION ( 'NONE',  ( 0.9925062874862399200, 0.1221935730727323900, 0.0000000000000000000 ) ) ;
#6708 = FACE_OUTER_BOUND ( 'NONE', #1958, .T. ) ;
#6709 = ORIENTED_EDGE ( 'NONE', *, *, #7677, .T. ) ;
#6710 = CYLINDRICAL_SURFACE ( 'NONE', #4728, 0.4999999999999995600 ) ;
#6711 = LINE ( 'NONE', #1940, #1160 ) ;
#6712 = SURFACE_STYLE_USAGE ( .BOTH. , #6036 ) ;
#6713 = SURFACE_STYLE_FILL_AREA ( #297 ) ;
#6714 = ADVANCED_FACE ( 'NONE', ( #7842 ), #1665, .T. ) ;
#6715 = CARTESIAN_POINT ( 'NONE',  ( -11.61683953726132000, -0.2054565999144494800, -5.129999999999999900 ) ) ;
#6716 = EDGE_CURVE ( 'NONE', #6766, #2800, #3423, .T. ) ;
#6717 = ORIENTED_EDGE ( 'NONE', *, *, #7287, .T. ) ;
#6718 = PRESENTATION_LAYER_ASSIGNMENT (  '', '', ( #3674 ) ) ;
#6719 = SURFACE_SIDE_STYLE ('',( #5953 ) ) ;
#6721 = FACE_OUTER_BOUND ( 'NONE', #709, .T. ) ;
#6720 = APPLICATION_PROTOCOL_DEFINITION ( 'draft international standard', 'automotive_design', 1998, #2049 ) ;
#6722 = DIRECTION ( 'NONE',  ( 1.000000000000000000, 0.0000000000000000000, 0.0000000000000000000 ) ) ;
#6723 = ORIENTED_EDGE ( 'NONE', *, *, #5535, .F. ) ;
#6724 = EDGE_CURVE ( 'NONE', #704, #6268, #4047, .T. ) ;
#6725 = DIRECTION ( 'NONE',  ( 0.0000000000000000000, 0.0000000000000000000, 1.000000000000000000 ) ) ;
#6726 = DIRECTION ( 'NONE',  ( 6.994852725712929000E-017, -0.0000000000000000000, 1.000000000000000000 ) ) ;
#6727 = VECTOR ( 'NONE', #8677, 1000.000000000000000 ) ;
#6728 = ORIENTED_EDGE ( 'NONE', *, *, #944, .F. ) ;
#6729 = CARTESIAN_POINT ( 'NONE',  ( 6.938893903907230000E-015, 9.199999999999999300, -5.204170427930419700E-015 ) ) ;
#6730 = AXIS2_PLACEMENT_3D ( 'NONE', #3326, #8714, #2691 ) ;
#6731 = DIRECTION ( 'NONE',  ( 0.0000000000000000000, -1.000000000000000000, 0.0000000000000000000 ) ) ;
#6732 = FACE_OUTER_BOUND ( 'NONE', #7368, .T. ) ;
#6734 = CARTESIAN_POINT ( 'NONE',  ( 11.90000000000040200, 17.32000000000000000, -7.849999999999999600 ) ) ;
#6733 = CARTESIAN_POINT ( 'NONE',  ( 12.49959361958396000, 0.07009548768149509400, 4.859999999999999400 ) ) ;
#6735 = CARTESIAN_POINT ( 'NONE',  ( -12.33571331699213400, 8.269388219920999800, -11.58024126974192000 ) ) ;
#6736 = ADVANCED_FACE ( 'NONE', ( #713 ), #7623, .F. ) ;
#6737 = LINE ( 'NONE', #2971, #4090 ) ;
#6738 = ORIENTED_EDGE ( 'NONE', *, *, #5593, .T. ) ;
#6739 = EDGE_CURVE ( 'NONE', #2078, #7729, #1458, .T. ) ;
#6740 = CIRCLE ( 'NONE', #8037, 0.5000000000000004400 ) ;
#6741 = DIRECTION ( 'NONE',  ( -0.0000000000000000000, -1.000000000000000000, -0.0000000000000000000 ) ) ;
#6742 = CARTESIAN_POINT ( 'NONE',  ( 10.16000000000000000, -6.000000000000000000, -3.040000000000000000 ) ) ;
#6743 = VERTEX_POINT ( 'NONE', #471 ) ;
#6744 = PRESENTATION_LAYER_ASSIGNMENT (  '', '', ( #2760 ) ) ;
#6745 = ORIENTED_EDGE ( 'NONE', *, *, #2943, .T. ) ;
#6746 = FACE_OUTER_BOUND ( 'NONE', #3700, .T. ) ;
#6747 = DIRECTION ( 'NONE',  ( 0.0000000000000000000, 0.0000000000000000000, 1.000000000000000000 ) ) ;
#6748 = EDGE_CURVE ( 'NONE', #616, #3476, #4348, .T. ) ;
#6749 = CARTESIAN_POINT ( 'NONE',  ( -5.950000000000000200, 17.32000000000000000, -4.850000000000000500 ) ) ;
#6750 = DIRECTION ( 'NONE',  ( 0.0000000000000000000, -1.000000000000000000, 0.0000000000000000000 ) ) ;
#6751 = DIRECTION ( 'NONE',  ( -0.1221935730731606400, -0.9925062874861873000, 0.0000000000000000000 ) ) ;
#6752 = ORIENTED_EDGE ( 'NONE', *, *, #2728, .F. ) ;
#6753 = FACE_OUTER_BOUND ( 'NONE', #2244, .T. ) ;
#6754 =( BOUNDED_CURVE ( )  B_SPLINE_CURVE ( 3, ( #2956, #4935, #2313, #981 ),
 .UNSPECIFIED., .F., .T. ) 
 B_SPLINE_CURVE_WITH_KNOTS ( ( 4, 4 ),
 ( 0.0000000000000000000, 1.570987302159263500 ),
 .UNSPECIFIED. ) 
 CURVE ( )  GEOMETRIC_REPRESENTATION_ITEM ( )  RATIONAL_B_SPLINE_CURVE ( ( 1.000000000000000000, 0.8046928386502632000, 0.8046928386502632000, 1.000000000000000000 ) ) 
 REPRESENTATION_ITEM ( '' )  );
#6755 = AXIS2_PLACEMENT_3D ( 'NONE', #7030, #334, #8436 ) ;
#6756 = CARTESIAN_POINT ( 'NONE',  ( 0.4999999999996029800, 12.19744118435426100, -12.40000000000000000 ) ) ;
#6757 = FILL_AREA_STYLE ('',( #5305 ) ) ;
#6758 = CARTESIAN_POINT ( 'NONE',  ( 11.61354585139582000, 7.824433369012191400, -12.41342400751739900 ) ) ;
#6760 = DIRECTION ( 'NONE',  ( -1.000000000000000000, 0.0000000000000000000, 1.365923996832131900E-016 ) ) ;
#6759 = CARTESIAN_POINT ( 'NONE',  ( -11.50000000000000000, -0.6999999999999999600, 4.500000000000000000 ) ) ;
#6761 = ORIENTED_EDGE ( 'NONE', *, *, #1549, .F. ) ;
#6762 = ORIENTED_EDGE ( 'NONE', *, *, #6654, .T. ) ;
#6763 = FACE_OUTER_BOUND ( 'NONE', #619, .T. ) ;
#6764 = LINE ( 'NONE', #2206, #5388 ) ;
#6765 = CARTESIAN_POINT ( 'NONE',  ( -11.01363723429842500, 9.199999999999999300, 11.01363723429845500 ) ) ;
#6766 = VERTEX_POINT ( 'NONE', #5149 ) ;
#6767 = AXIS2_PLACEMENT_3D ( 'NONE', #6475, #3877, #4491 ) ;
#6768 = AXIS2_PLACEMENT_3D ( 'NONE', #4434, #5796, #443 ) ;
#6769 = DIRECTION ( 'NONE',  ( 0.0000000000000000000, 1.000000000000000000, 0.0000000000000000000 ) ) ;
#6770 = VERTEX_POINT ( 'NONE', #2426 ) ;
#6771 = EDGE_CURVE ( 'NONE', #3476, #716, #4776, .T. ) ;
#6772 = DIRECTION ( 'NONE',  ( -2.797941090285175100E-016, 0.0000000000000000000, -1.000000000000000000 ) ) ;
#6773 = CARTESIAN_POINT ( 'NONE',  ( -11.50000000000000000, 9.700000000000001100, 11.50000000000000000 ) ) ;
#6774 = EDGE_LOOP ( 'NONE', ( #3223, #2267, #1033, #372 ) ) ;
#6775 = LINE ( 'NONE', #8649, #4664 ) ;
#6776 = VERTEX_POINT ( 'NONE', #419 ) ;
#6777 = PRESENTATION_LAYER_ASSIGNMENT (  '', '', ( #5419 ) ) ;
#6778 = FACE_OUTER_BOUND ( 'NONE', #7311, .T. ) ;
#6779 = PLANE ( 'NONE',  #2407 ) ;
#6780 = DIRECTION ( 'NONE',  ( 1.000000000000000000, 3.809744271775434900E-016, 0.0000000000000000000 ) ) ;
#6781 = DIRECTION ( 'NONE',  ( 1.927470528863119800E-016, 0.0000000000000000000, -1.000000000000000000 ) ) ;
#6782 = ORIENTED_EDGE ( 'NONE', *, *, #3753, .F. ) ;
#6784 = CARTESIAN_POINT ( 'NONE',  ( 12.05953900380486000, 8.735040084441907400, 11.46188084980383700 ) ) ;
#6783 = DIRECTION ( 'NONE',  ( 0.0000000000000000000, 0.0000000000000000000, 1.000000000000000000 ) ) ;
#6785 = EDGE_LOOP ( 'NONE', ( #3515, #5044, #2026, #8095, #1752 ) ) ;
#6786 = EDGE_CURVE ( 'NONE', #6290, #7966, #8268, .T. ) ;
#6788 = CARTESIAN_POINT ( 'NONE',  ( -11.53875576386687200, 9.119446636787907700, -11.53875576386687400 ) ) ;
#6787 = CARTESIAN_POINT ( 'NONE',  ( -0.5000000000000000000, 16.82000000000000000, 12.40000000000000000 ) ) ;
#6789 = CYLINDRICAL_SURFACE ( 'NONE', #1654, 0.5000000000000004400 ) ;
#6790 = ORIENTED_EDGE ( 'NONE', *, *, #4591, .F. ) ;
#6791 = AXIS2_PLACEMENT_3D ( 'NONE', #5023, #5708, #4468 ) ;
#6792 = ORIENTED_EDGE ( 'NONE', *, *, #2544, .T. ) ;
#6793 = CARTESIAN_POINT ( 'NONE',  ( 12.55000000000000100, 0.0000000000000000000, -4.500000000000000000 ) ) ;
#6794 = ORIENTED_EDGE ( 'NONE', *, *, #7691, .F. ) ;
#6795 = CARTESIAN_POINT ( 'NONE',  ( -12.22030110306537800, 8.515662474953400000, 11.53077889234446800 ) ) ;
#6797 = FACE_OUTER_BOUND ( 'NONE', #7051, .T. ) ;
#6796 = CARTESIAN_POINT ( 'NONE',  ( 12.79669646790869900, -0.4647624511386099800, -7.129999999999999900 ) ) ;
#6798 = EDGE_CURVE ( 'NONE', #6842, #6933, #5625, .T. ) ;
#6799 = EDGE_CURVE ( 'NONE', #3393, #5095, #815, .T. ) ;
#6800 = VERTEX_POINT ( 'NONE', #8517 ) ;
#6801 = VECTOR ( 'NONE', #8361, 1000.000000000000000 ) ;
#6802 = ORIENTED_EDGE ( 'NONE', *, *, #5453, .F. ) ;
#6803 = EDGE_LOOP ( 'NONE', ( #5827, #82, #5943, #6465 ) ) ;
#6804 = FACE_OUTER_BOUND ( 'NONE', #3597, .T. ) ;
#6805 = CIRCLE ( 'NONE', #105, 0.5000000000000004400 ) ;
#6806 = AXIS2_PLACEMENT_3D ( 'NONE', #4067, #723, #2937 ) ;
#6807 = ORIENTED_EDGE ( 'NONE', *, *, #7423, .T. ) ;
#6808 = CIRCLE ( 'NONE', #1054, 0.8000000000000003800 ) ;
#6809 = EDGE_CURVE ( 'NONE', #5036, #7428, #1883, .T. ) ;
#6810 = VERTEX_POINT ( 'NONE', #2367 ) ;
#6811 = DIRECTION ( 'NONE',  ( -0.9925062874862399200, -0.1221935730727323900, 0.0000000000000000000 ) ) ;
#6812 = ORIENTED_EDGE ( 'NONE', *, *, #3778, .T. ) ;
#6814 = DIRECTION ( 'NONE',  ( 0.0000000000000000000, -1.000000000000000000, 0.0000000000000000000 ) ) ;
#6813 = CARTESIAN_POINT ( 'NONE',  ( 12.24959361958396000, -0.4300000000001086800, -7.129999999999999900 ) ) ;
#6815 = DIRECTION ( 'NONE',  ( 0.0000000000000000000, -1.000000000000000000, 0.0000000000000000000 ) ) ;
#6816 = DIRECTION ( 'NONE',  ( -1.000000000000000000, 0.0000000000000000000, 1.365923996832131900E-016 ) ) ;
#6817 = CARTESIAN_POINT ( 'NONE',  ( -11.54958265104015100, 8.435894577954913500, -12.26417654002171400 ) ) ;
#6818 = ADVANCED_FACE ( 'NONE', ( #4136 ), #5351, .F. ) ;
#6819 = VECTOR ( 'NONE', #3592, 1000.000000000000000 ) ;
#6820 = AXIS2_PLACEMENT_3D ( 'NONE', #4209, #864, #6897 ) ;
#6821 = EDGE_LOOP ( 'NONE', ( #4218, #3914, #3962, #8241 ) ) ;
#6822 = EDGE_LOOP ( 'NONE', ( #5115, #482, #1566, #8380 ) ) ;
#6823 = CARTESIAN_POINT ( 'NONE',  ( -11.59209544063358500, 8.182653497362471400, 12.36337304907253700 ) ) ;
#6824 = EDGE_CURVE ( 'NONE', #7958, #7538, #8160, .T. ) ;
#6825 = LINE ( 'NONE', #4819, #6619 ) ;
#6826 = LINE ( 'NONE', #1979, #8524 ) ;
#6827 = AXIS2_PLACEMENT_3D ( 'NONE', #4424, #8423, #5014 ) ;
#6828 = AXIS2_PLACEMENT_3D ( 'NONE', #7871, #7622, #1609 ) ;
#6830 = CARTESIAN_POINT ( 'NONE',  ( 12.10312483381792600, -0.4300000000001087400, 5.129999999999999000 ) ) ;
#6829 =( NAMED_UNIT ( * ) SI_UNIT ( $, .STERADIAN. ) SOLID_ANGLE_UNIT ( ) );
#6831 = VECTOR ( 'NONE', #528, 1000.000000000000000 ) ;
#6832 = EDGE_LOOP ( 'NONE', ( #1018, #4890, #5282, #1092 ) ) ;
#6833 = EDGE_CURVE ( 'NONE', #3235, #1637, #8582, .T. ) ;
#6834 =( LENGTH_UNIT ( ) NAMED_UNIT ( * ) SI_UNIT ( .MILLI., .METRE. ) );
#6835 = DIRECTION ( 'NONE',  ( -0.9925062874862399200, -0.1221935730727323900, 0.0000000000000000000 ) ) ;
#6836 = AXIS2_PLACEMENT_3D ( 'NONE', #446, #5152, #5958 ) ;
#6837 = DIRECTION ( 'NONE',  ( 0.0000000000000000000, 0.0000000000000000000, 1.000000000000000000 ) ) ;
#6838 = EDGE_LOOP ( 'NONE', ( #3107, #4460, #6259, #4266 ) ) ;
#6840 = CARTESIAN_POINT ( 'NONE',  ( 11.27563736157507500, 9.184826591062861900, 11.27563736157490100 ) ) ;
#6839 =( LENGTH_UNIT ( ) NAMED_UNIT ( * ) SI_UNIT ( .MILLI., .METRE. ) );
#6841 = DIRECTION ( 'NONE',  ( 1.000000000000000000, 0.0000000000000000000, 0.0000000000000000000 ) ) ;
#6842 = VERTEX_POINT ( 'NONE', #5121 ) ;
#6844 = DIRECTION ( 'NONE',  ( 0.0000000000000000000, 0.0000000000000000000, 1.000000000000000000 ) ) ;
#6843 = DIRECTION ( 'NONE',  ( 0.0000000000000000000, 0.0000000000000000000, 1.000000000000000000 ) ) ;
#6845 = VECTOR ( 'NONE', #3665, 1000.000000000000000 ) ;
#6846 = VERTEX_POINT ( 'NONE', #7741 ) ;
#6847 = EDGE_LOOP ( 'NONE', ( #2469, #3280, #4285, #8153 ) ) ;
#6848 = EDGE_CURVE ( 'NONE', #3328, #8701, #4253, .T. ) ;
#6849 = AXIS2_PLACEMENT_3D ( 'NONE', #3273, #5278, #2635 ) ;
#6850 = CARTESIAN_POINT ( 'NONE',  ( -11.60840904436744100, 8.005473010438191000, 12.40143812445131000 ) ) ;
#6851 = ORIENTED_EDGE ( 'NONE', *, *, #3390, .F. ) ;
#6852 = DIRECTION ( 'NONE',  ( 3.388131789017129900E-016, 1.000000000000000000, 0.0000000000000000000 ) ) ;
#6853 = VECTOR ( 'NONE', #6109, 1000.000000000000000 ) ;
#6854 = VERTEX_POINT ( 'NONE', #7148 ) ;
#6855 = ADVANCED_FACE ( 'NONE', ( #7517 ), #2398, .F. ) ;
#6856 = DIRECTION ( 'NONE',  ( 0.1221935730731606400, 0.9925062874861873000, 0.0000000000000000000 ) ) ;
#6857 = ORIENTED_EDGE ( 'NONE', *, *, #1820, .F. ) ;
#6858 = EDGE_CURVE ( 'NONE', #5353, #1344, #1460, .T. ) ;
#6859 =( NAMED_UNIT ( * ) PLANE_ANGLE_UNIT ( ) SI_UNIT ( $, .RADIAN. ) );
#6860 = LINE ( 'NONE', #2887, #6534 ) ;
#6861 = VECTOR ( 'NONE', #1076, 1000.000000000000000 ) ;
#6862 = ORIENTED_EDGE ( 'NONE', *, *, #7023, .F. ) ;
#6863 = ORIENTED_EDGE ( 'NONE', *, *, #7069, .T. ) ;
#6864 = DIRECTION ( 'NONE',  ( -1.000000000000000000, 0.0000000000000000000, 0.0000000000000000000 ) ) ;
#6865 = CARTESIAN_POINT ( 'NONE',  ( 0.9974411843539829900, 11.70000000000000100, -12.40000000000000000 ) ) ;
#6866 = DIRECTION ( 'NONE',  ( 1.000000000000000000, 0.0000000000000000000, -2.731847993664264700E-016 ) ) ;
#6867 = CARTESIAN_POINT ( 'NONE',  ( 11.40000000000040200, 16.82000000000000000, -7.849999999999999600 ) ) ;
#6868 = CARTESIAN_POINT ( 'NONE',  ( 11.99956565221334700, -0.2228420785086277200, 7.129999999999999900 ) ) ;
#6869 = DIRECTION ( 'NONE',  ( 0.0000000000000000000, 0.0000000000000000000, 1.000000000000000000 ) ) ;
#6870 = PRESENTATION_STYLE_ASSIGNMENT (( #76 ) ) ;
#6871 = EDGE_CURVE ( 'NONE', #2969, #8620, #2707, .T. ) ;
#6872 = ORIENTED_EDGE ( 'NONE', *, *, #6071, .F. ) ;
#6873 = AXIS2_PLACEMENT_3D ( 'NONE', #6915, #832, #8306 ) ;
#6874 = AXIS2_PLACEMENT_3D ( 'NONE', #8503, #5132, #1112 ) ;
#6875 = LINE ( 'NONE', #4131, #2591 ) ;
#6876 = CARTESIAN_POINT ( 'NONE',  ( 11.01363723429845500, 9.199999999999999300, -11.01363723429845500 ) ) ;
#6877 = ORIENTED_EDGE ( 'NONE', *, *, #6012, .T. ) ;
#6878 = VECTOR ( 'NONE', #5163, 1000.000000000000000 ) ;
#6879 = EDGE_CURVE ( 'NONE', #5434, #2017, #2297, .T. ) ;
#6880 = EDGE_LOOP ( 'NONE', ( #2698, #7371, #4797, #7839 ) ) ;
#6881 = EDGE_LOOP ( 'NONE', ( #3659, #3529, #2884, #5841 ) ) ;
#6882 = EDGE_LOOP ( 'NONE', ( #3540, #1100, #8109, #353 ) ) ;
#6883 = ADVANCED_FACE ( 'NONE', ( #2395 ), #2508, .T. ) ;
#6884 = MECHANICAL_DESIGN_GEOMETRIC_PRESENTATION_REPRESENTATION (  '', ( #7050 ), #6442 ) ;
#6885 = EDGE_LOOP ( 'NONE', ( #2704, #6602, #4843, #4779 ) ) ;
#6886 = ORIENTED_EDGE ( 'NONE', *, *, #8125, .F. ) ;
#6887 =( NAMED_UNIT ( * ) PLANE_ANGLE_UNIT ( ) SI_UNIT ( $, .RADIAN. ) );
#6888 = CIRCLE ( 'NONE', #5316, 0.5000000000000004400 ) ;
#6889 = COLOUR_RGB ( '',0.7490196078431372600, 0.7490196078431372600, 0.7490196078431372600 ) ;
#6890 = ORIENTED_EDGE ( 'NONE', *, *, #1467, .F. ) ;
#6891 = AXIS2_PLACEMENT_3D ( 'NONE', #8626, #1264, #3958 ) ;
#6892 = ORIENTED_EDGE ( 'NONE', *, *, #4083, .F. ) ;
#6893 = DIRECTION ( 'NONE',  ( 1.000000000000000000, 0.0000000000000000000, 0.0000000000000000000 ) ) ;
#6894 = CARTESIAN_POINT ( 'NONE',  ( 12.69999999999999900, -0.6999999999999999600, -7.400000000000000400 ) ) ;
#6895 = EDGE_LOOP ( 'NONE', ( #6812, #5148, #6118, #4901, #6326, #3766, #6940, #949 ) ) ;
#6896 = CARTESIAN_POINT ( 'NONE',  ( 11.40000000000040200, 16.82000000000000000, -12.40000000000000000 ) ) ;
#6897 = DIRECTION ( 'NONE',  ( 0.0000000000000000000, 0.0000000000000000000, -1.000000000000000000 ) ) ;
#6898 = DIRECTION ( 'NONE',  ( 0.0000000000000000000, 1.000000000000000000, 0.0000000000000000000 ) ) ;
#6899 = EDGE_CURVE ( 'NONE', #2478, #1119, #4882, .T. ) ;
#6900 = ORIENTED_EDGE ( 'NONE', *, *, #2699, .T. ) ;
#6901 = CARTESIAN_POINT ( 'NONE',  ( 12.90054722849359900, -0.8306078065220959800, -5.129999999999999900 ) ) ;
#6902 = ADVANCED_FACE ( 'NONE', ( #79 ), #7950, .T. ) ;
#6903 = CYLINDRICAL_SURFACE ( 'NONE', #8587, 0.5000000000000004400 ) ;
#6904 = LINE ( 'NONE', #2631, #7964 ) ;
#6905 = UNCERTAINTY_MEASURE_WITH_UNIT (LENGTH_MEASURE( 1.000000000000000100E-005 ), #3770, 'distance_accuracy_value', 'NONE');
#6906 = ORIENTED_EDGE ( 'NONE', *, *, #8350, .T. ) ;
#6907 = ORIENTED_EDGE ( 'NONE', *, *, #6184, .F. ) ;
#6908 = ORIENTED_EDGE ( 'NONE', *, *, #5964, .F. ) ;
#6909 = ORIENTED_EDGE ( 'NONE', *, *, #7228, .T. ) ;
#6910 = PRESENTATION_STYLE_ASSIGNMENT (( #3410 ) ) ;
#6911 = EDGE_CURVE ( 'NONE', #8107, #3808, #825, .T. ) ;
#6912 = FACE_OUTER_BOUND ( 'NONE', #6187, .T. ) ;
#6913 = DIRECTION ( 'NONE',  ( 0.0000000000000000000, 1.000000000000000000, 0.0000000000000000000 ) ) ;
#6914 = UNCERTAINTY_MEASURE_WITH_UNIT (LENGTH_MEASURE( 1.000000000000000100E-005 ), #700, 'distance_accuracy_value', 'NONE');
#6915 = CARTESIAN_POINT ( 'NONE',  ( -11.59959361958396000, 0.06999999999989130200, 7.400000000000000400 ) ) ;
#6916 = EDGE_LOOP ( 'NONE', ( #1053, #2978, #1807, #2574 ) ) ;
#6917 = DIRECTION ( 'NONE',  ( -0.0000000000000000000, -0.0000000000000000000, -1.000000000000000000 ) ) ;
#6918 = PRESENTATION_LAYER_ASSIGNMENT (  '', '', ( #6469 ) ) ;
#6919 = EDGE_CURVE ( 'NONE', #1388, #697, #3733, .T. ) ;
#6920 = DIRECTION ( 'NONE',  ( 1.000000000000000000, 0.0000000000000000000, 0.0000000000000000000 ) ) ;
#6921 = CARTESIAN_POINT ( 'NONE',  ( 12.69999999999999900, 0.0000000000000000000, 7.400000000000000400 ) ) ;
#6922 = DIRECTION ( 'NONE',  ( 1.000000000000000000, 0.0000000000000000000, 0.0000000000000000000 ) ) ;
#6923 = VERTEX_POINT ( 'NONE', #5176 ) ;
#6925 =( NAMED_UNIT ( * ) PLANE_ANGLE_UNIT ( ) SI_UNIT ( $, .RADIAN. ) );
#6924 = CARTESIAN_POINT ( 'NONE',  ( 10.16000000000000000, -6.299999999999999800, 2.540000000000000000 ) ) ;
#6926 = CARTESIAN_POINT ( 'NONE',  ( -10.16000000000000000, -6.000000000000000000, 0.0000000000000000000 ) ) ;
#6927 = PLANE ( 'NONE',  #7076 ) ;
#6929 = CARTESIAN_POINT ( 'NONE',  ( 12.40000000000000000, 11.19999999999999900, 12.40000000000000000 ) ) ;
#6928 = PLANE ( 'NONE',  #2028 ) ;
#6930 = MECHANICAL_DESIGN_GEOMETRIC_PRESENTATION_REPRESENTATION (  '', ( #5524 ), #8118 ) ;
#6931 = AXIS2_PLACEMENT_3D ( 'NONE', #4120, #129, #72 ) ;
#6932 = VECTOR ( 'NONE', #4423, 1000.000000000000000 ) ;
#6933 = VERTEX_POINT ( 'NONE', #1221 ) ;
#6934 = ADVANCED_FACE ( 'NONE', ( #8170 ), #6380, .T. ) ;
#6935 = FACE_OUTER_BOUND ( 'NONE', #2623, .T. ) ;
#6936 = DIRECTION ( 'NONE',  ( -4.372213365170680100E-016, 1.000000000000000000, 0.0000000000000000000 ) ) ;
#6937 = EDGE_CURVE ( 'NONE', #7356, #1238, #7099, .T. ) ;
#6938 = ADVANCED_FACE ( 'NONE', ( #3644 ), #1937, .T. ) ;
#6939 = VECTOR ( 'NONE', #3117, 1000.000000000000000 ) ;
#6940 = ORIENTED_EDGE ( 'NONE', *, *, #5257, .T. ) ;
#6941 = ADVANCED_FACE ( 'NONE', ( #6369 ), #605, .T. ) ;
#6942 = CARTESIAN_POINT ( 'NONE',  ( 12.24959361958396000, -0.4300000000001086800, -7.129999999999999900 ) ) ;
#6943 = DIRECTION ( 'NONE',  ( 0.0000000000000000000, -1.000000000000000000, 0.0000000000000000000 ) ) ;
#6944 = EDGE_CURVE ( 'NONE', #5786, #5373, #4786, .T. ) ;
#6945 = ORIENTED_EDGE ( 'NONE', *, *, #7392, .T. ) ;
#6946 = DIRECTION ( 'NONE',  ( 0.0000000000000000000, 0.0000000000000000000, -1.000000000000000000 ) ) ;
#6947 = AXIS2_PLACEMENT_3D ( 'NONE', #3263, #3349, #3946 ) ;
#6948 = CARTESIAN_POINT ( 'NONE',  ( -10.16000000000000000, -6.299999999999999800, 9.960000000000011500 ) ) ;
#6949 = DIRECTION ( 'NONE',  ( -1.000000000000000000, 0.0000000000000000000, 0.0000000000000000000 ) ) ;
#6950 = CARTESIAN_POINT ( 'NONE',  ( 12.90054722849359900, -0.8306078065220959800, -7.129999999999999900 ) ) ;
#6951 = CARTESIAN_POINT ( 'NONE',  ( -12.10202787498492100, -0.4300000000001086300, 5.130000000000000800 ) ) ;
#6953 = CARTESIAN_POINT ( 'NONE',  ( 11.59959361958396000, 0.06999999999989130200, 7.129999999999999900 ) ) ;
#6952 = CARTESIAN_POINT ( 'NONE',  ( -12.69999999999999900, -0.6999999999999999600, 7.400000000000000400 ) ) ;
#6954 = ORIENTED_EDGE ( 'NONE', *, *, #4029, .T. ) ;
#6955 = LINE ( 'NONE', #2257, #5052 ) ;
#6956 = EDGE_CURVE ( 'NONE', #8073, #4215, #5727, .T. ) ;
#6957 = ORIENTED_EDGE ( 'NONE', *, *, #6450, .T. ) ;
#6958 = ORIENTED_EDGE ( 'NONE', *, *, #3124, .F. ) ;
#6959 = CARTESIAN_POINT ( 'NONE',  ( -12.55000000000000100, 0.0000000000000000000, 11.75012184387840000 ) ) ;
#6960 = DIRECTION ( 'NONE',  ( -1.000000000000000000, 0.0000000000000000000, 2.797941090285175100E-016 ) ) ;
#6961 = ORIENTED_EDGE ( 'NONE', *, *, #7843, .F. ) ;
#6962 = LINE ( 'NONE', #542, #1433 ) ;
#6963 = AXIS2_PLACEMENT_3D ( 'NONE', #3909, #4588, #5979 ) ;
#6964 = CIRCLE ( 'NONE', #1715, 0.4999999999999995600 ) ;
#6965 = EDGE_CURVE ( 'NONE', #4530, #7172, #4578, .T. ) ;
#6966 = CARTESIAN_POINT ( 'NONE',  ( -11.90000000000040200, 16.82000000000000000, 4.850000000000000500 ) ) ;
#6967 = ORIENTED_EDGE ( 'NONE', *, *, #1411, .F. ) ;
#6968 = ADVANCED_FACE ( 'NONE', ( #8597 ), #7735, .T. ) ;
#6969 = FACE_OUTER_BOUND ( 'NONE', #1804, .T. ) ;
#6970 = ADVANCED_FACE ( 'NONE', ( #5313 ), #5414, .T. ) ;
#6971 = CARTESIAN_POINT ( 'NONE',  ( 5.450000000000399900, 12.20000000000000100, -7.849999999999999600 ) ) ;
#6972 = ORIENTED_EDGE ( 'NONE', *, *, #2372, .T. ) ;
#6974 = DIRECTION ( 'NONE',  ( 0.0000000000000000000, 0.0000000000000000000, 1.000000000000000000 ) ) ;
#6973 = CARTESIAN_POINT ( 'NONE',  ( 12.69999999999999900, -0.6999999999999999600, 7.400000000000000400 ) ) ;
#6975 = PLANE ( 'NONE',  #2738 ) ;
#6976 = CARTESIAN_POINT ( 'NONE',  ( 11.82243394292847700, 9.199999999999997500, 11.36026439514193100 ) ) ;
#6977 = CONICAL_SURFACE ( 'NONE', #8021, 0.1999999999999883800, 0.7853981633974476100 ) ;
#6978 = CARTESIAN_POINT ( 'NONE',  ( 11.99959362072370100, 0.07002387192029180300, -5.129999999999999900 ) ) ;
#6980 = CARTESIAN_POINT ( 'NONE',  ( -0.5000000000000000000, 12.20000000000000100, -4.850000000000000500 ) ) ;
#6979 = CARTESIAN_POINT ( 'NONE',  ( -5.950000000000000200, 16.82000000000000000, -12.40000000000000000 ) ) ;
#6981 = ADVANCED_FACE ( 'NONE', ( #3943 ), #4028, .T. ) ;
#6982 = CIRCLE ( 'NONE', #5037, 0.5000000000000004400 ) ;
#6983 = ORIENTED_EDGE ( 'NONE', *, *, #5870, .T. ) ;
#6984 = EDGE_CURVE ( 'NONE', #5622, #820, #1775, .T. ) ;
#6985 = EDGE_LOOP ( 'NONE', ( #6192, #6745 ) ) ;
#6986 = CARTESIAN_POINT ( 'NONE',  ( 0.0000000000000000000, -0.6999999999999999600, 0.0000000000000000000 ) ) ;
#6987 = AXIS2_PLACEMENT_3D ( 'NONE', #6441, #1800, #8534 ) ;
#6988 = DIRECTION ( 'NONE',  ( 1.000000000000000000, 0.0000000000000000000, -2.731847993664264700E-016 ) ) ;
#6990 = COLOUR_RGB ( '',0.7490196078431372600, 0.7490196078431372600, 0.7490196078431372600 ) ;
#6989 = DIRECTION ( 'NONE',  ( 2.098455817713879800E-016, 0.0000000000000000000, 1.000000000000000000 ) ) ;
#6991 = DIRECTION ( 'NONE',  ( 6.994852725712929000E-017, -0.0000000000000000000, 1.000000000000000000 ) ) ;
#6992 = ORIENTED_EDGE ( 'NONE', *, *, #7889, .T. ) ;
#6993 = ORIENTED_EDGE ( 'NONE', *, *, #175, .F. ) ;
#6994 = LINE ( 'NONE', #1757, #4574 ) ;
#6995 = EDGE_CURVE ( 'NONE', #5961, #3317, #400, .T. ) ;
#6996 = CARTESIAN_POINT ( 'NONE',  ( -4.950000000000391000, 11.70000000000000100, -12.40000000000000000 ) ) ;
#6997 = VECTOR ( 'NONE', #6297, 1000.000000000000000 ) ;
#6998 = DIRECTION ( 'NONE',  ( 0.0000000000000000000, 0.0000000000000000000, 1.000000000000000000 ) ) ;
#6999 = FACE_OUTER_BOUND ( 'NONE', #2519, .T. ) ;
#7000 = ORIENTED_EDGE ( 'NONE', *, *, #633, .F. ) ;
#7001 = AXIS2_PLACEMENT_3D ( 'NONE', #1380, #4039, #42 ) ;
#7002 = ORIENTED_EDGE ( 'NONE', *, *, #7372, .F. ) ;
#7003 = VECTOR ( 'NONE', #5729, 1000.000000000000000 ) ;
#7004 = EDGE_LOOP ( 'NONE', ( #5892, #149, #938, #3342 ) ) ;
#7005 = VECTOR ( 'NONE', #3744, 1000.000000000000000 ) ;
#7006 = DIRECTION ( 'NONE',  ( 0.0000000000000000000, -1.000000000000000000, 0.0000000000000000000 ) ) ;
#7007 = CARTESIAN_POINT ( 'NONE',  ( -5.950000000000399900, 16.82000000000000000, -12.40000000000000000 ) ) ;
#7008 = CARTESIAN_POINT ( 'NONE',  ( 10.90000000000040000, 11.70000000000000100, 12.40000000000000000 ) ) ;
#7009 = DIRECTION ( 'NONE',  ( 0.0000000000000000000, 0.0000000000000000000, 1.000000000000000000 ) ) ;
#7010 = EDGE_CURVE ( 'NONE', #3808, #4547, #8700, .T. ) ;
#7011 = CARTESIAN_POINT ( 'NONE',  ( -11.59959361958396000, 0.06999999999989130200, 7.129999999999999900 ) ) ;
#7012 = ORIENTED_EDGE ( 'NONE', *, *, #1622, .F. ) ;
#7013 = VERTEX_POINT ( 'NONE', #746 ) ;
#7014 = ORIENTED_EDGE ( 'NONE', *, *, #363, .F. ) ;
#7015 = VERTEX_POINT ( 'NONE', #8100 ) ;
#7016 = ADVANCED_FACE ( 'NONE', ( #1572 ), #1896, .T. ) ;
#7017 = AXIS2_PLACEMENT_3D ( 'NONE', #7322, #8015, #62 ) ;
#7018 = DIRECTION ( 'NONE',  ( 8.659560562354926700E-017, 0.7071067811865480200, -0.7071067811865470200 ) ) ;
#7019 = CARTESIAN_POINT ( 'NONE',  ( -11.99959362185762000, 0.07004762192026201000, 5.129999999999999900 ) ) ;
#7020 =( NAMED_UNIT ( * ) PLANE_ANGLE_UNIT ( ) SI_UNIT ( $, .RADIAN. ) );
#7021 = UNCERTAINTY_MEASURE_WITH_UNIT (LENGTH_MEASURE( 1.000000000000000100E-005 ), #4303, 'distance_accuracy_value', 'NONE');
#7022 = VECTOR ( 'NONE', #6273, 1000.000000000000000 ) ;
#7023 = EDGE_CURVE ( 'NONE', #2851, #6933, #7310, .T. ) ;
#7024 = ORIENTED_EDGE ( 'NONE', *, *, #5266, .F. ) ;
#7025 = CARTESIAN_POINT ( 'NONE',  ( -11.50000000000000000, -0.6999999999999999600, -4.500000000000000000 ) ) ;
#7026 = CIRCLE ( 'NONE', #8357, 1.199999999999999700 ) ;
#7027 = CYLINDRICAL_SURFACE ( 'NONE', #5705, 0.4999999999999995600 ) ;
#7028 = CARTESIAN_POINT ( 'NONE',  ( 5.950000000000399900, 16.82000000000000000, 7.849999999999999600 ) ) ;
#7029 = CARTESIAN_POINT ( 'NONE',  ( 12.49958205907933400, 0.07480837547085372700, 7.129999999999999900 ) ) ;
#7031 = VECTOR ( 'NONE', #2486, 1000.000000000000000 ) ;
#7030 = CARTESIAN_POINT ( 'NONE',  ( 12.49959361958396000, 0.06999999999989130200, -7.400000000000000400 ) ) ;
#7032 = CARTESIAN_POINT ( 'NONE',  ( 12.40000000000000000, 11.19999999999999900, -12.40000000000000000 ) ) ;
#7033 = ORIENTED_EDGE ( 'NONE', *, *, #2044, .T. ) ;
#7034 = PLANE ( 'NONE',  #3564 ) ;
#7035 = CIRCLE ( 'NONE', #6405, 0.5000000000000004400 ) ;
#7037 = CARTESIAN_POINT ( 'NONE',  ( 0.0000000000000000000, 0.0000000000000000000, 0.0000000000000000000 ) ) ;
#7036 = SURFACE_SIDE_STYLE ('',( #830 ) ) ;
#7038 = CARTESIAN_POINT ( 'NONE',  ( 6.450000000000000200, 16.82000000000000000, -12.40000000000000000 ) ) ;
#7039 = MECHANICAL_DESIGN_GEOMETRIC_PRESENTATION_REPRESENTATION (  '', ( #2735 ), #7948 ) ;
#7040 = PRESENTATION_LAYER_ASSIGNMENT (  '', '', ( #5525 ) ) ;
#7041 = ORIENTED_EDGE ( 'NONE', *, *, #3705, .T. ) ;
#7042 = DIRECTION ( 'NONE',  ( 0.0000000000000000000, 1.000000000000000000, 0.0000000000000000000 ) ) ;
#7043 = ORIENTED_EDGE ( 'NONE', *, *, #4287, .F. ) ;
#7044 = CARTESIAN_POINT ( 'NONE',  ( -12.40000000000000000, 21.69999999999999900, -4.850000000000000500 ) ) ;
#7045 = VECTOR ( 'NONE', #7058, 1000.000000000000000 ) ;
#7046 = EDGE_CURVE ( 'NONE', #5658, #7507, #382, .T. ) ;
#7047 = CARTESIAN_POINT ( 'NONE',  ( -12.10312483381792600, -0.4300000000001086300, -5.130000000000000800 ) ) ;
#7048 = VERTEX_POINT ( 'NONE', #3504 ) ;
#7049 = CARTESIAN_POINT ( 'NONE',  ( 5.950000000000399900, 17.32000000000000000, 4.850000000000000500 ) ) ;
#7050 = STYLED_ITEM ( 'NONE', ( #6669 ), #5300 ) ;
#7051 = EDGE_LOOP ( 'NONE', ( #6857, #193, #6507, #224 ) ) ;
#7052 =( LENGTH_UNIT ( ) NAMED_UNIT ( * ) SI_UNIT ( .MILLI., .METRE. ) );
#7053 = LINE ( 'NONE', #3923, #5264 ) ;
#7054 = ADVANCED_FACE ( 'NONE', ( #6999 ), #3535, .F. ) ;
#7055 = EDGE_CURVE ( 'NONE', #3435, #2605, #2184, .T. ) ;
#7056 = EDGE_LOOP ( 'NONE', ( #5420, #1743, #3760, #2833 ) ) ;
#7057 = EDGE_LOOP ( 'NONE', ( #1529, #6219, #627, #4928 ) ) ;
#7058 = DIRECTION ( 'NONE',  ( 0.0000000000000000000, -1.000000000000000000, 0.0000000000000000000 ) ) ;
#7059 = CARTESIAN_POINT ( 'NONE',  ( -12.64013774716952000, -0.7120244148728569500, 5.129999999999999900 ) ) ;
#7060 = CARTESIAN_POINT ( 'NONE',  ( 10.16000000000000000, -0.6999999999999999600, 2.540000000000000000 ) ) ;
#7061 = CARTESIAN_POINT ( 'NONE',  ( 5.950000000000399900, 17.32000000000000000, 7.849999999999999600 ) ) ;
#7063 = DIRECTION ( 'NONE',  ( 0.0000000000000000000, 0.0000000000000000000, 1.000000000000000000 ) ) ;
#7062 = CARTESIAN_POINT ( 'NONE',  ( 11.60183876112578000, 12.75902544545034100, -7.400000000000000400 ) ) ;
#7064 = LINE ( 'NONE', #3600, #1424 ) ;
#7065 = ORIENTED_EDGE ( 'NONE', *, *, #1797, .F. ) ;
#7066 = VERTEX_POINT ( 'NONE', #8244 ) ;
#7067 = ORIENTED_EDGE ( 'NONE', *, *, #5114, .F. ) ;
#7068 = ORIENTED_EDGE ( 'NONE', *, *, #6622, .F. ) ;
#7069 = EDGE_CURVE ( 'NONE', #1629, #7253, #5209, .T. ) ;
#7070 = DIRECTION ( 'NONE',  ( 0.0000000000000000000, 0.0000000000000000000, 1.000000000000000000 ) ) ;
#7071 = DIRECTION ( 'NONE',  ( 0.0000000000000000000, 1.000000000000000000, 0.0000000000000000000 ) ) ;
#7072 = LINE ( 'NONE', #733, #8678 ) ;
#7073 = CARTESIAN_POINT ( 'NONE',  ( -12.55000000000000100, 0.0000000000000000000, 12.55000000000000100 ) ) ;
#7074 = CARTESIAN_POINT ( 'NONE',  ( -12.40000000000000000, 11.70000000000000100, -7.849999999999999600 ) ) ;
#7075 = ORIENTED_EDGE ( 'NONE', *, *, #5903, .T. ) ;
#7076 = AXIS2_PLACEMENT_3D ( 'NONE', #1616, #6898, #2915 ) ;
#7077 = FACE_OUTER_BOUND ( 'NONE', #8004, .T. ) ;
#7078 = EDGE_CURVE ( 'NONE', #6526, #3428, #8372, .T. ) ;
#7079 = DIRECTION ( 'NONE',  ( -2.073374672482239900E-016, 0.0000000000000000000, -1.000000000000000000 ) ) ;
#7080 = ORIENTED_EDGE ( 'NONE', *, *, #551, .F. ) ;
#7081 = VECTOR ( 'NONE', #3272, 1000.000000000000000 ) ;
#7082 = VERTEX_POINT ( 'NONE', #2829 ) ;
#7083 = FACE_OUTER_BOUND ( 'NONE', #4058, .T. ) ;
#7084 = DIRECTION ( 'NONE',  ( 1.000000000000000000, 0.0000000000000000000, 0.0000000000000000000 ) ) ;
#7085 = CARTESIAN_POINT ( 'NONE',  ( 0.4999999999996029800, 12.19744118435426100, -7.849999999999999600 ) ) ;
#7086 = DIRECTION ( 'NONE',  ( -1.000000000000000000, -1.097926250618123900E-016, 0.0000000000000000000 ) ) ;
#7087 = ORIENTED_EDGE ( 'NONE', *, *, #2045, .F. ) ;
#7088 = CARTESIAN_POINT ( 'NONE',  ( 11.40000000000040200, 12.20000000000000100, -12.40000000000000000 ) ) ;
#7089 = DIRECTION ( 'NONE',  ( 1.000000000000000000, 0.0000000000000000000, 0.0000000000000000000 ) ) ;
#7090 = DIRECTION ( 'NONE',  ( -0.0000000000000000000, -0.0000000000000000000, -1.000000000000000000 ) ) ;
#7091 = CARTESIAN_POINT ( 'NONE',  ( -6.949999999999999300, 12.20000000000000100, 7.849999999999999600 ) ) ;
#7092 = ORIENTED_EDGE ( 'NONE', *, *, #7357, .T. ) ;
#7094 = CARTESIAN_POINT ( 'NONE',  ( 11.70351619020334200, -0.4648426890406490200, 7.129999999999999900 ) ) ;
#7093 = PLANE ( 'NONE',  #7378 ) ;
#7095 = DIRECTION ( 'NONE',  ( -3.388131789017135300E-016, 1.000000000000000000, 0.0000000000000000000 ) ) ;
#7096 = LINE ( 'NONE', #8676, #5635 ) ;
#7097 = LINE ( 'NONE', #6019, #604 ) ;
#7098 = EDGE_CURVE ( 'NONE', #6186, #3847, #5626, .T. ) ;
#7099 = LINE ( 'NONE', #1840, #7953 ) ;
#7100 = CARTESIAN_POINT ( 'NONE',  ( 11.90000000000000000, 16.82000000000000000, 12.40000000000000000 ) ) ;
#7101 = ORIENTED_EDGE ( 'NONE', *, *, #1373, .F. ) ;
#7102 = VERTEX_POINT ( 'NONE', #3473 ) ;
#7103 = ORIENTED_EDGE ( 'NONE', *, *, #1909, .T. ) ;
#7104 = PLANE ( 'NONE',  #5936 ) ;
#7105 = AXIS2_PLACEMENT_3D ( 'NONE', #8506, #6437, #2413 ) ;
#7106 = VERTEX_POINT ( 'NONE', #4197 ) ;
#7107 = CARTESIAN_POINT ( 'NONE',  ( -10.16000000000000000, -0.6999999999999999600, 0.5000000000000000000 ) ) ;
#7108 = DIRECTION ( 'NONE',  ( 0.0000000000000000000, 1.000000000000000000, 0.0000000000000000000 ) ) ;
#7109 = LINE ( 'NONE', #7292, #5965 ) ;
#7110 = ORIENTED_EDGE ( 'NONE', *, *, #3079, .T. ) ;
#7111 = EDGE_CURVE ( 'NONE', #7171, #2300, #7844, .T. ) ;
#7112 = VECTOR ( 'NONE', #3764, 1000.000000000000000 ) ;
#7113 = ORIENTED_EDGE ( 'NONE', *, *, #4106, .F. ) ;
#7114 = ORIENTED_EDGE ( 'NONE', *, *, #3623, .T. ) ;
#7115 = CARTESIAN_POINT ( 'NONE',  ( 11.59959361958396000, 0.06999999999988960900, 7.129999999999999900 ) ) ;
#7117 = CIRCLE ( 'NONE', #3684, 0.5000000000000000000 ) ;
#7116 =( NAMED_UNIT ( * ) PLANE_ANGLE_UNIT ( ) SI_UNIT ( $, .RADIAN. ) );
#7118 = AXIS2_PLACEMENT_3D ( 'NONE', #6409, #5069, #2411 ) ;
#7119 = LINE ( 'NONE', #8367, #1798 ) ;
#7120 = ORIENTED_EDGE ( 'NONE', *, *, #1622, .T. ) ;
#7121 = CARTESIAN_POINT ( 'NONE',  ( 12.50100116209270200, -0.2203094662514442400, 5.129999999999999900 ) ) ;
#7122 = FILL_AREA_STYLE ('',( #2445 ) ) ;
#7123 = DIRECTION ( 'NONE',  ( 1.000000000000000000, 0.0000000000000000000, 0.0000000000000000000 ) ) ;
#7124 = ORIENTED_EDGE ( 'NONE', *, *, #2908, .F. ) ;
#7125 = EDGE_CURVE ( 'NONE', #2191, #216, #292, .T. ) ;
#7126 = DIRECTION ( 'NONE',  ( 0.0000000000000000000, 1.000000000000000000, 0.0000000000000000000 ) ) ;
#7127 = CARTESIAN_POINT ( 'NONE',  ( -3.000000000000000000, 11.70000000000000100, 7.400000000000000400 ) ) ;
#7128 = CARTESIAN_POINT ( 'NONE',  ( -12.40000000000000000, 16.82000000000000000, 12.40000000000000000 ) ) ;
#7129 = EDGE_CURVE ( 'NONE', #285, #3956, #2093, .T. ) ;
#7131 = CARTESIAN_POINT ( 'NONE',  ( 12.90054722849359900, 0.07009548768149509400, 4.859999999999999400 ) ) ;
#7130 =( LENGTH_UNIT ( ) NAMED_UNIT ( * ) SI_UNIT ( .MILLI., .METRE. ) );
#7132 = VERTEX_POINT ( 'NONE', #879 ) ;
#7133 = ORIENTED_EDGE ( 'NONE', *, *, #2775, .T. ) ;
#7134 = AXIS2_PLACEMENT_3D ( 'NONE', #3308, #1214, #1931 ) ;
#7136 = DIRECTION ( 'NONE',  ( 1.000000000000000000, 0.0000000000000000000, 1.927470528863119800E-016 ) ) ;
#7135 = CARTESIAN_POINT ( 'NONE',  ( -12.50100116209270400, -0.2203094662514500100, 5.129999999999999900 ) ) ;
#7137 = DIRECTION ( 'NONE',  ( 0.0000000000000000000, -1.000000000000000000, 0.0000000000000000000 ) ) ;
#7138 = EDGE_CURVE ( 'NONE', #1946, #7960, #4048, .T. ) ;
#7139 = LINE ( 'NONE', #625, #5992 ) ;
#7140 = CARTESIAN_POINT ( 'NONE',  ( -12.24959361958396000, -0.4300000000001086800, 7.400000000000000400 ) ) ;
#7141 = FACE_OUTER_BOUND ( 'NONE', #6785, .T. ) ;
#7142 = DIRECTION ( 'NONE',  ( 1.000000000000000000, 0.0000000000000000000, 0.0000000000000000000 ) ) ;
#7143 = DIRECTION ( 'NONE',  ( 0.0000000000000000000, 0.0000000000000000000, 1.000000000000000000 ) ) ;
#7144 = ADVANCED_FACE ( 'NONE', ( #6476 ), #6581, .T. ) ;
#7145 = CIRCLE ( 'NONE', #872, 0.4999999999999995600 ) ;
#7146 = VECTOR ( 'NONE', #8116, 1000.000000000000000 ) ;
#7147 = EDGE_CURVE ( 'NONE', #6923, #6776, #8584, .T. ) ;
#7148 = CARTESIAN_POINT ( 'NONE',  ( 11.61354585139582000, 7.824433369012191400, 12.41342400751739900 ) ) ;
#7149 =( NAMED_UNIT ( * ) PLANE_ANGLE_UNIT ( ) SI_UNIT ( $, .RADIAN. ) );
#7150 = SURFACE_STYLE_USAGE ( .BOTH. , #3106 ) ;
#7151 = DIRECTION ( 'NONE',  ( 0.0000000000000000000, 0.0000000000000000000, -1.000000000000000000 ) ) ;
#7152 = CARTESIAN_POINT ( 'NONE',  ( 11.70351619020334200, -0.4648426890406490200, 7.130000000000000800 ) ) ;
#7153 = VERTEX_POINT ( 'NONE', #4227 ) ;
#7155 = CARTESIAN_POINT ( 'NONE',  ( -12.40000000000000000, 11.70000000000000100, 4.850000000000000500 ) ) ;
#7154 =( NAMED_UNIT ( * ) PLANE_ANGLE_UNIT ( ) SI_UNIT ( $, .RADIAN. ) );
#7156 = VERTEX_POINT ( 'NONE', #798 ) ;
#7157 = ADVANCED_FACE ( 'NONE', ( #4138 ), #7624, .T. ) ;
#7158 = CIRCLE ( 'NONE', #6354, 0.4974411843543769500 ) ;
#7159 = CARTESIAN_POINT ( 'NONE',  ( 11.59960032407808100, -0.02134362361127549800, -7.130000000000000800 ) ) ;
#7160 = FILL_AREA_STYLE_COLOUR ( '', #5411 ) ;
#7161 = CARTESIAN_POINT ( 'NONE',  ( 6.450000000000000200, 16.82000000000000000, 12.40000000000000000 ) ) ;
#7162 = EDGE_CURVE ( 'NONE', #7279, #2973, #6064, .T. ) ;
#7163 = ORIENTED_EDGE ( 'NONE', *, *, #7911, .F. ) ;
#7164 = DIRECTION ( 'NONE',  ( -1.000000000000000000, 0.0000000000000000000, 0.0000000000000000000 ) ) ;
#7165 = LINE ( 'NONE', #2033, #2673 ) ;
#7166 = AXIS2_PLACEMENT_3D ( 'NONE', #895, #7567, #3571 ) ;
#7167 = ADVANCED_FACE ( 'NONE', ( #3625 ), #6265, .T. ) ;
#7168 = LINE ( 'NONE', #2251, #3082 ) ;
#7169 = ORIENTED_EDGE ( 'NONE', *, *, #8191, .F. ) ;
#7170 = VERTEX_POINT ( 'NONE', #5760 ) ;
#7171 = VERTEX_POINT ( 'NONE', #3790 ) ;
#7172 = VERTEX_POINT ( 'NONE', #4930 ) ;
#7173 = CARTESIAN_POINT ( 'NONE',  ( 12.10202787498491800, -0.4300000000001086800, -7.129999999999999900 ) ) ;
#7174 = LINE ( 'NONE', #571, #5911 ) ;
#7175 = EDGE_CURVE ( 'NONE', #7960, #7467, #922, .T. ) ;
#7176 = CIRCLE ( 'NONE', #2276, 0.5000000000000004400 ) ;
#7177 = ORIENTED_EDGE ( 'NONE', *, *, #4675, .F. ) ;
#7178 = CARTESIAN_POINT ( 'NONE',  ( -11.82243394292847900, 9.199999999999999300, -11.36026439514193200 ) ) ;
#7179 =( NAMED_UNIT ( * ) SI_UNIT ( $, .STERADIAN. ) SOLID_ANGLE_UNIT ( ) );
#7180 = PLANE ( 'NONE',  #6768 ) ;
#7181 = VERTEX_POINT ( 'NONE', #3161 ) ;
#7182 = CARTESIAN_POINT ( 'NONE',  ( -1.000000000000000000, 12.20000000000000100, 4.850000000000000500 ) ) ;
#7183 = CARTESIAN_POINT ( 'NONE',  ( -11.99959362185762000, 0.07004762192026201000, 7.129999999999999900 ) ) ;
#7184 = CARTESIAN_POINT ( 'NONE',  ( -12.21870917212955700, 0.0000000000000000000, -12.55000000000001300 ) ) ;
#7185 = VECTOR ( 'NONE', #6301, 1000.000000000000000 ) ;
#7187 = CARTESIAN_POINT ( 'NONE',  ( 11.55390823631220000, 13.15614453969008000, -7.400000000000000400 ) ) ;
#7186 = DIRECTION ( 'NONE',  ( 2.073374672482239900E-016, -0.0000000000000000000, 1.000000000000000000 ) ) ;
#7188 =( GEOMETRIC_REPRESENTATION_CONTEXT ( 3 ) GLOBAL_UNCERTAINTY_ASSIGNED_CONTEXT ( ( #7283 ) ) GLOBAL_UNIT_ASSIGNED_CONTEXT ( ( #5293, #2708, #8079 ) ) REPRESENTATION_CONTEXT ( 'NONE', 'WORKASPACE' ) );
#7189 = EDGE_CURVE ( 'NONE', #5095, #161, #8062, .T. ) ;
#7190 = ADVANCED_FACE ( 'NONE', ( #3219 ), #3786, .T. ) ;
#7191 = ORIENTED_EDGE ( 'NONE', *, *, #5605, .T. ) ;
#7192 = EDGE_LOOP ( 'NONE', ( #7916, #5750, #8174, #4643 ) ) ;
#7193 = CARTESIAN_POINT ( 'NONE',  ( 11.61683953726132000, -0.2054565999144494800, -7.130000000000000800 ) ) ;
#7194 = SURFACE_SIDE_STYLE ('',( #2338 ) ) ;
#7195 = DIRECTION ( 'NONE',  ( 0.0000000000000000000, 0.0000000000000000000, 1.000000000000000000 ) ) ;
#7196 = LINE ( 'NONE', #4702, #7615 ) ;
#7197 = MECHANICAL_DESIGN_GEOMETRIC_PRESENTATION_REPRESENTATION (  '', ( #4200 ), #7652 ) ;
#7198 = ORIENTED_EDGE ( 'NONE', *, *, #483, .T. ) ;
#7199 = VECTOR ( 'NONE', #8420, 1000.000000000000000 ) ;
#7200 = VERTEX_POINT ( 'NONE', #5146 ) ;
#7201 = ADVANCED_FACE ( 'NONE', ( #4461 ), #7518, .T. ) ;
#7202 = CARTESIAN_POINT ( 'NONE',  ( -11.60183876112544100, 12.75902544545406100, -4.859999999999999400 ) ) ;
#7203 = VECTOR ( 'NONE', #4998, 1000.000000000000000 ) ;
#7204 = DIRECTION ( 'NONE',  ( -1.000000000000000000, 0.0000000000000000000, 0.0000000000000000000 ) ) ;
#7205 = ORIENTED_EDGE ( 'NONE', *, *, #2360, .F. ) ;
#7206 = PRESENTATION_LAYER_ASSIGNMENT (  '', '', ( #5524 ) ) ;
#7207 = VECTOR ( 'NONE', #2165, 1000.000000000000000 ) ;
#7208 = CARTESIAN_POINT ( 'NONE',  ( -11.61683953726132000, -0.2054565999144494800, -7.130000000000000800 ) ) ;
#7209 = CARTESIAN_POINT ( 'NONE',  ( 12.88333504276538100, -0.2053636409173125200, 5.130000000000000800 ) ) ;
#7210 = CARTESIAN_POINT ( 'NONE',  ( 12.41184259964130600, 7.915032165556676900, -11.61286810511824400 ) ) ;
#7212 = DIRECTION ( 'NONE',  ( 1.000000000000000000, 0.0000000000000000000, 0.0000000000000000000 ) ) ;
#7211 = DIRECTION ( 'NONE',  ( 0.0000000000000000000, 0.0000000000000000000, -1.000000000000000000 ) ) ;
#7213 =( NAMED_UNIT ( * ) PLANE_ANGLE_UNIT ( ) SI_UNIT ( $, .RADIAN. ) );
#7214 = ORIENTED_EDGE ( 'NONE', *, *, #6640, .T. ) ;
#7215 = VECTOR ( 'NONE', #3276, 1000.000000000000000 ) ;
#7216 = VERTEX_POINT ( 'NONE', #4260 ) ;
#7217 = LINE ( 'NONE', #758, #5436 ) ;
#7218 = EDGE_CURVE ( 'NONE', #1623, #2078, #2396, .T. ) ;
#7219 = VECTOR ( 'NONE', #424, 1000.000000000000000 ) ;
#7220 = MECHANICAL_DESIGN_GEOMETRIC_PRESENTATION_REPRESENTATION (  '', ( #5419 ), #6319 ) ;
#7221 = CARTESIAN_POINT ( 'NONE',  ( 10.16000000000000000, -6.299999999999999800, 2.540000000000000000 ) ) ;
#7222 = PLANE ( 'NONE',  #8044 ) ;
#7223 = PRESENTATION_STYLE_ASSIGNMENT (( #2586 ) ) ;
#7224 = CARTESIAN_POINT ( 'NONE',  ( -11.60183876112544100, 12.75902544545406100, 7.400000000000000400 ) ) ;
#7225 = VERTEX_POINT ( 'NONE', #8540 ) ;
#7226 = SURFACE_STYLE_FILL_AREA ( #1740 ) ;
#7227 = VERTEX_POINT ( 'NONE', #7614 ) ;
#7228 = EDGE_CURVE ( 'NONE', #6186, #6501, #6355, .T. ) ;
#7229 = DIRECTION ( 'NONE',  ( 0.0000000000000000000, 0.0000000000000000000, 1.000000000000000000 ) ) ;
#7230 = VECTOR ( 'NONE', #800, 1000.000000000000000 ) ;
#7231 = ORIENTED_EDGE ( 'NONE', *, *, #7461, .T. ) ;
#7232 = ORIENTED_EDGE ( 'NONE', *, *, #2107, .F. ) ;
#7233 = CARTESIAN_POINT ( 'NONE',  ( 12.39715936418300000, -0.4300000000001086800, -5.129999999999999900 ) ) ;
#7235 = PRESENTATION_STYLE_ASSIGNMENT (( #7922 ) ) ;
#7234 = DIRECTION ( 'NONE',  ( 1.000000000000000000, 0.0000000000000000000, 0.0000000000000000000 ) ) ;
#7236 = CARTESIAN_POINT ( 'NONE',  ( -12.25013752952505900, -0.8898851874046199700, -5.129999999999999900 ) ) ;
#7237 = DIRECTION ( 'NONE',  ( -1.000000000000000000, 0.0000000000000000000, 0.0000000000000000000 ) ) ;
#7238 = CARTESIAN_POINT ( 'NONE',  ( 10.16000000000000000, -0.6999999999999999600, -2.540000000000000000 ) ) ;
#7239 = CARTESIAN_POINT ( 'NONE',  ( -3.000000000000000000, 11.70000000000000100, -4.859999999999999400 ) ) ;
#7240 = EDGE_CURVE ( 'NONE', #6353, #3011, #3116, .T. ) ;
#7241 =( LENGTH_UNIT ( ) NAMED_UNIT ( * ) SI_UNIT ( .MILLI., .METRE. ) );
#7242 = ADVANCED_FACE ( 'NONE', ( #4668 ), #4873, .F. ) ;
#7243 = DIRECTION ( 'NONE',  ( 0.0000000000000000000, 0.0000000000000000000, 1.000000000000000000 ) ) ;
#7244 = LINE ( 'NONE', #3060, #6939 ) ;
#7245 = MECHANICAL_DESIGN_GEOMETRIC_PRESENTATION_REPRESENTATION (  '', ( #1548 ), #2003 ) ;
#7246 = CARTESIAN_POINT ( 'NONE',  ( 11.59959361958396000, 0.06999999999988960900, -7.130000000000000800 ) ) ;
#7247 = SURFACE_STYLE_FILL_AREA ( #4013 ) ;
#7249 = PLANE ( 'NONE',  #1983 ) ;
#7248 = CARTESIAN_POINT ( 'NONE',  ( 5.950000000000399900, 17.32000000000000000, -7.849999999999999600 ) ) ;
#7250 = DIRECTION ( 'NONE',  ( 0.0000000000000000000, 0.0000000000000000000, 1.000000000000000000 ) ) ;
#7251 = EDGE_CURVE ( 'NONE', #4674, #2800, #3616, .T. ) ;
#7252 = CARTESIAN_POINT ( 'NONE',  ( -12.40979259415271900, 7.980704862222951100, -12.40979259415271900 ) ) ;
#7253 = VERTEX_POINT ( 'NONE', #3936 ) ;
#7254 = CARTESIAN_POINT ( 'NONE',  ( -11.61354585139580000, 7.824433369012191400, 12.41342400751739900 ) ) ;
#7255 = LINE ( 'NONE', #4323, #5372 ) ;
#7256 = ORIENTED_EDGE ( 'NONE', *, *, #5721, .F. ) ;
#7257 = EDGE_LOOP ( 'NONE', ( #818, #4427, #511, #7816, #4277, #2803, #3020 ) ) ;
#7258 = FACE_OUTER_BOUND ( 'NONE', #5975, .T. ) ;
#7259 = EDGE_CURVE ( 'NONE', #5543, #994, #1768, .T. ) ;
#7260 = DIRECTION ( 'NONE',  ( -0.9925062874861873000, 0.1221935730731606400, 0.0000000000000000000 ) ) ;
#7261 = DIRECTION ( 'NONE',  ( 0.0000000000000000000, 0.0000000000000000000, 1.000000000000000000 ) ) ;
#7262 = CARTESIAN_POINT ( 'NONE',  ( 6.450000000000000200, 12.20000000000000100, 4.850000000000000500 ) ) ;
#7263 = CARTESIAN_POINT ( 'NONE',  ( -12.25013752952505900, -0.8898851874046199700, 7.130000000000000800 ) ) ;
#7264 = CARTESIAN_POINT ( 'NONE',  ( 4.950000000000391000, 11.70000000000000100, 7.849999999999999600 ) ) ;
#7265 = CARTESIAN_POINT ( 'NONE',  ( -12.69999999999999900, -0.6999999999999999600, -4.500000000000000000 ) ) ;
#7266 = CARTESIAN_POINT ( 'NONE',  ( -0.5000000000000000000, 12.20000000000000100, -12.40000000000000000 ) ) ;
#7267 = ORIENTED_EDGE ( 'NONE', *, *, #6345, .T. ) ;
#7268 = ORIENTED_EDGE ( 'NONE', *, *, #1530, .T. ) ;
#7269 = ORIENTED_EDGE ( 'NONE', *, *, #4712, .F. ) ;
#7270 = DIRECTION ( 'NONE',  ( 1.000000000000000000, 0.0000000000000000000, 0.0000000000000000000 ) ) ;
#7271 = ORIENTED_EDGE ( 'NONE', *, *, #3671, .T. ) ;
#7272 = SURFACE_STYLE_USAGE ( .BOTH. , #693 ) ;
#7273 = CARTESIAN_POINT ( 'NONE',  ( -5.950000000000399900, 16.82000000000000000, -7.849999999999999600 ) ) ;
#7274 = CARTESIAN_POINT ( 'NONE',  ( 0.4999999999996029800, 12.19744118435426100, -4.850000000000000500 ) ) ;
#7275 = EDGE_CURVE ( 'NONE', #7066, #8701, #383, .T. ) ;
#7276 = ORIENTED_EDGE ( 'NONE', *, *, #3736, .T. ) ;
#7277 = CARTESIAN_POINT ( 'NONE',  ( -4.950000000000391000, 11.70000000000000100, -12.40000000000000000 ) ) ;
#7278 = UNCERTAINTY_MEASURE_WITH_UNIT (LENGTH_MEASURE( 1.000000000000000100E-005 ), #4184, 'distance_accuracy_value', 'NONE');
#7279 = VERTEX_POINT ( 'NONE', #2618 ) ;
#7280 = VECTOR ( 'NONE', #1410, 1000.000000000000000 ) ;
#7281 = DIRECTION ( 'NONE',  ( 0.0000000000000000000, 0.0000000000000000000, -1.000000000000000000 ) ) ;
#7282 = ORIENTED_EDGE ( 'NONE', *, *, #4076, .F. ) ;
#7283 = UNCERTAINTY_MEASURE_WITH_UNIT (LENGTH_MEASURE( 1.000000000000000100E-005 ), #5293, 'distance_accuracy_value', 'NONE');
#7284 = DIRECTION ( 'NONE',  ( -1.000000000000000000, -9.109505398131430300E-018, 0.0000000000000000000 ) ) ;
#7285 = DIRECTION ( 'NONE',  ( 2.797941090285175100E-016, -0.0000000000000000000, 1.000000000000000000 ) ) ;
#7286 = ORIENTED_EDGE ( 'NONE', *, *, #3554, .F. ) ;
#7287 = EDGE_CURVE ( 'NONE', #176, #1859, #3934, .T. ) ;
#7288 = AXIS2_PLACEMENT_3D ( 'NONE', #631, #5970, #3959 ) ;
#7289 = AXIS2_PLACEMENT_3D ( 'NONE', #6224, #2886, #4887 ) ;
#7290 = FACE_OUTER_BOUND ( 'NONE', #2984, .T. ) ;
#7291 = CARTESIAN_POINT ( 'NONE',  ( -12.79669646790869900, -0.4647624511386099800, 7.130000000000000800 ) ) ;
#7292 = CARTESIAN_POINT ( 'NONE',  ( 6.949999999999999300, 11.70000000000000100, -12.40000000000000000 ) ) ;
#7293 = ORIENTED_EDGE ( 'NONE', *, *, #1832, .T. ) ;
#7294 = CARTESIAN_POINT ( 'NONE',  ( 12.90054052399948000, 0.07009548768148118900, 7.400000000000000400 ) ) ;
#7295 = DIRECTION ( 'NONE',  ( 1.000000000000000000, 0.0000000000000000000, 0.0000000000000000000 ) ) ;
#7296 = LINE ( 'NONE', #5968, #6053 ) ;
#7297 = DIRECTION ( 'NONE',  ( -4.372213365170680100E-016, 1.000000000000000000, 0.0000000000000000000 ) ) ;
#7298 = VECTOR ( 'NONE', #4758, 1000.000000000000100 ) ;
#7299 = EDGE_CURVE ( 'NONE', #5553, #7709, #1869, .T. ) ;
#7300 = LINE ( 'NONE', #4614, #5517 ) ;
#7301 = ORIENTED_EDGE ( 'NONE', *, *, #3255, .F. ) ;
#7302 = DIRECTION ( 'NONE',  ( 1.000000000000000000, 0.0000000000000000000, 0.0000000000000000000 ) ) ;
#7303 = ORIENTED_EDGE ( 'NONE', *, *, #7732, .F. ) ;
#7304 = CARTESIAN_POINT ( 'NONE',  ( 12.90054722849359900, 0.07009548768149509400, -7.400000000000000400 ) ) ;
#7305 = CARTESIAN_POINT ( 'NONE',  ( -5.950000000000000200, 17.32000000000000000, 12.40000000000000000 ) ) ;
#7306 = PRESENTATION_STYLE_ASSIGNMENT (( #6612 ) ) ;
#7308 = CARTESIAN_POINT ( 'NONE',  ( 12.55000000000000100, 0.0000000000000000000, 12.55000000000000100 ) ) ;
#7307 = CARTESIAN_POINT ( 'NONE',  ( -11.99960518008858500, 0.07480837547084397100, -7.129999999999999900 ) ) ;
#7309 = VECTOR ( 'NONE', #2752, 1000.000000000000000 ) ;
#7310 = LINE ( 'NONE', #2155, #8486 ) ;
#7311 = EDGE_LOOP ( 'NONE', ( #5603, #5409, #7445, #1745, #5485, #5383, #7075, #4636, #3972, #8171, #190, #958, #7846, #1888, #3444, #8553, #5228, #707, #5063, #6709, #4752, #6444, #3086, #4680, #1519, #295, #2147, #6945, #7485, #4540, #2933, #7867, #1259, #5319, #837, #4817, #2134, #5733, #3891, #3667, #7906, #5747, #3938, #1146 ) ) ;
#7312 = EDGE_LOOP ( 'NONE', ( #7789, #1031, #1455, #2608 ) ) ;
#7313 = PLANE ( 'NONE',  #2351 ) ;
#7315 = LINE ( 'NONE', #1996, #833 ) ;
#7314 = DIRECTION ( 'NONE',  ( 0.0000000000000000000, 0.0000000000000000000, 1.000000000000000000 ) ) ;
#7316 = EDGE_CURVE ( 'NONE', #3436, #6842, #8478, .T. ) ;
#7317 = ORIENTED_EDGE ( 'NONE', *, *, #5413, .T. ) ;
#7318 = SURFACE_STYLE_FILL_AREA ( #8661 ) ;
#7319 = ORIENTED_EDGE ( 'NONE', *, *, #7551, .T. ) ;
#7320 = ORIENTED_EDGE ( 'NONE', *, *, #231, .F. ) ;
#7321 = COLOUR_RGB ( '',0.7490196078431372600, 0.7490196078431372600, 0.7490196078431372600 ) ;
#7322 = CARTESIAN_POINT ( 'NONE',  ( 10.16000000000000000, -6.299999999999999800, 10.16000000000000000 ) ) ;
#7323 = CARTESIAN_POINT ( 'NONE',  ( 0.0000000000000000000, 0.0000000000000000000, 0.0000000000000000000 ) ) ;
#7324 = CARTESIAN_POINT ( 'NONE',  ( -11.86011120661946100, -0.7120816677289799600, 7.130000000000000800 ) ) ;
#7325 = LINE ( 'NONE', #6658, #8082 ) ;
#7326 = DIRECTION ( 'NONE',  ( 0.0000000000000000000, 1.000000000000000000, 0.0000000000000000000 ) ) ;
#7327 = DIRECTION ( 'NONE',  ( 1.000000000000000000, 0.0000000000000000000, 0.0000000000000000000 ) ) ;
#7328 = EDGE_CURVE ( 'NONE', #6237, #697, #5619, .T. ) ;
#7329 = CARTESIAN_POINT ( 'NONE',  ( -6.949999999999999300, 12.20000000000000100, -12.40000000000000000 ) ) ;
#7330 = ORIENTED_EDGE ( 'NONE', *, *, #1863, .T. ) ;
#7331 = PLANE ( 'NONE',  #502 ) ;
#7332 = CARTESIAN_POINT ( 'NONE',  ( -12.40000000000000000, 11.19999999999999900, 12.40000000000000000 ) ) ;
#7334 = CARTESIAN_POINT ( 'NONE',  ( -6.949999999999999300, 11.70000000000000100, 7.849999999999999600 ) ) ;
#7333 = SURFACE_STYLE_USAGE ( .BOTH. , #730 ) ;
#7335 = DIRECTION ( 'NONE',  ( 0.0000000000000000000, 0.0000000000000000000, 1.000000000000000000 ) ) ;
#7336 = CARTESIAN_POINT ( 'NONE',  ( 11.40000000000040200, 16.82000000000000000, -12.40000000000000000 ) ) ;
#7337 = CARTESIAN_POINT ( 'NONE',  ( -0.5000000000000000000, 12.20000000000000100, -12.40000000000000000 ) ) ;
#7338 = AXIS2_PLACEMENT_3D ( 'NONE', #3898, #6637, #6705 ) ;
#7339 = VERTEX_POINT ( 'NONE', #3252 ) ;
#7340 = EDGE_CURVE ( 'NONE', #994, #7620, #7300, .T. ) ;
#7341 = CARTESIAN_POINT ( 'NONE',  ( 10.16000000000000000, -0.6999999999999999600, -10.16000000000000000 ) ) ;
#7342 = CARTESIAN_POINT ( 'NONE',  ( -12.69999999999999900, 0.0000000000000000000, -7.400000000000000400 ) ) ;
#7343 = VECTOR ( 'NONE', #1139, 1000.000000000000000 ) ;
#7344 = PRODUCT_CONTEXT ( 'NONE', #8039, 'mechanical' ) ;
#7345 = EDGE_CURVE ( 'NONE', #729, #7486, #2289, .T. ) ;
#7346 = CARTESIAN_POINT ( 'NONE',  ( -12.90054722849357900, -0.02124813592968395300, 5.129999999999999900 ) ) ;
#7347 = CARTESIAN_POINT ( 'NONE',  ( -12.69999999999999900, -0.6999999999999999600, 7.400000000000000400 ) ) ;
#7348 = CYLINDRICAL_SURFACE ( 'NONE', #3721, 0.4999999999999995600 ) ;
#7349 = LINE ( 'NONE', #771, #1513 ) ;
#7350 = DIRECTION ( 'NONE',  ( -1.000000000000000000, 0.0000000000000000000, 0.0000000000000000000 ) ) ;
#7351 = VERTEX_POINT ( 'NONE', #6600 ) ;
#7352 = AXIS2_PLACEMENT_3D ( 'NONE', #5055, #8344, #6357 ) ;
#7354 = FILL_AREA_STYLE_COLOUR ( '', #1503 ) ;
#7353 = DIRECTION ( 'NONE',  ( 0.01744974916067939400, 0.9996954598818875700, 0.01744974916067939400 ) ) ;
#7355 = SURFACE_STYLE_USAGE ( .BOTH. , #1351 ) ;
#7356 = VERTEX_POINT ( 'NONE', #8009 ) ;
#7357 = EDGE_CURVE ( 'NONE', #3712, #5416, #180, .T. ) ;
#7359 = CARTESIAN_POINT ( 'NONE',  ( -11.67520736133018900, 9.066591395139617800, -11.67520736133019100 ) ) ;
#7358 = DIRECTION ( 'NONE',  ( 0.0000000000000000000, 0.0000000000000000000, 1.000000000000000000 ) ) ;
#7360 = VECTOR ( 'NONE', #8319, 1000.000000000000000 ) ;
#7361 = ORIENTED_EDGE ( 'NONE', *, *, #168, .F. ) ;
#7362 = CARTESIAN_POINT ( 'NONE',  ( -12.40000000000000000, 11.19999999999999900, -12.40000000000000000 ) ) ;
#7363 = ORIENTED_EDGE ( 'NONE', *, *, #4432, .F. ) ;
#7364 = CARTESIAN_POINT ( 'NONE',  ( 12.64013774716952000, -0.7120244148728569500, -7.129999999999999900 ) ) ;
#7365 = VECTOR ( 'NONE', #1019, 1000.000000000000000 ) ;
#7366 = CARTESIAN_POINT ( 'NONE',  ( 12.07809654921153500, 8.756705158317615200, -12.07809654921153400 ) ) ;
#7367 = VECTOR ( 'NONE', #3855, 1000.000000000000000 ) ;
#7368 = EDGE_LOOP ( 'NONE', ( #262, #3824, #4746, #8260 ) ) ;
#7369 = ORIENTED_EDGE ( 'NONE', *, *, #2386, .F. ) ;
#7370 = ADVANCED_FACE ( 'NONE', ( #913 ), #5406, .T. ) ;
#7371 = ORIENTED_EDGE ( 'NONE', *, *, #6337, .F. ) ;
#7372 = EDGE_CURVE ( 'NONE', #8261, #1793, #7827, .T. ) ;
#7373 = CARTESIAN_POINT ( 'NONE',  ( 12.90054722849359900, 0.07009548768149509400, 7.400000000000000400 ) ) ;
#7374 = VERTEX_POINT ( 'NONE', #1246 ) ;
#7375 = CARTESIAN_POINT ( 'NONE',  ( -11.70351619020334200, -0.4648426890406490200, 7.129999999999999900 ) ) ;
#7376 = CARTESIAN_POINT ( 'NONE',  ( -12.24959361958396000, -0.4300000000001086800, 7.129999999999999900 ) ) ;
#7377 = FACE_OUTER_BOUND ( 'NONE', #3455, .T. ) ;
#7378 = AXIS2_PLACEMENT_3D ( 'NONE', #395, #3032, #1084 ) ;
#7379 = VECTOR ( 'NONE', #167, 1000.000000000000000 ) ;
#7380 = ORIENTED_EDGE ( 'NONE', *, *, #6716, .F. ) ;
#7381 = DIRECTION ( 'NONE',  ( 1.000000000000000000, 0.0000000000000000000, 0.0000000000000000000 ) ) ;
#7382 = DIRECTION ( 'NONE',  ( 1.000000000000000000, 0.0000000000000000000, 0.0000000000000000000 ) ) ;
#7383 = UNCERTAINTY_MEASURE_WITH_UNIT (LENGTH_MEASURE( 1.000000000000000100E-005 ), #8131, 'distance_accuracy_value', 'NONE');
#7384 = ORIENTED_EDGE ( 'NONE', *, *, #6411, .T. ) ;
#7385 = AXIS2_PLACEMENT_3D ( 'NONE', #8324, #6201, #8230 ) ;
#7386 = DIRECTION ( 'NONE',  ( 0.0000000000000000000, -1.000000000000000000, 0.0000000000000000000 ) ) ;
#7387 = CARTESIAN_POINT ( 'NONE',  ( 11.60183876112578000, 12.75902544545034100, -4.859999999999999400 ) ) ;
#7389 = CARTESIAN_POINT ( 'NONE',  ( 12.40143812445130700, 8.005473010438217700, 11.60840904436745500 ) ) ;
#7388 = FILL_AREA_STYLE ('',( #2663 ) ) ;
#7390 = CARTESIAN_POINT ( 'NONE',  ( -12.49959361958396000, 0.07002387192026059100, -7.129999999999999900 ) ) ;
#7391 = CARTESIAN_POINT ( 'NONE',  ( -11.50000000000000000, -0.6999999999999999600, 7.400000000000000400 ) ) ;
#7392 = EDGE_CURVE ( 'NONE', #679, #4236, #6681, .T. ) ;
#7394 = CARTESIAN_POINT ( 'NONE',  ( -12.05953900380487900, 8.735040084441889600, -11.46188084980384600 ) ) ;
#7393 = PLANE ( 'NONE',  #3391 ) ;
#7395 = LINE ( 'NONE', #7044, #1025 ) ;
#7396 = EDGE_LOOP ( 'NONE', ( #7589, #3084, #4934, #6032 ) ) ;
#7397 = AXIS2_PLACEMENT_3D ( 'NONE', #4650, #37, #647 ) ;
#7398 = ORIENTED_EDGE ( 'NONE', *, *, #6082, .F. ) ;
#7399 = CIRCLE ( 'NONE', #210, 0.7999999999964764200 ) ;
#7400 = CARTESIAN_POINT ( 'NONE',  ( -11.71147481116704000, 9.027136750311880700, 11.31271048152957100 ) ) ;
#7401 = ADVANCED_FACE ( 'NONE', ( #3725 ), #5260, .F. ) ;
#7402 = LINE ( 'NONE', #4839, #5084 ) ;
#7403 = DIRECTION ( 'NONE',  ( 0.0000000000000000000, 1.000000000000000000, 0.0000000000000000000 ) ) ;
#7404 = EDGE_LOOP ( 'NONE', ( #2516, #4148, #1732, #4490 ) ) ;
#7405 = EDGE_CURVE ( 'NONE', #3428, #4176, #7196, .T. ) ;
#7406 = EDGE_CURVE ( 'NONE', #7971, #1344, #5823, .T. ) ;
#7407 = ORIENTED_EDGE ( 'NONE', *, *, #453, .T. ) ;
#7408 = AXIS2_PLACEMENT_3D ( 'NONE', #5865, #2539, #1874 ) ;
#7409 = ORIENTED_EDGE ( 'NONE', *, *, #6183, .F. ) ;
#7410 = LINE ( 'NONE', #5754, #6260 ) ;
#7411 = VERTEX_POINT ( 'NONE', #84 ) ;
#7412 = VECTOR ( 'NONE', #5743, 1000.000000000000000 ) ;
#7413 = CARTESIAN_POINT ( 'NONE',  ( 0.4999999999996029800, 12.19744118435426100, -12.40000000000000000 ) ) ;
#7414 = PRESENTATION_STYLE_ASSIGNMENT (( #2305 ) ) ;
#7415 = CARTESIAN_POINT ( 'NONE',  ( -12.25013752952505900, -0.8898851874046199700, 7.129999999999999900 ) ) ;
#7416 = VERTEX_POINT ( 'NONE', #4644 ) ;
#7417 = DIRECTION ( 'NONE',  ( 1.000000000000000000, 0.0000000000000000000, 0.0000000000000000000 ) ) ;
#7418 = ORIENTED_EDGE ( 'NONE', *, *, #5053, .F. ) ;
#7419 = DIRECTION ( 'NONE',  ( 0.9925062874861873000, -0.1221935730731606400, 0.0000000000000000000 ) ) ;
#7420 = AXIS2_PLACEMENT_3D ( 'NONE', #1540, #3557, #3469 ) ;
#7421 = ORIENTED_EDGE ( 'NONE', *, *, #529, .F. ) ;
#7422 = FACE_OUTER_BOUND ( 'NONE', #562, .T. ) ;
#7423 = EDGE_CURVE ( 'NONE', #7216, #285, #4036, .T. ) ;
#7424 = CARTESIAN_POINT ( 'NONE',  ( -12.40000000000000000, 21.69999999999999900, -7.849999999999999600 ) ) ;
#7425 = CYLINDRICAL_SURFACE ( 'NONE', #7001, 0.5000000000000004400 ) ;
#7426 = DIRECTION ( 'NONE',  ( 0.0000000000000000000, -1.000000000000000000, 0.0000000000000000000 ) ) ;
#7427 = CARTESIAN_POINT ( 'NONE',  ( 12.69999999999999900, 0.0000000000000000000, 4.500000000000000000 ) ) ;
#7428 = VERTEX_POINT ( 'NONE', #6742 ) ;
#7430 = CARTESIAN_POINT ( 'NONE',  ( 12.26417654002168900, 8.435894577954972100, 11.54958265104011500 ) ) ;
#7429 = DIRECTION ( 'NONE',  ( 2.073374672482239900E-016, 0.0000000000000000000, 1.000000000000000000 ) ) ;
#7431 = DIRECTION ( 'NONE',  ( -0.0000000000000000000, -0.0000000000000000000, -1.000000000000000000 ) ) ;
#7432 = CARTESIAN_POINT ( 'NONE',  ( -12.24959361958396000, -0.4300000000001086800, -7.400000000000000400 ) ) ;
#7433 = ORIENTED_EDGE ( 'NONE', *, *, #6944, .T. ) ;
#7435 = CARTESIAN_POINT ( 'NONE',  ( -11.86565260534498200, 8.925571717563787600, -11.37878667903482300 ) ) ;
#7434 = SURFACE_SIDE_STYLE ('',( #4267 ) ) ;
#7436 = LINE ( 'NONE', #6611, #7542 ) ;
#7437 = CARTESIAN_POINT ( 'NONE',  ( -11.87544918631632000, 8.940526314999745600, 11.87544918631630300 ) ) ;
#7438 = CARTESIAN_POINT ( 'NONE',  ( -12.40000000000000000, 16.82000000000000000, 7.849999999999999600 ) ) ;
#7439 = VECTOR ( 'NONE', #7195, 1000.000000000000000 ) ;
#7440 = EDGE_CURVE ( 'NONE', #1563, #2714, #6982, .T. ) ;
#7441 = ORIENTED_EDGE ( 'NONE', *, *, #592, .T. ) ;
#7442 =( GEOMETRIC_REPRESENTATION_CONTEXT ( 3 ) GLOBAL_UNCERTAINTY_ASSIGNED_CONTEXT ( ( #2262 ) ) GLOBAL_UNIT_ASSIGNED_CONTEXT ( ( #3487, #8229, #4187 ) ) REPRESENTATION_CONTEXT ( 'NONE', 'WORKASPACE' ) );
#7443 = DIRECTION ( 'NONE',  ( 0.0000000000000000000, 0.0000000000000000000, 1.000000000000000000 ) ) ;
#7444 = FACE_OUTER_BOUND ( 'NONE', #6774, .T. ) ;
#7445 = ORIENTED_EDGE ( 'NONE', *, *, #3509, .T. ) ;
#7446 = DIRECTION ( 'NONE',  ( 0.0000000000000000000, 0.0000000000000000000, 1.000000000000000000 ) ) ;
#7447 = CARTESIAN_POINT ( 'NONE',  ( -11.55390823631167900, 13.15614453969378100, 7.400000000000000400 ) ) ;
#7448 = ORIENTED_EDGE ( 'NONE', *, *, #322, .F. ) ;
#7449 = ORIENTED_EDGE ( 'NONE', *, *, #7345, .T. ) ;
#7450 = EDGE_CURVE ( 'NONE', #2078, #6073, #6229, .T. ) ;
#7451 = ADVANCED_FACE ( 'NONE', ( #7083 ), #6683, .F. ) ;
#7452 = SURFACE_SIDE_STYLE ('',( #7602 ) ) ;
#7453 = VECTOR ( 'NONE', #3080, 1000.000000000000000 ) ;
#7454 = AXIS2_PLACEMENT_3D ( 'NONE', #6729, #7386, #7994 ) ;
#7456 = CARTESIAN_POINT ( 'NONE',  ( -6.450000000000000200, 12.20000000000000100, -12.40000000000000000 ) ) ;
#7455 =( LENGTH_UNIT ( ) NAMED_UNIT ( * ) SI_UNIT ( .MILLI., .METRE. ) );
#7457 = DIRECTION ( 'NONE',  ( 0.0000000000000000000, 0.0000000000000000000, 1.000000000000000000 ) ) ;
#7458 =( NAMED_UNIT ( * ) SI_UNIT ( $, .STERADIAN. ) SOLID_ANGLE_UNIT ( ) );
#7459 = LINE ( 'NONE', #7474, #4508 ) ;
#7460 = CARTESIAN_POINT ( 'NONE',  ( 0.9974411843539802100, 11.70000000000000100, 4.850000000000000500 ) ) ;
#7461 = EDGE_CURVE ( 'NONE', #300, #2198, #8443, .T. ) ;
#7462 = VECTOR ( 'NONE', #6514, 1000.000000000000000 ) ;
#7463 = CARTESIAN_POINT ( 'NONE',  ( -11.19489180893471300, 9.200000000000004600, 11.09131776628586500 ) ) ;
#7464 = CARTESIAN_POINT ( 'NONE',  ( 11.86011120661946100, -0.7120816677289799600, -7.129999999999999900 ) ) ;
#7465 = AXIS2_PLACEMENT_3D ( 'NONE', #4112, #6856, #5447 ) ;
#7466 = DIRECTION ( 'NONE',  ( 1.000000000000000000, 0.0000000000000000000, 0.0000000000000000000 ) ) ;
#7467 = VERTEX_POINT ( 'NONE', #7342 ) ;
#7468 = ADVANCED_FACE ( 'NONE', ( #5301 ), #1661, .T. ) ;
#7469 = EDGE_CURVE ( 'NONE', #888, #7606, #7402, .T. ) ;
#7470 = CARTESIAN_POINT ( 'NONE',  ( 5.450000000000399900, 12.20000000000000100, -4.850000000000000500 ) ) ;
#7471 = VERTEX_POINT ( 'NONE', #7438 ) ;
#7472 = ORIENTED_EDGE ( 'NONE', *, *, #433, .F. ) ;
#7473 = EDGE_LOOP ( 'NONE', ( #4226, #6684, #3365, #6957 ) ) ;
#7474 = CARTESIAN_POINT ( 'NONE',  ( -11.50000000000000000, 9.700000000000001100, 11.50000000000000000 ) ) ;
#7475 = CYLINDRICAL_SURFACE ( 'NONE', #1722, 0.4974411843543769500 ) ;
#7476 = CARTESIAN_POINT ( 'NONE',  ( 12.64013774716952000, -0.7120244148728569500, -5.129999999999999900 ) ) ;
#7477 = DIRECTION ( 'NONE',  ( 0.0000000000000000000, 0.0000000000000000000, 1.000000000000000000 ) ) ;
#7478 = FACE_OUTER_BOUND ( 'NONE', #923, .T. ) ;
#7479 = CARTESIAN_POINT ( 'NONE',  ( 11.61354585139581600, 7.824433369012192300, 12.41342400751740600 ) ) ;
#7480 = CARTESIAN_POINT ( 'NONE',  ( -12.24959361958396000, -0.4300000000001086800, 5.129999999999999900 ) ) ;
#7481 = DIRECTION ( 'NONE',  ( 0.0000000000000000000, 1.000000000000000000, 0.0000000000000000000 ) ) ;
#7482 = ORIENTED_EDGE ( 'NONE', *, *, #2424, .F. ) ;
#7484 = DIRECTION ( 'NONE',  ( 0.0000000000000000000, 0.0000000000000000000, -1.000000000000000000 ) ) ;
#7483 = DIRECTION ( 'NONE',  ( -6.911248908274129400E-017, 0.0000000000000000000, -1.000000000000000000 ) ) ;
#7485 = ORIENTED_EDGE ( 'NONE', *, *, #8690, .F. ) ;
#7486 = VERTEX_POINT ( 'NONE', #5 ) ;
#7487 = VECTOR ( 'NONE', #532, 1000.000000000000000 ) ;
#7488 = FACE_OUTER_BOUND ( 'NONE', #4582, .T. ) ;
#7489 = CARTESIAN_POINT ( 'NONE',  ( -11.53875576386693600, 9.119446636787907700, 11.53875576386697200 ) ) ;
#7490 = ORIENTED_EDGE ( 'NONE', *, *, #3183, .F. ) ;
#7491 = AXIS2_PLACEMENT_3D ( 'NONE', #8603, #2528, #8565 ) ;
#7492 = AXIS2_PLACEMENT_3D ( 'NONE', #1780, #441, #5118 ) ;
#7493 = PLANE ( 'NONE',  #2489 ) ;
#7494 = ORIENTED_EDGE ( 'NONE', *, *, #3306, .T. ) ;
#7495 = LINE ( 'NONE', #3924, #7707 ) ;
#7496 = VECTOR ( 'NONE', #2637, 1000.000000000000000 ) ;
#7497 = VERTEX_POINT ( 'NONE', #8240 ) ;
#7498 = EDGE_CURVE ( 'NONE', #1464, #994, #6255, .T. ) ;
#7499 = DIRECTION ( 'NONE',  ( -6.546126324440770800E-016, 0.0000000000000000000, -1.000000000000000000 ) ) ;
#7500 = DIRECTION ( 'NONE',  ( 1.000000000000000000, 0.0000000000000000000, 0.0000000000000000000 ) ) ;
#7501 = ORIENTED_EDGE ( 'NONE', *, *, #3477, .T. ) ;
#7502 = LINE ( 'NONE', #1643, #1974 ) ;
#7503 = ADVANCED_FACE ( 'NONE', ( #8572 ), #874, .T. ) ;
#7504 = AXIS2_PLACEMENT_3D ( 'NONE', #6924, #2808, #841 ) ;
#7505 = VECTOR ( 'NONE', #1858, 1000.000000000000000 ) ;
#7506 = DIRECTION ( 'NONE',  ( 1.000000000000000000, 0.0000000000000000000, 0.0000000000000000000 ) ) ;
#7507 = VERTEX_POINT ( 'NONE', #8267 ) ;
#7508 = AXIS2_PLACEMENT_3D ( 'NONE', #7221, #3842, #7784 ) ;
#7509 = CARTESIAN_POINT ( 'NONE',  ( -6.450000000000000200, 16.82000000000000000, -12.40000000000000000 ) ) ;
#7510 = ORIENTED_EDGE ( 'NONE', *, *, #5453, .T. ) ;
#7512 = CARTESIAN_POINT ( 'NONE',  ( 12.36337304907254300, 8.182653497362451800, 11.59209544063360800 ) ) ;
#7511 =( NAMED_UNIT ( * ) PLANE_ANGLE_UNIT ( ) SI_UNIT ( $, .RADIAN. ) );
#7513 = COLOUR_RGB ( '',0.7490196078431372600, 0.7490196078431372600, 0.7490196078431372600 ) ;
#7514 = EDGE_CURVE ( 'NONE', #8479, #1612, #2081, .T. ) ;
#7515 = DIRECTION ( 'NONE',  ( 1.000000000000000000, 3.388131789017135300E-016, 0.0000000000000000000 ) ) ;
#7516 = ADVANCED_FACE ( 'NONE', ( #3213 ), #1490, .T. ) ;
#7517 = FACE_OUTER_BOUND ( 'NONE', #2811, .T. ) ;
#7518 = CONICAL_SURFACE ( 'NONE', #4711, 0.1999999999999883800, 0.7853981633974476100 ) ;
#7519 = ORIENTED_EDGE ( 'NONE', *, *, #3041, .F. ) ;
#7520 = VERTEX_POINT ( 'NONE', #4220 ) ;
#7521 = ORIENTED_EDGE ( 'NONE', *, *, #517, .F. ) ;
#7522 = CARTESIAN_POINT ( 'NONE',  ( -12.41342400751738700, 7.824433369012192300, 11.61354585139581600 ) ) ;
#7524 = VECTOR ( 'NONE', #4739, 1000.000000000000000 ) ;
#7523 = DIRECTION ( 'NONE',  ( 0.0000000000000000000, 0.0000000000000000000, 1.000000000000000000 ) ) ;
#7525 = EDGE_CURVE ( 'NONE', #7351, #3729, #2987, .T. ) ;
#7526 = ORIENTED_EDGE ( 'NONE', *, *, #8125, .T. ) ;
#7527 = ORIENTED_EDGE ( 'NONE', *, *, #6438, .F. ) ;
#7528 = ORIENTED_EDGE ( 'NONE', *, *, #392, .F. ) ;
#7529 = LINE ( 'NONE', #7011, #8708 ) ;
#7531 = DIRECTION ( 'NONE',  ( 0.0000000000000000000, 0.0000000000000000000, -1.000000000000000000 ) ) ;
#7530 = DIRECTION ( 'NONE',  ( -0.01744974916067939400, -0.9996954598818875700, 0.01744974916067939400 ) ) ;
#7532 = FACE_OUTER_BOUND ( 'NONE', #7004, .T. ) ;
#7533 = ADVANCED_FACE ( 'NONE', ( #6778, #8688, #1450, #3319 ), #7493, .T. ) ;
#7534 = AXIS2_PLACEMENT_3D ( 'NONE', #843, #897, #7631 ) ;
#7535 = ORIENTED_EDGE ( 'NONE', *, *, #563, .F. ) ;
#7536 = LINE ( 'NONE', #636, #7215 ) ;
#7537 = EDGE_CURVE ( 'NONE', #7, #3073, #8366, .T. ) ;
#7538 = VERTEX_POINT ( 'NONE', #2895 ) ;
#7539 = CARTESIAN_POINT ( 'NONE',  ( 6.949999999999999300, 12.20000000000000100, -12.40000000000000000 ) ) ;
#7540 = LINE ( 'NONE', #3519, #414 ) ;
#7541 = ORIENTED_EDGE ( 'NONE', *, *, #5257, .F. ) ;
#7542 = VECTOR ( 'NONE', #4438, 1000.000000000000000 ) ;
#7543 = CARTESIAN_POINT ( 'NONE',  ( 12.49959361958396000, 0.06999999999989130200, 7.400000000000000400 ) ) ;
#7544 = CARTESIAN_POINT ( 'NONE',  ( 11.69959361958395900, 11.96502041546134100, -7.400000000000000400 ) ) ;
#7545 = CARTESIAN_POINT ( 'NONE',  ( -12.24959361958396000, -0.4300000000001086800, 7.129999999999999900 ) ) ;
#7546 = CARTESIAN_POINT ( 'NONE',  ( 12.39930855863326000, 8.633106893985990700, 11.60749637330257400 ) ) ;
#7547 = PLANE ( 'NONE',  #8132 ) ;
#7548 = COLOUR_RGB ( '',0.7490196078431372600, 0.7490196078431372600, 0.7490196078431372600 ) ;
#7549 = AXIS2_PLACEMENT_3D ( 'NONE', #629, #2662, #7270 ) ;
#7550 = ORIENTED_EDGE ( 'NONE', *, *, #433, .T. ) ;
#7551 = EDGE_CURVE ( 'NONE', #3856, #5170, #5504, .T. ) ;
#7552 = CIRCLE ( 'NONE', #2946, 0.5000000000000000000 ) ;
#7553 = ORIENTED_EDGE ( 'NONE', *, *, #1241, .T. ) ;
#7554 = PRESENTATION_LAYER_ASSIGNMENT (  '', '', ( #6662 ) ) ;
#7555 = ADVANCED_FACE ( 'NONE', ( #7290 ), #5935, .F. ) ;
#7556 = UNCERTAINTY_MEASURE_WITH_UNIT (LENGTH_MEASURE( 1.000000000000000100E-005 ), #7851, 'distance_accuracy_value', 'NONE');
#7557 = CARTESIAN_POINT ( 'NONE',  ( -11.59959361958396000, 0.06999999999988960900, 7.400000000000000400 ) ) ;
#7558 = FACE_OUTER_BOUND ( 'NONE', #4725, .T. ) ;
#7559 = ORIENTED_EDGE ( 'NONE', *, *, #280, .T. ) ;
#7560 = AXIS2_PLACEMENT_3D ( 'NONE', #4017, #759, #5371 ) ;
#7561 = LINE ( 'NONE', #1414, #641 ) ;
#7562 = EDGE_CURVE ( 'NONE', #8073, #2560, #6148, .T. ) ;
#7563 = AXIS2_PLACEMENT_3D ( 'NONE', #4733, #64, #7417 ) ;
#7564 = FACE_OUTER_BOUND ( 'NONE', #513, .T. ) ;
#7565 = DIRECTION ( 'NONE',  ( 0.0000000000000000000, 0.0000000000000000000, -1.000000000000000000 ) ) ;
#7566 = ORIENTED_EDGE ( 'NONE', *, *, #6243, .F. ) ;
#7568 = DIRECTION ( 'NONE',  ( -1.000000000000000000, 0.0000000000000000000, 0.0000000000000000000 ) ) ;
#7567 = DIRECTION ( 'NONE',  ( 0.0000000000000000000, 0.0000000000000000000, 1.000000000000000000 ) ) ;
#7569 = DIRECTION ( 'NONE',  ( 0.0000000000000000000, 0.0000000000000000000, 1.000000000000000000 ) ) ;
#7570 = CARTESIAN_POINT ( 'NONE',  ( 12.69999999999999900, 0.0000000000000000000, 4.500000000000000000 ) ) ;
#7571 = VECTOR ( 'NONE', #8029, 1000.000000000000000 ) ;
#7572 = PLANE ( 'NONE',  #7385 ) ;
#7573 = FACE_OUTER_BOUND ( 'NONE', #5578, .T. ) ;
#7574 = ORIENTED_EDGE ( 'NONE', *, *, #8084, .F. ) ;
#7575 = DIRECTION ( 'NONE',  ( 0.0000000000000000000, 0.0000000000000000000, 1.000000000000000000 ) ) ;
#7576 = EDGE_LOOP ( 'NONE', ( #2949, #87, #7177, #5853 ) ) ;
#7577 = EDGE_CURVE ( 'NONE', #8271, #422, #906, .T. ) ;
#7578 = ORIENTED_EDGE ( 'NONE', *, *, #2095, .F. ) ;
#7579 = PLANE ( 'NONE',  #4954 ) ;
#7580 = DIRECTION ( 'NONE',  ( -1.000000000000000000, -4.372213365170680100E-016, 0.0000000000000000000 ) ) ;
#7581 = LINE ( 'NONE', #8317, #349 ) ;
#7582 = DIRECTION ( 'NONE',  ( 1.000000000000000000, 0.0000000000000000000, 0.0000000000000000000 ) ) ;
#7583 = CIRCLE ( 'NONE', #859, 0.5000000000000004400 ) ;
#7584 = STYLED_ITEM ( 'NONE', ( #4866 ), #7675 ) ;
#7585 = CARTESIAN_POINT ( 'NONE',  ( -11.40000000000040200, 12.20000000000000100, -12.40000000000000000 ) ) ;
#7586 = ORIENTED_EDGE ( 'NONE', *, *, #855, .F. ) ;
#7587 = EDGE_CURVE ( 'NONE', #7253, #1473, #6875, .T. ) ;
#7588 = CARTESIAN_POINT ( 'NONE',  ( 11.50000000000000000, -0.6999999999999999600, -4.500000000000000000 ) ) ;
#7589 = ORIENTED_EDGE ( 'NONE', *, *, #2079, .F. ) ;
#7590 = DIRECTION ( 'NONE',  ( 6.994852725712929000E-017, -0.0000000000000000000, 1.000000000000000000 ) ) ;
#7591 = ORIENTED_EDGE ( 'NONE', *, *, #392, .T. ) ;
#7592 = ADVANCED_FACE ( 'NONE', ( #4444 ), #4233, .T. ) ;
#7593 = ORIENTED_EDGE ( 'NONE', *, *, #6315, .F. ) ;
#7594 = CIRCLE ( 'NONE', #4864, 0.4999999999999995600 ) ;
#7595 = DIRECTION ( 'NONE',  ( 0.9925062874861873000, -0.1221935730731606400, 0.0000000000000000000 ) ) ;
#7596 = DIRECTION ( 'NONE',  ( -1.000000000000000000, -4.372213365170680100E-016, 0.0000000000000000000 ) ) ;
#7597 = CARTESIAN_POINT ( 'NONE',  ( -3.000000000000000000, 11.70000000000000100, 4.859999999999999400 ) ) ;
#7598 = DIRECTION ( 'NONE',  ( 1.000000000000000000, 0.0000000000000000000, 0.0000000000000000000 ) ) ;
#7599 = CARTESIAN_POINT ( 'NONE',  ( 12.69999999999999900, 0.0000000000000000000, 12.69999999999999900 ) ) ;
#7601 = DIRECTION ( 'NONE',  ( 0.01744974916067939400, -0.9996954598818875700, 0.01744974916067939400 ) ) ;
#7600 = CARTESIAN_POINT ( 'NONE',  ( -11.69959361958395900, 11.96502041546510100, -7.400000000000000400 ) ) ;
#7602 = SURFACE_STYLE_FILL_AREA ( #5423 ) ;
#7603 = ADVANCED_FACE ( 'NONE', ( #3510 ), #5672, .T. ) ;
#7604 = ORIENTED_EDGE ( 'NONE', *, *, #7440, .F. ) ;
#7605 = EDGE_CURVE ( 'NONE', #6531, #4867, #3821, .T. ) ;
#7606 = VERTEX_POINT ( 'NONE', #5643 ) ;
#7607 = AXIS2_PLACEMENT_3D ( 'NONE', #7845, #4391, #3810 ) ;
#7608 = FACE_OUTER_BOUND ( 'NONE', #3404, .T. ) ;
#7609 = CARTESIAN_POINT ( 'NONE',  ( -10.16000000000000000, -6.299999999999999800, -10.16000000000000000 ) ) ;
#7610 = VERTEX_POINT ( 'NONE', #7642 ) ;
#7611 = VERTEX_POINT ( 'NONE', #261 ) ;
#7612 = ORIENTED_EDGE ( 'NONE', *, *, #5029, .T. ) ;
#7613 = EDGE_CURVE ( 'NONE', #7693, #1464, #7720, .T. ) ;
#7614 = CARTESIAN_POINT ( 'NONE',  ( 12.90054722849359900, 0.07009548768149509400, 5.129999999999999900 ) ) ;
#7615 = VECTOR ( 'NONE', #6769, 1000.000000000000000 ) ;
#7616 = EDGE_LOOP ( 'NONE', ( #8578, #6906, #3697, #2657 ) ) ;
#7617 =( GEOMETRIC_REPRESENTATION_CONTEXT ( 3 ) GLOBAL_UNCERTAINTY_ASSIGNED_CONTEXT ( ( #799 ) ) GLOBAL_UNIT_ASSIGNED_CONTEXT ( ( #2722, #6110, #5428 ) ) REPRESENTATION_CONTEXT ( 'NONE', 'WORKASPACE' ) );
#7618 = ORIENTED_EDGE ( 'NONE', *, *, #1549, .T. ) ;
#7619 = CIRCLE ( 'NONE', #39, 0.5000000000000004400 ) ;
#7620 = VERTEX_POINT ( 'NONE', #1001 ) ;
#7621 = CARTESIAN_POINT ( 'NONE',  ( 10.90000000000040000, 11.70000000000000100, 4.850000000000000500 ) ) ;
#7622 = DIRECTION ( 'NONE',  ( 0.0000000000000000000, -1.000000000000000000, 0.0000000000000000000 ) ) ;
#7623 = CYLINDRICAL_SURFACE ( 'NONE', #3147, 0.5000000000000004400 ) ;
#7624 = CYLINDRICAL_SURFACE ( 'NONE', #1491, 1.199999999999999700 ) ;
#7625 = ORIENTED_EDGE ( 'NONE', *, *, #3523, .T. ) ;
#7626 = CARTESIAN_POINT ( 'NONE',  ( -12.55000000000000100, 0.0000000000000000000, -12.55000000000000100 ) ) ;
#7627 = CARTESIAN_POINT ( 'NONE',  ( -12.49959361958396000, 0.06999999999989130200, -7.400000000000000400 ) ) ;
#7629 = DIRECTION ( 'NONE',  ( -1.000000000000000000, 0.0000000000000000000, 0.0000000000000000000 ) ) ;
#7628 = CARTESIAN_POINT ( 'NONE',  ( -12.90054052399948000, 11.96513699471034000, -4.859999999999999400 ) ) ;
#7630 = DIRECTION ( 'NONE',  ( 0.0000000000000000000, -1.000000000000000000, 0.0000000000000000000 ) ) ;
#7631 = DIRECTION ( 'NONE',  ( 0.0000000000000000000, 0.0000000000000000000, 1.000000000000000000 ) ) ;
#7632 = EDGE_CURVE ( 'NONE', #216, #8692, #4130, .T. ) ;
#7633 = ORIENTED_EDGE ( 'NONE', *, *, #1135, .T. ) ;
#7634 = CARTESIAN_POINT ( 'NONE',  ( 0.4999999999996029800, 12.19744118435426100, -12.40000000000000000 ) ) ;
#7635 = FACE_OUTER_BOUND ( 'NONE', #6882, .T. ) ;
#7636 = ADVANCED_FACE ( 'NONE', ( #8468 ), #6410, .T. ) ;
#7637 = ORIENTED_EDGE ( 'NONE', *, *, #7098, .T. ) ;
#7638 = STYLED_ITEM ( 'NONE', ( #8386 ), #6968 ) ;
#7639 = FACE_OUTER_BOUND ( 'NONE', #4690, .T. ) ;
#7640 = ORIENTED_EDGE ( 'NONE', *, *, #1933, .T. ) ;
#7641 = ORIENTED_EDGE ( 'NONE', *, *, #5944, .T. ) ;
#7642 = CARTESIAN_POINT ( 'NONE',  ( -0.5000000000000000000, 16.82000000000000000, -12.40000000000000000 ) ) ;
#7643 = FACE_OUTER_BOUND ( 'NONE', #354, .T. ) ;
#7644 = EDGE_CURVE ( 'NONE', #2300, #5097, #2802, .T. ) ;
#7645 = FACE_OUTER_BOUND ( 'NONE', #1401, .T. ) ;
#7646 =( LENGTH_UNIT ( ) NAMED_UNIT ( * ) SI_UNIT ( .MILLI., .METRE. ) );
#7647 = VECTOR ( 'NONE', #213, 1000.000000000000000 ) ;
#7648 = CARTESIAN_POINT ( 'NONE',  ( 11.01363723429845900, 9.199999999999999300, 11.01363723429845900 ) ) ;
#7649 = VECTOR ( 'NONE', #4542, 1000.000000000000000 ) ;
#7650 = ORIENTED_EDGE ( 'NONE', *, *, #4818, .F. ) ;
#7651 = CARTESIAN_POINT ( 'NONE',  ( -12.49959361958396000, 0.07002387192026059100, 5.129999999999999900 ) ) ;
#7652 =( GEOMETRIC_REPRESENTATION_CONTEXT ( 3 ) GLOBAL_UNCERTAINTY_ASSIGNED_CONTEXT ( ( #6905 ) ) GLOBAL_UNIT_ASSIGNED_CONTEXT ( ( #3770, #7149, #7179 ) ) REPRESENTATION_CONTEXT ( 'NONE', 'WORKASPACE' ) );
#7653 = PLANE ( 'NONE',  #3883 ) ;
#7654 = FACE_OUTER_BOUND ( 'NONE', #8360, .T. ) ;
#7655 = CARTESIAN_POINT ( 'NONE',  ( 10.16000000000000000, -6.299999999999999800, -2.540000000000000000 ) ) ;
#7656 = DIRECTION ( 'NONE',  ( 0.0000000000000000000, 0.0000000000000000000, 1.000000000000000000 ) ) ;
#7657 = CARTESIAN_POINT ( 'NONE',  ( -4.950000000000399900, 12.20000000000000100, -12.40000000000000000 ) ) ;
#7658 = EDGE_LOOP ( 'NONE', ( #3067, #3322, #8521, #5616 ) ) ;
#7659 = CARTESIAN_POINT ( 'NONE',  ( -12.69999999999999900, -0.6999999999999999600, 7.400000000000000400 ) ) ;
#7660 = CARTESIAN_POINT ( 'NONE',  ( 12.69999999999999900, 0.0000000000000000000, -7.400000000000000400 ) ) ;
#7662 = DIRECTION ( 'NONE',  ( 1.000000000000000000, 0.0000000000000000000, 0.0000000000000000000 ) ) ;
#7661 = DIRECTION ( 'NONE',  ( 1.000000000000000000, 3.809744271775434900E-016, 0.0000000000000000000 ) ) ;
#7663 = AXIS2_PLACEMENT_3D ( 'NONE', #5851, #499, #7142 ) ;
#7664 = AXIS2_PLACEMENT_3D ( 'NONE', #7952, #585, #8671 ) ;
#7665 =( BOUNDED_SURFACE ( )  B_SPLINE_SURFACE ( 3, 1, ( 
 ( #3489, #8207 ),
 ( #847, #1047 ),
 ( #1234, #199 ),
 ( #5248, #6667 ) ),
 .UNSPECIFIED., .F., .F., .T. ) 
 B_SPLINE_SURFACE_WITH_KNOTS ( ( 4, 4 ),
 ( 2, 2 ),
 ( 0.0000000000000000000, 1.000000000000000000 ),
 ( 0.0000000000000000000, 1.000000000000000000 ),
 .UNSPECIFIED. ) 
 GEOMETRIC_REPRESENTATION_ITEM ( )  RATIONAL_B_SPLINE_SURFACE ( (
 ( 1.000000000000000000, 1.000000000000000000),
 ( 0.8024656882795198100, 0.8024656882795198100),
 ( 0.8024656882795198100, 0.8024656882795198100),
 ( 1.000000000000000000, 1.000000000000000000) ) ) 
 REPRESENTATION_ITEM ( '' )  SURFACE ( )  );
#7666 = VECTOR ( 'NONE', #1083, 1000.000000000000000 ) ;
#7667 = CIRCLE ( 'NONE', #7794, 0.5000000000000004400 ) ;
#7668 = DIRECTION ( 'NONE',  ( 0.0000000000000000000, 0.0000000000000000000, 1.000000000000000000 ) ) ;
#7669 = SURFACE_STYLE_USAGE ( .BOTH. , #4282 ) ;
#7670 = EDGE_CURVE ( 'NONE', #669, #3609, #1075, .T. ) ;
#7671 = PLANE ( 'NONE',  #5010 ) ;
#7672 = CIRCLE ( 'NONE', #7492, 0.5000000000000004400 ) ;
#7673 = LINE ( 'NONE', #5666, #5773 ) ;
#7674 = CARTESIAN_POINT ( 'NONE',  ( 11.36026439514193100, 9.199999999999997500, 11.82243394292847700 ) ) ;
#7675 = ADVANCED_FACE ( 'NONE', ( #1123 ), #5816, .T. ) ;
#7676 = ADVANCED_FACE ( 'NONE', ( #696 ), #7726, .T. ) ;
#7677 = EDGE_CURVE ( 'NONE', #8646, #6582, #4026, .T. ) ;
#7678 = ORIENTED_EDGE ( 'NONE', *, *, #7316, .F. ) ;
#7679 = DIRECTION ( 'NONE',  ( 1.000000000000000000, 0.0000000000000000000, 0.0000000000000000000 ) ) ;
#7680 = DIRECTION ( 'NONE',  ( -0.01745240643728020500, 0.9998476951563912700, 0.0000000000000000000 ) ) ;
#7681 = DIRECTION ( 'NONE',  ( 0.0000000000000000000, 0.0000000000000000000, -1.000000000000000000 ) ) ;
#7682 = CARTESIAN_POINT ( 'NONE',  ( -5.450000000000399900, 12.20000000000000100, -7.849999999999999600 ) ) ;
#7683 = VERTEX_POINT ( 'NONE', #2414 ) ;
#7685 = DIRECTION ( 'NONE',  ( 1.000000000000000000, 9.109505398131430300E-018, 0.0000000000000000000 ) ) ;
#7684 = CARTESIAN_POINT ( 'NONE',  ( 10.16000000000000000, -6.299999999999999800, -3.040000000000000000 ) ) ;
#7686 = CARTESIAN_POINT ( 'NONE',  ( -10.90000000000040000, 12.20000000000000100, -4.850000000000000500 ) ) ;
#7687 = CARTESIAN_POINT ( 'NONE',  ( -11.90000000000040200, 16.82000000000000000, 12.40000000000000000 ) ) ;
#7688 = CARTESIAN_POINT ( 'NONE',  ( 11.59960032407808100, -0.02134362361127549800, 7.129999999999999900 ) ) ;
#7689 = ORIENTED_EDGE ( 'NONE', *, *, #7138, .T. ) ;
#7690 = VECTOR ( 'NONE', #1405, 1000.000000000000000 ) ;
#7691 = EDGE_CURVE ( 'NONE', #4994, #3436, #480, .T. ) ;
#7692 = DIRECTION ( 'NONE',  ( 0.0000000000000000000, 0.0000000000000000000, 1.000000000000000000 ) ) ;
#7693 = VERTEX_POINT ( 'NONE', #432 ) ;
#7694 = DIRECTION ( 'NONE',  ( -1.000000000000000000, 0.0000000000000000000, 0.0000000000000000000 ) ) ;
#7695 = DIRECTION ( 'NONE',  ( 0.0000000000000000000, 0.0000000000000000000, -1.000000000000000000 ) ) ;
#7696 = ORIENTED_EDGE ( 'NONE', *, *, #7883, .F. ) ;
#7697 = CARTESIAN_POINT ( 'NONE',  ( -10.90000000000000000, 9.700000000000001100, 12.40000000000000000 ) ) ;
#7698 = VECTOR ( 'NONE', #3631, 1000.000000000000000 ) ;
#7699 = AXIS2_PLACEMENT_3D ( 'NONE', #8592, #3358, #1980 ) ;
#7700 = FACE_OUTER_BOUND ( 'NONE', #4671, .T. ) ;
#7701 = ORIENTED_EDGE ( 'NONE', *, *, #722, .T. ) ;
#7702 = ORIENTED_EDGE ( 'NONE', *, *, #1361, .F. ) ;
#7703 = EDGE_CURVE ( 'NONE', #7102, #7693, #7395, .T. ) ;
#7704 = DIRECTION ( 'NONE',  ( 0.0000000000000000000, 0.0000000000000000000, 1.000000000000000000 ) ) ;
#7705 = ORIENTED_EDGE ( 'NONE', *, *, #7469, .F. ) ;
#7706 = UNCERTAINTY_MEASURE_WITH_UNIT (LENGTH_MEASURE( 1.000000000000000100E-005 ), #4722, 'distance_accuracy_value', 'NONE');
#7707 = VECTOR ( 'NONE', #4805, 1000.000000000000000 ) ;
#7708 = DIRECTION ( 'NONE',  ( 0.0000000000000000000, -1.000000000000000000, 0.0000000000000000000 ) ) ;
#7709 = VERTEX_POINT ( 'NONE', #1175 ) ;
#7710 = CARTESIAN_POINT ( 'NONE',  ( 12.39715936418300000, -0.4300000000001086800, 5.129999999999999900 ) ) ;
#7711 = DIRECTION ( 'NONE',  ( 0.0000000000000000000, 0.0000000000000000000, 1.000000000000000000 ) ) ;
#7712 = DIRECTION ( 'NONE',  ( 0.0000000000000000000, 1.000000000000000000, 0.0000000000000000000 ) ) ;
#7713 = ADVANCED_FACE ( 'NONE', ( #7608 ), #3122, .F. ) ;
#7714 = ORIENTED_EDGE ( 'NONE', *, *, #633, .T. ) ;
#7716 = PLANE ( 'NONE',  #3802 ) ;
#7715 = PLANE ( 'NONE',  #4910 ) ;
#7717 = DIRECTION ( 'NONE',  ( -1.000000000000000000, 0.0000000000000000000, 3.614007241618350000E-015 ) ) ;
#7718 = LINE ( 'NONE', #6330, #4761 ) ;
#7719 = DIRECTION ( 'NONE',  ( 0.0000000000000000000, 0.0000000000000000000, 1.000000000000000000 ) ) ;
#7720 = LINE ( 'NONE', #290, #1760 ) ;
#7721 = EDGE_CURVE ( 'NONE', #4682, #8186, #583, .T. ) ;
#7722 = ADVANCED_FACE ( 'NONE', ( #8358 ), #7222, .F. ) ;
#7723 = ORIENTED_EDGE ( 'NONE', *, *, #2442, .F. ) ;
#7724 = AXIS2_PLACEMENT_3D ( 'NONE', #1767, #373, #5784 ) ;
#7725 = CARTESIAN_POINT ( 'NONE',  ( 12.49959361958396000, 0.06999999999989130200, 7.400000000000000400 ) ) ;
#7727 = CIRCLE ( 'NONE', #2199, 0.5000000000000004400 ) ;
#7726 = PLANE ( 'NONE',  #5496 ) ;
#7728 = CARTESIAN_POINT ( 'NONE',  ( 12.90054052399948000, 0.07009548768148118900, 7.400000000000000400 ) ) ;
#7729 = VERTEX_POINT ( 'NONE', #8507 ) ;
#7730 = ORIENTED_EDGE ( 'NONE', *, *, #672, .T. ) ;
#7731 = VERTEX_POINT ( 'NONE', #7161 ) ;
#7732 = EDGE_CURVE ( 'NONE', #2149, #7902, #7937, .T. ) ;
#7733 =( NAMED_UNIT ( * ) SI_UNIT ( $, .STERADIAN. ) SOLID_ANGLE_UNIT ( ) );
#7734 = LINE ( 'NONE', #71, #4577 ) ;
#7735 = CYLINDRICAL_SURFACE ( 'NONE', #7017, 0.5000000000000004400 ) ;
#7736 = ORIENTED_EDGE ( 'NONE', *, *, #4364, .F. ) ;
#7737 = EDGE_LOOP ( 'NONE', ( #2273, #3809, #2562, #384, #3949, #8263 ) ) ;
#7738 = CIRCLE ( 'NONE', #870, 0.4999999999999995600 ) ;
#7739 = VERTEX_POINT ( 'NONE', #4396 ) ;
#7740 = CIRCLE ( 'NONE', #7563, 1.499999999999999600 ) ;
#7741 = CARTESIAN_POINT ( 'NONE',  ( 12.90054722849359900, 0.07009548768149509400, 4.859999999999999400 ) ) ;
#7742 = DIRECTION ( 'NONE',  ( 0.0000000000000000000, 0.0000000000000000000, 1.000000000000000000 ) ) ;
#7743 = DIRECTION ( 'NONE',  ( -2.098455817713879800E-016, -0.0000000000000000000, -1.000000000000000000 ) ) ;
#7745 = DIRECTION ( 'NONE',  ( 3.388131789017129900E-016, -1.000000000000000000, 0.0000000000000000000 ) ) ;
#7744 = CARTESIAN_POINT ( 'NONE',  ( 11.40000000000040200, 12.20000000000000100, -4.850000000000000500 ) ) ;
#7746 = DIRECTION ( 'NONE',  ( -0.9998476951563912700, 0.01745240643728177300, 0.0000000000000000000 ) ) ;
#7747 = EDGE_CURVE ( 'NONE', #455, #5961, #3411, .T. ) ;
#7748 = DIRECTION ( 'NONE',  ( 0.0000000000000000000, 0.0000000000000000000, -1.000000000000000000 ) ) ;
#7749 = MECHANICAL_DESIGN_GEOMETRIC_PRESENTATION_REPRESENTATION (  '', ( #6235 ), #8210 ) ;
#7751 = DIRECTION ( 'NONE',  ( 0.0000000000000000000, 0.0000000000000000000, -1.000000000000000000 ) ) ;
#7750 = CARTESIAN_POINT ( 'NONE',  ( -12.49962158695457000, -0.2228420785086332500, 7.129999999999999900 ) ) ;
#7752 = EDGE_LOOP ( 'NONE', ( #7068, #484, #6675, #2613 ) ) ;
#7753 = DIRECTION ( 'NONE',  ( 6.994852725712929000E-017, -0.0000000000000000000, 1.000000000000000000 ) ) ;
#7754 = VERTEX_POINT ( 'NONE', #6554 ) ;
#7755 = VERTEX_POINT ( 'NONE', #6520 ) ;
#7756 = EDGE_LOOP ( 'NONE', ( #7850, #8713, #8388, #4881 ) ) ;
#7757 = CARTESIAN_POINT ( 'NONE',  ( -11.40000000000040200, 12.20000000000000100, -12.40000000000000000 ) ) ;
#7758 = VECTOR ( 'NONE', #7151, 1000.000000000000000 ) ;
#7759 = AXIS2_PLACEMENT_3D ( 'NONE', #2150, #4167, #1597 ) ;
#7760 = CARTESIAN_POINT ( 'NONE',  ( -12.40000000000000000, 21.69999999999999900, 7.849999999999999600 ) ) ;
#7761 = EDGE_CURVE ( 'NONE', #3395, #7975, #5399, .T. ) ;
#7762 = CARTESIAN_POINT ( 'NONE',  ( -11.99956565221334700, -0.2228420785086328000, -5.130000000000000800 ) ) ;
#7763 = VERTEX_POINT ( 'NONE', #7852 ) ;
#7764 = ORIENTED_EDGE ( 'NONE', *, *, #2433, .T. ) ;
#7765 = DIRECTION ( 'NONE',  ( 0.0000000000000000000, 1.000000000000000000, 0.0000000000000000000 ) ) ;
#7766 = ORIENTED_EDGE ( 'NONE', *, *, #291, .T. ) ;
#7767 = EDGE_CURVE ( 'NONE', #3024, #7620, #8150, .T. ) ;
#7768 = CARTESIAN_POINT ( 'NONE',  ( 12.69999999999999900, 0.0000000000000000000, 7.400000000000000400 ) ) ;
#7770 = CYLINDRICAL_SURFACE ( 'NONE', #7779, 0.4999999999999995600 ) ;
#7769 = CARTESIAN_POINT ( 'NONE',  ( 12.24959361958396000, -0.4300000000001086800, 5.129999999999999900 ) ) ;
#7771 = DIRECTION ( 'NONE',  ( 0.0000000000000000000, 0.01745240643728021600, -0.9998476951563912700 ) ) ;
#7772 = EDGE_LOOP ( 'NONE', ( #7398, #7033, #7120, #1486 ) ) ;
#7773 = CARTESIAN_POINT ( 'NONE',  ( -12.90054722849357900, -0.02124813592968395300, -7.129999999999999900 ) ) ;
#7774 = CARTESIAN_POINT ( 'NONE',  ( 6.450000000000000200, 12.20000000000000100, 7.849999999999999600 ) ) ;
#7775 = LINE ( 'NONE', #6929, #3271 ) ;
#7777 = CARTESIAN_POINT ( 'NONE',  ( 11.61683953726132000, -0.2054565999144494800, 7.129999999999999900 ) ) ;
#7776 = CARTESIAN_POINT ( 'NONE',  ( 11.50000000000000000, 9.700000000000001100, -11.50000000000000000 ) ) ;
#7778 = MECHANICAL_DESIGN_GEOMETRIC_PRESENTATION_REPRESENTATION (  '', ( #4108 ), #997 ) ;
#7779 = AXIS2_PLACEMENT_3D ( 'NONE', #4734, #4032, #7295 ) ;
#7780 = DIRECTION ( 'NONE',  ( 1.000000000000000000, 0.0000000000000000000, 0.0000000000000000000 ) ) ;
#7781 = CARTESIAN_POINT ( 'NONE',  ( 12.69999999999999900, 0.0000000000000000000, -4.500000000000000000 ) ) ;
#7782 = CIRCLE ( 'NONE', #2545, 0.4999999999999995600 ) ;
#7784 = DIRECTION ( 'NONE',  ( 0.0000000000000000000, 0.0000000000000000000, 1.000000000000000000 ) ) ;
#7783 = PLANE ( 'NONE',  #946 ) ;
#7785 = PLANE ( 'NONE',  #3376 ) ;
#7786 = EDGE_CURVE ( 'NONE', #1663, #6312, #6143, .T. ) ;
#7787 =( NAMED_UNIT ( * ) PLANE_ANGLE_UNIT ( ) SI_UNIT ( $, .RADIAN. ) );
#7788 = ORIENTED_EDGE ( 'NONE', *, *, #5757, .T. ) ;
#7789 = ORIENTED_EDGE ( 'NONE', *, *, #122, .T. ) ;
#7790 = STYLED_ITEM ( 'NONE', ( #4052 ), #5533 ) ;
#7791 = ORIENTED_EDGE ( 'NONE', *, *, #8508, .F. ) ;
#7792 = DIRECTION ( 'NONE',  ( -0.9998476951563912700, 0.01745240643728020500, 2.073058887477005100E-016 ) ) ;
#7793 = LINE ( 'NONE', #7387, #5692 ) ;
#7794 = AXIS2_PLACEMENT_3D ( 'NONE', #489, #431, #4450 ) ;
#7795 = ORIENTED_EDGE ( 'NONE', *, *, #6315, .T. ) ;
#7796 = EDGE_CURVE ( 'NONE', #1496, #686, #1500, .T. ) ;
#7797 = EDGE_LOOP ( 'NONE', ( #744, #91, #1837, #4019 ) ) ;
#7798 = CYLINDRICAL_SURFACE ( 'NONE', #4592, 0.5000000000000004400 ) ;
#7799 = CARTESIAN_POINT ( 'NONE',  ( -5.450000000000399900, 12.20000000000000100, 4.850000000000000500 ) ) ;
#7800 = CARTESIAN_POINT ( 'NONE',  ( -11.50000000000000000, -0.6999999999999999600, 4.500000000000000000 ) ) ;
#7802 = FILL_AREA_STYLE ('',( #389 ) ) ;
#7801 = DIRECTION ( 'NONE',  ( -1.000000000000000000, 0.0000000000000000000, 0.0000000000000000000 ) ) ;
#7803 = CARTESIAN_POINT ( 'NONE',  ( -12.55000000000000100, 0.0000000000000000000, -11.75012184387840000 ) ) ;
#7804 = DIRECTION ( 'NONE',  ( -1.000000000000000000, 0.0000000000000000000, 0.0000000000000000000 ) ) ;
#7805 = LINE ( 'NONE', #7799, #2265 ) ;
#7806 = B_SPLINE_CURVE_WITH_KNOTS ( 'NONE', 3,
 ( #3029, #4354, #5659, #1046, #7059, #3053, #1786, #1873, #7832, #3829, #6424 ),
 .UNSPECIFIED., .F., .F.,
 ( 4, 1, 1, 1, 1, 1, 1, 1, 4 ),
 ( -1.570796326794899900, -1.178097245096176000, -0.7853981633974509400, -0.3926990816987265800, -1.554312234475219200E-015, 0.3926990816987230300, 0.7853981633974467200, 1.178097245096171800, 1.570796326794895000 ),
 .UNSPECIFIED. ) ;
#7807 = ORIENTED_EDGE ( 'NONE', *, *, #7644, .F. ) ;
#7808 = PRESENTATION_LAYER_ASSIGNMENT (  '', '', ( #7638 ) ) ;
#7809 = ORIENTED_EDGE ( 'NONE', *, *, #4705, .F. ) ;
#7810 = ORIENTED_EDGE ( 'NONE', *, *, #5518, .T. ) ;
#7811 = EDGE_CURVE ( 'NONE', #6846, #7013, #578, .T. ) ;
#7812 = CARTESIAN_POINT ( 'NONE',  ( -4.950000000000399900, 12.20000000000000100, -7.849999999999999600 ) ) ;
#7813 = VECTOR ( 'NONE', #3195, 1000.000000000000000 ) ;
#7814 = DIRECTION ( 'NONE',  ( -0.0000000000000000000, -0.0000000000000000000, 1.000000000000000000 ) ) ;
#7815 = CARTESIAN_POINT ( 'NONE',  ( 12.90054052399948000, 0.07009548768148289600, 7.400000000000000400 ) ) ;
#7816 = ORIENTED_EDGE ( 'NONE', *, *, #2130, .F. ) ;
#7817 = ORIENTED_EDGE ( 'NONE', *, *, #642, .T. ) ;
#7818 = AXIS2_PLACEMENT_3D ( 'NONE', #2756, #4807, #5481 ) ;
#7819 = FACE_OUTER_BOUND ( 'NONE', #4688, .T. ) ;
#7820 = EDGE_CURVE ( 'NONE', #4516, #4308, #6663, .T. ) ;
#7821 = ADVANCED_FACE ( 'NONE', ( #4336 ), #7785, .F. ) ;
#7822 = DIRECTION ( 'NONE',  ( 1.000000000000000000, 0.0000000000000000000, 0.0000000000000000000 ) ) ;
#7823 = SURFACE_STYLE_USAGE ( .BOTH. , #2443 ) ;
#7824 = ORIENTED_EDGE ( 'NONE', *, *, #2455, .F. ) ;
#7825 =( BOUNDED_CURVE ( )  B_SPLINE_CURVE ( 3, ( #3058, #7750, #3803, #8497 ),
 .UNSPECIFIED., .F., .F. ) 
 B_SPLINE_CURVE_WITH_KNOTS ( ( 4, 4 ),
 ( 4.712198005020341400, 6.283185307179586200 ),
 .UNSPECIFIED. ) 
 CURVE ( )  GEOMETRIC_REPRESENTATION_ITEM ( )  RATIONAL_B_SPLINE_CURVE ( ( 1.000000000000000000, 0.8046928386502676400, 0.8046928386502676400, 1.000000000000000000 ) ) 
 REPRESENTATION_ITEM ( '' )  );
#7826 = AXIS2_PLACEMENT_3D ( 'NONE', #1070, #5735, #4988 ) ;
#7827 = CIRCLE ( 'NONE', #6963, 0.1999999999999883800 ) ;
#7828 = DIRECTION ( 'NONE',  ( 1.000000000000000000, 0.0000000000000000000, 0.0000000000000000000 ) ) ;
#7829 = DIRECTION ( 'NONE',  ( 0.0000000000000000000, 0.0000000000000000000, 1.000000000000000000 ) ) ;
#7830 = CARTESIAN_POINT ( 'NONE',  ( -6.450000000000000200, 12.20000000000000100, -7.849999999999999600 ) ) ;
#7831 = EDGE_LOOP ( 'NONE', ( #6041, #1547, #6723, #568, #3805, #25 ) ) ;
#7832 = CARTESIAN_POINT ( 'NONE',  ( -11.61683953726132000, -0.2054565999144494800, 5.129999999999999900 ) ) ;
#7833 = DIRECTION ( 'NONE',  ( 0.0000000000000000000, 0.0000000000000000000, 1.000000000000000000 ) ) ;
#7834 = CARTESIAN_POINT ( 'NONE',  ( 11.59960032407808100, -0.02134362361127549800, 7.130000000000000800 ) ) ;
#7835 = EDGE_LOOP ( 'NONE', ( #202, #5449, #7714, #8611 ) ) ;
#7836 = CARTESIAN_POINT ( 'NONE',  ( 12.38748595551268700, 8.119524294624222100, -12.38748595551268700 ) ) ;
#7837 = CARTESIAN_POINT ( 'NONE',  ( 0.4999999999996029800, 12.19744118435426100, 12.40000000000000000 ) ) ;
#7838 = DIRECTION ( 'NONE',  ( 0.0000000000000000000, 0.0000000000000000000, 1.000000000000000000 ) ) ;
#7839 = ORIENTED_EDGE ( 'NONE', *, *, #7691, .T. ) ;
#7840 = ORIENTED_EDGE ( 'NONE', *, *, #3497, .F. ) ;
#7841 = ORIENTED_EDGE ( 'NONE', *, *, #6512, .F. ) ;
#7842 = FACE_OUTER_BOUND ( 'NONE', #3363, .T. ) ;
#7843 = EDGE_CURVE ( 'NONE', #4316, #3436, #3090, .T. ) ;
#7844 = CIRCLE ( 'NONE', #4963, 0.1999999999999883800 ) ;
#7845 = CARTESIAN_POINT ( 'NONE',  ( -5.950000000000399900, 16.82000000000000000, -4.850000000000000500 ) ) ;
#7846 = ORIENTED_EDGE ( 'NONE', *, *, #4007, .F. ) ;
#7847 = EDGE_LOOP ( 'NONE', ( #3109, #3292 ) ) ;
#7848 = CARTESIAN_POINT ( 'NONE',  ( 11.59960032407808100, -0.02134362361127549800, -5.130000000000000800 ) ) ;
#7849 = AXIS2_PLACEMENT_3D ( 'NONE', #7921, #7877, #7211 ) ;
#7850 = ORIENTED_EDGE ( 'NONE', *, *, #6130, .F. ) ;
#7851 =( LENGTH_UNIT ( ) NAMED_UNIT ( * ) SI_UNIT ( .MILLI., .METRE. ) );
#7852 = CARTESIAN_POINT ( 'NONE',  ( -5.450000000000399900, 12.20000000000000100, 12.40000000000000000 ) ) ;
#7853 = LINE ( 'NONE', #7266, #4143 ) ;
#7854 = VECTOR ( 'NONE', #2025, 1000.000000000000000 ) ;
#7855 = CARTESIAN_POINT ( 'NONE',  ( 10.16000000000000000, -6.000000000000000000, -10.66000000000000200 ) ) ;
#7856 = ORIENTED_EDGE ( 'NONE', *, *, #7275, .T. ) ;
#7857 = EDGE_CURVE ( 'NONE', #7181, #8489, #1015, .T. ) ;
#7858 = CONICAL_SURFACE ( 'NONE', #3607, 0.1999999999999883800, 0.7853981633974476100 ) ;
#7859 = ORIENTED_EDGE ( 'NONE', *, *, #6919, .T. ) ;
#7860 = ORIENTED_EDGE ( 'NONE', *, *, #3994, .F. ) ;
#7861 = DIRECTION ( 'NONE',  ( 0.0000000000000000000, 0.0000000000000000000, -1.000000000000000000 ) ) ;
#7862 = LINE ( 'NONE', #6759, #4379 ) ;
#7864 = LINE ( 'NONE', #7774, #7005 ) ;
#7863 =( LENGTH_UNIT ( ) NAMED_UNIT ( * ) SI_UNIT ( .MILLI., .METRE. ) );
#7865 = ADVANCED_FACE ( 'NONE', ( #1970 ), #3300, .T. ) ;
#7866 = AXIS2_PLACEMENT_3D ( 'NONE', #6078, #3289, #6100 ) ;
#7867 = ORIENTED_EDGE ( 'NONE', *, *, #5988, .T. ) ;
#7868 = DIRECTION ( 'NONE',  ( -2.797941090285175100E-016, 0.0000000000000000000, -1.000000000000000000 ) ) ;
#7869 = DIRECTION ( 'NONE',  ( 0.0000000000000000000, 0.0000000000000000000, 1.000000000000000000 ) ) ;
#7870 = ORIENTED_EDGE ( 'NONE', *, *, #868, .T. ) ;
#7871 = CARTESIAN_POINT ( 'NONE',  ( -10.16000000000000000, -6.299999999999999800, 0.0000000000000000000 ) ) ;
#7872 = DIRECTION ( 'NONE',  ( 2.098455817713879800E-016, 0.0000000000000000000, 1.000000000000000000 ) ) ;
#7873 = CARTESIAN_POINT ( 'NONE',  ( -12.55000000000000100, 0.0000000000000000000, -7.400000000000000400 ) ) ;
#7874 = CARTESIAN_POINT ( 'NONE',  ( 11.59959361958396000, 0.06999999999988960900, 7.130000000000000800 ) ) ;
#7875 = EDGE_CURVE ( 'NONE', #3911, #8462, #6339, .T. ) ;
#7876 = AXIS2_PLACEMENT_3D ( 'NONE', #7238, #2450, #6486 ) ;
#7878 = DIRECTION ( 'NONE',  ( 1.000000000000000000, 0.0000000000000000000, 7.228014483236700500E-016 ) ) ;
#7877 = DIRECTION ( 'NONE',  ( -0.0000000000000000000, 1.000000000000000000, -0.0000000000000000000 ) ) ;
#7879 = CARTESIAN_POINT ( 'NONE',  ( -6.450000000000000200, 16.82000000000000000, -4.850000000000000500 ) ) ;
#7880 = EDGE_LOOP ( 'NONE', ( #7541, #6111, #8662, #4703 ) ) ;
#7881 = AXIS2_PLACEMENT_3D ( 'NONE', #5408, #2128, #2097 ) ;
#7882 = CARTESIAN_POINT ( 'NONE',  ( 10.16000000000000000, -6.000000000000000000, -2.040000000000000000 ) ) ;
#7883 = EDGE_CURVE ( 'NONE', #4146, #7486, #272, .T. ) ;
#7884 = CARTESIAN_POINT ( 'NONE',  ( -11.50000000000000000, 9.199999999999999300, -11.50000000000000000 ) ) ;
#7885 = LINE ( 'NONE', #7038, #6096 ) ;
#7886 = ADVANCED_FACE ( 'NONE', ( #2890 ), #8564, .T. ) ;
#7887 = FACE_OUTER_BOUND ( 'NONE', #3849, .T. ) ;
#7888 = CIRCLE ( 'NONE', #2379, 0.4999999999999995600 ) ;
#7889 = EDGE_CURVE ( 'NONE', #5894, #5218, #1228, .T. ) ;
#7890 = DIRECTION ( 'NONE',  ( 0.0000000000000000000, 0.0000000000000000000, -1.000000000000000000 ) ) ;
#7891 = DIRECTION ( 'NONE',  ( 1.000000000000000000, 0.0000000000000000000, 0.0000000000000000000 ) ) ;
#7892 = DIRECTION ( 'NONE',  ( 0.0000000000000000000, 0.0000000000000000000, 1.000000000000000000 ) ) ;
#7893 = CARTESIAN_POINT ( 'NONE',  ( -5.450000000000399900, 12.20000000000000100, -12.40000000000000000 ) ) ;
#7894 = DIRECTION ( 'NONE',  ( -1.365923996832131900E-016, 0.0000000000000000000, -1.000000000000000000 ) ) ;
#7895 = STYLED_ITEM ( 'NONE', ( #2001 ), #4278 ) ;
#7896 = ORIENTED_EDGE ( 'NONE', *, *, #7372, .T. ) ;
#7897 = LINE ( 'NONE', #5745, #6528 ) ;
#7898 = ORIENTED_EDGE ( 'NONE', *, *, #7405, .T. ) ;
#7899 = CARTESIAN_POINT ( 'NONE',  ( 12.40000000000000000, 16.82000000000000000, -12.40000000000000000 ) ) ;
#7900 = CARTESIAN_POINT ( 'NONE',  ( 12.40000000000000000, 16.82000000000000000, 12.40000000000000000 ) ) ;
#7901 = EDGE_CURVE ( 'NONE', #8489, #4275, #796, .T. ) ;
#7902 = VERTEX_POINT ( 'NONE', #2665 ) ;
#7903 = DIRECTION ( 'NONE',  ( 3.388131789017129900E-016, -1.000000000000000000, 0.0000000000000000000 ) ) ;
#7904 = VECTOR ( 'NONE', #8291, 1000.000000000000100 ) ;
#7905 = AXIS2_PLACEMENT_3D ( 'NONE', #5771, #1788, #7009 ) ;
#7906 = ORIENTED_EDGE ( 'NONE', *, *, #2055, .T. ) ;
#7907 = VERTEX_POINT ( 'NONE', #7274 ) ;
#7908 = VERTEX_POINT ( 'NONE', #8652 ) ;
#7909 = VERTEX_POINT ( 'NONE', #5971 ) ;
#7910 = FACE_OUTER_BOUND ( 'NONE', #3214, .T. ) ;
#7911 = EDGE_CURVE ( 'NONE', #7486, #5941, #5188, .T. ) ;
#7912 = SURFACE_STYLE_FILL_AREA ( #279 ) ;
#7913 = ORIENTED_EDGE ( 'NONE', *, *, #253, .T. ) ;
#7914 = EDGE_LOOP ( 'NONE', ( #2774, #2309, #849, #3069 ) ) ;
#7915 = ORIENTED_EDGE ( 'NONE', *, *, #2495, .F. ) ;
#7916 = ORIENTED_EDGE ( 'NONE', *, *, #5837, .T. ) ;
#7917 = CARTESIAN_POINT ( 'NONE',  ( 12.50100116209270200, -0.2203094662514442400, -5.129999999999999900 ) ) ;
#7918 = CARTESIAN_POINT ( 'NONE',  ( -12.25013752952505900, -0.8898851874046199700, -7.130000000000000800 ) ) ;
#7919 = EDGE_LOOP ( 'NONE', ( #3626, #1306, #1257, #8642, #6084, #4309 ) ) ;
#7920 = CARTESIAN_POINT ( 'NONE',  ( 12.90054052399948000, 0.07009548768148118900, 7.130000000000000800 ) ) ;
#7921 = CARTESIAN_POINT ( 'NONE',  ( 10.16000000000000000, -6.000000000000000000, 2.540000000000000000 ) ) ;
#7922 = SURFACE_STYLE_USAGE ( .BOTH. , #5185 ) ;
#7923 = ADVANCED_FACE ( 'NONE', ( #1864 ), #6671, .F. ) ;
#7924 = AXIS2_PLACEMENT_3D ( 'NONE', #6536, #5824, #5207 ) ;
#7925 = VECTOR ( 'NONE', #7108, 1000.000000000000000 ) ;
#7926 = EDGE_LOOP ( 'NONE', ( #465, #575, #7361, #2955 ) ) ;
#7927 = EDGE_CURVE ( 'NONE', #6395, #8487, #4756, .T. ) ;
#7928 = ORIENTED_EDGE ( 'NONE', *, *, #6399, .T. ) ;
#7929 = FACE_OUTER_BOUND ( 'NONE', #5982, .T. ) ;
#7930 = ORIENTED_EDGE ( 'NONE', *, *, #2424, .T. ) ;
#7931 = CARTESIAN_POINT ( 'NONE',  ( 12.90054722849357900, -0.02124813592968395300, -5.130000000000000800 ) ) ;
#7932 = DIRECTION ( 'NONE',  ( 0.0000000000000000000, 0.0000000000000000000, 1.000000000000000000 ) ) ;
#7933 = DIRECTION ( 'NONE',  ( -4.372213365170680100E-016, 1.000000000000000000, 0.0000000000000000000 ) ) ;
#7934 = DIRECTION ( 'NONE',  ( -1.000000000000000000, -3.388131789017129900E-016, 0.0000000000000000000 ) ) ;
#7936 = CARTESIAN_POINT ( 'NONE',  ( -11.59959361958396000, 0.06999999999988960900, -7.400000000000000400 ) ) ;
#7935 = CARTESIAN_POINT ( 'NONE',  ( 10.90000000000040000, 12.20000000000000100, -12.40000000000000000 ) ) ;
#7937 = LINE ( 'NONE', #3154, #5719 ) ;
#7938 = ORIENTED_EDGE ( 'NONE', *, *, #7357, .F. ) ;
#7939 =( BOUNDED_SURFACE ( )  B_SPLINE_SURFACE ( 3, 2, ( 
 ( #75, #165, #7479 ),
 ( #2204, #1408, #8144 ),
 ( #7389, #4041, #811 ),
 ( #7512, #131, #8111 ),
 ( #2119, #5479, #1475 ),
 ( #7430, #1442, #8176 ),
 ( #3382, #2141, #3460 ),
 ( #842, #5511, #731 ),
 ( #6784, #8203, #1505 ),
 ( #1527, #779, #6168 ),
 ( #2809, #2168, #5459 ),
 ( #4095, #6840, #5429 ),
 ( #6087, #8090, #45 ),
 ( #2087, #2840, #4720 ) ),
 .UNSPECIFIED., .F., .F., .F. ) 
 B_SPLINE_SURFACE_WITH_KNOTS ( ( 4, 2, 2, 2, 2, 2, 4 ),
 ( 3, 3 ),
 ( 6.300638599699526700, 6.494806478983896600, 6.688974358268265700, 6.883142237552634800, 7.077310116837004700, 7.465645875405743800, 7.853981633974482800 ),
 ( 0.0000000000000000000, 1.000000000000000000 ),
 .UNSPECIFIED. ) 
 GEOMETRIC_REPRESENTATION_ITEM ( )  RATIONAL_B_SPLINE_SURFACE ( (
 ( 1.000000000000000000, 0.7072144605741783600, 1.000000000000000000),
 ( 1.000000000000000000, 0.7079803688786553400, 1.000000000000000000),
 ( 1.000000000000000000, 0.7133391365965159300, 1.000000000000000000),
 ( 1.000000000000000000, 0.7317345488683156800, 1.000000000000000000),
 ( 1.000000000000000000, 0.7447655413394499400, 1.000000000000000000),
 ( 1.000000000000000000, 0.7756440825140168400, 1.000000000000000000),
 ( 1.000000000000000000, 0.7934572668841400900, 1.000000000000000000),
 ( 1.000000000000000000, 0.8305999863296447100, 1.000000000000000000),
 ( 1.000000000000000000, 0.8499139442403010900, 1.000000000000000000),
 ( 1.000000000000000000, 0.9057944775739826800, 1.000000000000000000),
 ( 1.000000000000000000, 0.9399479630976819200, 1.000000000000000000),
 ( 1.000000000000000000, 0.9870316551531646000, 1.000000000000000000),
 ( 1.000000000000000000, 1.000151588794796900, 1.000000000000000000),
 ( 1.000000000000000000, 1.000000000000000000, 1.000000000000000000) ) ) 
 REPRESENTATION_ITEM ( '' )  SURFACE ( )  );
#7940 = AXIS2_PLACEMENT_3D ( 'NONE', #6607, #2593, #5915 ) ;
#7941 = ORIENTED_EDGE ( 'NONE', *, *, #6002, .T. ) ;
#7942 = FACE_OUTER_BOUND ( 'NONE', #4789, .T. ) ;
#7943 = CARTESIAN_POINT ( 'NONE',  ( -11.40000000000040200, 16.82000000000000000, -4.850000000000000500 ) ) ;
#7944 =( BOUNDED_SURFACE ( )  B_SPLINE_SURFACE ( 3, 1, ( 
 ( #3814, #370 ),
 ( #5725, #4486 ),
 ( #6377, #7135 ),
 ( #3120, #3037 ) ),
 .UNSPECIFIED., .F., .F., .F. ) 
 B_SPLINE_SURFACE_WITH_KNOTS ( ( 4, 4 ),
 ( 2, 2 ),
 ( 0.0000000000000000000, 1.000000000000000000 ),
 ( 0.0000000000000000000, 1.000000000000000000 ),
 .UNSPECIFIED. ) 
 GEOMETRIC_REPRESENTATION_ITEM ( )  RATIONAL_B_SPLINE_SURFACE ( (
 ( 1.000000000000000000, 1.000000000000000000),
 ( 0.8024656882795198100, 0.8024656882795198100),
 ( 0.8024656882795198100, 0.8024656882795198100),
 ( 1.000000000000000000, 1.000000000000000000) ) ) 
 REPRESENTATION_ITEM ( '' )  SURFACE ( )  );
#7945 = PRESENTATION_STYLE_ASSIGNMENT (( #7823 ) ) ;
#7946 = ORIENTED_EDGE ( 'NONE', *, *, #5153, .T. ) ;
#7947 = ORIENTED_EDGE ( 'NONE', *, *, #7406, .F. ) ;
#7948 =( GEOMETRIC_REPRESENTATION_CONTEXT ( 3 ) GLOBAL_UNCERTAINTY_ASSIGNED_CONTEXT ( ( #8605 ) ) GLOBAL_UNIT_ASSIGNED_CONTEXT ( ( #7052, #3658, #7733 ) ) REPRESENTATION_CONTEXT ( 'NONE', 'WORKASPACE' ) );
#7949 = AXIS2_PLACEMENT_3D ( 'NONE', #6057, #2659, #7382 ) ;
#7950 = PLANE ( 'NONE',  #7924 ) ;
#7951 = CARTESIAN_POINT ( 'NONE',  ( -1.000000000000000000, 11.70000000000000100, -12.40000000000000000 ) ) ;
#7952 = CARTESIAN_POINT ( 'NONE',  ( -12.90054052399948000, 0.07009548768148289600, -7.400000000000000400 ) ) ;
#7953 = VECTOR ( 'NONE', #4496, 1000.000000000000000 ) ;
#7954 = CARTESIAN_POINT ( 'NONE',  ( -11.70054052399948000, 11.96513699471034000, -7.400000000000000400 ) ) ;
#7955 = CARTESIAN_POINT ( 'NONE',  ( 12.49959361958396000, 0.06999999999989130200, -7.400000000000000400 ) ) ;
#7956 = CARTESIAN_POINT ( 'NONE',  ( -12.40000000000000000, 16.82000000000000000, -12.40000000000000000 ) ) ;
#7957 = DIRECTION ( 'NONE',  ( -0.0000000000000000000, -1.000000000000000000, -0.0000000000000000000 ) ) ;
#7958 = VERTEX_POINT ( 'NONE', #659 ) ;
#7959 = LINE ( 'NONE', #3211, #6374 ) ;
#7960 = VERTEX_POINT ( 'NONE', #1922 ) ;
#7961 = ADVANCED_FACE ( 'NONE', ( #171 ), #4660, .F. ) ;
#7962 = LINE ( 'NONE', #338, #4894 ) ;
#7963 = EDGE_CURVE ( 'NONE', #4931, #5315, #2383, .T. ) ;
#7964 = VECTOR ( 'NONE', #6750, 1000.000000000000000 ) ;
#7965 = AXIS2_PLACEMENT_3D ( 'NONE', #7007, #3601, #248 ) ;
#7966 = VERTEX_POINT ( 'NONE', #632 ) ;
#7968 = DIRECTION ( 'NONE',  ( 0.0000000000000000000, 0.0000000000000000000, -1.000000000000000000 ) ) ;
#7967 = PLANE ( 'NONE',  #5363 ) ;
#7969 = CARTESIAN_POINT ( 'NONE',  ( 0.0000000000000000000, 16.82000000000000000, 12.40000000000000000 ) ) ;
#7970 = LINE ( 'NONE', #7362, #734 ) ;
#7971 = VERTEX_POINT ( 'NONE', #3900 ) ;
#7972 = DIRECTION ( 'NONE',  ( 0.0000000000000000000, 0.01745240643728020500, 0.9998476951563912700 ) ) ;
#7973 = ORIENTED_EDGE ( 'NONE', *, *, #1256, .F. ) ;
#7974 = VECTOR ( 'NONE', #2693, 1000.000000000000000 ) ;
#7975 = VERTEX_POINT ( 'NONE', #7305 ) ;
#7976 = AXIS2_PLACEMENT_3D ( 'NONE', #8467, #1107, #5832 ) ;
#7977 = EDGE_CURVE ( 'NONE', #375, #5303, #2137, .T. ) ;
#7978 = DIRECTION ( 'NONE',  ( 0.0000000000000000000, 0.0000000000000000000, 1.000000000000000000 ) ) ;
#7979 = LINE ( 'NONE', #7470, #525 ) ;
#7980 = CARTESIAN_POINT ( 'NONE',  ( -12.39606240534999100, -0.4300000000001086800, -5.129999999999999900 ) ) ;
#7981 = ORIENTED_EDGE ( 'NONE', *, *, #3124, .T. ) ;
#7982 = EDGE_LOOP ( 'NONE', ( #6596, #458, #6584, #4374 ) ) ;
#7983 = DIRECTION ( 'NONE',  ( -0.0000000000000000000, -0.0000000000000000000, -1.000000000000000000 ) ) ;
#7985 = VECTOR ( 'NONE', #444, 1000.000000000000000 ) ;
#7984 = CARTESIAN_POINT ( 'NONE',  ( -11.60183876112544100, 12.75902544545406100, 4.859999999999999400 ) ) ;
#7986 = DIRECTION ( 'NONE',  ( 0.0000000000000000000, 0.0000000000000000000, 1.000000000000000000 ) ) ;
#7987 = EDGE_CURVE ( 'NONE', #1793, #1002, #7072, .T. ) ;
#7988 = DIRECTION ( 'NONE',  ( 2.098455817713879800E-016, 0.0000000000000000000, 1.000000000000000000 ) ) ;
#7989 = CARTESIAN_POINT ( 'NONE',  ( -4.336808689942019700E-016, 17.32000000000000000, 4.850000000000000500 ) ) ;
#7990 = COLOUR_RGB ( '',0.7490196078431372600, 0.7490196078431372600, 0.7490196078431372600 ) ;
#7991 = DIRECTION ( 'NONE',  ( -3.614007241618350000E-015, 0.0000000000000000000, -1.000000000000000000 ) ) ;
#7992 = VECTOR ( 'NONE', #6917, 1000.000000000000000 ) ;
#7993 = ORIENTED_EDGE ( 'NONE', *, *, #2068, .F. ) ;
#7994 = DIRECTION ( 'NONE',  ( 0.0000000000000000000, 0.0000000000000000000, -1.000000000000000000 ) ) ;
#7995 = LINE ( 'NONE', #965, #233 ) ;
#7997 = DIRECTION ( 'NONE',  ( -1.000000000000000000, -4.372213365170680100E-016, 0.0000000000000000000 ) ) ;
#7996 = DIRECTION ( 'NONE',  ( 0.0000000000000000000, 0.0000000000000000000, 1.000000000000000000 ) ) ;
#7998 = CARTESIAN_POINT ( 'NONE',  ( 11.75012184387842100, 0.0000000000000000000, 12.55000000000000100 ) ) ;
#7999 = DIRECTION ( 'NONE',  ( 0.9925062874862399200, 0.1221935730727325700, 0.0000000000000000000 ) ) ;
#8000 = EDGE_CURVE ( 'NONE', #8586, #4876, #4860, .T. ) ;
#8002 = CARTESIAN_POINT ( 'NONE',  ( 11.50000000000000000, 0.0000000000000000000, 4.500000000000000000 ) ) ;
#8001 = CARTESIAN_POINT ( 'NONE',  ( -11.50000000000000000, -0.6999999999999999600, -4.500000000000000000 ) ) ;
#8003 = ORIENTED_EDGE ( 'NONE', *, *, #1074, .T. ) ;
#8004 = EDGE_LOOP ( 'NONE', ( #8066, #1552, #4027, #6877, #8042 ) ) ;
#8005 = CARTESIAN_POINT ( 'NONE',  ( 11.90000000000000000, 16.82000000000000000, -4.850000000000000500 ) ) ;
#8006 = LINE ( 'NONE', #7936, #3576 ) ;
#8007 = DIRECTION ( 'NONE',  ( 0.0000000000000000000, 0.0000000000000000000, -1.000000000000000000 ) ) ;
#8008 = AXIS2_PLACEMENT_3D ( 'NONE', #1727, #3692, #961 ) ;
#8009 = CARTESIAN_POINT ( 'NONE',  ( -11.40000000000040200, 16.82000000000000000, 7.849999999999999600 ) ) ;
#8010 = ORIENTED_EDGE ( 'NONE', *, *, #3414, .F. ) ;
#8011 = ORIENTED_EDGE ( 'NONE', *, *, #4736, .T. ) ;
#8012 = ORIENTED_EDGE ( 'NONE', *, *, #5204, .T. ) ;
#8013 = CYLINDRICAL_SURFACE ( 'NONE', #936, 0.5000000000000004400 ) ;
#8014 = EDGE_CURVE ( 'NONE', #8222, #3591, #5707, .T. ) ;
#8015 = DIRECTION ( 'NONE',  ( 0.0000000000000000000, 1.000000000000000000, 0.0000000000000000000 ) ) ;
#8016 = FILL_AREA_STYLE ('',( #2651 ) ) ;
#8017 = DIRECTION ( 'NONE',  ( 0.0000000000000000000, 0.0000000000000000000, 1.000000000000000000 ) ) ;
#8018 = CARTESIAN_POINT ( 'NONE',  ( 0.9974411843539829900, 11.70000000000000100, -12.40000000000000000 ) ) ;
#8019 = DIRECTION ( 'NONE',  ( 0.0000000000000000000, 0.0000000000000000000, 1.000000000000000000 ) ) ;
#8020 = EDGE_LOOP ( 'NONE', ( #521, #2216, #1531, #1009 ) ) ;
#8021 = AXIS2_PLACEMENT_3D ( 'NONE', #2492, #4417, #2549 ) ;
#8022 = EDGE_LOOP ( 'NONE', ( #1463, #2727, #572, #1822 ) ) ;
#8023 = LINE ( 'NONE', #5548, #6231 ) ;
#8024 = AXIS2_PLACEMENT_3D ( 'NONE', #3578, #6869, #2209 ) ;
#8025 = LINE ( 'NONE', #385, #6236 ) ;
#8026 = DIRECTION ( 'NONE',  ( 0.0000000000000000000, 0.7071067811865450200, 0.7071067811865500200 ) ) ;
#8027 = DIRECTION ( 'NONE',  ( -2.098455817713879800E-016, -0.0000000000000000000, -1.000000000000000000 ) ) ;
#8028 = EDGE_CURVE ( 'NONE', #1637, #6800, #5070, .T. ) ;
#8029 = DIRECTION ( 'NONE',  ( 0.0000000000000000000, 0.0000000000000000000, 1.000000000000000000 ) ) ;
#8030 = ORIENTED_EDGE ( 'NONE', *, *, #2259, .T. ) ;
#8031 = VECTOR ( 'NONE', #7878, 1000.000000000000000 ) ;
#8032 = CIRCLE ( 'NONE', #6344, 0.5000000000000004400 ) ;
#8033 = CARTESIAN_POINT ( 'NONE',  ( 11.59960032407808100, -0.02134362361127549800, -7.129999999999999900 ) ) ;
#8034 = ORIENTED_EDGE ( 'NONE', *, *, #4712, .T. ) ;
#8035 = EDGE_CURVE ( 'NONE', #2872, #7471, #1545, .T. ) ;
#8036 = SURFACE_STYLE_FILL_AREA ( #8089 ) ;
#8037 = AXIS2_PLACEMENT_3D ( 'NONE', #6966, #3096, #7582 ) ;
#8038 = EDGE_LOOP ( 'NONE', ( #5650, #6657, #7736, #8444, #5005, #6790, #4958 ) ) ;
#8039 = APPLICATION_CONTEXT ( 'automotive_design' ) ;
#8040 = ORIENTED_EDGE ( 'NONE', *, *, #3226, .T. ) ;
#8041 = CARTESIAN_POINT ( 'NONE',  ( 12.55000000000000100, 0.0000000000000000000, -12.55000000000000100 ) ) ;
#8042 = ORIENTED_EDGE ( 'NONE', *, *, #642, .F. ) ;
#8043 = FILL_AREA_STYLE_COLOUR ( '', #2641 ) ;
#8044 = AXIS2_PLACEMENT_3D ( 'NONE', #3843, #1151, #3784 ) ;
#8045 = FACE_OUTER_BOUND ( 'NONE', #5158, .T. ) ;
#8046 = DIRECTION ( 'NONE',  ( -1.000000000000000000, 0.0000000000000000000, 0.0000000000000000000 ) ) ;
#8047 = ORIENTED_EDGE ( 'NONE', *, *, #4171, .T. ) ;
#8048 = EDGE_CURVE ( 'NONE', #2401, #5509, #4545, .T. ) ;
#8049 = VECTOR ( 'NONE', #2643, 1000.000000000000000 ) ;
#8050 = ORIENTED_EDGE ( 'NONE', *, *, #3450, .T. ) ;
#8051 = ORIENTED_EDGE ( 'NONE', *, *, #7796, .T. ) ;
#8052 = CARTESIAN_POINT ( 'NONE',  ( 11.90000000000000000, 16.82000000000000000, 7.849999999999999600 ) ) ;
#8053 = PLANE ( 'NONE',  #8571 ) ;
#8054 = ORIENTED_EDGE ( 'NONE', *, *, #2533, .F. ) ;
#8055 =( NAMED_UNIT ( * ) PLANE_ANGLE_UNIT ( ) SI_UNIT ( $, .RADIAN. ) );
#8056 = DIRECTION ( 'NONE',  ( 0.0000000000000000000, 0.0000000000000000000, 1.000000000000000000 ) ) ;
#8057 = FACE_OUTER_BOUND ( 'NONE', #5552, .T. ) ;
#8059 = CARTESIAN_POINT ( 'NONE',  ( -11.27563736157516200, 9.184826591062867300, -11.27563736157516600 ) ) ;
#8058 = DIRECTION ( 'NONE',  ( 1.000000000000000000, 0.0000000000000000000, 0.0000000000000000000 ) ) ;
#8060 = ADVANCED_FACE ( 'NONE', ( #6969 ), #2684, .T. ) ;
#8061 = VECTOR ( 'NONE', #6420, 1000.000000000000000 ) ;
#8062 = LINE ( 'NONE', #4492, #4349 ) ;
#8063 = VERTEX_POINT ( 'NONE', #5460 ) ;
#8064 = AXIS2_PLACEMENT_3D ( 'NONE', #2565, #4404, #7234 ) ;
#8065 = ORIENTED_EDGE ( 'NONE', *, *, #332, .F. ) ;
#8066 = ORIENTED_EDGE ( 'NONE', *, *, #8096, .F. ) ;
#8067 = CARTESIAN_POINT ( 'NONE',  ( 5.450000000000399900, 12.20000000000000100, -12.40000000000000000 ) ) ;
#8068 = LINE ( 'NONE', #4273, #3534 ) ;
#8070 = VECTOR ( 'NONE', #623, 1000.000000000000000 ) ;
#8069 =( NAMED_UNIT ( * ) SI_UNIT ( $, .STERADIAN. ) SOLID_ANGLE_UNIT ( ) );
#8071 = EDGE_CURVE ( 'NONE', #1496, #6237, #369, .T. ) ;
#8072 = EDGE_LOOP ( 'NONE', ( #8562, #7795, #413, #8054 ) ) ;
#8073 = VERTEX_POINT ( 'NONE', #7391 ) ;
#8074 = AXIS2_PLACEMENT_3D ( 'NONE', #4774, #169, #2812 ) ;
#8075 = LINE ( 'NONE', #4546, #4375 ) ;
#8076 = ORIENTED_EDGE ( 'NONE', *, *, #8198, .T. ) ;
#8077 = AXIS2_PLACEMENT_3D ( 'NONE', #7329, #5990, #4738 ) ;
#8078 = FACE_OUTER_BOUND ( 'NONE', #1134, .T. ) ;
#8079 =( NAMED_UNIT ( * ) SI_UNIT ( $, .STERADIAN. ) SOLID_ANGLE_UNIT ( ) );
#8080 =( NAMED_UNIT ( * ) PLANE_ANGLE_UNIT ( ) SI_UNIT ( $, .RADIAN. ) );
#8081 = DIRECTION ( 'NONE',  ( 1.000000000000000000, 0.0000000000000000000, -1.636531581110199900E-015 ) ) ;
#8082 = VECTOR ( 'NONE', #586, 1000.000000000000000 ) ;
#8083 = CARTESIAN_POINT ( 'NONE',  ( 0.0000000000000000000, 17.32000000000000000, -12.40000000000000000 ) ) ;
#8084 = EDGE_CURVE ( 'NONE', #4308, #2969, #5809, .T. ) ;
#8085 = PLANE ( 'NONE',  #1094 ) ;
#8086 = VERTEX_POINT ( 'NONE', #1443 ) ;
#8087 = VERTEX_POINT ( 'NONE', #3462 ) ;
#8088 = CARTESIAN_POINT ( 'NONE',  ( -0.5000000000000000000, 12.20000000000000100, -12.40000000000000000 ) ) ;
#8090 = CARTESIAN_POINT ( 'NONE',  ( 11.14307271996224600, 9.199999992039046500, 11.14307271996262800 ) ) ;
#8089 = FILL_AREA_STYLE ('',( #5341 ) ) ;
#8091 = DIRECTION ( 'NONE',  ( 1.000000000000000000, 0.0000000000000000000, 0.0000000000000000000 ) ) ;
#8092 = CARTESIAN_POINT ( 'NONE',  ( -10.90000000000040000, 11.70000000000000100, -12.40000000000000000 ) ) ;
#8094 = CARTESIAN_POINT ( 'NONE',  ( -11.60840904436745900, 8.005473010438191000, -12.40143812445131000 ) ) ;
#8093 = CARTESIAN_POINT ( 'NONE',  ( 12.69999999999999900, 0.0000000000000000000, 12.69999999999999900 ) ) ;
#8095 = ORIENTED_EDGE ( 'NONE', *, *, #48, .F. ) ;
#8096 = EDGE_CURVE ( 'NONE', #4215, #5078, #4126, .T. ) ;
#8097 = DIRECTION ( 'NONE',  ( 0.0000000000000000000, 0.0000000000000000000, 1.000000000000000000 ) ) ;
#8098 = LINE ( 'NONE', #3057, #2536 ) ;
#8099 = VECTOR ( 'NONE', #5105, 1000.000000000000000 ) ;
#8100 = CARTESIAN_POINT ( 'NONE',  ( 6.450000000000000200, 12.20000000000000100, 7.849999999999999600 ) ) ;
#8101 = EDGE_CURVE ( 'NONE', #4018, #7170, #6964, .T. ) ;
#8102 = CARTESIAN_POINT ( 'NONE',  ( -10.16000000000000000, -6.000000000000000000, -0.5000000000000000000 ) ) ;
#8103 = VECTOR ( 'NONE', #4911, 1000.000000000000000 ) ;
#8104 = CARTESIAN_POINT ( 'NONE',  ( 10.16000000000000000, -0.6999999999999999600, 9.660000000000000100 ) ) ;
#8105 = FACE_OUTER_BOUND ( 'NONE', #5262, .T. ) ;
#8106 = CARTESIAN_POINT ( 'NONE',  ( -12.40000000000000000, 16.82000000000000000, -12.40000000000000000 ) ) ;
#8107 = VERTEX_POINT ( 'NONE', #4693 ) ;
#8108 = CARTESIAN_POINT ( 'NONE',  ( 11.59959361958396000, 0.06999999999988960900, -5.129999999999999900 ) ) ;
#8109 = ORIENTED_EDGE ( 'NONE', *, *, #2507, .F. ) ;
#8111 = CARTESIAN_POINT ( 'NONE',  ( 11.59209544063360800, 8.182653497362451800, 12.36337304907254300 ) ) ;
#8110 = SURFACE_STYLE_USAGE ( .BOTH. , #3407 ) ;
#8112 = DIRECTION ( 'NONE',  ( 0.9925062874861873000, -0.1221935730731606400, 0.0000000000000000000 ) ) ;
#8113 = CARTESIAN_POINT ( 'NONE',  ( 12.49959361958396000, 0.06999999999989130200, -4.859999999999999400 ) ) ;
#8114 = ORIENTED_EDGE ( 'NONE', *, *, #5072, .F. ) ;
#8116 = DIRECTION ( 'NONE',  ( -1.000000000000000000, 0.0000000000000000000, -3.614007241618350000E-015 ) ) ;
#8115 = CARTESIAN_POINT ( 'NONE',  ( 10.16000000000000000, -6.299999999999999800, -10.16000000000000000 ) ) ;
#8117 = ORIENTED_EDGE ( 'NONE', *, *, #4464, .T. ) ;
#8118 =( GEOMETRIC_REPRESENTATION_CONTEXT ( 3 ) GLOBAL_UNCERTAINTY_ASSIGNED_CONTEXT ( ( #2463 ) ) GLOBAL_UNIT_ASSIGNED_CONTEXT ( ( #1374, #3374, #6829 ) ) REPRESENTATION_CONTEXT ( 'NONE', 'WORKASPACE' ) );
#8119 = ORIENTED_EDGE ( 'NONE', *, *, #5292, .T. ) ;
#8120 = ADVANCED_FACE ( 'NONE', ( #900 ), #2842, .T. ) ;
#8121 = AXIS2_PLACEMENT_3D ( 'NONE', #4968, #359, #987 ) ;
#8122 = FACE_OUTER_BOUND ( 'NONE', #4133, .T. ) ;
#8123 = ORIENTED_EDGE ( 'NONE', *, *, #7525, .F. ) ;
#8124 = VERTEX_POINT ( 'NONE', #4043 ) ;
#8125 = EDGE_CURVE ( 'NONE', #6033, #5095, #8558, .T. ) ;
#8126 = CARTESIAN_POINT ( 'NONE',  ( 4.950000000000399900, 12.20000000000000100, -7.849999999999999600 ) ) ;
#8127 = VERTEX_POINT ( 'NONE', #8256 ) ;
#8129 = DIRECTION ( 'NONE',  ( -1.000000000000000000, -4.372213365170680100E-016, 0.0000000000000000000 ) ) ;
#8128 = CARTESIAN_POINT ( 'NONE',  ( -12.88333504276538100, -0.2053636409173125200, 7.129999999999999900 ) ) ;
#8130 = LINE ( 'NONE', #5956, #683 ) ;
#8131 =( LENGTH_UNIT ( ) NAMED_UNIT ( * ) SI_UNIT ( .MILLI., .METRE. ) );
#8132 = AXIS2_PLACEMENT_3D ( 'NONE', #7634, #7661, #8347 ) ;
#8133 = FACE_OUTER_BOUND ( 'NONE', #7257, .T. ) ;
#8134 = VERTEX_POINT ( 'NONE', #962 ) ;
#8135 = ORIENTED_EDGE ( 'NONE', *, *, #2298, .F. ) ;
#8136 = VERTEX_POINT ( 'NONE', #1557 ) ;
#8137 =( LENGTH_UNIT ( ) NAMED_UNIT ( * ) SI_UNIT ( .MILLI., .METRE. ) );
#8138 = CARTESIAN_POINT ( 'NONE',  ( 0.0000000000000000000, 16.82000000000000000, -4.850000000000000500 ) ) ;
#8139 = CLOSED_SHELL ( 'NONE', ( #4977, #7468, #1427, #2741, #3539, #3570, #5247, #5533, #5234, #617, #2291, #7592, #4278, #7675, #6075, #495, #3892, #3755, #4400, #5422, #5020, #1180, #2337, #2716, #2221, #3589, #8520, #593, #3010, #7516, #8310, #4646, #664, #2047, #8598, #9, #3250, #4861, #3302, #209, #3061, #2423, #136, #2961, #8309, #3580, #1536, #228, #8060, #3863, #7167, #3709, #688, #5160, #6968, #3402, #4666, #5300, #977, #6970, #4231, #4245, #4878, #341, #3481, #3639, #3367, #3787, #8354, #846, #2898, #218, #2942, #2013, #921, #8325, #4513, #6714, #3159, #8214, #7201 ) ) ;
#8140 = VECTOR ( 'NONE', #6282, 1000.000000000000000 ) ;
#8141 = CARTESIAN_POINT ( 'NONE',  ( -6.450000000000000200, 16.82000000000000000, 4.850000000000000500 ) ) ;
#8142 = CARTESIAN_POINT ( 'NONE',  ( -11.60183876112544100, 12.75902544545406100, 7.400000000000000400 ) ) ;
#8144 = CARTESIAN_POINT ( 'NONE',  ( 11.61286810511824400, 7.915032165556676900, 12.41184259964130600 ) ) ;
#8143 =( LENGTH_UNIT ( ) NAMED_UNIT ( * ) SI_UNIT ( .MILLI., .METRE. ) );
#8145 = CARTESIAN_POINT ( 'NONE',  ( 6.949999999999999300, 11.70000000000000100, -12.40000000000000000 ) ) ;
#8146 = DIRECTION ( 'NONE',  ( 0.0000000000000000000, 0.7071067811865480200, 0.7071067811865470200 ) ) ;
#8147 = EDGE_CURVE ( 'NONE', #4663, #1746, #6764, .T. ) ;
#8149 = CARTESIAN_POINT ( 'NONE',  ( -11.16894232789293700, 9.164376660937302100, -11.37601578601669400 ) ) ;
#8148 = CARTESIAN_POINT ( 'NONE',  ( -10.16000000000000000, -6.299999999999999800, 0.0000000000000000000 ) ) ;
#8150 = LINE ( 'NONE', #8451, #5497 ) ;
#8151 = ADVANCED_FACE ( 'NONE', ( #4330 ), #6927, .F. ) ;
#8152 = VERTEX_POINT ( 'NONE', #7599 ) ;
#8153 = ORIENTED_EDGE ( 'NONE', *, *, #7820, .T. ) ;
#8154 = VECTOR ( 'NONE', #8228, 1000.000000000000000 ) ;
#8155 = DIRECTION ( 'NONE',  ( -0.0000000000000000000, -0.0000000000000000000, -1.000000000000000000 ) ) ;
#8156 = EDGE_CURVE ( 'NONE', #7015, #5690, #5912, .T. ) ;
#8157 = EDGE_CURVE ( 'NONE', #6436, #3052, #8032, .T. ) ;
#8158 = ORIENTED_EDGE ( 'NONE', *, *, #3198, .T. ) ;
#8159 = VECTOR ( 'NONE', #2295, 1000.000000000000000 ) ;
#8160 = LINE ( 'NONE', #1102, #591 ) ;
#8161 = CARTESIAN_POINT ( 'NONE',  ( -0.5000000000000000000, 16.82000000000000000, -12.40000000000000000 ) ) ;
#8162 = CARTESIAN_POINT ( 'NONE',  ( 12.24959361958396000, -0.4300000000001086800, 5.129999999999999900 ) ) ;
#8163 = ORIENTED_EDGE ( 'NONE', *, *, #4675, .T. ) ;
#8164 = ORIENTED_EDGE ( 'NONE', *, *, #5706, .F. ) ;
#8165 = VERTEX_POINT ( 'NONE', #3574 ) ;
#8166 = CIRCLE ( 'NONE', #3615, 0.7999999999964764200 ) ;
#8167 = EDGE_CURVE ( 'NONE', #402, #7520, #5880, .T. ) ;
#8168 = DIRECTION ( 'NONE',  ( 1.000000000000000000, 0.0000000000000000000, 0.0000000000000000000 ) ) ;
#8169 = VECTOR ( 'NONE', #1290, 1000.000000000000000 ) ;
#8170 = FACE_OUTER_BOUND ( 'NONE', #6468, .T. ) ;
#8171 = ORIENTED_EDGE ( 'NONE', *, *, #748, .T. ) ;
#8172 = CARTESIAN_POINT ( 'NONE',  ( 12.79669646790869900, -0.4647624511386099800, -5.129999999999999900 ) ) ;
#8173 = CARTESIAN_POINT ( 'NONE',  ( 12.40000000000000000, 16.82000000000000000, 4.850000000000000500 ) ) ;
#8174 = ORIENTED_EDGE ( 'NONE', *, *, #3291, .F. ) ;
#8176 = CARTESIAN_POINT ( 'NONE',  ( 11.54958265104011500, 8.435894577954954300, 12.26417654002169600 ) ) ;
#8175 = DIRECTION ( 'NONE',  ( -1.000000000000000000, -0.0000000000000000000, -0.0000000000000000000 ) ) ;
#8177 = FILL_AREA_STYLE_COLOUR ( '', #1741 ) ;
#8178 = VECTOR ( 'NONE', #5345, 1000.000000000000000 ) ;
#8179 = VERTEX_POINT ( 'NONE', #5632 ) ;
#8180 = CARTESIAN_POINT ( 'NONE',  ( 11.61354585139581600, 7.824433369012192300, -12.41342400751740600 ) ) ;
#8182 = CARTESIAN_POINT ( 'NONE',  ( -12.38748595551269800, 8.119524294624110200, -12.38748595551269800 ) ) ;
#8181 = DIRECTION ( 'NONE',  ( 0.0000000000000000000, 1.000000000000000000, 0.0000000000000000000 ) ) ;
#8183 = COLOUR_RGB ( '',0.7490196078431372600, 0.7490196078431372600, 0.7490196078431372600 ) ;
#8184 = LINE ( 'NONE', #4335, #1154 ) ;
#8185 = DIRECTION ( 'NONE',  ( 0.0000000000000000000, 1.000000000000000000, 0.0000000000000000000 ) ) ;
#8186 = VERTEX_POINT ( 'NONE', #3550 ) ;
#8187 = CARTESIAN_POINT ( 'NONE',  ( -12.41318044962146800, 7.838386791524181200, 12.41318044962148700 ) ) ;
#8188 = ORIENTED_EDGE ( 'NONE', *, *, #1137, .T. ) ;
#8189 = DIRECTION ( 'NONE',  ( 0.0000000000000000000, 0.0000000000000000000, -1.000000000000000000 ) ) ;
#8190 = FACE_OUTER_BOUND ( 'NONE', #8501, .T. ) ;
#8191 = EDGE_CURVE ( 'NONE', #7909, #887, #5606, .T. ) ;
#8192 = PRESENTATION_LAYER_ASSIGNMENT (  '', '', ( #4108 ) ) ;
#8193 = DIRECTION ( 'NONE',  ( 0.0000000000000000000, 0.0000000000000000000, -1.000000000000000000 ) ) ;
#8194 = FACE_OUTER_BOUND ( 'NONE', #4662, .T. ) ;
#8196 = DIRECTION ( 'NONE',  ( 0.0000000000000000000, 0.0000000000000000000, 1.000000000000000000 ) ) ;
#8195 =( NAMED_UNIT ( * ) SI_UNIT ( $, .STERADIAN. ) SOLID_ANGLE_UNIT ( ) );
#8197 = VERTEX_POINT ( 'NONE', #7570 ) ;
#8198 = EDGE_CURVE ( 'NONE', #2214, #5658, #4955, .T. ) ;
#8199 =( NAMED_UNIT ( * ) SI_UNIT ( $, .STERADIAN. ) SOLID_ANGLE_UNIT ( ) );
#8200 = FACE_OUTER_BOUND ( 'NONE', #288, .T. ) ;
#8201 = AXIS2_PLACEMENT_3D ( 'NONE', #565, #5251, #515 ) ;
#8203 = CARTESIAN_POINT ( 'NONE',  ( 11.87544918631632400, 8.940526314999798900, 11.87544918631632400 ) ) ;
#8202 = CARTESIAN_POINT ( 'NONE',  ( -12.49959361958396000, 0.07002387192026059100, 7.129999999999999900 ) ) ;
#8204 = DIRECTION ( 'NONE',  ( -2.797941090285175100E-016, 0.0000000000000000000, -1.000000000000000000 ) ) ;
#8206 = CARTESIAN_POINT ( 'NONE',  ( 12.90054722849359900, 0.07009548768149509400, -7.129999999999999900 ) ) ;
#8205 = CARTESIAN_POINT ( 'NONE',  ( 0.4999999999996019900, 16.82000000000000000, -12.40000000000000000 ) ) ;
#8207 = CARTESIAN_POINT ( 'NONE',  ( -12.49958205907933500, 0.07480837547084316600, -5.129999999999999900 ) ) ;
#8208 = EDGE_CURVE ( 'NONE', #2499, #5097, #6035, .T. ) ;
#8209 = LINE ( 'NONE', #5157, #858 ) ;
#8210 =( GEOMETRIC_REPRESENTATION_CONTEXT ( 3 ) GLOBAL_UNCERTAINTY_ASSIGNED_CONTEXT ( ( #6368 ) ) GLOBAL_UNIT_ASSIGNED_CONTEXT ( ( #4692, #4272, #1615 ) ) REPRESENTATION_CONTEXT ( 'NONE', 'WORKASPACE' ) );
#8211 = CARTESIAN_POINT ( 'NONE',  ( -11.86565260534495200, 8.925571717563794700, 11.37878667903482300 ) ) ;
#8212 =( BOUNDED_CURVE ( )  B_SPLINE_CURVE ( 3, ( #2580, #3899, #2550, #7998 ),
 .UNSPECIFIED., .F., .F. ) 
 B_SPLINE_CURVE_WITH_KNOTS ( ( 4, 4 ),
 ( 5.497939437029701900, 7.068431177329443900 ),
 .UNSPECIFIED. ) 
 CURVE ( )  GEOMETRIC_REPRESENTATION_ITEM ( )  RATIONAL_B_SPLINE_CURVE ( ( 1.000000000000000000, 0.8048096403827838000, 0.8048096403827838000, 1.000000000000000000 ) ) 
 REPRESENTATION_ITEM ( '' )  );
#8213 = CARTESIAN_POINT ( 'NONE',  ( 11.53875576386697300, 9.119446636787907700, -11.53875576386706700 ) ) ;
#8214 = ADVANCED_FACE ( 'NONE', ( #7700 ), #264, .T. ) ;
#8215 = AXIS2_PLACEMENT_3D ( 'NONE', #4104, #2672, #28 ) ;
#8216 = VERTEX_POINT ( 'NONE', #2771 ) ;
#8217 = CIRCLE ( 'NONE', #355, 0.5000000000000000000 ) ;
#8218 = CARTESIAN_POINT ( 'NONE',  ( -12.69999999999999900, -0.6999999999999999600, -12.69999999999999900 ) ) ;
#8219 = EDGE_CURVE ( 'NONE', #8124, #1574, #7176, .T. ) ;
#8220 = SURFACE_STYLE_USAGE ( .BOTH. , #2306 ) ;
#8221 = VERTEX_POINT ( 'NONE', #5471 ) ;
#8222 = VERTEX_POINT ( 'NONE', #6571 ) ;
#8223 = CARTESIAN_POINT ( 'NONE',  ( -12.40000000000000000, 11.70000000000000100, -7.849999999999999600 ) ) ;
#8224 = FACE_OUTER_BOUND ( 'NONE', #6213, .T. ) ;
#8225 = DIRECTION ( 'NONE',  ( 0.0000000000000000000, 0.0000000000000000000, -1.000000000000000000 ) ) ;
#8226 = CIRCLE ( 'NONE', #7940, 0.5000000000000000000 ) ;
#8227 = ORIENTED_EDGE ( 'NONE', *, *, #1604, .T. ) ;
#8228 = DIRECTION ( 'NONE',  ( 0.0000000000000000000, 0.0000000000000000000, 1.000000000000000000 ) ) ;
#8230 = DIRECTION ( 'NONE',  ( -1.000000000000000000, 0.0000000000000000000, 6.994852725712929000E-017 ) ) ;
#8229 =( NAMED_UNIT ( * ) PLANE_ANGLE_UNIT ( ) SI_UNIT ( $, .RADIAN. ) );
#8231 = ADVANCED_FACE ( 'NONE', ( #7488 ), #2551, .T. ) ;
#8232 = ORIENTED_EDGE ( 'NONE', *, *, #7259, .T. ) ;
#8233 = CIRCLE ( 'NONE', #1878, 0.5000000000000004400 ) ;
#8234 = EDGE_CURVE ( 'NONE', #1583, #6422, #1857, .T. ) ;
#8235 = LINE ( 'NONE', #5709, #993 ) ;
#8236 = EDGE_LOOP ( 'NONE', ( #7002, #5064, #7409, #5862 ) ) ;
#8237 = ORIENTED_EDGE ( 'NONE', *, *, #5283, .T. ) ;
#8238 = AXIS2_PLACEMENT_3D ( 'NONE', #5043, #5108, #408 ) ;
#8239 = MECHANICAL_DESIGN_GEOMETRIC_PRESENTATION_REPRESENTATION (  '', ( #5525 ), #427 ) ;
#8240 = CARTESIAN_POINT ( 'NONE',  ( -0.5000000000000000000, 12.20000000000000100, -7.849999999999999600 ) ) ;
#8241 = ORIENTED_EDGE ( 'NONE', *, *, #3359, .F. ) ;
#8242 = LINE ( 'NONE', #1481, #8031 ) ;
#8243 = EDGE_CURVE ( 'NONE', #3532, #3014, #1649, .T. ) ;
#8244 = CARTESIAN_POINT ( 'NONE',  ( -10.16000000000000000, -6.299999999999999800, 0.2000000000000025100 ) ) ;
#8245 = DIRECTION ( 'NONE',  ( 0.0000000000000000000, 0.0000000000000000000, -1.000000000000000000 ) ) ;
#8246 = ORIENTED_EDGE ( 'NONE', *, *, #6899, .F. ) ;
#8247 = FACE_OUTER_BOUND ( 'NONE', #6241, .T. ) ;
#8248 = AXIS2_PLACEMENT_3D ( 'NONE', #7954, #8017, #1281 ) ;
#8249 = CARTESIAN_POINT ( 'NONE',  ( 11.60183876112578000, 12.75902544545034100, -4.859999999999999400 ) ) ;
#8250 = ORIENTED_EDGE ( 'NONE', *, *, #6071, .T. ) ;
#8251 = DIRECTION ( 'NONE',  ( -1.000000000000000000, 0.0000000000000000000, 6.994852725712929000E-017 ) ) ;
#8252 = CARTESIAN_POINT ( 'NONE',  ( -11.50000000000000000, 9.700000000000001100, -11.50000000000000000 ) ) ;
#8253 = ORIENTED_EDGE ( 'NONE', *, *, #7577, .T. ) ;
#8255 = CARTESIAN_POINT ( 'NONE',  ( 12.24959361958396000, -0.4300000000001086800, 7.129999999999999900 ) ) ;
#8254 = CARTESIAN_POINT ( 'NONE',  ( -11.01363723429845900, 9.199999999999999300, -11.01363723429845900 ) ) ;
#8256 = CARTESIAN_POINT ( 'NONE',  ( 10.90000000000000000, 9.700000000000001100, -12.40000000000000000 ) ) ;
#8257 = EDGE_CURVE ( 'NONE', #3722, #6766, #3400, .T. ) ;
#8258 = DIRECTION ( 'NONE',  ( 6.911248908274129400E-017, 0.0000000000000000000, 1.000000000000000000 ) ) ;
#8259 = VECTOR ( 'NONE', #3584, 1000.000000000000000 ) ;
#8260 = ORIENTED_EDGE ( 'NONE', *, *, #804, .T. ) ;
#8261 = VERTEX_POINT ( 'NONE', #6948 ) ;
#8262 = ORIENTED_EDGE ( 'NONE', *, *, #1342, .T. ) ;
#8263 = ORIENTED_EDGE ( 'NONE', *, *, #1630, .F. ) ;
#8264 = VECTOR ( 'NONE', #6988, 1000.000000000000000 ) ;
#8265 = ORIENTED_EDGE ( 'NONE', *, *, #2979, .T. ) ;
#8266 = DIRECTION ( 'NONE',  ( 0.0000000000000000000, 0.0000000000000000000, 1.000000000000000000 ) ) ;
#8268 = LINE ( 'NONE', #4351, #8061 ) ;
#8267 = CARTESIAN_POINT ( 'NONE',  ( 12.69999999999999900, 0.0000000000000000000, -12.69999999999999900 ) ) ;
#8269 = EDGE_CURVE ( 'NONE', #5376, #3393, #5701, .T. ) ;
#8270 = VECTOR ( 'NONE', #5536, 1000.000000000000000 ) ;
#8271 = VERTEX_POINT ( 'NONE', #4713 ) ;
#8272 = ORIENTED_EDGE ( 'NONE', *, *, #6209, .F. ) ;
#8273 = ORIENTED_EDGE ( 'NONE', *, *, #6995, .F. ) ;
#8274 = ADVANCED_FACE ( 'NONE', ( #2475 ), #685, .F. ) ;
#8275 = FACE_OUTER_BOUND ( 'NONE', #6532, .T. ) ;
#8276 = DIRECTION ( 'NONE',  ( 0.0000000000000000000, 0.0000000000000000000, 1.000000000000000000 ) ) ;
#8277 = CARTESIAN_POINT ( 'NONE',  ( -5.450000000000399900, 16.82000000000000000, 12.40000000000000000 ) ) ;
#8278 = CIRCLE ( 'NONE', #666, 0.4974411843543769500 ) ;
#8279 = AXIS2_PLACEMENT_3D ( 'NONE', #5765, #6453, #7829 ) ;
#8280 = ORIENTED_EDGE ( 'NONE', *, *, #660, .F. ) ;
#8281 = FACE_OUTER_BOUND ( 'NONE', #5902, .T. ) ;
#8282 = ORIENTED_EDGE ( 'NONE', *, *, #3183, .T. ) ;
#8283 = EDGE_CURVE ( 'NONE', #1761, #5165, #4022, .T. ) ;
#8284 = ORIENTED_EDGE ( 'NONE', *, *, #5751, .F. ) ;
#8285 = CARTESIAN_POINT ( 'NONE',  ( 11.55390823631220000, 13.15614453969005900, 4.859999999999999400 ) ) ;
#8286 = ORIENTED_EDGE ( 'NONE', *, *, #7761, .F. ) ;
#8287 = FACE_OUTER_BOUND ( 'NONE', #1607, .T. ) ;
#8288 = VECTOR ( 'NONE', #336, 1000.000000000000000 ) ;
#8289 = DIRECTION ( 'NONE',  ( 0.0000000000000000000, 0.0000000000000000000, -1.000000000000000000 ) ) ;
#8290 = DIRECTION ( 'NONE',  ( 1.000000000000000000, 0.0000000000000000000, 0.0000000000000000000 ) ) ;
#8291 = DIRECTION ( 'NONE',  ( 0.9925062874862399200, 0.1221935730727323900, 0.0000000000000000000 ) ) ;
#8293 = CARTESIAN_POINT ( 'NONE',  ( 10.16000000000000000, -6.299999999999999800, -10.16000000000000000 ) ) ;
#8292 = DIRECTION ( 'NONE',  ( -1.000000000000000000, 0.0000000000000000000, 2.797941090285175100E-016 ) ) ;
#8294 = CARTESIAN_POINT ( 'NONE',  ( -3.000000000000000000, 11.70000000000000100, 7.400000000000000400 ) ) ;
#8295 = CARTESIAN_POINT ( 'NONE',  ( -12.40000000000000000, 21.69999999999999900, -7.849999999999999600 ) ) ;
#8296 = AXIS2_PLACEMENT_3D ( 'NONE', #749, #6772, #6048 ) ;
#8297 = AXIS2_PLACEMENT_3D ( 'NONE', #2964, #4325, #7089 ) ;
#8298 = ORIENTED_EDGE ( 'NONE', *, *, #407, .F. ) ;
#8299 = DIRECTION ( 'NONE',  ( -2.098455817713879800E-016, -0.0000000000000000000, -1.000000000000000000 ) ) ;
#8300 = SURFACE_SIDE_STYLE ('',( #1982 ) ) ;
#8301 = EDGE_CURVE ( 'NONE', #300, #3935, #2981, .T. ) ;
#8302 = LINE ( 'NONE', #4870, #118 ) ;
#8303 = CARTESIAN_POINT ( 'NONE',  ( 11.01363723429845700, 9.199999999999999300, -11.01363723429845500 ) ) ;
#8304 = ADVANCED_FACE ( 'NONE', ( #8133 ), #751, .T. ) ;
#8305 = ORIENTED_EDGE ( 'NONE', *, *, #1087, .F. ) ;
#8306 = DIRECTION ( 'NONE',  ( 0.0000000000000000000, 0.0000000000000000000, -1.000000000000000000 ) ) ;
#8307 = FACE_OUTER_BOUND ( 'NONE', #7576, .T. ) ;
#8308 = EDGE_LOOP ( 'NONE', ( #2358, #6363, #2467, #6761, #3530, #7080, #1675 ) ) ;
#8309 = ADVANCED_FACE ( 'NONE', ( #1435 ), #8085, .T. ) ;
#8310 = ADVANCED_FACE ( 'NONE', ( #4750 ), #8316, .T. ) ;
#8311 = FACE_OUTER_BOUND ( 'NONE', #4822, .T. ) ;
#8312 = EDGE_CURVE ( 'NONE', #496, #6743, #4536, .T. ) ;
#8313 = CARTESIAN_POINT ( 'NONE',  ( -3.985527186056714800E-013, 16.82000000000000000, -12.40000000000000000 ) ) ;
#8314 = SURFACE_SIDE_STYLE ('',( #5940 ) ) ;
#8315 = AXIS2_PLACEMENT_3D ( 'NONE', #6986, #7071, #7692 ) ;
#8316 = PLANE ( 'NONE',  #183 ) ;
#8317 = CARTESIAN_POINT ( 'NONE',  ( 11.40000000000040200, 16.82000000000000000, -12.40000000000000000 ) ) ;
#8318 = ORIENTED_EDGE ( 'NONE', *, *, #8147, .T. ) ;
#8320 = DIRECTION ( 'NONE',  ( 0.0000000000000000000, 1.000000000000000000, 0.0000000000000000000 ) ) ;
#8319 = DIRECTION ( 'NONE',  ( 3.809744271775434900E-016, -1.000000000000000000, -7.994580031109299800E-032 ) ) ;
#8321 = DIRECTION ( 'NONE',  ( 0.0000000000000000000, 0.0000000000000000000, -1.000000000000000000 ) ) ;
#8322 = DIRECTION ( 'NONE',  ( 1.000000000000000000, 0.0000000000000000000, 0.0000000000000000000 ) ) ;
#8323 = VECTOR ( 'NONE', #5230, 1000.000000000000000 ) ;
#8324 = CARTESIAN_POINT ( 'NONE',  ( -12.40000000000000000, 21.69999999999999900, -4.850000000000000500 ) ) ;
#8325 = ADVANCED_FACE ( 'NONE', ( #2272 ), #1636, .T. ) ;
#8326 = EDGE_CURVE ( 'NONE', #1861, #5658, #7064, .T. ) ;
#8327 = EDGE_CURVE ( 'NONE', #4435, #2302, #7168, .T. ) ;
#8328 = ORIENTED_EDGE ( 'NONE', *, *, #8365, .T. ) ;
#8329 = FILL_AREA_STYLE ('',( #3611 ) ) ;
#8330 = CIRCLE ( 'NONE', #8631, 0.5000000000000004400 ) ;
#8331 = ORIENTED_EDGE ( 'NONE', *, *, #3312, .F. ) ;
#8332 = EDGE_LOOP ( 'NONE', ( #7612, #4190, #7527, #4629 ) ) ;
#8333 = AXIS2_PLACEMENT_3D ( 'NONE', #7609, #144, #343 ) ;
#8334 = CARTESIAN_POINT ( 'NONE',  ( 11.99960518008858700, 0.07480837547085315800, -5.129999999999999900 ) ) ;
#8335 = ORIENTED_EDGE ( 'NONE', *, *, #6450, .F. ) ;
#8336 = EDGE_CURVE ( 'NONE', #2202, #1219, #674, .T. ) ;
#8337 = FILL_AREA_STYLE_COLOUR ( '', #1693 ) ;
#8338 = CARTESIAN_POINT ( 'NONE',  ( 6.450000000000000200, 16.82000000000000000, -12.40000000000000000 ) ) ;
#8339 = VECTOR ( 'NONE', #1191, 1000.000000000000000 ) ;
#8340 = DIRECTION ( 'NONE',  ( 0.0000000000000000000, 0.7071067811865480200, 0.7071067811865470200 ) ) ;
#8341 = VERTEX_POINT ( 'NONE', #2316 ) ;
#8342 = LINE ( 'NONE', #7893, #4020 ) ;
#8343 = PLANE ( 'NONE',  #6676 ) ;
#8344 = DIRECTION ( 'NONE',  ( 2.797941090285175100E-016, -0.0000000000000000000, 1.000000000000000000 ) ) ;
#8345 = CARTESIAN_POINT ( 'NONE',  ( -10.16000000000000000, -0.6999999999999999600, -10.66000000000000200 ) ) ;
#8346 = DIRECTION ( 'NONE',  ( 0.0000000000000000000, 0.0000000000000000000, 1.000000000000000000 ) ) ;
#8348 = DIRECTION ( 'NONE',  ( 0.0000000000000000000, 0.0000000000000000000, 1.000000000000000000 ) ) ;
#8347 = DIRECTION ( 'NONE',  ( -3.809744271775434900E-016, 1.000000000000000000, 0.0000000000000000000 ) ) ;
#8349 = VECTOR ( 'NONE', #1378, 1000.000000000000000 ) ;
#8350 = EDGE_CURVE ( 'NONE', #5579, #5046, #1108, .T. ) ;
#8351 = ORIENTED_EDGE ( 'NONE', *, *, #4106, .T. ) ;
#8352 = DIRECTION ( 'NONE',  ( 0.0000000000000000000, 0.0000000000000000000, 1.000000000000000000 ) ) ;
#8353 = VECTOR ( 'NONE', #756, 1000.000000000000000 ) ;
#8354 = ADVANCED_FACE ( 'NONE', ( #5802 ), #5275, .T. ) ;
#8355 = DIRECTION ( 'NONE',  ( 0.0000000000000000000, 1.000000000000000000, 0.0000000000000000000 ) ) ;
#8356 = PRESENTATION_LAYER_ASSIGNMENT (  '', '', ( #7895 ) ) ;
#8357 = AXIS2_PLACEMENT_3D ( 'NONE', #6414, #2464, #1068 ) ;
#8358 = FACE_OUTER_BOUND ( 'NONE', #1446, .T. ) ;
#8359 = CARTESIAN_POINT ( 'NONE',  ( 12.90054722849359900, 0.07009548768149509400, 7.400000000000000400 ) ) ;
#8360 = EDGE_LOOP ( 'NONE', ( #148, #2804, #862, #5092 ) ) ;
#8361 = DIRECTION ( 'NONE',  ( 1.000000000000000000, 0.0000000000000000000, -6.994852725712929000E-017 ) ) ;
#8362 = ORIENTED_EDGE ( 'NONE', *, *, #8208, .T. ) ;
#8363 = VECTOR ( 'NONE', #4856, 1000.000000000000000 ) ;
#8364 = EDGE_LOOP ( 'NONE', ( #440, #6204, #3621, #4380 ) ) ;
#8365 = EDGE_CURVE ( 'NONE', #8554, #6501, #8453, .T. ) ;
#8366 = LINE ( 'NONE', #791, #8259 ) ;
#8367 = CARTESIAN_POINT ( 'NONE',  ( 6.450000000000000200, 16.82000000000000000, -12.40000000000000000 ) ) ;
#8368 = ORIENTED_EDGE ( 'NONE', *, *, #4851, .T. ) ;
#8369 = EDGE_LOOP ( 'NONE', ( #5592, #4529, #2275, #8286 ) ) ;
#8370 = CARTESIAN_POINT ( 'NONE',  ( 11.40000000000040200, 16.82000000000000000, 4.850000000000000500 ) ) ;
#8371 = VECTOR ( 'NONE', #1784, 1000.000000000000000 ) ;
#8372 = LINE ( 'NONE', #1459, #8270 ) ;
#8373 = DIRECTION ( 'NONE',  ( 0.0000000000000000000, 1.000000000000000000, 0.0000000000000000000 ) ) ;
#8374 = DIRECTION ( 'NONE',  ( 0.0000000000000000000, 0.0000000000000000000, -1.000000000000000000 ) ) ;
#8375 = DIRECTION ( 'NONE',  ( 0.0000000000000000000, 0.0000000000000000000, -1.000000000000000000 ) ) ;
#8376 = DIRECTION ( 'NONE',  ( -6.994852725712929000E-017, 0.0000000000000000000, -1.000000000000000000 ) ) ;
#8377 = CARTESIAN_POINT ( 'NONE',  ( 12.69999999999999900, 0.0000000000000000000, -4.500000000000000000 ) ) ;
#8378 = EDGE_CURVE ( 'NONE', #820, #3712, #6652, .T. ) ;
#8379 = DIRECTION ( 'NONE',  ( 0.0000000000000000000, 0.0000000000000000000, -1.000000000000000000 ) ) ;
#8380 = ORIENTED_EDGE ( 'NONE', *, *, #4364, .T. ) ;
#8381 = CARTESIAN_POINT ( 'NONE',  ( 11.69959361958397900, 0.07009548768149509400, -4.859999999999999400 ) ) ;
#8382 = CARTESIAN_POINT ( 'NONE',  ( 5.950000000000000200, 16.82000000000000000, 4.850000000000000500 ) ) ;
#8383 = AXIS2_PLACEMENT_3D ( 'NONE', #3207, #5810, #2459 ) ;
#8384 = LINE ( 'NONE', #3232, #4986 ) ;
#8385 = LINE ( 'NONE', #191, #1570 ) ;
#8386 = PRESENTATION_STYLE_ASSIGNMENT (( #1397 ) ) ;
#8387 = VERTEX_POINT ( 'NONE', #2399 ) ;
#8388 = ORIENTED_EDGE ( 'NONE', *, *, #7644, .T. ) ;
#8389 = ORIENTED_EDGE ( 'NONE', *, *, #7883, .T. ) ;
#8390 = AXIS2_PLACEMENT_3D ( 'NONE', #5950, #7868, #5885 ) ;
#8391 = DIRECTION ( 'NONE',  ( 1.000000000000000000, 0.0000000000000000000, 0.0000000000000000000 ) ) ;
#8392 = LINE ( 'NONE', #7697, #4368 ) ;
#8393 = ORIENTED_EDGE ( 'NONE', *, *, #3198, .F. ) ;
#8394 =( NAMED_UNIT ( * ) SI_UNIT ( $, .STERADIAN. ) SOLID_ANGLE_UNIT ( ) );
#8395 = VECTOR ( 'NONE', #6459, 1000.000000000000000 ) ;
#8396 = EDGE_CURVE ( 'NONE', #1211, #7374, #3594, .T. ) ;
#8397 = CARTESIAN_POINT ( 'NONE',  ( -6.450000000000000200, 16.82000000000000000, -12.40000000000000000 ) ) ;
#8398 = CYLINDRICAL_SURFACE ( 'NONE', #3512, 0.4974411843543769500 ) ;
#8399 = EDGE_LOOP ( 'NONE', ( #3908, #3761 ) ) ;
#8400 = LINE ( 'NONE', #1773, #3353 ) ;
#8401 = ORIENTED_EDGE ( 'NONE', *, *, #4276, .F. ) ;
#8402 = CARTESIAN_POINT ( 'NONE',  ( 12.90054722849359900, 0.07009548768149509400, -7.400000000000000400 ) ) ;
#8403 = VECTOR ( 'NONE', #8629, 1000.000000000000000 ) ;
#8404 = ORIENTED_EDGE ( 'NONE', *, *, #1595, .F. ) ;
#8405 = PRESENTATION_STYLE_ASSIGNMENT (( #8220 ) ) ;
#8406 = ORIENTED_EDGE ( 'NONE', *, *, #3612, .F. ) ;
#8407 = CARTESIAN_POINT ( 'NONE',  ( 12.24959361958396000, -0.4300000000001086800, 7.129999999999999900 ) ) ;
#8408 = CARTESIAN_POINT ( 'NONE',  ( -12.69999999999999900, 0.0000000000000000000, -4.500000000000000000 ) ) ;
#8409 = ORIENTED_EDGE ( 'NONE', *, *, #2865, .F. ) ;
#8411 = CARTESIAN_POINT ( 'NONE',  ( 10.16000000000000000, -6.299999999999999800, -2.540000000000000000 ) ) ;
#8410 = DIRECTION ( 'NONE',  ( -1.000000000000000000, 0.0000000000000000000, 0.0000000000000000000 ) ) ;
#8412 = DIRECTION ( 'NONE',  ( 0.0000000000000000000, 0.0000000000000000000, 1.000000000000000000 ) ) ;
#8413 = CARTESIAN_POINT ( 'NONE',  ( -2.975469372650804800, 12.10000000000000000, -7.400000000000000400 ) ) ;
#8414 = CARTESIAN_POINT ( 'NONE',  ( -12.49959361958396000, 0.06999999999989130200, 7.400000000000000400 ) ) ;
#8415 = STYLED_ITEM ( 'NONE', ( #7223 ), #3570 ) ;
#8416 = AXIS2_PLACEMENT_3D ( 'NONE', #7100, #6494, #7780 ) ;
#8417 = FACE_OUTER_BOUND ( 'NONE', #2531, .T. ) ;
#8418 = LINE ( 'NONE', #6578, #4503 ) ;
#8419 = DIRECTION ( 'NONE',  ( -1.000000000000000000, 0.0000000000000000000, 0.0000000000000000000 ) ) ;
#8420 = DIRECTION ( 'NONE',  ( 0.0000000000000000000, -1.000000000000000000, 0.0000000000000000000 ) ) ;
#8421 = CARTESIAN_POINT ( 'NONE',  ( -12.40000000000000000, 21.69999999999999900, 4.850000000000000500 ) ) ;
#8422 = EDGE_CURVE ( 'NONE', #285, #7216, #43, .T. ) ;
#8423 = DIRECTION ( 'NONE',  ( 0.0000000000000000000, 0.0000000000000000000, 1.000000000000000000 ) ) ;
#8424 = DIRECTION ( 'NONE',  ( 0.0000000000000000000, 0.0000000000000000000, 1.000000000000000000 ) ) ;
#8425 = VECTOR ( 'NONE', #890, 1000.000000000000000 ) ;
#8426 = EDGE_LOOP ( 'NONE', ( #8246, #2876, #7730, #8482 ) ) ;
#8427 = VECTOR ( 'NONE', #4475, 1000.000000000000000 ) ;
#8428 = DIRECTION ( 'NONE',  ( -1.000000000000000000, -4.372213365170680100E-016, 0.0000000000000000000 ) ) ;
#8429 = AXIS2_PLACEMENT_3D ( 'NONE', #4973, #989, #3670 ) ;
#8430 = ORIENTED_EDGE ( 'NONE', *, *, #8283, .T. ) ;
#8431 = EDGE_CURVE ( 'NONE', #7606, #4931, #3297, .T. ) ;
#8432 = VECTOR ( 'NONE', #124, 1000.000000000000000 ) ;
#8433 = CARTESIAN_POINT ( 'NONE',  ( 10.16000000000000000, -6.299999999999999800, -9.960000000000011500 ) ) ;
#8434 = VECTOR ( 'NONE', #2344, 1000.000000000000000 ) ;
#8435 = DIRECTION ( 'NONE',  ( 8.659560562354963700E-017, 0.7071067811865450200, -0.7071067811865500200 ) ) ;
#8436 = DIRECTION ( 'NONE',  ( 0.0000000000000000000, 0.0000000000000000000, 1.000000000000000000 ) ) ;
#8437 = VERTEX_POINT ( 'NONE', #3048 ) ;
#8438 = CARTESIAN_POINT ( 'NONE',  ( -0.5000000000000000000, 12.20000000000000100, -12.40000000000000000 ) ) ;
#8439 = PLANE ( 'NONE',  #6066 ) ;
#8441 = CARTESIAN_POINT ( 'NONE',  ( 12.90054722849359900, 0.07009548768149509400, 7.129999999999999900 ) ) ;
#8440 =( NAMED_UNIT ( * ) SI_UNIT ( $, .STERADIAN. ) SOLID_ANGLE_UNIT ( ) );
#8442 = DIRECTION ( 'NONE',  ( -0.0000000000000000000, -0.0000000000000000000, 1.000000000000000000 ) ) ;
#8443 = B_SPLINE_CURVE_WITH_KNOTS ( 'NONE', 3,
 ( #2765, #5322, #4056, #6796, #7364, #2791, #7464, #3446, #1421, #8033, #4024 ),
 .UNSPECIFIED., .F., .F.,
 ( 4, 1, 1, 1, 1, 1, 1, 1, 4 ),
 ( -1.570796326794899900, -1.178097245096176900, -0.7853981633974519400, -0.3926990816987279100, -3.108624468950438300E-015, 0.3926990816987214700, 0.7853981633974458400, 1.178097245096171300, 1.570796326794895000 ),
 .UNSPECIFIED. ) ;
#8444 = ORIENTED_EDGE ( 'NONE', *, *, #2920, .F. ) ;
#8445 = LINE ( 'NONE', #5996, #4203 ) ;
#8446 = EDGE_CURVE ( 'NONE', #6677, #7181, #156, .T. ) ;
#8447 = ADVANCED_FACE ( 'NONE', ( #1537 ), #2341, .F. ) ;
#8448 = ORIENTED_EDGE ( 'NONE', *, *, #3244, .T. ) ;
#8449 = CARTESIAN_POINT ( 'NONE',  ( -6.450000000000000200, 16.82000000000000000, -7.849999999999999600 ) ) ;
#8450 = DIRECTION ( 'NONE',  ( 1.000000000000000000, 0.0000000000000000000, 7.228014483236700500E-016 ) ) ;
#8451 = CARTESIAN_POINT ( 'NONE',  ( -12.40000000000000000, 21.69999999999999900, 4.850000000000000500 ) ) ;
#8452 = EDGE_LOOP ( 'NONE', ( #6135, #3795, #8047, #3254 ) ) ;
#8453 = LINE ( 'NONE', #2988, #2881 ) ;
#8454 = EDGE_CURVE ( 'NONE', #7132, #5087, #8667, .T. ) ;
#8455 = ORIENTED_EDGE ( 'NONE', *, *, #5698, .T. ) ;
#8456 = VECTOR ( 'NONE', #3602, 1000.000000000000100 ) ;
#8457 = VECTOR ( 'NONE', #3987, 1000.000000000000100 ) ;
#8458 = DIRECTION ( 'NONE',  ( 1.000000000000000000, 0.0000000000000000000, 0.0000000000000000000 ) ) ;
#8459 = VERTEX_POINT ( 'NONE', #985 ) ;
#8460 = STYLED_ITEM ( 'NONE', ( #33 ), #2099 ) ;
#8461 = CARTESIAN_POINT ( 'NONE',  ( -11.40000000000040200, 16.82000000000000000, -12.40000000000000000 ) ) ;
#8462 = VERTEX_POINT ( 'NONE', #4322 ) ;
#8463 = CARTESIAN_POINT ( 'NONE',  ( 11.40000000000040200, 12.20000000000000100, 4.850000000000000500 ) ) ;
#8464 = LINE ( 'NONE', #4769, #8363 ) ;
#8465 = DIRECTION ( 'NONE',  ( -0.01744974916067939400, -0.9996954598818875700, -0.01744974916067939400 ) ) ;
#8467 = CARTESIAN_POINT ( 'NONE',  ( -3.985527186056714800E-013, 16.82000000000000000, -4.850000000000000500 ) ) ;
#8466 = DIRECTION ( 'NONE',  ( 0.0000000000000000000, 0.0000000000000000000, 1.000000000000000000 ) ) ;
#8468 = FACE_OUTER_BOUND ( 'NONE', #6685, .T. ) ;
#8469 = EDGE_LOOP ( 'NONE', ( #6490, #1966, #5314, #1961 ) ) ;
#8470 = EDGE_CURVE ( 'NONE', #5373, #5786, #1210, .T. ) ;
#8471 = EDGE_LOOP ( 'NONE', ( #5597, #2711, #4454, #3001, #5820, #3816 ) ) ;
#8472 = FACE_OUTER_BOUND ( 'NONE', #3063, .T. ) ;
#8473 = VERTEX_POINT ( 'NONE', #7769 ) ;
#8475 = DIRECTION ( 'NONE',  ( -1.000000000000000000, 0.0000000000000000000, 0.0000000000000000000 ) ) ;
#8474 = DIRECTION ( 'NONE',  ( 2.834515483622235100E-016, 1.000000000000000000, 0.0000000000000000000 ) ) ;
#8476 = DIRECTION ( 'NONE',  ( -0.1221935730727325700, 0.9925062874862399200, 0.0000000000000000000 ) ) ;
#8477 = DIRECTION ( 'NONE',  ( 0.0000000000000000000, 1.000000000000000000, 0.0000000000000000000 ) ) ;
#8478 = CIRCLE ( 'NONE', #3981, 1.199999999999999700 ) ;
#8479 = VERTEX_POINT ( 'NONE', #5656 ) ;
#8480 = ORIENTED_EDGE ( 'NONE', *, *, #3817, .F. ) ;
#8481 = AXIS2_PLACEMENT_3D ( 'NONE', #2236, #8258, #932 ) ;
#8482 = ORIENTED_EDGE ( 'NONE', *, *, #1331, .T. ) ;
#8483 = LINE ( 'NONE', #3703, #6472 ) ;
#8484 = EDGE_CURVE ( 'NONE', #2916, #3052, #8025, .T. ) ;
#8485 = LINE ( 'NONE', #893, #6997 ) ;
#8486 = VECTOR ( 'NONE', #854, 1000.000000000000000 ) ;
#8487 = VERTEX_POINT ( 'NONE', #4964 ) ;
#8488 = AXIS2_PLACEMENT_3D ( 'NONE', #5670, #3003, #6372 ) ;
#8489 = VERTEX_POINT ( 'NONE', #5680 ) ;
#8490 = CYLINDRICAL_SURFACE ( 'NONE', #2457, 0.5000000000000000000 ) ;
#8491 =( BOUNDED_CURVE ( )  B_SPLINE_CURVE ( 3, ( #7803, #3144, #7184, #3859 ),
 .UNSPECIFIED., .F., .F. ) 
 B_SPLINE_CURVE_WITH_KNOTS ( ( 4, 4 ),
 ( 5.497939437029701900, 7.068431177329470600 ),
 .UNSPECIFIED. ) 
 CURVE ( )  GEOMETRIC_REPRESENTATION_ITEM ( )  RATIONAL_B_SPLINE_CURVE ( ( 1.000000000000000000, 0.8048096403827775800, 0.8048096403827775800, 1.000000000000000000 ) ) 
 REPRESENTATION_ITEM ( '' )  );
#8492 = VECTOR ( 'NONE', #8641, 1000.000000000000000 ) ;
#8493 = CARTESIAN_POINT ( 'NONE',  ( 11.90000000000040200, 17.32000000000000000, -12.40000000000000000 ) ) ;
#8494 = CARTESIAN_POINT ( 'NONE',  ( -12.64013774716952000, -0.7120244148728569500, -7.130000000000000800 ) ) ;
#8495 = ORIENTED_EDGE ( 'NONE', *, *, #3973, .T. ) ;
#8496 = EDGE_CURVE ( 'NONE', #8186, #7013, #8235, .T. ) ;
#8498 = DIRECTION ( 'NONE',  ( 0.0000000000000000000, 0.0000000000000000000, -1.000000000000000000 ) ) ;
#8497 = CARTESIAN_POINT ( 'NONE',  ( -12.24959361958396000, -0.4300000000001086800, 7.129999999999999900 ) ) ;
#8499 = VERTEX_POINT ( 'NONE', #2368 ) ;
#8500 = EDGE_LOOP ( 'NONE', ( #1275, #1038, #1885, #8188, #5696, #8076, #4216, #8040, #6477, #8681 ) ) ;
#8501 = EDGE_LOOP ( 'NONE', ( #1366, #3789, #3662, #1325 ) ) ;
#8502 = VECTOR ( 'NONE', #4697, 1000.000000000000000 ) ;
#8503 = CARTESIAN_POINT ( 'NONE',  ( 11.69959361958395900, 11.96502041546134100, 7.400000000000000400 ) ) ;
#8504 = CIRCLE ( 'NONE', #6836, 1.199999999999999700 ) ;
#8505 = CARTESIAN_POINT ( 'NONE',  ( -12.24959361958396000, -0.4300000000001086800, -5.129999999999999900 ) ) ;
#8506 = CARTESIAN_POINT ( 'NONE',  ( 11.90000000000000000, 16.82000000000000000, -12.40000000000000000 ) ) ;
#8507 = CARTESIAN_POINT ( 'NONE',  ( -12.90054052399948000, 0.07009548768148289600, -4.859999999999999400 ) ) ;
#8508 = EDGE_CURVE ( 'NONE', #5165, #2397, #4426, .T. ) ;
#8509 = DIRECTION ( 'NONE',  ( -0.0000000000000000000, -0.0000000000000000000, -1.000000000000000000 ) ) ;
#8510 = VERTEX_POINT ( 'NONE', #3105 ) ;
#8511 = CARTESIAN_POINT ( 'NONE',  ( 0.0000000000000000000, 7.799999999999999800, -11.01363723429845900 ) ) ;
#8512 = DIRECTION ( 'NONE',  ( 0.0000000000000000000, 1.000000000000000000, 0.0000000000000000000 ) ) ;
#8513 = ORIENTED_EDGE ( 'NONE', *, *, #8101, .T. ) ;
#8514 = DIRECTION ( 'NONE',  ( 0.0000000000000000000, 0.0000000000000000000, -1.000000000000000000 ) ) ;
#8515 = ORIENTED_EDGE ( 'NONE', *, *, #8470, .T. ) ;
#8516 = EDGE_CURVE ( 'NONE', #6238, #4302, #4012, .T. ) ;
#8517 = CARTESIAN_POINT ( 'NONE',  ( -5.450000000000399900, 16.82000000000000000, -12.40000000000000000 ) ) ;
#8518 = CARTESIAN_POINT ( 'NONE',  ( 11.82243394292847700, 9.199999999999997500, -11.36026439514193100 ) ) ;
#8519 = CARTESIAN_POINT ( 'NONE',  ( -12.88333504276538100, -0.2053636409173125200, -7.130000000000000800 ) ) ;
#8521 = ORIENTED_EDGE ( 'NONE', *, *, #1708, .T. ) ;
#8520 = ADVANCED_FACE ( 'NONE', ( #4849 ), #2509, .T. ) ;
#8522 = DIRECTION ( 'NONE',  ( 1.000000000000000000, 0.0000000000000000000, 0.0000000000000000000 ) ) ;
#8523 = CARTESIAN_POINT ( 'NONE',  ( 11.86011120661946100, -0.7120816677289799600, 5.130000000000000800 ) ) ;
#8524 = VECTOR ( 'NONE', #8650, 1000.000000000000000 ) ;
#8525 = DIRECTION ( 'NONE',  ( -1.000000000000000000, 0.0000000000000000000, 0.0000000000000000000 ) ) ;
#8526 = CARTESIAN_POINT ( 'NONE',  ( 12.69999999999999900, 0.0000000000000000000, -7.400000000000000400 ) ) ;
#8527 = LINE ( 'NONE', #8083, #6727 ) ;
#8528 = ORIENTED_EDGE ( 'NONE', *, *, #1422, .F. ) ;
#8529 = DIRECTION ( 'NONE',  ( 1.000000000000000000, 0.0000000000000000000, 0.0000000000000000000 ) ) ;
#8530 = LINE ( 'NONE', #4847, #26 ) ;
#8531 = CARTESIAN_POINT ( 'NONE',  ( -6.450000000000000200, 12.20000000000000100, -12.40000000000000000 ) ) ;
#8532 = EDGE_CURVE ( 'NONE', #2560, #5427, #6021, .T. ) ;
#8533 = DIRECTION ( 'NONE',  ( 1.000000000000000000, 0.0000000000000000000, 0.0000000000000000000 ) ) ;
#8534 = DIRECTION ( 'NONE',  ( 0.0000000000000000000, 0.0000000000000000000, -1.000000000000000000 ) ) ;
#8535 = ORIENTED_EDGE ( 'NONE', *, *, #4287, .T. ) ;
#8536 = ORIENTED_EDGE ( 'NONE', *, *, #622, .F. ) ;
#8537 = ADVANCED_FACE ( 'NONE', ( #885 ), #4948, .T. ) ;
#8538 = PLANE ( 'NONE',  #2126 ) ;
#8539 = VECTOR ( 'NONE', #507, 1000.000000000000000 ) ;
#8540 = CARTESIAN_POINT ( 'NONE',  ( 12.49959361958396000, 0.07009548768149509400, 7.400000000000000400 ) ) ;
#8541 = EDGE_CURVE ( 'NONE', #7170, #6060, #7805, .T. ) ;
#8542 = ORIENTED_EDGE ( 'NONE', *, *, #898, .T. ) ;
#8543 = FACE_OUTER_BOUND ( 'NONE', #5738, .T. ) ;
#8544 = CARTESIAN_POINT ( 'NONE',  ( -10.16000000000000000, -6.000000000000000000, 0.0000000000000000000 ) ) ;
#8545 = CARTESIAN_POINT ( 'NONE',  ( -11.59959361958396000, 0.06999999999989130200, 7.129999999999999900 ) ) ;
#8546 = CARTESIAN_POINT ( 'NONE',  ( -12.90054722849357900, -0.02124813592968395300, -7.130000000000000800 ) ) ;
#8547 = CARTESIAN_POINT ( 'NONE',  ( -12.25013752952505900, -0.8898851874046199700, -7.129999999999999900 ) ) ;
#8548 = CARTESIAN_POINT ( 'NONE',  ( 11.61683953726132000, -0.2054565999144494800, 5.130000000000000800 ) ) ;
#8549 = FILL_AREA_STYLE_COLOUR ( '', #4360 ) ;
#8550 = CARTESIAN_POINT ( 'NONE',  ( 2.975469372650890100, 12.10000000000000000, 4.859999999999999400 ) ) ;
#8551 = AXIS2_PLACEMENT_3D ( 'NONE', #8698, #6098, #5357 ) ;
#8552 = ORIENTED_EDGE ( 'NONE', *, *, #3345, .F. ) ;
#8553 = ORIENTED_EDGE ( 'NONE', *, *, #97, .T. ) ;
#8554 = VERTEX_POINT ( 'NONE', #420 ) ;
#8555 = EDGE_CURVE ( 'NONE', #4037, #375, #4687, .T. ) ;
#8556 = LINE ( 'NONE', #3168, #7813 ) ;
#8557 = DIRECTION ( 'NONE',  ( 0.0000000000000000000, 0.0000000000000000000, 1.000000000000000000 ) ) ;
#8558 = LINE ( 'NONE', #3517, #3813 ) ;
#8559 = DIRECTION ( 'NONE',  ( 0.01744974916067984100, 0.9996954598818875700, -0.01744974916067989400 ) ) ;
#8560 = ORIENTED_EDGE ( 'NONE', *, *, #3136, .T. ) ;
#8561 = CARTESIAN_POINT ( 'NONE',  ( -3.985527186056714800E-013, 16.82000000000000000, -7.849999999999999600 ) ) ;
#8562 = ORIENTED_EDGE ( 'NONE', *, *, #6232, .F. ) ;
#8563 = AXIS2_PLACEMENT_3D ( 'NONE', #5431, #7481, #2089 ) ;
#8564 = CYLINDRICAL_SURFACE ( 'NONE', #3475, 0.5000000000000004400 ) ;
#8565 = DIRECTION ( 'NONE',  ( -1.000000000000000000, 0.0000000000000000000, 0.0000000000000000000 ) ) ;
#8566 = ORIENTED_EDGE ( 'NONE', *, *, #8583, .T. ) ;
#8567 = ORIENTED_EDGE ( 'NONE', *, *, #2020, .F. ) ;
#8568 = LINE ( 'NONE', #473, #173 ) ;
#8569 = DIRECTION ( 'NONE',  ( 1.000000000000000000, 0.0000000000000000000, 0.0000000000000000000 ) ) ;
#8570 = MECHANICAL_DESIGN_GEOMETRIC_PRESENTATION_REPRESENTATION (  '', ( #5404 ), #3442 ) ;
#8571 = AXIS2_PLACEMENT_3D ( 'NONE', #8624, #4631, #566 ) ;
#8572 = FACE_OUTER_BOUND ( 'NONE', #4457, .T. ) ;
#8573 = SURFACE_STYLE_USAGE ( .BOTH. , #1164 ) ;
#8574 =( LENGTH_UNIT ( ) NAMED_UNIT ( * ) SI_UNIT ( .MILLI., .METRE. ) );
#8575 = ORIENTED_EDGE ( 'NONE', *, *, #5444, .F. ) ;
#8576 = DIRECTION ( 'NONE',  ( -4.372213365170680100E-016, 1.000000000000000000, 0.0000000000000000000 ) ) ;
#8577 = CARTESIAN_POINT ( 'NONE',  ( 12.90054722849357900, -0.02124813592968395300, 7.130000000000000800 ) ) ;
#8578 = ORIENTED_EDGE ( 'NONE', *, *, #4232, .T. ) ;
#8579 = CARTESIAN_POINT ( 'NONE',  ( 11.60840904436745500, 8.005473010438217700, -12.40143812445130700 ) ) ;
#8580 = DIRECTION ( 'NONE',  ( 0.0000000000000000000, 0.01745240643728177300, -0.9998476951563912700 ) ) ;
#8581 = ORIENTED_EDGE ( 'NONE', *, *, #8269, .T. ) ;
#8582 = CIRCLE ( 'NONE', #6791, 0.5000000000000004400 ) ;
#8583 = EDGE_CURVE ( 'NONE', #2198, #669, #4741, .T. ) ;
#8584 = LINE ( 'NONE', #7585, #4678 ) ;
#8585 = VERTEX_POINT ( 'NONE', #1785 ) ;
#8586 = VERTEX_POINT ( 'NONE', #3228 ) ;
#8587 = AXIS2_PLACEMENT_3D ( 'NONE', #2288, #2348, #4300 ) ;
#8588 = VERTEX_POINT ( 'NONE', #8545 ) ;
#8590 = FILL_AREA_STYLE ('',( #3871 ) ) ;
#8589 = CARTESIAN_POINT ( 'NONE',  ( 10.90000000000040000, 11.70000000000000100, -12.40000000000000000 ) ) ;
#8591 = CARTESIAN_POINT ( 'NONE',  ( -12.40000000000000000, 21.69999999999999900, -7.849999999999999600 ) ) ;
#8592 = CARTESIAN_POINT ( 'NONE',  ( -1.000000000000000000, 12.20000000000000100, 7.849999999999999600 ) ) ;
#8593 = VECTOR ( 'NONE', #1969, 1000.000000000000000 ) ;
#8594 = VECTOR ( 'NONE', #2456, 1000.000000000000000 ) ;
#8595 =( NAMED_UNIT ( * ) SI_UNIT ( $, .STERADIAN. ) SOLID_ANGLE_UNIT ( ) );
#8596 = MANIFOLD_SOLID_BREP ( '輸入5', #32 ) ;
#8597 = FACE_OUTER_BOUND ( 'NONE', #4842, .T. ) ;
#8598 = ADVANCED_FACE ( 'NONE', ( #460 ), #4433, .T. ) ;
#8599 = ORIENTED_EDGE ( 'NONE', *, *, #6748, .F. ) ;
#8600 = EDGE_CURVE ( 'NONE', #4236, #7497, #2153, .T. ) ;
#8601 = VECTOR ( 'NONE', #518, 1000.000000000000000 ) ;
#8602 = ORIENTED_EDGE ( 'NONE', *, *, #5166, .T. ) ;
#8603 = CARTESIAN_POINT ( 'NONE',  ( 11.70054052399948000, 11.96513699470659900, -7.400000000000000400 ) ) ;
#8604 = CIRCLE ( 'NONE', #4394, 0.8000000000000003800 ) ;
#8605 = UNCERTAINTY_MEASURE_WITH_UNIT (LENGTH_MEASURE( 1.000000000000000100E-005 ), #7052, 'distance_accuracy_value', 'NONE');
#8607 = VECTOR ( 'NONE', #7018, 1000.000000000000000 ) ;
#8606 = CARTESIAN_POINT ( 'NONE',  ( -11.70054052399948000, 11.96513699471034000, -4.859999999999999400 ) ) ;
#8608 = ORIENTED_EDGE ( 'NONE', *, *, #1851, .F. ) ;
#8609 = LINE ( 'NONE', #3682, #5227 ) ;
#8610 = EDGE_LOOP ( 'NONE', ( #698, #6909, #3426, #318 ) ) ;
#8611 = ORIENTED_EDGE ( 'NONE', *, *, #2610, .T. ) ;
#8612 = CYLINDRICAL_SURFACE ( 'NONE', #1456, 0.5000000000000000000 ) ;
#8613 = CARTESIAN_POINT ( 'NONE',  ( 12.49959361958396000, 0.06999999999989130200, -7.400000000000000400 ) ) ;
#8614 = EDGE_CURVE ( 'NONE', #3722, #4674, #4414, .T. ) ;
#8615 = CARTESIAN_POINT ( 'NONE',  ( -1.000000000000000000, 11.70000000000000100, -12.40000000000000000 ) ) ;
#8616 = CARTESIAN_POINT ( 'NONE',  ( -12.24959361958396000, -0.4300000000001086800, -7.129999999999999900 ) ) ;
#8617 = EDGE_CURVE ( 'NONE', #1332, #4876, #8659, .T. ) ;
#8618 = DIRECTION ( 'NONE',  ( 0.0000000000000000000, 1.000000000000000000, 0.0000000000000000000 ) ) ;
#8619 = FACE_OUTER_BOUND ( 'NONE', #8500, .T. ) ;
#8620 = VERTEX_POINT ( 'NONE', #506 ) ;
#8621 = VERTEX_POINT ( 'NONE', #2022 ) ;
#8622 = MECHANICAL_DESIGN_GEOMETRIC_PRESENTATION_REPRESENTATION (  '', ( #6469 ), #6295 ) ;
#8623 = CARTESIAN_POINT ( 'NONE',  ( -6.949999999999999300, 11.70000000000000100, 12.40000000000000000 ) ) ;
#8624 = CARTESIAN_POINT ( 'NONE',  ( 11.60183876112578000, 12.75902544545034100, 7.400000000000000400 ) ) ;
#8626 = CARTESIAN_POINT ( 'NONE',  ( 11.70054052399948000, 11.96513699470659900, 7.400000000000000400 ) ) ;
#8625 = DIRECTION ( 'NONE',  ( -0.0000000000000000000, -0.0000000000000000000, -1.000000000000000000 ) ) ;
#8627 = CARTESIAN_POINT ( 'NONE',  ( -12.69999999999999900, 0.0000000000000000000, -4.500000000000000000 ) ) ;
#8628 = EDGE_CURVE ( 'NONE', #4682, #7225, #2573, .T. ) ;
#8630 = PLANE ( 'NONE',  #454 ) ;
#8629 = DIRECTION ( 'NONE',  ( 1.000000000000000000, 0.0000000000000000000, -6.994852725712929000E-017 ) ) ;
#8631 = AXIS2_PLACEMENT_3D ( 'NONE', #1669, #7743, #7123 ) ;
#8632 = DIRECTION ( 'NONE',  ( 1.000000000000000000, 0.0000000000000000000, 0.0000000000000000000 ) ) ;
#8633 = LINE ( 'NONE', #3224, #5883 ) ;
#8634 = FACE_OUTER_BOUND ( 'NONE', #5585, .T. ) ;
#8635 = DIRECTION ( 'NONE',  ( 0.0000000000000000000, -1.000000000000000000, 0.0000000000000000000 ) ) ;
#8636 = EDGE_CURVE ( 'NONE', #429, #6664, #8226, .T. ) ;
#8637 = CARTESIAN_POINT ( 'NONE',  ( -10.16000000000000000, -6.000000000000000000, 0.5000000000000000000 ) ) ;
#8638 = CARTESIAN_POINT ( 'NONE',  ( 11.70351619020334200, -0.4648426890406490200, 5.129999999999999900 ) ) ;
#8639 = UNCERTAINTY_MEASURE_WITH_UNIT (LENGTH_MEASURE( 1.000000000000000100E-005 ), #1964, 'distance_accuracy_value', 'NONE');
#8640 = PLANE ( 'NONE',  #970 ) ;
#8641 = DIRECTION ( 'NONE',  ( 0.0000000000000000000, 1.000000000000000000, 0.0000000000000000000 ) ) ;
#8642 = ORIENTED_EDGE ( 'NONE', *, *, #4649, .T. ) ;
#8643 = CARTESIAN_POINT ( 'NONE',  ( 12.69999999999999900, -0.6999999999999999600, -4.500000000000000000 ) ) ;
#8644 = LINE ( 'NONE', #7337, #6304 ) ;
#8645 = CIRCLE ( 'NONE', #6432, 0.5000000000000004400 ) ;
#8646 = VERTEX_POINT ( 'NONE', #1222 ) ;
#8647 = AXIS2_PLACEMENT_3D ( 'NONE', #2062, #4212, #4833 ) ;
#8648 = DIRECTION ( 'NONE',  ( 3.388131789017129900E-016, 1.000000000000000000, 0.0000000000000000000 ) ) ;
#8650 = DIRECTION ( 'NONE',  ( 2.073374672482239900E-016, 0.0000000000000000000, 1.000000000000000000 ) ) ;
#8649 = CARTESIAN_POINT ( 'NONE',  ( -5.450000000000399900, 12.20000000000000100, -12.40000000000000000 ) ) ;
#8651 = CARTESIAN_POINT ( 'NONE',  ( 6.949999999999999300, 11.70000000000000100, 12.40000000000000000 ) ) ;
#8652 = CARTESIAN_POINT ( 'NONE',  ( -4.336808689942019700E-016, 17.32000000000000000, -7.849999999999999600 ) ) ;
#8653 = EDGE_CURVE ( 'NONE', #4353, #3856, #5693, .T. ) ;
#8654 = ORIENTED_EDGE ( 'NONE', *, *, #6218, .T. ) ;
#8656 = CARTESIAN_POINT ( 'NONE',  ( 11.99959361958396000, 0.06999999999989130200, -7.400000000000000400 ) ) ;
#8655 = DIRECTION ( 'NONE',  ( -0.0000000000000000000, -1.000000000000000000, -0.0000000000000000000 ) ) ;
#8657 = LINE ( 'NONE', #246, #3904 ) ;
#8658 = AXIS2_PLACEMENT_3D ( 'NONE', #8088, #4010, #8682 ) ;
#8659 = LINE ( 'NONE', #3166, #1955 ) ;
#8660 = EDGE_LOOP ( 'NONE', ( #5610, #645, #706, #6092 ) ) ;
#8661 = FILL_AREA_STYLE ('',( #3 ) ) ;
#8662 = ORIENTED_EDGE ( 'NONE', *, *, #7963, .T. ) ;
#8663 = CARTESIAN_POINT ( 'NONE',  ( -2.975469372650804800, 12.10000000000000000, 7.400000000000000400 ) ) ;
#8664 = CIRCLE ( 'NONE', #2648, 0.5000000000000000000 ) ;
#8665 = EDGE_CURVE ( 'NONE', #2017, #5434, #2253, .T. ) ;
#8666 = AXIS2_PLACEMENT_3D ( 'NONE', #4241, #3516, #4829 ) ;
#8667 = LINE ( 'NONE', #7682, #6861 ) ;
#8668 = ORIENTED_EDGE ( 'NONE', *, *, #5518, .F. ) ;
#8669 = ORIENTED_EDGE ( 'NONE', *, *, #3801, .T. ) ;
#8670 = CARTESIAN_POINT ( 'NONE',  ( -12.40000000000000000, 21.69999999999999900, -4.850000000000000500 ) ) ;
#8671 = DIRECTION ( 'NONE',  ( 0.0000000000000000000, 0.0000000000000000000, 1.000000000000000000 ) ) ;
#8672 = ORIENTED_EDGE ( 'NONE', *, *, #3463, .T. ) ;
#8673 = DIRECTION ( 'NONE',  ( -1.000000000000000000, -4.372213365170680100E-016, 0.0000000000000000000 ) ) ;
#8674 = CARTESIAN_POINT ( 'NONE',  ( -11.99956565221335200, -0.2228420785086333000, 7.129999999999999900 ) ) ;
#8675 = LINE ( 'NONE', #2233, #1653 ) ;
#8676 = CARTESIAN_POINT ( 'NONE',  ( -12.69999999999999900, 0.0000000000000000000, 4.500000000000000000 ) ) ;
#8677 = DIRECTION ( 'NONE',  ( 0.0000000000000000000, 0.0000000000000000000, 1.000000000000000000 ) ) ;
#8678 = VECTOR ( 'NONE', #8146, 1000.000000000000000 ) ;
#8679 = VERTEX_POINT ( 'NONE', #2628 ) ;
#8680 = EDGE_CURVE ( 'NONE', #3935, #8620, #5269, .T. ) ;
#8681 = ORIENTED_EDGE ( 'NONE', *, *, #407, .T. ) ;
#8682 = DIRECTION ( 'NONE',  ( 0.0000000000000000000, 0.0000000000000000000, 1.000000000000000000 ) ) ;
#8684 = CARTESIAN_POINT ( 'NONE',  ( -10.16000000000000000, -6.299999999999999800, -10.16000000000000000 ) ) ;
#8683 = DIRECTION ( 'NONE',  ( -6.911248908274129400E-017, 0.0000000000000000000, -1.000000000000000000 ) ) ;
#8685 = CARTESIAN_POINT ( 'NONE',  ( -12.40000000000000000, 11.19999999999999900, -12.40000000000000000 ) ) ;
#8686 = ADVANCED_FACE ( 'NONE', ( #3482 ), #351, .F. ) ;
#8687 = ORIENTED_EDGE ( 'NONE', *, *, #1294, .F. ) ;
#8688 = FACE_BOUND ( 'NONE', #3094, .T. ) ;
#8689 = CARTESIAN_POINT ( 'NONE',  ( -12.41342400751739900, 7.824433369012191400, 12.55000000000000100 ) ) ;
#8690 = EDGE_CURVE ( 'NONE', #1129, #4236, #247, .T. ) ;
#8691 = ORIENTED_EDGE ( 'NONE', *, *, #5029, .F. ) ;
#8692 = VERTEX_POINT ( 'NONE', #7984 ) ;
#8693 = ORIENTED_EDGE ( 'NONE', *, *, #4851, .F. ) ;
#8694 = ORIENTED_EDGE ( 'NONE', *, *, #5099, .F. ) ;
#8695 = AXIS2_PLACEMENT_3D ( 'NONE', #7935, #5167, #1177 ) ;
#8696 = AXIS2_PLACEMENT_3D ( 'NONE', #5763, #3738, #8458 ) ;
#8697 = FACE_OUTER_BOUND ( 'NONE', #1040, .T. ) ;
#8698 = CARTESIAN_POINT ( 'NONE',  ( 10.16000000000000000, -6.299999999999999800, -2.540000000000000000 ) ) ;
#8699 = SURFACE_STYLE_USAGE ( .BOTH. , #3974 ) ;
#8700 = LINE ( 'NONE', #7413, #3332 ) ;
#8701 = VERTEX_POINT ( 'NONE', #8637 ) ;
#8702 = DIRECTION ( 'NONE',  ( 0.0000000000000000000, 1.000000000000000000, 0.0000000000000000000 ) ) ;
#8703 = ORIENTED_EDGE ( 'NONE', *, *, #6771, .T. ) ;
#8704 = ORIENTED_EDGE ( 'NONE', *, *, #8071, .T. ) ;
#8706 = SURFACE_SIDE_STYLE ('',( #1284 ) ) ;
#8705 = DIRECTION ( 'NONE',  ( 0.0000000000000000000, -1.000000000000000000, 0.0000000000000000000 ) ) ;
#8707 = ORIENTED_EDGE ( 'NONE', *, *, #2792, .F. ) ;
#8708 = VECTOR ( 'NONE', #4919, 1000.000000000000000 ) ;
#8709 = EDGE_CURVE ( 'NONE', #6060, #3647, #7583, .T. ) ;
#8710 = ADVANCED_FACE ( 'NONE', ( #7478 ), #5049, .F. ) ;
#8711 = FACE_BOUND ( 'NONE', #5872, .T. ) ;
#8712 = CARTESIAN_POINT ( 'NONE',  ( -12.90054052399948000, 0.07009548768148289600, -4.859999999999999400 ) ) ;
#8713 = ORIENTED_EDGE ( 'NONE', *, *, #6189, .F. ) ;
#8714 = DIRECTION ( 'NONE',  ( 0.0000000000000000000, -1.000000000000000000, 0.0000000000000000000 ) ) ;
#8715 = DIRECTION ( 'NONE',  ( 1.000000000000000000, 0.0000000000000000000, 0.0000000000000000000 ) ) ;
#8716 = DIRECTION ( 'NONE',  ( 0.0000000000000000000, 0.0000000000000000000, 1.000000000000000000 ) ) ;
#8717 = VECTOR ( 'NONE', #5201, 1000.000000000000100 ) ;
#8718 = ORIENTED_EDGE ( 'NONE', *, *, #6257, .F. ) ;
#8719 = CARTESIAN_POINT ( 'NONE',  ( -6.450000000000000200, 12.20000000000000100, -12.40000000000000000 ) ) ;
#8720 = VECTOR ( 'NONE', #6112, 1000.000000000000000 ) ;
ENDSEC;
END-ISO-10303-21;
